Age,Gender,Academic_Level,Primary_Platform,Daily_Usage_Hours,Weekend_Extra_Hours,Device_Type,Sleep_Duration_Hours,Sleep_Quality_Score,Late_Night_Usage,Social_Comparison_Frequency,Perceived_Stress_Score,Mental_Health_Index,Academic_Performance_GPA,Overall_Impact
19,Female,Undergraduate,Snapchat,7.5,1.5,Smartphone,5.9,2,True,Always,20.0,73,2.73,Neutral
19,Female,Undergraduate,Instagram,4.6,1.3,Smartphone,7.9,3,True,Sometimes,17.0,90,3.21,Beneficial
17,Female,High School,TikTok,10.9,1.7,Smartphone,5.2,1,True,Frequently,18.0,70,3.0,Neutral
16,Female,High School,YouTube,6.0,2.3,Tablet,7.6,4,True,Sometimes,15.0,82,3.42,Beneficial
17,Male,High School,LinkedIn,3.3,2.6,Smartphone,7.6,4,True,Never,16.0,84,3.41,Beneficial
16,Male,High School,TikTok,6.2,1.6,Smartphone,5.9,1,False,Rarely,10.0,66,3.21,Beneficial
20,Male,Undergraduate,TikTok,5.6,1.8,Smartphone,8.3,3,False,Sometimes,10.0,88,3.72,Beneficial
19,Female,Undergraduate,TikTok,1.2,2.4,Smartphone,8.1,5,False,Always,6.0,95,3.37,Beneficial
18,Female,Undergraduate,YouTube,3.3,1.8,Smartphone,6.4,2,False,Frequently,23.0,88,3.59,Beneficial
18,Female,Undergraduate,Reddit,4.7,1.7,Smartphone,7.9,2,False,Frequently,6.0,96,3.66,Beneficial
15,Female,High School,TikTok,4.4,1.9,Smartphone,5.8,2,False,Frequently,11.0,83,3.22,Beneficial
20,Male,Undergraduate,LinkedIn,7.8,1.4,Smartphone,7.2,2,True,Sometimes,17.0,76,3.08,Beneficial
19,Female,Undergraduate,TikTok,9.5,0.9,Smartphone,5.3,1,True,Always,27.0,68,3.14,Neutral
23,Non-Binary,Undergraduate,Instagram,1.9,1.2,Smartphone,8.9,5,False,Sometimes,3.0,95,3.86,Beneficial
19,Male,Undergraduate,YouTube,6.6,2.3,Tablet,5.7,3,False,Sometimes,17.0,64,2.98,Neutral
19,Female,Undergraduate,Instagram,2.6,1.2,Smartphone,7.3,4,False,Rarely,11.0,85,3.57,Beneficial
18,Male,Undergraduate,X (Twitter),2.3,1.8,Tablet,6.4,2,True,Sometimes,17.0,84,3.64,Beneficial
17,Male,High School,YouTube,7.2,1.7,Smartphone,6.4,2,False,Frequently,12.0,75,3.52,Beneficial
19,Female,Undergraduate,Instagram,4.7,1.5,Smartphone,6.5,3,False,Always,8.0,88,3.47,Beneficial
20,Female,Undergraduate,Reddit,4.7,2.3,Smartphone,6.9,2,False,Sometimes,20.0,82,3.7,Beneficial
17,Male,High School,Instagram,3.5,1.1,Smartphone,7.9,3,False,Frequently,2.0,94,3.75,Beneficial
16,Female,High School,Instagram,2.4,2.5,Smartphone,7.4,3,True,Always,1.0,98,4.0,Beneficial
23,Male,Postgraduate,YouTube,7.4,1.3,Laptop/PC,6.3,2,True,Sometimes,10.0,68,2.82,Beneficial
17,Female,High School,Instagram,11.2,1.7,Smartphone,5.2,2,True,Sometimes,22.0,54,2.69,Neutral
18,Female,Undergraduate,YouTube,3.4,1.7,Smartphone,8.2,4,False,Frequently,8.0,90,4.0,Beneficial
20,Female,Undergraduate,Instagram,3.0,2.0,Smartphone,8.8,4,False,Sometimes,2.0,94,3.5,Beneficial
20,Female,Undergraduate,Instagram,4.3,1.4,Smartphone,8.1,3,False,Frequently,2.0,95,3.37,Beneficial
19,Male,Undergraduate,Snapchat,4.7,2.4,Laptop/PC,8.4,3,True,Frequently,5.0,93,3.81,Beneficial
18,Female,Undergraduate,Instagram,3.6,1.8,Smartphone,7.5,3,False,Rarely,12.0,94,3.35,Beneficial
18,Male,Undergraduate,YouTube,3.8,1.4,Smartphone,7.1,2,True,Rarely,14.0,91,3.52,Beneficial
18,Male,Undergraduate,YouTube,3.6,2.9,Smartphone,6.7,3,True,Rarely,4.0,89,3.76,Beneficial
20,Male,Undergraduate,X (Twitter),8.3,1.8,Smartphone,5.6,1,True,Rarely,22.0,64,3.35,Neutral
17,Female,High School,Reddit,3.4,0.7,Smartphone,6.6,2,True,Rarely,4.0,92,3.83,Beneficial
18,Female,Undergraduate,YouTube,1.1,1.4,Smartphone,7.3,3,False,Rarely,4.0,95,3.73,Beneficial
21,Female,Undergraduate,LinkedIn,4.7,1.1,Smartphone,6.8,3,False,Sometimes,13.0,84,3.41,Beneficial
18,Male,Undergraduate,YouTube,4.8,1.4,Smartphone,6.4,2,False,Rarely,12.0,75,3.69,Beneficial
20,Male,Undergraduate,YouTube,2.0,1.5,Smartphone,7.5,5,False,Sometimes,9.0,92,4.0,Beneficial
20,Male,Undergraduate,TikTok,7.1,1.4,Smartphone,6.2,2,True,Rarely,17.0,65,3.39,Beneficial
18,Female,Undergraduate,TikTok,8.0,1.5,Smartphone,5.5,1,True,Sometimes,21.0,66,2.59,Neutral
17,Male,High School,TikTok,3.3,1.7,Laptop/PC,6.0,1,False,Frequently,15.0,87,3.46,Beneficial
18,Male,Undergraduate,TikTok,5.8,0.8,Laptop/PC,5.7,2,True,Rarely,14.0,79,3.34,Beneficial
16,Female,High School,TikTok,4.3,1.0,Smartphone,6.8,4,False,Sometimes,17.0,81,3.62,Beneficial
19,Male,Undergraduate,YouTube,3.9,1.4,Smartphone,6.9,2,False,Frequently,7.0,90,3.44,Beneficial
20,Male,Undergraduate,Instagram,8.3,2.2,Smartphone,6.3,1,True,Sometimes,13.0,76,3.21,Beneficial
21,Female,Undergraduate,Instagram,7.6,1.6,Smartphone,5.9,1,True,Rarely,25.0,70,3.46,Neutral
17,Male,High School,TikTok,4.3,2.7,Smartphone,5.4,2,False,Sometimes,17.0,80,3.45,Beneficial
19,Female,Undergraduate,YouTube,4.0,1.7,Smartphone,6.5,2,True,Always,13.0,78,3.28,Beneficial
21,Male,Undergraduate,Reddit,3.5,2.6,Smartphone,6.6,3,True,Always,10.0,94,4.0,Beneficial
17,Female,High School,Instagram,4.1,1.6,Smartphone,5.8,2,True,Frequently,8.0,86,3.11,Beneficial
21,Female,Undergraduate,TikTok,5.9,2.9,Smartphone,6.5,2,False,Sometimes,10.0,69,2.89,Beneficial
15,Female,High School,TikTok,8.6,1.0,Smartphone,6.4,1,True,Rarely,11.0,66,3.38,Beneficial
19,Prefer not to say,High School,X (Twitter),2.9,1.6,Smartphone,6.7,2,True,Always,7.0,95,3.57,Beneficial
19,Female,Undergraduate,YouTube,5.9,1.4,Smartphone,6.2,2,True,Sometimes,14.0,64,3.05,Beneficial
22,Male,Postgraduate,YouTube,4.9,2.6,Laptop/PC,7.8,3,False,Sometimes,9.0,76,3.9,Beneficial
17,Female,High School,Instagram,3.9,1.0,Smartphone,7.2,4,False,Always,20.0,81,3.56,Beneficial
16,Female,High School,LinkedIn,6.9,1.8,Smartphone,6.7,1,True,Frequently,16.0,78,3.42,Beneficial
21,Female,Undergraduate,TikTok,4.0,1.0,Smartphone,6.6,2,False,Sometimes,15.0,79,3.39,Beneficial
21,Female,Undergraduate,TikTok,3.8,2.4,Smartphone,6.7,3,False,Sometimes,11.0,92,3.48,Beneficial
17,Male,High School,Snapchat,2.7,2.0,Smartphone,8.7,4,True,Always,8.0,98,3.59,Beneficial
26,Female,Undergraduate,Instagram,3.1,2.4,Smartphone,8.4,4,True,Sometimes,5.0,90,4.0,Beneficial
18,Male,Undergraduate,TikTok,4.1,2.2,Laptop/PC,6.4,1,False,Always,9.0,86,3.95,Beneficial
18,Male,Undergraduate,Snapchat,5.4,2.1,Smartphone,7.8,4,True,Always,13.0,87,3.74,Beneficial
21,Male,Undergraduate,Reddit,8.0,2.3,Smartphone,5.7,2,True,Sometimes,18.0,68,3.19,Beneficial
21,Female,Undergraduate,YouTube,7.6,4.5,Smartphone,6.7,2,True,Sometimes,17.0,73,3.34,Beneficial
19,Male,Undergraduate,Snapchat,2.8,2.5,Smartphone,6.6,2,True,Always,10.0,71,3.41,Beneficial
16,Female,High School,Instagram,3.0,2.3,Smartphone,7.6,4,False,Frequently,16.0,86,3.5,Beneficial
19,Female,Undergraduate,X (Twitter),4.2,2.7,Smartphone,7.9,4,False,Always,6.0,83,3.6,Beneficial
19,Female,Undergraduate,TikTok,2.5,1.9,Smartphone,6.9,3,True,Frequently,8.0,83,3.79,Beneficial
20,Female,Undergraduate,YouTube,4.6,2.1,Smartphone,5.2,2,True,Frequently,17.0,69,3.71,Beneficial
18,Male,Undergraduate,YouTube,4.1,1.1,Smartphone,7.5,2,True,Sometimes,6.0,88,3.66,Beneficial
19,Female,Undergraduate,Instagram,4.4,1.1,Smartphone,7.1,1,False,Sometimes,20.0,91,3.56,Beneficial
21,Female,Undergraduate,Snapchat,10.2,1.6,Smartphone,6.1,1,True,Sometimes,18.0,62,2.7,Neutral
18,Female,Undergraduate,Instagram,3.0,1.8,Smartphone,7.4,4,False,Always,5.0,74,3.6,Beneficial
19,Male,Undergraduate,Snapchat,6.9,3.4,Smartphone,6.0,2,True,Sometimes,23.0,79,3.2,Beneficial
18,Male,Undergraduate,LinkedIn,4.0,1.6,Smartphone,7.1,3,False,Sometimes,8.0,80,3.0,Beneficial
19,Female,Undergraduate,Reddit,8.3,0.9,Smartphone,7.2,1,True,Sometimes,15.0,72,3.53,Beneficial
17,Female,High School,YouTube,6.1,2.4,Smartphone,6.0,2,True,Rarely,11.0,70,3.48,Beneficial
19,Male,Undergraduate,Instagram,4.8,0.8,Smartphone,7.8,4,False,Always,14.0,84,3.39,Beneficial
21,Male,Undergraduate,YouTube,3.6,1.3,Smartphone,7.2,2,True,Sometimes,15.0,87,3.67,Beneficial
20,Prefer not to say,Undergraduate,Snapchat,6.2,2.2,Smartphone,6.8,2,True,Rarely,13.0,82,3.41,Beneficial
18,Female,Undergraduate,TikTok,8.5,1.8,Smartphone,5.5,1,True,Sometimes,24.0,67,2.79,Neutral
18,Female,Undergraduate,TikTok,4.5,3.1,Smartphone,8.0,3,False,Always,10.0,91,3.69,Beneficial
20,Male,Undergraduate,TikTok,3.3,1.7,Smartphone,9.7,5,False,Frequently,11.0,89,3.69,Beneficial
17,Female,High School,Snapchat,7.6,2.9,Smartphone,6.4,2,False,Sometimes,24.0,70,3.33,Neutral
19,Female,Undergraduate,X (Twitter),3.2,2.2,Smartphone,6.1,3,True,Sometimes,16.0,75,3.38,Beneficial
18,Male,Undergraduate,Instagram,3.1,1.1,Smartphone,8.5,4,True,Sometimes,10.0,88,3.56,Beneficial
16,Male,High School,Instagram,3.2,1.8,Laptop/PC,8.8,5,False,Sometimes,2.0,95,3.85,Beneficial
18,Female,Undergraduate,YouTube,6.8,2.1,Smartphone,6.6,2,True,Sometimes,26.0,66,3.03,Neutral
20,Male,Undergraduate,TikTok,3.1,2.7,Tablet,7.1,3,False,Rarely,9.0,89,3.76,Beneficial
18,Non-Binary,Undergraduate,Reddit,14.0,1.8,Smartphone,4.7,1,True,Frequently,35.0,50,2.0,Negative
18,Female,Undergraduate,LinkedIn,2.6,2.4,Smartphone,7.3,3,True,Frequently,6.0,89,3.75,Beneficial
19,Male,Undergraduate,Instagram,5.2,2.4,Smartphone,5.6,1,True,Sometimes,8.0,89,3.37,Beneficial
20,Male,Undergraduate,TikTok,3.0,3.5,Smartphone,6.4,3,True,Frequently,8.0,92,3.44,Beneficial
18,Female,Undergraduate,TikTok,10.8,1.5,Tablet,5.8,2,False,Never,25.0,50,2.32,Negative
17,Female,High School,Instagram,8.8,2.0,Smartphone,4.3,1,True,Rarely,19.0,68,2.7,Neutral
20,Male,Undergraduate,Instagram,5.8,2.5,Smartphone,4.8,1,False,Always,9.0,74,3.45,Beneficial
21,Female,Undergraduate,Instagram,5.5,1.5,Smartphone,6.5,2,True,Frequently,20.0,77,3.11,Beneficial
19,Female,Undergraduate,Instagram,3.0,1.4,Laptop/PC,9.6,4,False,Frequently,4.0,98,4.0,Beneficial
19,Female,Undergraduate,X (Twitter),3.5,0.6,Smartphone,8.7,4,True,Sometimes,19.0,80,3.65,Beneficial
17,Male,High School,TikTok,6.6,1.4,Smartphone,7.3,4,True,Sometimes,10.0,85,3.22,Beneficial
19,Male,Undergraduate,Snapchat,6.4,2.7,Laptop/PC,5.4,1,True,Sometimes,16.0,67,3.46,Beneficial
21,Male,Undergraduate,YouTube,6.2,1.6,Laptop/PC,6.9,3,True,Sometimes,13.0,76,3.99,Beneficial
21,Non-Binary,Undergraduate,X (Twitter),3.1,1.6,Smartphone,7.7,3,False,Frequently,4.0,98,3.67,Beneficial
23,Male,Postgraduate,LinkedIn,4.7,1.0,Smartphone,7.4,3,True,Frequently,14.0,84,3.82,Beneficial
20,Male,Undergraduate,YouTube,3.2,3.0,Smartphone,6.4,2,False,Rarely,11.0,74,3.46,Beneficial
17,Female,High School,Reddit,12.3,1.6,Tablet,4.8,1,True,Frequently,28.0,56,2.88,Neutral
19,Non-Binary,Undergraduate,Snapchat,4.4,1.9,Smartphone,8.3,3,False,Frequently,11.0,97,3.58,Beneficial
18,Female,Undergraduate,Instagram,5.7,0.0,Laptop/PC,6.0,3,True,Always,19.0,72,3.42,Beneficial
19,Male,Undergraduate,Snapchat,3.2,0.3,Smartphone,7.4,4,False,Sometimes,11.0,78,3.74,Beneficial
17,Male,High School,TikTok,2.0,2.1,Smartphone,7.7,3,False,Frequently,10.0,93,4.0,Beneficial
18,Female,Undergraduate,YouTube,6.3,2.4,Smartphone,3.7,1,True,Sometimes,20.0,65,3.52,Beneficial
20,Female,Undergraduate,YouTube,6.9,2.5,Smartphone,7.2,1,True,Sometimes,18.0,79,3.22,Beneficial
22,Female,Postgraduate,X (Twitter),4.3,1.5,Smartphone,7.1,3,True,Sometimes,11.0,86,3.45,Beneficial
16,Female,High School,Instagram,6.6,2.2,Smartphone,6.8,2,False,Frequently,13.0,85,3.48,Beneficial
22,Male,Undergraduate,Instagram,5.3,2.0,Smartphone,5.8,2,True,Frequently,13.0,76,3.38,Beneficial
20,Female,Undergraduate,Instagram,5.9,2.8,Smartphone,7.1,3,True,Rarely,13.0,83,3.31,Beneficial
18,Male,High School,TikTok,11.6,0.9,Smartphone,5.1,1,True,Frequently,20.0,68,2.85,Neutral
18,Female,High School,TikTok,6.6,0.2,Smartphone,6.2,1,True,Frequently,13.0,80,3.82,Beneficial
18,Female,Undergraduate,YouTube,7.0,1.6,Smartphone,7.2,3,True,Always,19.0,83,3.21,Beneficial
17,Male,High School,TikTok,2.8,2.3,Smartphone,8.5,4,False,Rarely,11.0,97,3.99,Beneficial
21,Non-Binary,Undergraduate,Instagram,4.2,2.7,Smartphone,6.6,3,True,Sometimes,17.0,76,3.44,Beneficial
20,Female,Undergraduate,Instagram,4.5,2.1,Smartphone,7.9,2,False,Sometimes,11.0,91,3.62,Beneficial
20,Male,Undergraduate,Snapchat,4.1,1.6,Smartphone,6.9,3,True,Always,14.0,90,3.79,Beneficial
21,Female,Undergraduate,Instagram,4.4,1.2,Smartphone,6.1,2,False,Rarely,10.0,87,3.44,Beneficial
19,Male,Undergraduate,Reddit,4.6,2.4,Laptop/PC,6.9,3,False,Sometimes,16.0,81,3.5,Beneficial
18,Male,High School,YouTube,3.2,1.2,Smartphone,6.9,2,True,Sometimes,12.0,88,3.88,Beneficial
17,Female,High School,Instagram,4.2,1.2,Smartphone,7.1,3,False,Never,19.0,74,3.42,Beneficial
22,Male,Postgraduate,Instagram,6.1,2.1,Smartphone,7.5,2,False,Frequently,10.0,78,3.31,Beneficial
18,Female,Undergraduate,Instagram,5.5,2.3,Smartphone,8.1,3,True,Frequently,12.0,89,4.0,Beneficial
18,Female,Undergraduate,TikTok,4.5,0.7,Smartphone,5.1,1,True,Frequently,21.0,69,3.4,Neutral
18,Female,Undergraduate,X (Twitter),5.7,2.6,Tablet,7.0,3,True,Sometimes,15.0,84,3.58,Beneficial
22,Female,Postgraduate,TikTok,1.2,1.1,Smartphone,8.9,3,True,Sometimes,5.0,96,3.75,Beneficial
17,Female,High School,Instagram,5.8,1.1,Smartphone,5.2,1,True,Frequently,21.0,70,3.08,Neutral
17,Female,High School,Instagram,1.7,1.3,Smartphone,7.3,4,False,Frequently,7.0,78,4.0,Beneficial
18,Female,Undergraduate,Instagram,9.0,3.0,Smartphone,5.4,1,True,Always,25.0,57,2.72,Neutral
21,Female,Undergraduate,Reddit,6.1,1.7,Smartphone,6.3,2,True,Rarely,12.0,72,2.84,Beneficial
21,Male,Undergraduate,Instagram,4.1,1.8,Smartphone,7.2,2,True,Never,13.0,98,3.9,Beneficial
17,Female,High School,YouTube,5.7,1.7,Smartphone,6.4,2,True,Rarely,18.0,80,3.07,Beneficial
19,Female,Undergraduate,Instagram,4.2,1.6,Smartphone,7.6,3,False,Always,3.0,98,3.78,Beneficial
17,Male,High School,Instagram,6.5,1.4,Smartphone,4.8,1,True,Always,14.0,62,3.3,Beneficial
21,Female,Undergraduate,Instagram,2.1,2.1,Laptop/PC,7.2,3,False,Sometimes,11.0,90,3.69,Beneficial
18,Female,Undergraduate,Snapchat,7.2,2.0,Smartphone,6.3,3,False,Rarely,20.0,71,3.24,Beneficial
20,Male,Undergraduate,X (Twitter),7.3,1.8,Smartphone,5.8,2,True,Always,17.0,75,3.0,Beneficial
19,Female,Undergraduate,YouTube,2.8,1.3,Smartphone,7.0,2,False,Frequently,4.0,84,3.49,Beneficial
19,Male,Undergraduate,Reddit,8.0,2.9,Smartphone,5.1,2,False,Sometimes,28.0,68,3.64,Neutral
22,Male,Postgraduate,Instagram,4.9,0.2,Smartphone,8.2,3,False,Always,14.0,89,3.42,Beneficial
17,Male,High School,YouTube,6.3,0.8,Smartphone,7.4,2,True,Always,20.0,83,3.12,Beneficial
18,Prefer not to say,Undergraduate,Instagram,1.8,1.9,Smartphone,7.3,3,False,Sometimes,6.0,97,3.92,Beneficial
19,Female,Undergraduate,YouTube,10.3,1.7,Smartphone,5.7,2,True,Rarely,23.0,53,3.11,Neutral
18,Female,Undergraduate,Instagram,4.9,2.9,Smartphone,8.4,3,False,Sometimes,12.0,86,4.0,Beneficial
17,Male,High School,Instagram,6.2,2.7,Smartphone,6.3,2,True,Always,17.0,70,3.46,Beneficial
21,Male,Undergraduate,Reddit,3.7,0.7,Smartphone,6.8,3,True,Sometimes,7.0,70,3.18,Beneficial
18,Female,Undergraduate,TikTok,5.7,0.3,Smartphone,6.7,3,True,Frequently,12.0,76,3.5,Beneficial
19,Male,Undergraduate,TikTok,3.8,2.8,Laptop/PC,7.3,3,False,Rarely,9.0,80,3.47,Beneficial
17,Male,High School,YouTube,4.3,2.1,Smartphone,7.8,3,True,Sometimes,8.0,86,3.97,Beneficial
15,Female,High School,TikTok,4.7,1.6,Smartphone,8.5,3,True,Rarely,7.0,94,4.0,Beneficial
18,Female,Undergraduate,Instagram,5.5,2.0,Smartphone,6.1,2,False,Sometimes,19.0,79,3.36,Beneficial
16,Female,High School,TikTok,10.0,1.5,Smartphone,5.5,1,True,Always,23.0,63,3.46,Neutral
19,Male,High School,TikTok,4.3,2.3,Smartphone,5.7,2,True,Rarely,15.0,74,3.48,Beneficial
18,Female,Undergraduate,YouTube,2.9,1.8,Smartphone,6.6,3,True,Always,13.0,88,3.8,Beneficial
18,Male,Undergraduate,Snapchat,4.5,1.9,Smartphone,7.1,3,False,Rarely,14.0,74,3.77,Beneficial
20,Female,Undergraduate,Instagram,4.3,1.9,Smartphone,8.0,4,False,Sometimes,6.0,98,3.8,Beneficial
15,Male,High School,TikTok,4.5,2.6,Smartphone,7.6,4,True,Sometimes,14.0,88,3.61,Beneficial
19,Female,Undergraduate,Instagram,4.2,2.3,Smartphone,7.2,3,False,Frequently,10.0,80,3.41,Beneficial
19,Female,High School,X (Twitter),2.7,2.5,Smartphone,5.8,2,True,Never,10.0,82,3.3,Beneficial
20,Male,Undergraduate,TikTok,4.6,1.0,Smartphone,7.8,4,True,Always,15.0,92,3.67,Beneficial
19,Prefer not to say,Undergraduate,TikTok,4.7,1.9,Smartphone,5.7,1,True,Never,9.0,86,3.45,Beneficial
26,Non-Binary,Postgraduate,Instagram,4.7,1.0,Smartphone,7.0,3,False,Frequently,11.0,82,3.74,Beneficial
19,Male,Undergraduate,TikTok,5.2,2.5,Laptop/PC,5.9,2,False,Always,16.0,85,3.68,Beneficial
19,Female,Undergraduate,Instagram,6.0,1.5,Smartphone,6.0,3,True,Never,11.0,75,3.08,Beneficial
18,Male,Undergraduate,Instagram,2.7,2.1,Laptop/PC,6.7,2,True,Sometimes,9.0,86,3.86,Beneficial
17,Female,High School,Snapchat,9.2,2.3,Smartphone,5.4,1,True,Frequently,32.0,60,2.97,Neutral
20,Female,Undergraduate,Instagram,7.4,2.4,Tablet,6.1,1,True,Sometimes,8.0,78,3.3,Beneficial
21,Male,Undergraduate,Instagram,7.8,2.4,Smartphone,5.7,2,True,Always,22.0,65,3.22,Neutral
18,Female,Undergraduate,YouTube,13.6,1.7,Smartphone,4.5,1,False,Sometimes,35.0,41,2.51,Negative
22,Female,Postgraduate,TikTok,7.9,2.1,Smartphone,5.5,1,True,Sometimes,20.0,67,3.45,Beneficial
19,Male,High School,Instagram,4.8,1.6,Smartphone,6.3,3,False,Always,18.0,91,3.55,Beneficial
20,Female,Undergraduate,Snapchat,8.5,0.5,Smartphone,6.1,1,True,Sometimes,20.0,64,2.54,Neutral
19,Female,Undergraduate,TikTok,7.3,3.3,Smartphone,4.5,1,True,Sometimes,17.0,69,3.39,Beneficial
21,Male,Undergraduate,Instagram,6.6,1.4,Smartphone,6.2,2,True,Always,23.0,68,2.89,Neutral
21,Female,Undergraduate,Instagram,5.7,0.0,Smartphone,5.3,1,False,Always,25.0,72,3.26,Neutral
21,Prefer not to say,Undergraduate,TikTok,5.7,1.7,Smartphone,6.4,2,True,Sometimes,17.0,68,3.71,Beneficial
16,Non-Binary,High School,TikTok,2.2,2.4,Smartphone,7.9,3,True,Rarely,5.0,88,4.0,Beneficial
20,Female,Undergraduate,Snapchat,7.9,2.5,Smartphone,6.4,2,True,Rarely,24.0,76,3.24,Neutral
25,Male,Postgraduate,Instagram,4.9,2.9,Smartphone,5.7,3,True,Sometimes,0.0,78,4.0,Beneficial
17,Male,High School,YouTube,5.8,1.1,Smartphone,5.2,2,True,Frequently,23.0,71,3.01,Neutral
17,Male,High School,Instagram,4.4,1.9,Smartphone,8.2,3,False,Frequently,11.0,98,3.58,Beneficial
16,Female,High School,TikTok,14.0,2.3,Smartphone,5.2,1,True,Frequently,29.0,42,2.19,Negative
18,Female,Undergraduate,YouTube,7.9,2.2,Smartphone,5.6,1,True,Rarely,16.0,58,2.98,Neutral
20,Female,Undergraduate,Instagram,3.8,2.3,Smartphone,8.3,3,False,Frequently,7.0,91,4.0,Beneficial
19,Female,Undergraduate,Instagram,3.3,0.6,Laptop/PC,6.2,3,False,Always,17.0,80,3.94,Beneficial
20,Female,Undergraduate,TikTok,7.4,1.6,Laptop/PC,5.1,1,True,Sometimes,19.0,87,3.42,Beneficial
17,Male,High School,YouTube,4.4,2.3,Smartphone,8.1,4,True,Frequently,17.0,89,3.18,Beneficial
19,Male,Undergraduate,Instagram,3.6,0.3,Smartphone,8.2,3,False,Sometimes,11.0,93,3.31,Beneficial
22,Male,Postgraduate,LinkedIn,7.0,2.6,Laptop/PC,4.4,1,False,Never,19.0,57,3.32,Neutral
20,Male,Undergraduate,TikTok,2.0,2.1,Smartphone,7.6,3,True,Always,11.0,87,3.45,Beneficial
18,Male,Undergraduate,Instagram,2.4,3.2,Smartphone,6.4,2,False,Sometimes,14.0,83,3.41,Beneficial
18,Female,Undergraduate,Instagram,5.1,2.8,Smartphone,7.8,3,True,Rarely,15.0,95,2.89,Beneficial
17,Male,High School,TikTok,4.1,2.9,Laptop/PC,6.0,2,False,Sometimes,4.0,90,3.46,Beneficial
21,Male,Undergraduate,TikTok,3.9,1.0,Smartphone,8.2,4,False,Frequently,8.0,93,3.46,Beneficial
18,Female,Undergraduate,TikTok,6.9,1.3,Smartphone,5.5,1,True,Frequently,21.0,72,2.63,Neutral
20,Female,Undergraduate,Instagram,2.8,1.1,Smartphone,7.0,2,False,Sometimes,3.0,97,3.84,Beneficial
17,Male,High School,YouTube,4.4,2.3,Smartphone,5.8,1,False,Never,12.0,77,3.62,Beneficial
15,Female,High School,YouTube,14.0,1.9,Smartphone,4.8,1,True,Frequently,24.0,46,3.14,Neutral
21,Male,Undergraduate,TikTok,4.1,2.0,Smartphone,7.1,2,False,Sometimes,4.0,77,3.57,Beneficial
21,Male,Undergraduate,YouTube,5.4,1.3,Smartphone,7.4,3,False,Rarely,15.0,90,3.37,Beneficial
19,Female,Undergraduate,TikTok,3.5,1.7,Smartphone,8.5,4,True,Frequently,7.0,92,3.71,Beneficial
16,Male,High School,TikTok,9.4,2.6,Smartphone,5.4,1,True,Frequently,18.0,74,3.04,Beneficial
19,Male,Undergraduate,TikTok,1.4,1.4,Smartphone,7.9,3,False,Always,11.0,89,4.0,Beneficial
18,Male,Undergraduate,Snapchat,5.3,2.5,Smartphone,7.4,3,True,Sometimes,13.0,83,3.77,Beneficial
18,Female,Undergraduate,Snapchat,6.2,2.7,Smartphone,6.6,2,True,Sometimes,4.0,80,3.23,Beneficial
20,Female,Undergraduate,Instagram,8.9,1.3,Smartphone,5.3,1,True,Frequently,22.0,63,2.96,Neutral
22,Female,Postgraduate,TikTok,6.7,1.9,Smartphone,6.0,1,True,Sometimes,18.0,66,3.46,Beneficial
18,Female,Undergraduate,TikTok,4.2,1.1,Smartphone,8.6,4,True,Frequently,6.0,89,3.52,Beneficial
19,Male,High School,TikTok,8.8,1.9,Smartphone,6.5,2,True,Frequently,20.0,69,3.36,Beneficial
26,Male,Undergraduate,Reddit,6.6,1.0,Smartphone,5.7,3,True,Sometimes,24.0,61,2.92,Neutral
20,Female,Undergraduate,LinkedIn,11.8,1.7,Smartphone,4.7,1,True,Rarely,24.0,58,2.51,Neutral
21,Male,Undergraduate,TikTok,2.4,2.6,Smartphone,7.7,4,False,Frequently,4.0,92,4.0,Beneficial
22,Male,Postgraduate,TikTok,2.2,1.9,Laptop/PC,7.2,3,True,Never,8.0,93,3.56,Beneficial
18,Male,Undergraduate,Instagram,3.1,1.0,Smartphone,7.1,4,False,Rarely,13.0,89,3.34,Beneficial
16,Female,High School,Snapchat,2.7,0.0,Smartphone,7.9,2,True,Frequently,4.0,98,3.65,Beneficial
20,Male,Undergraduate,Snapchat,3.7,1.3,Smartphone,7.0,3,False,Rarely,9.0,86,3.46,Beneficial
20,Female,Undergraduate,Snapchat,4.2,2.3,Smartphone,6.9,1,False,Always,17.0,86,3.29,Beneficial
18,Female,Undergraduate,TikTok,4.9,0.7,Smartphone,7.6,3,False,Never,15.0,92,3.49,Beneficial
17,Male,High School,X (Twitter),2.1,1.4,Smartphone,7.1,3,False,Always,9.0,98,3.53,Beneficial
21,Female,Undergraduate,TikTok,8.6,1.5,Smartphone,4.8,1,False,Sometimes,18.0,53,3.25,Neutral
18,Male,Undergraduate,YouTube,2.5,1.0,Smartphone,7.7,3,False,Always,5.0,90,3.41,Beneficial
17,Male,High School,Snapchat,6.6,1.4,Laptop/PC,6.8,3,True,Rarely,11.0,78,3.34,Beneficial
16,Male,High School,TikTok,6.5,1.9,Smartphone,7.5,2,True,Rarely,11.0,77,3.26,Beneficial
17,Male,High School,Reddit,2.7,0.4,Smartphone,7.8,3,False,Sometimes,7.0,92,3.46,Beneficial
20,Female,Undergraduate,TikTok,1.1,2.7,Smartphone,7.6,4,False,Sometimes,4.0,90,4.0,Beneficial
22,Male,Postgraduate,TikTok,4.2,2.0,Smartphone,8.0,3,False,Sometimes,14.0,86,3.95,Beneficial
16,Female,High School,Instagram,5.1,1.9,Smartphone,6.3,2,True,Frequently,13.0,88,3.71,Beneficial
18,Female,Undergraduate,Snapchat,2.2,2.3,Smartphone,7.1,2,False,Frequently,9.0,79,3.8,Beneficial
21,Female,Undergraduate,TikTok,5.5,3.7,Smartphone,7.0,3,True,Frequently,14.0,80,3.48,Beneficial
18,Female,Undergraduate,TikTok,4.6,1.3,Laptop/PC,7.1,2,False,Rarely,18.0,63,3.34,Neutral
20,Male,Undergraduate,Snapchat,2.8,1.5,Tablet,7.5,4,False,Never,8.0,80,4.0,Beneficial
18,Male,Undergraduate,Snapchat,4.1,1.7,Smartphone,6.7,2,True,Sometimes,14.0,85,3.2,Beneficial
18,Male,Undergraduate,Instagram,4.4,2.6,Tablet,7.1,2,False,Sometimes,14.0,82,3.32,Beneficial
20,Male,Undergraduate,X (Twitter),6.4,2.4,Smartphone,5.9,3,True,Frequently,15.0,75,3.14,Beneficial
19,Female,Undergraduate,TikTok,4.9,2.5,Smartphone,6.9,3,True,Sometimes,16.0,76,3.18,Beneficial
18,Male,High School,Instagram,6.2,1.1,Smartphone,6.4,3,True,Frequently,17.0,78,2.96,Beneficial
18,Female,Undergraduate,TikTok,10.0,1.4,Smartphone,5.4,1,True,Frequently,25.0,56,3.31,Neutral
18,Female,Undergraduate,LinkedIn,7.2,1.2,Smartphone,6.9,3,False,Sometimes,20.0,62,3.3,Neutral
19,Male,Undergraduate,Instagram,3.5,1.6,Laptop/PC,6.8,3,True,Sometimes,4.0,86,4.0,Beneficial
19,Female,Undergraduate,Instagram,8.1,1.9,Smartphone,5.1,2,True,Frequently,20.0,59,3.25,Neutral
22,Male,Undergraduate,TikTok,9.7,2.3,Smartphone,6.7,3,True,Sometimes,23.0,66,3.09,Neutral
20,Female,High School,TikTok,4.3,2.5,Smartphone,6.3,3,True,Sometimes,12.0,73,3.71,Beneficial
21,Male,Undergraduate,YouTube,4.0,2.5,Smartphone,6.0,3,False,Never,9.0,79,3.69,Beneficial
17,Male,High School,Instagram,2.8,1.9,Smartphone,7.8,2,True,Frequently,12.0,90,3.76,Beneficial
15,Male,High School,TikTok,5.9,1.8,Smartphone,5.7,3,True,Never,14.0,80,2.91,Beneficial
16,Female,High School,Instagram,2.4,2.1,Smartphone,6.2,2,False,Frequently,12.0,91,3.5,Beneficial
21,Male,Undergraduate,TikTok,4.0,2.6,Smartphone,8.1,3,False,Frequently,15.0,90,4.0,Beneficial
18,Female,Undergraduate,YouTube,13.4,2.0,Smartphone,4.0,1,False,Rarely,25.0,48,2.5,Negative
18,Male,Undergraduate,Instagram,5.2,1.6,Smartphone,6.1,2,True,Sometimes,13.0,80,3.2,Beneficial
19,Non-Binary,Undergraduate,Instagram,5.5,1.6,Smartphone,5.7,2,False,Frequently,17.0,73,3.76,Beneficial
17,Female,High School,Snapchat,5.4,1.2,Smartphone,7.5,3,True,Frequently,12.0,71,4.0,Beneficial
19,Non-Binary,Undergraduate,YouTube,2.1,2.1,Smartphone,7.3,3,False,Frequently,5.0,98,4.0,Beneficial
18,Female,Undergraduate,X (Twitter),6.4,2.9,Smartphone,5.9,1,True,Frequently,17.0,68,3.26,Beneficial
19,Female,Undergraduate,Instagram,8.4,1.1,Smartphone,5.9,1,True,Frequently,26.0,65,3.46,Neutral
17,Male,High School,Snapchat,4.6,3.1,Smartphone,5.9,3,True,Sometimes,14.0,72,3.68,Beneficial
21,Female,Undergraduate,TikTok,1.9,1.6,Smartphone,7.0,3,False,Always,1.0,98,3.88,Beneficial
17,Male,High School,Instagram,4.9,1.2,Smartphone,6.6,3,True,Sometimes,12.0,81,3.06,Beneficial
18,Male,Undergraduate,YouTube,4.2,2.8,Smartphone,6.8,2,True,Sometimes,6.0,88,3.3,Beneficial
18,Female,Undergraduate,TikTok,2.3,1.3,Smartphone,8.1,3,False,Always,8.0,98,3.73,Beneficial
17,Female,High School,Instagram,5.7,1.1,Smartphone,5.4,2,True,Frequently,21.0,81,3.42,Beneficial
19,Male,Undergraduate,Instagram,3.3,1.2,Smartphone,7.8,3,False,Sometimes,11.0,98,3.64,Beneficial
18,Female,Undergraduate,Instagram,6.6,1.0,Laptop/PC,6.4,2,True,Never,14.0,70,3.06,Beneficial
22,Female,Postgraduate,Instagram,12.4,1.3,Smartphone,3.5,2,True,Never,33.0,44,2.59,Negative
18,Male,Undergraduate,LinkedIn,3.8,1.2,Laptop/PC,6.7,2,False,Rarely,19.0,98,2.96,Beneficial
18,Male,Undergraduate,TikTok,9.3,2.0,Smartphone,6.0,1,True,Frequently,24.0,67,2.87,Neutral
18,Female,Undergraduate,TikTok,3.9,2.1,Smartphone,7.5,3,True,Never,14.0,85,3.11,Beneficial
19,Female,Undergraduate,TikTok,5.8,2.9,Smartphone,7.1,2,True,Rarely,16.0,72,3.28,Beneficial
16,Female,High School,TikTok,5.9,0.6,Tablet,5.8,3,True,Sometimes,13.0,78,3.63,Beneficial
17,Female,High School,YouTube,4.7,2.6,Smartphone,6.7,3,False,Always,9.0,88,3.42,Beneficial
18,Female,Undergraduate,YouTube,4.1,1.8,Smartphone,7.1,4,False,Rarely,6.0,92,3.34,Beneficial
18,Female,Undergraduate,Instagram,7.6,2.8,Smartphone,6.3,2,True,Never,22.0,73,3.28,Neutral
15,Female,High School,TikTok,2.7,2.4,Smartphone,8.1,4,True,Rarely,15.0,94,3.77,Beneficial
16,Male,High School,Instagram,8.2,3.5,Smartphone,5.7,2,False,Sometimes,20.0,69,3.21,Neutral
20,Female,Undergraduate,YouTube,7.2,1.1,Smartphone,6.3,2,True,Rarely,17.0,75,2.83,Beneficial
17,Male,High School,TikTok,6.9,1.0,Smartphone,5.8,2,False,Sometimes,13.0,78,2.75,Beneficial
18,Female,High School,X (Twitter),2.9,1.7,Smartphone,7.9,4,False,Always,2.0,89,3.19,Beneficial
17,Female,High School,Instagram,2.6,1.9,Smartphone,8.9,4,False,Frequently,5.0,93,3.41,Beneficial
17,Female,High School,YouTube,2.3,2.6,Smartphone,7.4,3,False,Always,1.0,88,3.52,Beneficial
19,Male,Undergraduate,Instagram,4.4,2.8,Smartphone,8.4,3,False,Sometimes,0.0,85,3.83,Beneficial
17,Male,High School,Instagram,5.7,2.0,Smartphone,6.5,2,True,Never,18.0,84,3.06,Beneficial
20,Male,Undergraduate,TikTok,9.0,1.4,Tablet,5.4,1,True,Sometimes,23.0,70,3.05,Neutral
16,Female,High School,YouTube,5.3,3.1,Smartphone,6.9,3,False,Sometimes,15.0,89,3.99,Beneficial
19,Male,Undergraduate,Snapchat,9.1,2.6,Smartphone,5.9,1,True,Rarely,22.0,62,2.94,Neutral
20,Male,Undergraduate,TikTok,3.6,2.1,Smartphone,7.5,4,False,Never,7.0,89,4.0,Beneficial
19,Female,Undergraduate,Instagram,7.9,2.3,Smartphone,6.2,1,True,Frequently,26.0,54,3.31,Neutral
18,Female,Undergraduate,TikTok,6.6,1.9,Smartphone,5.5,1,True,Always,11.0,73,3.37,Beneficial
18,Male,Undergraduate,Instagram,2.8,2.3,Smartphone,7.7,4,False,Frequently,12.0,88,4.0,Beneficial
16,Female,High School,Instagram,3.1,0.9,Smartphone,7.0,3,False,Sometimes,9.0,85,3.53,Beneficial
19,Non-Binary,Undergraduate,Instagram,1.0,3.0,Smartphone,9.2,4,True,Frequently,0.0,98,4.0,Beneficial
21,Male,Undergraduate,TikTok,4.9,2.6,Smartphone,5.5,2,True,Always,12.0,77,3.27,Beneficial
15,Female,High School,Instagram,4.5,1.7,Smartphone,7.6,3,True,Never,9.0,87,3.05,Beneficial
20,Female,High School,TikTok,4.8,0.9,Smartphone,5.9,1,True,Sometimes,16.0,75,3.69,Beneficial
23,Male,Postgraduate,Instagram,5.5,1.8,Laptop/PC,8.1,4,True,Always,10.0,87,3.43,Beneficial
20,Male,Undergraduate,TikTok,1.7,2.0,Smartphone,7.6,2,True,Sometimes,10.0,93,3.45,Beneficial
17,Male,High School,Reddit,5.0,1.9,Smartphone,7.6,3,True,Always,15.0,84,3.49,Beneficial
17,Male,High School,Reddit,6.8,1.8,Smartphone,6.7,2,True,Frequently,17.0,76,3.85,Beneficial
17,Female,High School,YouTube,5.3,1.8,Smartphone,5.3,1,True,Rarely,12.0,71,3.57,Beneficial
19,Male,Undergraduate,Snapchat,4.5,2.3,Smartphone,7.1,3,False,Sometimes,6.0,83,3.8,Beneficial
21,Female,Undergraduate,Reddit,2.2,1.7,Smartphone,7.9,3,False,Rarely,1.0,89,3.78,Beneficial
18,Female,Undergraduate,LinkedIn,5.8,2.5,Smartphone,7.2,4,False,Frequently,19.0,84,3.96,Beneficial
16,Male,High School,TikTok,3.8,2.3,Smartphone,6.9,3,False,Always,7.0,82,3.26,Beneficial
20,Male,Undergraduate,X (Twitter),8.0,2.5,Laptop/PC,4.7,2,True,Frequently,21.0,53,3.19,Neutral
18,Male,Undergraduate,Instagram,6.6,1.7,Smartphone,5.6,2,True,Sometimes,9.0,79,2.89,Beneficial
16,Non-Binary,High School,YouTube,4.3,1.5,Smartphone,7.0,2,False,Rarely,15.0,88,3.22,Beneficial
19,Male,Undergraduate,TikTok,1.4,1.6,Smartphone,7.8,4,False,Sometimes,7.0,98,4.0,Beneficial
19,Female,High School,Snapchat,2.9,0.4,Smartphone,7.6,2,True,Sometimes,2.0,96,4.0,Beneficial
18,Prefer not to say,Undergraduate,Instagram,5.1,1.5,Smartphone,7.2,2,True,Always,6.0,86,3.31,Beneficial
18,Male,Undergraduate,Instagram,6.9,1.1,Smartphone,5.3,1,True,Frequently,25.0,63,2.97,Neutral
18,Female,Undergraduate,Instagram,4.8,2.1,Smartphone,6.2,3,False,Rarely,9.0,79,3.84,Beneficial
17,Female,High School,YouTube,5.5,2.2,Smartphone,7.5,2,True,Never,13.0,77,3.31,Beneficial
19,Female,Undergraduate,YouTube,5.3,1.3,Laptop/PC,6.7,3,False,Sometimes,23.0,61,2.86,Neutral
20,Female,Undergraduate,TikTok,2.9,1.6,Smartphone,7.7,3,False,Rarely,11.0,85,3.41,Beneficial
16,Female,High School,TikTok,4.9,2.6,Smartphone,7.0,1,False,Sometimes,26.0,85,3.45,Beneficial
20,Female,Undergraduate,X (Twitter),2.1,1.6,Smartphone,7.2,4,False,Always,11.0,78,3.45,Beneficial
16,Female,High School,Instagram,8.6,2.3,Smartphone,4.5,1,True,Always,22.0,58,2.77,Neutral
18,Male,Undergraduate,Instagram,8.9,2.0,Smartphone,6.4,2,False,Never,18.0,59,3.66,Beneficial
16,Male,High School,Instagram,4.7,1.8,Smartphone,5.5,2,True,Sometimes,8.0,72,4.0,Beneficial
21,Female,Undergraduate,Instagram,3.8,1.7,Smartphone,7.2,3,False,Rarely,9.0,79,3.84,Beneficial
20,Female,Undergraduate,YouTube,6.2,1.0,Smartphone,7.5,2,True,Sometimes,11.0,71,3.54,Beneficial
21,Female,High School,Instagram,5.0,2.9,Smartphone,7.1,3,False,Sometimes,13.0,81,4.0,Beneficial
17,Female,High School,YouTube,6.0,2.6,Smartphone,7.2,2,True,Sometimes,9.0,79,3.89,Beneficial
15,Male,High School,YouTube,1.9,1.8,Laptop/PC,7.1,3,False,Frequently,6.0,97,3.42,Beneficial
18,Female,Undergraduate,YouTube,5.0,0.3,Smartphone,5.8,2,True,Sometimes,10.0,92,3.09,Beneficial
20,Male,Undergraduate,Instagram,5.0,1.2,Tablet,6.4,3,True,Rarely,6.0,73,3.99,Beneficial
21,Male,Undergraduate,Reddit,7.3,3.4,Smartphone,6.1,1,True,Sometimes,15.0,83,3.26,Beneficial
17,Male,High School,TikTok,12.2,3.0,Laptop/PC,5.9,1,True,Frequently,30.0,49,2.88,Negative
19,Female,Undergraduate,Instagram,3.3,0.9,Smartphone,7.4,3,False,Rarely,6.0,87,3.49,Beneficial
16,Female,High School,TikTok,5.0,1.1,Smartphone,6.4,3,False,Rarely,12.0,69,3.46,Beneficial
17,Female,High School,Snapchat,4.5,1.4,Smartphone,6.6,3,False,Always,11.0,81,3.77,Beneficial
17,Female,High School,YouTube,4.6,0.6,Smartphone,7.2,3,False,Frequently,10.0,88,3.55,Beneficial
18,Female,Undergraduate,Snapchat,6.8,1.9,Smartphone,5.9,2,True,Sometimes,17.0,70,2.64,Neutral
17,Female,High School,Snapchat,3.5,2.0,Smartphone,7.2,2,True,Always,13.0,85,3.97,Beneficial
18,Female,Undergraduate,Instagram,5.0,1.4,Laptop/PC,7.0,2,False,Always,7.0,90,3.4,Beneficial
19,Male,Undergraduate,X (Twitter),3.9,2.2,Smartphone,7.9,3,False,Always,8.0,87,3.16,Beneficial
21,Female,High School,Instagram,11.1,1.9,Smartphone,3.1,1,True,Rarely,32.0,49,2.67,Negative
15,Male,High School,TikTok,3.9,1.7,Smartphone,7.1,3,True,Rarely,9.0,78,3.74,Beneficial
19,Female,High School,YouTube,5.3,1.6,Smartphone,6.4,2,True,Sometimes,9.0,86,3.7,Beneficial
16,Male,High School,Instagram,10.0,2.2,Smartphone,4.1,1,True,Rarely,32.0,53,2.95,Negative
16,Female,High School,TikTok,3.4,2.1,Smartphone,6.8,3,False,Always,15.0,98,4.0,Beneficial
19,Male,Undergraduate,Instagram,6.1,1.7,Smartphone,7.0,3,True,Frequently,5.0,85,3.55,Beneficial
17,Male,High School,YouTube,3.1,2.1,Smartphone,7.7,3,True,Rarely,1.0,93,3.93,Beneficial
17,Female,High School,TikTok,2.8,0.5,Smartphone,7.8,4,False,Rarely,8.0,87,3.52,Beneficial
17,Female,High School,YouTube,5.7,1.4,Smartphone,6.7,2,True,Rarely,12.0,68,3.21,Beneficial
18,Male,Undergraduate,Instagram,9.0,3.1,Smartphone,6.9,2,True,Frequently,19.0,72,3.08,Beneficial
17,Female,High School,Snapchat,8.6,1.4,Laptop/PC,4.9,2,True,Sometimes,26.0,58,3.1,Neutral
20,Male,Undergraduate,TikTok,4.9,1.3,Smartphone,7.9,3,False,Sometimes,14.0,86,3.86,Beneficial
16,Female,High School,YouTube,6.5,1.8,Laptop/PC,6.0,1,True,Rarely,17.0,70,2.84,Neutral
20,Male,Undergraduate,Instagram,3.1,2.3,Smartphone,7.3,4,False,Frequently,1.0,90,3.84,Beneficial
17,Male,High School,YouTube,3.5,3.9,Smartphone,8.2,4,True,Sometimes,5.0,80,3.71,Beneficial
19,Male,Undergraduate,TikTok,4.1,2.2,Smartphone,6.6,3,True,Rarely,13.0,84,3.83,Beneficial
19,Male,Undergraduate,Instagram,5.0,2.1,Smartphone,7.4,3,True,Frequently,8.0,92,3.44,Beneficial
21,Female,High School,Instagram,2.1,1.8,Smartphone,8.4,4,True,Frequently,5.0,98,3.64,Beneficial
18,Female,Undergraduate,Instagram,5.8,2.9,Smartphone,6.6,2,False,Sometimes,14.0,87,3.64,Beneficial
17,Female,High School,Instagram,3.8,1.8,Smartphone,8.3,4,False,Sometimes,14.0,85,3.78,Beneficial
19,Non-Binary,Undergraduate,Instagram,5.1,0.7,Smartphone,7.8,3,True,Rarely,16.0,81,3.55,Beneficial
26,Female,Postgraduate,YouTube,1.9,1.7,Smartphone,9.1,4,True,Always,5.0,91,3.83,Beneficial
21,Female,Undergraduate,Snapchat,4.9,1.4,Smartphone,7.1,1,False,Never,11.0,93,3.35,Beneficial
16,Male,High School,TikTok,5.5,2.6,Smartphone,5.9,2,True,Frequently,11.0,76,3.76,Beneficial
18,Male,Undergraduate,TikTok,3.0,2.7,Smartphone,7.7,3,False,Never,8.0,88,3.74,Beneficial
18,Female,Undergraduate,Instagram,6.0,1.5,Smartphone,7.8,3,True,Sometimes,13.0,81,3.44,Beneficial
21,Male,Undergraduate,Instagram,7.8,1.8,Smartphone,5.9,1,True,Always,19.0,74,3.32,Beneficial
17,Female,High School,Instagram,2.0,1.6,Smartphone,7.1,3,False,Rarely,9.0,98,3.68,Beneficial
26,Female,Postgraduate,TikTok,3.9,1.7,Smartphone,6.6,1,True,Never,11.0,73,3.26,Beneficial
18,Male,Undergraduate,Snapchat,3.9,1.1,Smartphone,8.5,3,False,Frequently,13.0,97,3.52,Beneficial
18,Female,High School,Instagram,7.9,0.3,Smartphone,5.0,1,True,Sometimes,17.0,60,3.41,Beneficial
18,Male,Undergraduate,TikTok,6.9,1.8,Smartphone,6.2,2,True,Always,14.0,70,3.29,Beneficial
15,Male,High School,X (Twitter),1.5,1.7,Smartphone,8.6,4,True,Sometimes,6.0,94,3.81,Beneficial
18,Prefer not to say,Undergraduate,X (Twitter),9.3,2.0,Smartphone,5.8,1,True,Rarely,19.0,73,2.96,Neutral
20,Female,Undergraduate,TikTok,3.7,3.0,Smartphone,9.0,3,False,Sometimes,11.0,85,3.97,Beneficial
20,Male,Undergraduate,TikTok,9.4,1.6,Smartphone,6.0,1,True,Always,16.0,65,3.03,Neutral
17,Prefer not to say,High School,Instagram,6.2,2.0,Smartphone,6.6,3,True,Frequently,18.0,81,3.45,Beneficial
19,Male,High School,TikTok,4.5,1.5,Smartphone,6.6,2,False,Always,8.0,88,3.64,Beneficial
20,Male,Undergraduate,YouTube,3.0,2.7,Smartphone,7.5,3,True,Frequently,13.0,90,3.54,Beneficial
18,Male,Undergraduate,Snapchat,4.5,2.6,Smartphone,7.2,3,False,Rarely,9.0,90,4.0,Beneficial
16,Female,High School,X (Twitter),2.9,0.9,Smartphone,8.2,4,False,Always,9.0,93,3.17,Beneficial
19,Female,High School,Reddit,3.5,2.4,Laptop/PC,8.2,3,False,Sometimes,19.0,90,3.73,Beneficial
18,Non-Binary,Undergraduate,YouTube,8.8,1.9,Smartphone,5.2,1,True,Frequently,29.0,60,3.39,Neutral
18,Female,Undergraduate,YouTube,3.2,0.0,Smartphone,6.3,2,False,Sometimes,10.0,88,3.14,Beneficial
19,Male,Undergraduate,X (Twitter),3.2,1.9,Smartphone,8.0,3,False,Sometimes,16.0,90,3.58,Beneficial
19,Female,Undergraduate,Snapchat,4.4,0.8,Smartphone,6.2,2,False,Always,14.0,81,3.6,Beneficial
19,Female,Undergraduate,TikTok,4.7,1.2,Smartphone,6.1,2,False,Sometimes,8.0,78,3.64,Beneficial
24,Female,Postgraduate,Instagram,3.7,1.7,Smartphone,7.5,4,False,Always,8.0,95,3.35,Beneficial
18,Female,Undergraduate,Reddit,3.6,2.4,Smartphone,7.8,2,True,Never,6.0,93,3.51,Beneficial
16,Female,High School,Instagram,9.6,1.8,Smartphone,5.1,1,True,Sometimes,19.0,68,3.7,Beneficial
17,Female,High School,Snapchat,6.0,1.4,Smartphone,7.7,3,True,Sometimes,17.0,78,3.35,Beneficial
19,Male,Undergraduate,TikTok,2.8,0.9,Smartphone,7.3,3,False,Frequently,7.0,97,3.5,Beneficial
19,Female,Undergraduate,YouTube,2.6,2.2,Smartphone,6.8,2,True,Frequently,8.0,87,3.48,Beneficial
22,Female,Undergraduate,TikTok,2.6,0.6,Smartphone,7.1,3,False,Rarely,4.0,96,3.8,Beneficial
19,Female,Undergraduate,LinkedIn,2.7,2.3,Smartphone,7.8,4,True,Sometimes,9.0,90,4.0,Beneficial
17,Female,High School,TikTok,2.9,1.2,Smartphone,8.6,3,False,Frequently,2.0,95,3.9,Beneficial
17,Female,High School,Reddit,3.2,1.6,Tablet,7.8,3,False,Sometimes,13.0,92,3.81,Beneficial
22,Prefer not to say,Postgraduate,Instagram,5.7,0.7,Smartphone,5.9,3,False,Rarely,7.0,72,3.48,Beneficial
18,Male,Undergraduate,X (Twitter),4.0,1.8,Smartphone,7.2,3,False,Rarely,11.0,86,3.71,Beneficial
20,Female,Undergraduate,TikTok,4.0,1.1,Smartphone,6.1,2,True,Sometimes,11.0,80,4.0,Beneficial
19,Non-Binary,Undergraduate,Snapchat,5.5,1.8,Laptop/PC,6.4,3,True,Sometimes,9.0,82,2.94,Beneficial
18,Male,Undergraduate,Snapchat,3.6,1.7,Laptop/PC,7.9,2,False,Frequently,13.0,89,3.85,Beneficial
20,Female,Undergraduate,Instagram,4.1,0.0,Smartphone,6.7,4,False,Rarely,16.0,84,3.78,Beneficial
18,Non-Binary,Undergraduate,X (Twitter),3.5,2.4,Smartphone,7.1,4,False,Sometimes,13.0,81,3.8,Beneficial
20,Male,Undergraduate,LinkedIn,5.1,2.0,Smartphone,5.5,1,True,Sometimes,21.0,77,3.26,Beneficial
18,Male,Undergraduate,Snapchat,8.4,1.1,Smartphone,5.4,1,True,Sometimes,25.0,63,3.21,Neutral
16,Male,High School,TikTok,8.5,2.2,Smartphone,4.9,1,True,Frequently,18.0,66,3.37,Beneficial
18,Prefer not to say,Undergraduate,X (Twitter),2.3,1.4,Smartphone,9.3,4,True,Frequently,5.0,96,4.0,Beneficial
17,Female,High School,Instagram,7.2,1.6,Smartphone,7.4,2,True,Rarely,14.0,90,3.37,Beneficial
21,Female,Undergraduate,Snapchat,5.5,1.7,Smartphone,5.2,2,True,Sometimes,5.0,73,3.72,Beneficial
18,Male,High School,Instagram,9.0,1.9,Smartphone,6.4,1,True,Frequently,18.0,72,3.01,Beneficial
17,Female,High School,TikTok,14.0,1.4,Laptop/PC,3.9,1,False,Sometimes,26.0,53,2.48,Negative
18,Female,Undergraduate,Snapchat,5.4,1.8,Smartphone,6.8,2,True,Frequently,17.0,84,3.44,Beneficial
18,Female,Undergraduate,Snapchat,8.4,1.3,Smartphone,4.3,1,True,Always,29.0,73,2.86,Neutral
19,Male,Undergraduate,YouTube,3.1,2.2,Smartphone,8.4,2,False,Always,6.0,91,4.0,Beneficial
23,Male,Undergraduate,TikTok,4.1,2.5,Smartphone,6.0,2,True,Always,15.0,73,3.6,Beneficial
18,Female,High School,TikTok,7.8,1.3,Smartphone,5.5,1,False,Sometimes,21.0,67,3.53,Beneficial
19,Female,Undergraduate,Reddit,8.7,2.2,Smartphone,4.8,1,True,Rarely,27.0,54,2.57,Negative
20,Female,High School,YouTube,5.8,0.8,Smartphone,5.8,1,True,Frequently,16.0,78,3.25,Beneficial
22,Female,Postgraduate,Instagram,4.0,2.4,Tablet,6.6,4,False,Always,15.0,84,2.83,Beneficial
16,Female,High School,Snapchat,3.2,1.6,Smartphone,8.7,4,True,Rarely,6.0,98,3.55,Beneficial
18,Prefer not to say,Undergraduate,Snapchat,5.9,2.5,Smartphone,6.9,2,True,Sometimes,11.0,71,3.68,Beneficial
17,Male,High School,TikTok,5.2,2.1,Smartphone,8.2,3,True,Never,17.0,82,3.11,Beneficial
16,Male,High School,TikTok,3.6,2.6,Smartphone,7.9,2,True,Sometimes,5.0,98,4.0,Beneficial
20,Female,Undergraduate,Instagram,12.0,1.3,Laptop/PC,3.3,1,True,Always,13.0,48,2.45,Negative
20,Male,Undergraduate,YouTube,3.3,3.1,Smartphone,8.2,4,False,Frequently,12.0,86,4.0,Beneficial
19,Male,High School,Instagram,2.4,2.2,Smartphone,7.5,3,True,Always,4.0,96,3.89,Beneficial
19,Male,Undergraduate,Instagram,12.5,1.6,Smartphone,3.6,1,True,Frequently,32.0,49,2.59,Negative
24,Male,Postgraduate,TikTok,2.1,2.0,Smartphone,7.7,3,False,Sometimes,0.0,97,4.0,Beneficial
18,Female,Undergraduate,Instagram,5.0,0.5,Smartphone,6.7,3,False,Sometimes,10.0,72,3.46,Beneficial
18,Female,Undergraduate,Reddit,6.0,1.9,Smartphone,6.3,1,True,Sometimes,19.0,62,3.51,Beneficial
20,Female,Undergraduate,Instagram,4.3,1.8,Tablet,6.4,3,False,Frequently,14.0,81,3.63,Beneficial
18,Female,Undergraduate,Snapchat,3.1,0.9,Smartphone,6.9,2,True,Sometimes,6.0,84,3.42,Beneficial
21,Male,Undergraduate,Instagram,3.0,2.2,Smartphone,7.2,2,False,Sometimes,9.0,82,3.57,Beneficial
17,Female,High School,YouTube,3.9,1.9,Smartphone,8.1,3,False,Sometimes,11.0,98,3.73,Beneficial
19,Male,Undergraduate,Instagram,5.6,2.6,Smartphone,7.1,3,True,Sometimes,17.0,74,3.25,Beneficial
20,Male,Undergraduate,TikTok,2.6,0.6,Smartphone,8.5,5,False,Rarely,9.0,93,3.35,Beneficial
18,Female,Undergraduate,Instagram,2.8,2.6,Smartphone,8.4,3,False,Frequently,6.0,92,4.0,Beneficial
18,Male,Undergraduate,Instagram,6.1,0.8,Smartphone,7.8,4,True,Sometimes,18.0,88,3.59,Beneficial
18,Female,Undergraduate,YouTube,10.6,1.3,Laptop/PC,6.4,2,True,Frequently,27.0,56,2.71,Neutral
18,Male,Undergraduate,X (Twitter),3.9,1.8,Smartphone,5.9,3,True,Frequently,19.0,76,3.52,Beneficial
15,Male,High School,Snapchat,5.1,1.3,Smartphone,6.8,2,True,Always,10.0,77,3.16,Beneficial
16,Female,High School,YouTube,2.1,2.2,Smartphone,8.2,4,False,Rarely,12.0,98,4.0,Beneficial
19,Male,Undergraduate,TikTok,1.7,1.1,Smartphone,8.4,4,False,Sometimes,6.0,98,3.92,Beneficial
20,Female,Undergraduate,Instagram,2.3,1.5,Smartphone,7.6,3,True,Rarely,4.0,98,3.7,Beneficial
18,Female,Undergraduate,TikTok,6.3,2.5,Smartphone,6.7,3,True,Sometimes,3.0,83,3.28,Beneficial
19,Female,Undergraduate,TikTok,4.0,1.6,Smartphone,5.8,2,True,Rarely,26.0,81,3.46,Neutral
22,Male,Undergraduate,TikTok,4.5,1.7,Tablet,6.8,3,False,Sometimes,19.0,76,3.81,Beneficial
18,Male,Undergraduate,TikTok,8.5,2.9,Smartphone,5.4,1,True,Frequently,24.0,67,2.8,Neutral
18,Female,Undergraduate,Reddit,2.8,2.1,Smartphone,8.1,4,False,Always,8.0,91,3.73,Beneficial
18,Female,Undergraduate,Snapchat,2.0,3.4,Smartphone,7.1,4,True,Always,9.0,84,3.48,Beneficial
19,Male,Undergraduate,Instagram,5.1,3.2,Laptop/PC,6.5,2,True,Rarely,13.0,68,3.32,Beneficial
20,Male,Undergraduate,YouTube,3.1,1.1,Smartphone,6.9,2,False,Frequently,6.0,91,3.73,Beneficial
18,Female,Undergraduate,TikTok,11.6,1.2,Smartphone,6.2,1,True,Frequently,20.0,64,2.96,Neutral
20,Female,Undergraduate,Snapchat,5.9,2.5,Smartphone,6.7,2,False,Sometimes,11.0,76,3.56,Beneficial
20,Female,Undergraduate,X (Twitter),9.9,0.8,Laptop/PC,5.3,1,False,Frequently,20.0,64,2.64,Neutral
19,Male,Undergraduate,Instagram,3.2,2.6,Smartphone,8.5,4,False,Sometimes,4.0,91,3.75,Beneficial
17,Female,High School,Instagram,4.4,2.2,Smartphone,6.4,3,False,Always,12.0,79,3.36,Beneficial
19,Male,Undergraduate,Instagram,3.7,2.6,Smartphone,7.0,2,False,Always,14.0,86,3.65,Beneficial
18,Female,Undergraduate,Instagram,4.5,2.3,Tablet,6.0,2,False,Frequently,15.0,93,3.8,Beneficial
21,Female,Undergraduate,TikTok,9.6,2.3,Laptop/PC,5.4,1,False,Always,19.0,62,3.0,Neutral
19,Female,High School,TikTok,6.3,1.3,Laptop/PC,6.5,3,True,Sometimes,8.0,81,3.78,Beneficial
20,Male,Undergraduate,Instagram,5.4,2.0,Smartphone,5.0,1,True,Sometimes,14.0,79,3.18,Beneficial
19,Female,Undergraduate,LinkedIn,1.5,2.3,Smartphone,8.2,5,False,Always,6.0,98,3.71,Beneficial
17,Male,High School,Instagram,14.0,1.4,Smartphone,5.5,1,True,Always,33.0,47,2.72,Negative
19,Female,Undergraduate,Instagram,4.6,1.2,Tablet,7.5,3,False,Sometimes,10.0,86,3.63,Beneficial
19,Female,Undergraduate,YouTube,2.8,1.5,Smartphone,6.6,4,False,Frequently,9.0,74,4.0,Beneficial
18,Male,Undergraduate,Reddit,11.2,2.4,Smartphone,3.7,1,True,Frequently,33.0,50,2.4,Negative
15,Female,High School,Instagram,4.5,3.2,Smartphone,7.3,4,True,Never,14.0,88,3.35,Beneficial
20,Female,Undergraduate,X (Twitter),5.4,0.5,Smartphone,6.0,1,True,Sometimes,14.0,70,3.24,Beneficial
24,Male,Postgraduate,Instagram,4.2,0.6,Smartphone,7.1,3,False,Rarely,12.0,87,3.1,Beneficial
21,Female,Undergraduate,Reddit,2.3,1.6,Smartphone,8.6,3,False,Rarely,0.0,94,3.51,Beneficial
19,Female,High School,YouTube,3.5,2.1,Smartphone,5.8,2,True,Always,12.0,94,3.37,Beneficial
18,Male,Undergraduate,YouTube,4.3,1.9,Laptop/PC,6.0,2,False,Frequently,13.0,83,3.48,Beneficial
19,Male,Undergraduate,TikTok,1.9,0.9,Smartphone,7.3,3,True,Sometimes,10.0,95,4.0,Beneficial
21,Prefer not to say,Undergraduate,Instagram,9.4,1.6,Smartphone,4.9,1,True,Sometimes,12.0,63,3.46,Beneficial
18,Female,Undergraduate,TikTok,4.7,3.0,Smartphone,5.8,2,True,Rarely,14.0,87,3.4,Beneficial
20,Male,High School,Instagram,5.6,3.1,Smartphone,6.1,3,False,Sometimes,17.0,71,3.13,Beneficial
18,Male,Undergraduate,Instagram,11.3,2.3,Smartphone,3.5,1,False,Rarely,33.0,47,2.72,Negative
18,Female,Undergraduate,YouTube,3.0,3.2,Laptop/PC,6.7,4,False,Rarely,0.0,98,3.47,Beneficial
18,Male,Undergraduate,TikTok,3.9,2.0,Smartphone,7.2,3,True,Always,11.0,88,3.63,Beneficial
19,Female,Undergraduate,Instagram,9.7,2.3,Smartphone,6.2,1,False,Sometimes,22.0,66,3.06,Neutral
22,Male,Undergraduate,Instagram,3.8,2.1,Smartphone,6.7,4,False,Frequently,11.0,74,3.58,Beneficial
18,Female,Undergraduate,Instagram,2.8,1.6,Smartphone,7.4,3,False,Sometimes,13.0,87,3.38,Beneficial
16,Female,High School,TikTok,4.4,0.6,Laptop/PC,6.3,1,False,Sometimes,7.0,81,3.63,Beneficial
16,Male,High School,TikTok,6.8,1.9,Smartphone,5.5,1,True,Always,16.0,69,2.61,Neutral
19,Male,Undergraduate,YouTube,4.6,1.2,Smartphone,6.9,3,False,Sometimes,10.0,82,3.03,Beneficial
17,Male,High School,X (Twitter),3.3,2.0,Smartphone,7.6,4,False,Sometimes,8.0,94,3.64,Beneficial
18,Female,Undergraduate,TikTok,6.7,1.7,Smartphone,6.2,1,True,Frequently,17.0,66,3.8,Beneficial
22,Male,Undergraduate,Instagram,2.9,0.9,Smartphone,6.4,3,True,Rarely,16.0,78,3.9,Beneficial
18,Female,Undergraduate,TikTok,7.7,1.4,Smartphone,6.2,2,True,Sometimes,13.0,80,2.76,Beneficial
19,Female,Undergraduate,X (Twitter),9.3,2.5,Smartphone,3.6,1,True,Always,23.0,62,2.94,Neutral
15,Male,High School,Instagram,5.5,2.1,Smartphone,6.4,1,False,Sometimes,19.0,81,3.37,Beneficial
20,Male,Undergraduate,Snapchat,8.4,3.2,Smartphone,5.1,2,True,Frequently,12.0,68,3.47,Beneficial
18,Male,Undergraduate,Snapchat,13.5,1.7,Smartphone,3.8,1,True,Always,31.0,33,3.18,Negative
22,Male,Postgraduate,TikTok,2.8,1.3,Smartphone,7.1,4,False,Frequently,12.0,92,3.76,Beneficial
17,Female,High School,LinkedIn,5.1,1.4,Smartphone,7.7,3,True,Always,11.0,81,3.54,Beneficial
20,Female,Undergraduate,YouTube,4.2,1.9,Smartphone,6.2,3,False,Sometimes,18.0,74,3.28,Beneficial
20,Female,Undergraduate,Instagram,6.2,1.4,Smartphone,5.6,2,False,Sometimes,13.0,79,4.0,Beneficial
20,Male,Undergraduate,Snapchat,4.3,1.2,Smartphone,7.5,4,False,Frequently,8.0,91,3.49,Beneficial
18,Male,Undergraduate,Snapchat,4.5,1.2,Smartphone,7.0,3,False,Sometimes,17.0,82,3.44,Beneficial
18,Male,Undergraduate,Instagram,11.2,1.1,Smartphone,5.7,1,True,Sometimes,19.0,64,2.97,Neutral
19,Female,Undergraduate,LinkedIn,5.4,2.8,Smartphone,7.1,3,True,Rarely,17.0,78,3.37,Beneficial
17,Male,High School,TikTok,2.6,1.6,Smartphone,7.1,4,False,Frequently,8.0,98,3.96,Beneficial
21,Male,Undergraduate,Instagram,2.3,1.1,Smartphone,7.2,2,False,Sometimes,6.0,93,3.66,Beneficial
19,Male,Undergraduate,Snapchat,5.0,0.3,Smartphone,6.8,2,True,Frequently,15.0,69,3.48,Beneficial
19,Male,Undergraduate,YouTube,5.4,3.1,Smartphone,7.8,3,True,Always,9.0,86,3.87,Beneficial
20,Female,Undergraduate,Instagram,6.7,2.0,Smartphone,7.1,3,True,Never,17.0,80,3.28,Beneficial
21,Male,Undergraduate,YouTube,6.6,1.6,Smartphone,5.8,1,True,Frequently,25.0,62,2.47,Neutral
20,Female,Undergraduate,Instagram,2.6,2.4,Smartphone,7.1,3,False,Frequently,14.0,76,3.42,Beneficial
18,Female,Undergraduate,LinkedIn,1.8,1.2,Smartphone,8.8,5,True,Rarely,10.0,90,3.7,Beneficial
19,Female,Undergraduate,Instagram,4.5,2.2,Smartphone,6.8,2,True,Never,10.0,88,3.5,Beneficial
17,Female,High School,TikTok,2.8,1.3,Smartphone,6.3,3,False,Never,4.0,91,3.76,Beneficial
18,Female,Undergraduate,Instagram,3.8,3.0,Smartphone,6.5,2,False,Sometimes,10.0,81,3.54,Beneficial
19,Male,Undergraduate,YouTube,2.2,1.1,Smartphone,8.2,4,False,Frequently,0.0,88,3.56,Beneficial
19,Female,Undergraduate,YouTube,4.3,2.4,Smartphone,6.8,2,False,Sometimes,6.0,73,4.0,Beneficial
18,Male,Undergraduate,Snapchat,5.6,2.8,Smartphone,7.9,2,True,Always,14.0,79,3.06,Beneficial
18,Male,Undergraduate,Reddit,2.9,2.1,Smartphone,7.8,5,True,Frequently,9.0,98,4.0,Beneficial
18,Male,Undergraduate,Reddit,10.7,2.6,Smartphone,4.9,1,True,Sometimes,25.0,54,2.81,Neutral
17,Female,High School,YouTube,6.0,1.6,Tablet,5.5,2,True,Always,24.0,66,2.99,Neutral
16,Male,High School,Instagram,11.8,2.8,Laptop/PC,3.7,1,True,Always,40.0,38,1.99,Negative
17,Female,High School,TikTok,4.1,2.6,Laptop/PC,8.4,3,False,Never,8.0,90,3.38,Beneficial
19,Female,Undergraduate,YouTube,3.3,2.9,Laptop/PC,8.5,3,False,Rarely,7.0,93,3.19,Beneficial
19,Female,Undergraduate,Snapchat,4.2,1.8,Smartphone,6.6,3,True,Sometimes,13.0,75,4.0,Beneficial
18,Female,Undergraduate,YouTube,8.1,2.4,Smartphone,5.7,2,True,Rarely,27.0,64,3.44,Neutral
20,Female,Undergraduate,X (Twitter),1.9,2.6,Smartphone,8.3,4,False,Never,7.0,89,4.0,Beneficial
16,Male,High School,YouTube,5.2,0.0,Smartphone,7.1,3,True,Sometimes,17.0,79,3.65,Beneficial
17,Female,High School,TikTok,5.4,2.7,Smartphone,6.7,3,True,Always,11.0,80,3.61,Beneficial
17,Female,High School,Instagram,3.9,2.4,Smartphone,6.8,4,False,Always,2.0,92,3.99,Beneficial
23,Male,Undergraduate,YouTube,3.3,0.9,Smartphone,6.8,4,True,Sometimes,10.0,86,3.75,Beneficial
16,Male,High School,Instagram,3.8,1.6,Smartphone,7.1,3,False,Sometimes,12.0,80,4.0,Beneficial
20,Female,High School,Instagram,4.3,3.0,Smartphone,7.9,3,False,Sometimes,11.0,83,3.46,Beneficial
21,Male,Undergraduate,Reddit,3.5,2.7,Smartphone,7.8,4,False,Always,19.0,84,3.15,Beneficial
22,Female,Postgraduate,TikTok,3.6,0.7,Smartphone,7.1,4,True,Frequently,13.0,88,3.79,Beneficial
19,Male,High School,Instagram,4.7,1.3,Smartphone,7.4,3,True,Sometimes,21.0,85,3.72,Beneficial
18,Female,Undergraduate,YouTube,3.7,2.0,Smartphone,8.7,3,True,Frequently,8.0,98,3.75,Beneficial
23,Male,Postgraduate,TikTok,3.7,2.6,Smartphone,6.9,4,False,Rarely,13.0,82,3.23,Beneficial
20,Female,Undergraduate,Instagram,3.2,1.3,Smartphone,7.7,2,False,Frequently,10.0,92,4.0,Beneficial
18,Female,Undergraduate,X (Twitter),2.8,2.4,Laptop/PC,7.4,3,False,Rarely,4.0,85,3.73,Beneficial
22,Non-Binary,Postgraduate,Instagram,9.1,1.3,Smartphone,4.5,1,True,Frequently,22.0,55,3.28,Neutral
21,Female,Undergraduate,YouTube,2.6,1.9,Smartphone,6.7,3,False,Sometimes,15.0,98,3.9,Beneficial
18,Male,High School,Reddit,3.6,3.0,Smartphone,6.0,1,False,Sometimes,13.0,95,3.67,Beneficial
17,Female,High School,LinkedIn,6.5,1.8,Smartphone,5.1,1,True,Frequently,16.0,69,3.18,Beneficial
17,Male,High School,Instagram,5.8,1.9,Smartphone,7.7,3,True,Always,11.0,67,3.68,Beneficial
20,Female,Undergraduate,TikTok,7.7,2.7,Smartphone,4.4,1,False,Sometimes,26.0,61,3.23,Neutral
18,Female,Undergraduate,Instagram,3.1,2.7,Smartphone,7.7,3,False,Always,3.0,87,3.86,Beneficial
22,Female,Postgraduate,YouTube,3.2,0.4,Smartphone,8.1,4,False,Frequently,6.0,98,3.88,Beneficial
19,Female,Undergraduate,LinkedIn,9.2,0.5,Smartphone,4.3,1,False,Sometimes,14.0,73,3.22,Beneficial
17,Male,High School,YouTube,3.2,1.7,Smartphone,6.6,2,False,Always,7.0,95,3.85,Beneficial
22,Male,Undergraduate,YouTube,2.3,1.8,Smartphone,6.9,4,False,Always,10.0,83,3.62,Beneficial
18,Male,Undergraduate,TikTok,14.0,2.4,Smartphone,3.8,1,False,Frequently,26.0,44,2.89,Negative
20,Male,Undergraduate,Instagram,2.7,2.2,Laptop/PC,9.8,4,False,Sometimes,1.0,96,3.64,Beneficial
18,Male,Undergraduate,TikTok,2.6,2.0,Tablet,8.2,4,False,Rarely,4.0,98,3.45,Beneficial
18,Female,Undergraduate,Instagram,3.9,1.4,Smartphone,8.0,2,False,Frequently,1.0,98,3.88,Beneficial
19,Male,Undergraduate,Instagram,5.0,1.2,Smartphone,6.8,3,True,Always,9.0,73,3.46,Beneficial
18,Non-Binary,Undergraduate,TikTok,5.6,2.6,Smartphone,6.3,3,False,Sometimes,19.0,86,3.73,Beneficial
20,Male,Undergraduate,Snapchat,2.3,2.4,Smartphone,6.7,3,False,Sometimes,13.0,77,3.68,Beneficial
19,Female,Undergraduate,TikTok,2.8,2.8,Smartphone,6.9,3,False,Sometimes,15.0,79,3.89,Beneficial
17,Female,High School,YouTube,5.1,0.6,Smartphone,7.2,3,True,Always,15.0,81,3.41,Beneficial
18,Female,Undergraduate,Instagram,3.9,0.9,Smartphone,8.0,3,False,Always,14.0,81,3.47,Beneficial
20,Male,High School,TikTok,8.8,1.4,Smartphone,4.2,1,True,Always,19.0,58,3.07,Neutral
17,Female,High School,Snapchat,2.4,2.4,Smartphone,7.9,4,False,Frequently,9.0,98,3.7,Beneficial
17,Female,High School,TikTok,5.5,2.0,Smartphone,6.9,3,True,Sometimes,6.0,76,3.67,Beneficial
17,Female,High School,YouTube,5.2,3.2,Smartphone,6.4,2,False,Rarely,14.0,81,3.4,Beneficial
16,Female,High School,Instagram,7.5,3.1,Laptop/PC,6.7,2,True,Always,23.0,82,2.92,Neutral
21,Male,High School,YouTube,3.4,2.2,Smartphone,6.4,2,True,Sometimes,8.0,88,2.97,Beneficial
19,Female,Undergraduate,Instagram,5.8,1.4,Smartphone,6.4,3,True,Frequently,10.0,82,3.09,Beneficial
17,Male,High School,TikTok,2.4,1.6,Smartphone,7.2,3,False,Sometimes,5.0,89,4.0,Beneficial
18,Male,Undergraduate,TikTok,6.0,2.0,Smartphone,5.9,2,True,Sometimes,15.0,78,3.32,Beneficial
22,Prefer not to say,Undergraduate,TikTok,6.9,2.5,Smartphone,5.2,1,True,Always,28.0,50,3.17,Neutral
24,Male,Postgraduate,Reddit,5.8,2.1,Tablet,6.7,2,True,Rarely,18.0,71,3.46,Beneficial
19,Male,Undergraduate,TikTok,3.3,1.7,Smartphone,7.8,4,False,Sometimes,2.0,96,4.0,Beneficial
15,Female,High School,YouTube,7.7,2.2,Smartphone,6.2,1,True,Always,18.0,68,3.28,Beneficial
20,Male,Undergraduate,X (Twitter),6.4,1.9,Smartphone,6.3,3,False,Sometimes,14.0,76,3.26,Beneficial
18,Female,Undergraduate,YouTube,2.7,2.4,Laptop/PC,9.0,4,False,Rarely,11.0,93,3.65,Beneficial
18,Female,Undergraduate,TikTok,2.0,1.0,Smartphone,7.2,3,False,Frequently,4.0,85,3.58,Beneficial
19,Male,Undergraduate,Instagram,6.0,0.6,Laptop/PC,7.8,3,True,Never,16.0,77,2.88,Beneficial
20,Female,Undergraduate,Reddit,6.9,1.7,Tablet,5.8,2,True,Always,16.0,66,3.57,Beneficial
17,Male,High School,TikTok,1.4,2.4,Smartphone,8.5,3,False,Sometimes,6.0,98,3.78,Beneficial
18,Male,Undergraduate,YouTube,6.9,1.7,Smartphone,6.2,1,False,Sometimes,13.0,73,2.88,Beneficial
20,Male,Undergraduate,TikTok,5.1,2.5,Smartphone,7.0,3,True,Frequently,16.0,76,3.62,Beneficial
19,Male,High School,Instagram,5.0,2.2,Smartphone,7.2,2,False,Rarely,12.0,89,3.14,Beneficial
18,Male,Undergraduate,YouTube,2.9,0.8,Smartphone,6.4,3,False,Always,9.0,84,4.0,Beneficial
16,Male,High School,X (Twitter),3.3,0.4,Smartphone,6.9,4,False,Rarely,14.0,83,2.88,Beneficial
17,Female,High School,Instagram,1.5,1.7,Smartphone,7.0,4,True,Sometimes,7.0,85,3.52,Beneficial
19,Male,Undergraduate,TikTok,7.3,2.1,Smartphone,5.8,1,True,Frequently,20.0,65,3.04,Neutral
24,Female,Postgraduate,Instagram,4.3,2.3,Smartphone,5.5,1,True,Sometimes,13.0,78,3.89,Beneficial
16,Female,High School,TikTok,2.9,0.9,Smartphone,7.6,2,False,Rarely,0.0,98,3.61,Beneficial
19,Male,Undergraduate,TikTok,2.9,3.1,Smartphone,6.7,3,True,Sometimes,19.0,80,3.62,Beneficial
19,Male,Undergraduate,Instagram,3.8,2.5,Smartphone,6.2,3,False,Never,12.0,77,3.75,Beneficial
17,Male,High School,TikTok,9.5,1.2,Smartphone,4.3,1,True,Always,27.0,47,2.77,Negative
16,Male,High School,Instagram,3.2,3.5,Smartphone,7.7,3,True,Rarely,13.0,95,3.7,Beneficial
19,Male,Undergraduate,Instagram,6.3,2.5,Smartphone,5.8,2,True,Sometimes,17.0,71,3.47,Beneficial
18,Male,High School,TikTok,6.8,1.3,Smartphone,6.0,2,True,Sometimes,9.0,85,3.39,Beneficial
22,Female,Undergraduate,Instagram,2.4,2.1,Smartphone,7.7,3,True,Rarely,5.0,93,4.0,Beneficial
17,Male,High School,Instagram,14.0,1.1,Smartphone,4.3,1,False,Frequently,32.0,38,2.38,Negative
19,Female,Undergraduate,YouTube,3.5,1.3,Smartphone,8.3,3,False,Frequently,6.0,98,3.54,Beneficial
18,Female,Undergraduate,YouTube,6.5,1.8,Smartphone,5.8,1,True,Never,11.0,64,3.64,Beneficial
19,Non-Binary,Undergraduate,Instagram,6.9,1.0,Smartphone,6.4,3,True,Sometimes,14.0,83,3.48,Beneficial
20,Female,Undergraduate,TikTok,3.6,1.7,Smartphone,6.4,2,False,Rarely,8.0,82,3.63,Beneficial
20,Male,Undergraduate,Instagram,6.5,0.6,Smartphone,6.0,1,True,Rarely,19.0,76,2.74,Neutral
18,Male,Undergraduate,Instagram,4.5,1.5,Smartphone,6.9,2,True,Sometimes,9.0,82,3.77,Beneficial
17,Male,High School,Instagram,4.9,2.0,Smartphone,7.2,2,True,Never,19.0,77,3.28,Beneficial
18,Female,Undergraduate,X (Twitter),2.2,2.4,Smartphone,8.6,4,True,Never,13.0,91,4.0,Beneficial
16,Male,High School,TikTok,5.3,1.5,Smartphone,7.2,3,True,Sometimes,2.0,87,4.0,Beneficial
19,Female,Undergraduate,TikTok,5.3,1.0,Smartphone,7.3,2,True,Always,10.0,89,3.52,Beneficial
19,Prefer not to say,Undergraduate,YouTube,7.1,1.7,Laptop/PC,5.4,2,True,Never,13.0,68,3.31,Beneficial
18,Female,Undergraduate,Instagram,8.9,1.3,Smartphone,4.1,1,True,Never,18.0,57,2.93,Neutral
17,Female,High School,TikTok,9.6,2.3,Smartphone,5.5,1,False,Sometimes,14.0,55,3.04,Neutral
18,Female,Undergraduate,Instagram,4.5,2.5,Smartphone,6.8,2,False,Frequently,10.0,81,3.58,Beneficial
17,Male,High School,TikTok,2.8,2.2,Smartphone,8.5,4,False,Frequently,6.0,98,3.53,Beneficial
19,Male,High School,Instagram,4.0,1.6,Smartphone,7.0,4,False,Sometimes,3.0,88,3.33,Beneficial
18,Female,High School,Instagram,6.0,3.0,Tablet,6.8,3,True,Never,15.0,83,3.39,Beneficial
19,Male,Undergraduate,X (Twitter),2.5,0.6,Smartphone,7.8,4,False,Sometimes,1.0,96,3.57,Beneficial
21,Female,Undergraduate,X (Twitter),11.6,1.5,Laptop/PC,4.4,1,True,Rarely,25.0,50,2.43,Negative
20,Male,High School,Instagram,3.8,3.2,Smartphone,7.7,3,False,Rarely,11.0,88,3.62,Beneficial
19,Male,Undergraduate,YouTube,8.1,0.7,Smartphone,7.4,2,True,Always,32.0,81,3.32,Neutral
23,Female,Postgraduate,YouTube,10.2,2.9,Smartphone,5.3,1,True,Sometimes,18.0,62,2.84,Neutral
19,Male,Undergraduate,Instagram,11.7,0.6,Smartphone,4.7,1,False,Frequently,17.0,51,2.69,Neutral
17,Male,High School,Instagram,4.3,1.4,Smartphone,8.1,3,False,Frequently,11.0,89,3.62,Beneficial
20,Male,Undergraduate,YouTube,5.8,2.1,Laptop/PC,7.6,3,False,Always,20.0,76,3.4,Beneficial
19,Female,Undergraduate,TikTok,3.8,1.6,Smartphone,7.6,4,False,Frequently,7.0,98,3.38,Beneficial
18,Male,Undergraduate,Snapchat,5.1,2.3,Laptop/PC,6.7,2,True,Frequently,10.0,87,3.44,Beneficial
15,Female,High School,Instagram,3.4,2.9,Laptop/PC,6.8,2,False,Frequently,12.0,85,3.96,Beneficial
19,Female,Undergraduate,Snapchat,6.0,2.7,Tablet,5.7,2,True,Sometimes,16.0,70,3.38,Beneficial
20,Female,Undergraduate,TikTok,8.8,1.8,Smartphone,4.8,1,True,Sometimes,13.0,74,2.93,Beneficial
18,Female,High School,YouTube,2.6,3.1,Smartphone,9.2,4,True,Rarely,2.0,98,3.46,Beneficial
19,Male,Undergraduate,TikTok,3.9,1.1,Smartphone,6.5,2,False,Frequently,16.0,84,3.19,Beneficial
20,Male,Undergraduate,YouTube,9.4,1.9,Smartphone,5.0,1,True,Always,28.0,46,2.48,Negative
18,Female,Undergraduate,Snapchat,5.4,1.4,Smartphone,6.6,2,True,Rarely,16.0,71,3.6,Beneficial
19,Male,Undergraduate,Snapchat,7.5,1.6,Smartphone,5.3,1,True,Frequently,20.0,79,2.95,Beneficial
19,Male,Undergraduate,TikTok,6.1,2.8,Smartphone,5.9,1,False,Frequently,11.0,74,3.16,Beneficial
18,Male,Undergraduate,TikTok,3.1,0.5,Smartphone,7.8,4,False,Sometimes,3.0,95,4.0,Beneficial
15,Male,High School,Instagram,14.0,1.2,Smartphone,5.3,1,True,Sometimes,34.0,54,2.74,Negative
18,Female,Undergraduate,Instagram,14.0,1.8,Smartphone,4.2,1,True,Frequently,32.0,44,2.41,Negative
18,Male,Undergraduate,Instagram,6.1,1.5,Laptop/PC,6.0,2,True,Always,19.0,70,3.38,Beneficial
21,Female,Undergraduate,TikTok,7.0,0.4,Smartphone,6.9,2,True,Sometimes,16.0,81,3.08,Beneficial
20,Male,High School,Snapchat,4.2,3.7,Smartphone,7.5,3,False,Rarely,7.0,91,4.0,Beneficial
17,Male,High School,TikTok,4.6,2.4,Smartphone,6.2,3,True,Rarely,16.0,76,3.8,Beneficial
20,Male,Undergraduate,Snapchat,12.3,1.1,Smartphone,4.8,1,False,Sometimes,39.0,60,2.34,Negative
17,Female,High School,TikTok,2.0,2.1,Laptop/PC,8.0,2,True,Frequently,4.0,97,3.42,Beneficial
18,Female,High School,YouTube,3.8,1.3,Smartphone,6.8,2,False,Rarely,15.0,74,3.26,Beneficial
17,Female,High School,TikTok,4.9,2.8,Smartphone,7.2,3,True,Always,14.0,93,3.55,Beneficial
17,Male,High School,Instagram,4.5,1.8,Smartphone,8.3,4,True,Always,9.0,81,4.0,Beneficial
19,Male,Undergraduate,TikTok,4.1,2.5,Smartphone,6.7,2,False,Frequently,22.0,76,3.52,Beneficial
17,Male,High School,YouTube,7.3,1.7,Smartphone,6.1,2,True,Frequently,20.0,69,2.95,Neutral
19,Female,Undergraduate,Instagram,3.1,1.7,Smartphone,6.4,2,False,Frequently,11.0,74,3.99,Beneficial
19,Female,Undergraduate,TikTok,6.0,2.1,Smartphone,6.4,2,True,Frequently,12.0,82,3.21,Beneficial
17,Female,High School,TikTok,2.6,0.0,Smartphone,6.3,2,True,Sometimes,15.0,97,2.91,Beneficial
19,Male,Undergraduate,YouTube,5.9,2.1,Smartphone,7.7,1,True,Sometimes,10.0,80,3.2,Beneficial
18,Female,Undergraduate,Instagram,2.9,2.2,Smartphone,5.5,2,True,Rarely,19.0,81,3.36,Beneficial
15,Male,High School,YouTube,4.1,2.1,Smartphone,7.8,4,False,Sometimes,12.0,84,3.56,Beneficial
21,Male,Undergraduate,YouTube,5.3,1.4,Laptop/PC,5.8,2,True,Sometimes,16.0,78,3.48,Beneficial
22,Male,Undergraduate,YouTube,11.1,2.3,Smartphone,4.8,1,True,Rarely,24.0,64,3.09,Neutral
17,Female,High School,YouTube,5.0,1.7,Laptop/PC,7.0,3,False,Sometimes,9.0,84,3.31,Beneficial
16,Female,High School,TikTok,4.9,2.7,Smartphone,6.8,4,False,Always,22.0,75,3.77,Beneficial
20,Female,Undergraduate,Instagram,9.8,0.8,Smartphone,5.8,1,True,Frequently,19.0,61,3.03,Neutral
17,Female,High School,TikTok,4.1,1.7,Smartphone,6.7,4,False,Sometimes,16.0,84,3.84,Beneficial
17,Male,High School,YouTube,13.5,2.6,Smartphone,5.4,1,True,Sometimes,31.0,44,2.25,Negative
20,Male,Undergraduate,Instagram,5.1,1.4,Smartphone,6.4,2,False,Frequently,5.0,82,3.51,Beneficial
19,Male,Undergraduate,YouTube,4.5,1.5,Smartphone,6.2,3,False,Frequently,11.0,76,3.68,Beneficial
19,Female,Undergraduate,TikTok,5.9,1.0,Smartphone,6.6,3,True,Frequently,12.0,78,3.3,Beneficial
20,Male,Undergraduate,TikTok,9.6,2.6,Smartphone,7.4,2,True,Never,12.0,81,3.35,Beneficial
20,Male,Undergraduate,YouTube,9.4,2.7,Smartphone,4.2,1,True,Sometimes,23.0,60,2.67,Neutral
19,Female,Undergraduate,X (Twitter),2.5,1.2,Smartphone,8.0,2,True,Sometimes,4.0,98,3.48,Beneficial
17,Female,High School,TikTok,7.9,1.1,Smartphone,6.2,2,True,Sometimes,12.0,63,3.54,Beneficial
16,Male,High School,Instagram,3.8,2.2,Smartphone,7.5,3,True,Sometimes,11.0,74,3.95,Beneficial
17,Female,High School,Instagram,2.2,1.4,Smartphone,5.9,3,False,Rarely,8.0,92,3.58,Beneficial
18,Male,Undergraduate,Reddit,12.0,0.9,Smartphone,5.0,1,True,Never,31.0,53,2.57,Negative
23,Female,Postgraduate,Instagram,2.9,1.0,Smartphone,7.0,3,True,Sometimes,7.0,94,3.48,Beneficial
19,Male,High School,TikTok,6.8,2.4,Smartphone,6.9,1,True,Rarely,9.0,74,3.12,Beneficial
19,Male,Undergraduate,TikTok,3.2,1.3,Smartphone,7.9,3,False,Always,0.0,92,3.23,Beneficial
18,Female,Undergraduate,Instagram,3.1,1.8,Smartphone,6.7,3,True,Frequently,9.0,89,3.52,Beneficial
20,Female,Undergraduate,TikTok,5.4,0.8,Smartphone,5.4,2,True,Sometimes,22.0,66,3.06,Neutral
19,Male,High School,TikTok,11.0,1.5,Laptop/PC,4.2,1,True,Sometimes,28.0,56,2.93,Neutral
20,Male,Undergraduate,Instagram,3.3,2.4,Laptop/PC,7.1,3,False,Sometimes,4.0,91,3.87,Beneficial
18,Male,High School,Instagram,8.7,2.8,Smartphone,3.9,1,True,Frequently,15.0,70,2.96,Beneficial
21,Male,High School,Instagram,2.5,1.5,Smartphone,8.4,3,True,Sometimes,0.0,92,3.87,Beneficial
19,Female,Undergraduate,TikTok,4.0,1.3,Smartphone,6.7,3,False,Frequently,10.0,90,3.44,Beneficial
19,Female,Undergraduate,YouTube,5.1,2.1,Laptop/PC,5.8,2,True,Sometimes,16.0,75,3.93,Beneficial
20,Female,Undergraduate,Instagram,2.7,2.0,Smartphone,8.6,4,False,Sometimes,8.0,98,4.0,Beneficial
18,Male,Undergraduate,Instagram,8.7,1.7,Smartphone,6.0,1,True,Frequently,19.0,66,2.98,Neutral
17,Female,High School,Instagram,3.6,2.5,Smartphone,7.9,3,False,Rarely,16.0,89,3.8,Beneficial
17,Male,High School,Instagram,2.9,2.1,Tablet,7.6,3,False,Sometimes,6.0,93,3.65,Beneficial
17,Male,High School,TikTok,7.6,3.3,Smartphone,6.7,2,False,Sometimes,16.0,79,3.2,Beneficial
19,Female,Undergraduate,YouTube,2.7,1.4,Smartphone,8.2,3,False,Sometimes,3.0,98,4.0,Beneficial
19,Male,Undergraduate,Instagram,5.8,1.4,Smartphone,5.8,2,True,Sometimes,14.0,79,3.41,Beneficial
16,Male,High School,Instagram,8.1,1.4,Smartphone,6.0,2,False,Sometimes,18.0,69,3.25,Beneficial
20,Female,Undergraduate,Instagram,4.7,1.8,Smartphone,6.0,3,False,Frequently,5.0,86,3.55,Beneficial
18,Male,Undergraduate,YouTube,5.0,2.3,Smartphone,5.6,1,True,Frequently,7.0,81,3.42,Beneficial
21,Female,Undergraduate,Instagram,7.5,0.9,Smartphone,6.8,2,True,Always,20.0,72,2.94,Neutral
18,Male,Undergraduate,Instagram,2.3,1.4,Smartphone,8.2,5,True,Frequently,8.0,96,3.88,Beneficial
18,Female,Undergraduate,Instagram,4.1,2.5,Smartphone,7.3,3,True,Rarely,13.0,80,3.1,Beneficial
17,Male,High School,TikTok,4.8,1.9,Smartphone,5.6,1,True,Frequently,15.0,79,3.07,Beneficial
18,Male,Undergraduate,YouTube,4.4,3.1,Smartphone,6.9,4,True,Sometimes,18.0,81,2.86,Beneficial
19,Female,Undergraduate,TikTok,6.4,2.4,Smartphone,5.9,2,False,Sometimes,18.0,70,3.21,Beneficial
17,Female,High School,TikTok,6.1,1.8,Smartphone,7.7,2,False,Always,11.0,85,4.0,Beneficial
20,Male,Undergraduate,TikTok,2.2,1.6,Smartphone,6.6,3,False,Sometimes,5.0,93,3.82,Beneficial
18,Female,Undergraduate,YouTube,2.9,2.4,Tablet,7.0,3,True,Sometimes,11.0,91,3.3,Beneficial
18,Female,Undergraduate,Instagram,3.1,2.8,Smartphone,7.0,2,False,Always,15.0,94,3.56,Beneficial
17,Prefer not to say,High School,Snapchat,4.9,2.2,Smartphone,7.0,4,True,Frequently,12.0,81,3.91,Beneficial
19,Female,Undergraduate,TikTok,2.0,1.0,Smartphone,6.8,3,False,Always,6.0,81,3.46,Beneficial
20,Female,Undergraduate,TikTok,3.7,1.5,Smartphone,6.3,3,False,Rarely,3.0,90,3.52,Beneficial
18,Female,Undergraduate,Instagram,5.3,2.7,Smartphone,7.7,3,True,Sometimes,5.0,97,4.0,Beneficial
19,Female,Undergraduate,Instagram,6.1,1.7,Smartphone,5.7,3,True,Sometimes,16.0,83,3.67,Beneficial
21,Female,Undergraduate,Instagram,5.6,2.2,Smartphone,6.5,1,True,Never,20.0,74,2.68,Neutral
16,Female,High School,YouTube,4.2,1.4,Smartphone,5.8,2,True,Sometimes,11.0,78,3.71,Beneficial
22,Male,Postgraduate,YouTube,5.1,2.1,Smartphone,6.4,2,True,Sometimes,14.0,81,2.91,Beneficial
15,Male,High School,Instagram,3.6,2.4,Smartphone,7.5,3,False,Sometimes,14.0,83,3.68,Beneficial
21,Female,Undergraduate,TikTok,6.0,1.3,Smartphone,6.6,2,True,Always,9.0,95,3.65,Beneficial
20,Female,High School,YouTube,9.9,3.2,Smartphone,4.5,1,True,Frequently,22.0,69,2.71,Neutral
23,Female,Postgraduate,TikTok,4.4,0.8,Smartphone,6.8,3,True,Rarely,13.0,82,3.43,Beneficial
20,Female,Undergraduate,YouTube,5.1,1.6,Smartphone,6.5,3,True,Sometimes,13.0,74,3.27,Beneficial
16,Female,High School,YouTube,9.3,1.7,Smartphone,5.8,2,True,Always,31.0,65,2.58,Negative
18,Female,Undergraduate,Instagram,2.6,1.4,Smartphone,7.4,2,True,Never,0.0,89,3.85,Beneficial
15,Male,High School,TikTok,4.8,2.1,Smartphone,8.2,3,True,Frequently,11.0,79,3.4,Beneficial
17,Female,High School,Instagram,6.9,2.3,Smartphone,5.7,2,True,Sometimes,23.0,68,2.78,Neutral
20,Female,Undergraduate,YouTube,4.4,2.8,Smartphone,6.3,3,True,Always,12.0,85,3.87,Beneficial
19,Non-Binary,Undergraduate,TikTok,3.6,1.6,Laptop/PC,6.5,4,True,Sometimes,12.0,86,3.61,Beneficial
19,Female,Undergraduate,TikTok,4.2,1.7,Tablet,6.8,2,False,Sometimes,2.0,83,3.87,Beneficial
23,Female,Undergraduate,TikTok,10.0,2.4,Smartphone,5.1,1,True,Always,27.0,63,2.97,Neutral
21,Female,Undergraduate,Instagram,3.4,0.6,Smartphone,7.2,3,False,Always,4.0,93,4.0,Beneficial
17,Female,High School,TikTok,7.3,1.5,Laptop/PC,7.5,2,True,Frequently,24.0,76,3.21,Neutral
18,Male,Undergraduate,YouTube,4.6,1.5,Smartphone,7.8,3,True,Frequently,3.0,80,3.84,Beneficial
19,Male,High School,TikTok,2.5,1.6,Smartphone,8.2,4,True,Frequently,12.0,96,3.63,Beneficial
21,Male,Undergraduate,YouTube,2.4,1.0,Smartphone,7.8,3,False,Sometimes,17.0,89,3.68,Beneficial
21,Female,Undergraduate,Snapchat,6.0,1.7,Smartphone,5.1,2,True,Always,18.0,71,3.4,Beneficial
16,Female,High School,TikTok,2.6,1.2,Smartphone,8.5,4,True,Sometimes,6.0,93,4.0,Beneficial
17,Female,High School,TikTok,7.4,0.2,Smartphone,5.7,1,False,Rarely,10.0,68,2.94,Beneficial
18,Non-Binary,Undergraduate,Snapchat,5.1,0.9,Smartphone,7.2,3,True,Always,18.0,87,3.35,Beneficial
19,Female,Undergraduate,TikTok,3.7,2.2,Smartphone,6.8,2,False,Frequently,16.0,80,2.98,Beneficial
19,Male,Undergraduate,YouTube,14.0,1.9,Smartphone,4.1,1,True,Rarely,27.0,53,2.47,Negative
23,Male,Undergraduate,Instagram,2.6,2.7,Smartphone,9.0,4,False,Frequently,3.0,98,4.0,Beneficial
20,Female,Undergraduate,Reddit,6.3,2.9,Smartphone,6.4,2,True,Never,8.0,76,3.45,Beneficial
17,Female,High School,TikTok,6.3,1.9,Smartphone,7.0,2,True,Rarely,3.0,90,3.55,Beneficial
19,Male,Undergraduate,YouTube,4.1,1.4,Smartphone,6.3,2,True,Sometimes,14.0,85,3.5,Beneficial
20,Female,Undergraduate,Reddit,2.2,2.2,Smartphone,8.2,5,True,Always,12.0,93,3.52,Beneficial
20,Male,High School,TikTok,4.6,0.6,Smartphone,7.4,3,False,Sometimes,14.0,89,3.73,Beneficial
21,Male,Undergraduate,Reddit,7.3,1.8,Smartphone,7.4,3,True,Frequently,16.0,74,3.47,Beneficial
17,Female,High School,LinkedIn,4.0,1.3,Smartphone,7.0,3,True,Rarely,11.0,85,3.9,Beneficial
21,Female,Undergraduate,Instagram,3.7,1.5,Smartphone,6.4,1,False,Frequently,14.0,89,3.8,Beneficial
19,Female,Undergraduate,TikTok,3.6,2.3,Laptop/PC,7.4,3,True,Frequently,11.0,88,3.83,Beneficial
18,Female,Undergraduate,X (Twitter),4.7,1.6,Smartphone,6.7,2,True,Sometimes,14.0,87,3.6,Beneficial
19,Female,Undergraduate,TikTok,8.0,0.6,Smartphone,7.3,1,True,Always,12.0,80,3.7,Beneficial
21,Male,Undergraduate,TikTok,3.7,2.5,Smartphone,6.7,3,False,Frequently,16.0,91,3.59,Beneficial
22,Male,Postgraduate,YouTube,10.1,1.1,Laptop/PC,4.5,1,True,Sometimes,28.0,54,2.85,Neutral
17,Female,High School,YouTube,7.4,3.0,Smartphone,6.0,2,True,Frequently,21.0,69,2.76,Neutral
18,Female,Undergraduate,Instagram,3.6,1.6,Smartphone,6.7,3,True,Sometimes,14.0,84,3.74,Beneficial
17,Prefer not to say,High School,YouTube,3.3,2.0,Tablet,7.3,3,False,Always,3.0,92,3.72,Beneficial
19,Male,Undergraduate,Snapchat,2.8,2.3,Smartphone,8.4,3,True,Rarely,10.0,98,3.69,Beneficial
18,Male,Undergraduate,YouTube,5.7,1.5,Smartphone,5.1,1,True,Always,19.0,77,3.18,Beneficial
16,Male,High School,TikTok,5.2,1.5,Smartphone,6.4,2,True,Never,17.0,85,3.54,Beneficial
18,Male,Undergraduate,LinkedIn,6.5,1.3,Smartphone,6.2,1,False,Frequently,12.0,72,3.33,Beneficial
17,Female,High School,YouTube,7.5,1.6,Smartphone,5.5,1,True,Always,26.0,70,3.32,Neutral
18,Male,High School,TikTok,4.8,2.0,Smartphone,6.8,2,False,Sometimes,15.0,83,2.93,Beneficial
19,Female,Undergraduate,TikTok,2.4,1.1,Smartphone,9.6,3,False,Sometimes,2.0,97,4.0,Beneficial
17,Female,High School,TikTok,6.6,1.7,Smartphone,8.2,3,True,Sometimes,9.0,88,3.29,Beneficial
20,Non-Binary,High School,TikTok,4.4,1.0,Smartphone,6.8,3,True,Always,7.0,87,3.88,Beneficial
17,Female,High School,YouTube,4.9,3.1,Smartphone,6.9,2,False,Frequently,26.0,73,3.16,Neutral
21,Male,Undergraduate,TikTok,3.8,0.8,Smartphone,6.0,3,False,Frequently,13.0,84,3.61,Beneficial
19,Male,Undergraduate,TikTok,5.9,3.1,Smartphone,6.6,3,True,Always,20.0,76,3.29,Beneficial
19,Female,Undergraduate,Instagram,4.2,1.9,Smartphone,6.8,3,False,Rarely,9.0,74,3.49,Beneficial
18,Male,Undergraduate,Instagram,3.7,1.6,Smartphone,6.7,3,False,Always,17.0,79,3.85,Beneficial
20,Male,Undergraduate,Instagram,4.9,1.8,Laptop/PC,7.8,3,True,Frequently,17.0,96,3.42,Beneficial
17,Male,High School,TikTok,2.0,1.7,Laptop/PC,8.9,5,False,Sometimes,0.0,97,4.0,Beneficial
17,Female,High School,TikTok,5.5,2.9,Laptop/PC,7.0,2,True,Frequently,13.0,78,3.65,Beneficial
19,Female,Undergraduate,TikTok,10.1,1.7,Smartphone,5.5,1,True,Rarely,17.0,66,3.06,Neutral
18,Female,Undergraduate,Snapchat,2.2,2.5,Smartphone,5.9,3,True,Rarely,13.0,88,4.0,Beneficial
21,Male,Undergraduate,YouTube,5.8,2.7,Smartphone,5.9,2,False,Rarely,9.0,81,3.19,Beneficial
19,Female,Undergraduate,Instagram,9.8,2.9,Smartphone,4.8,1,True,Frequently,24.0,60,3.32,Neutral
17,Female,High School,Instagram,2.3,1.1,Smartphone,7.3,2,False,Never,10.0,84,3.86,Beneficial
20,Male,High School,Instagram,3.6,1.6,Smartphone,8.1,4,True,Sometimes,8.0,95,3.82,Beneficial
18,Male,Undergraduate,Instagram,6.1,2.6,Smartphone,4.5,1,True,Sometimes,9.0,81,3.0,Beneficial
17,Male,High School,YouTube,5.0,1.9,Smartphone,8.5,4,True,Frequently,12.0,95,3.22,Beneficial
17,Female,High School,X (Twitter),7.1,0.9,Smartphone,7.2,2,True,Frequently,13.0,81,3.62,Beneficial
18,Male,Undergraduate,Instagram,2.7,2.2,Smartphone,5.4,2,False,Rarely,19.0,87,3.78,Beneficial
19,Male,Undergraduate,TikTok,12.7,2.0,Smartphone,4.2,1,True,Always,34.0,44,2.35,Negative
18,Male,High School,YouTube,3.2,1.9,Laptop/PC,6.8,3,True,Sometimes,13.0,94,3.66,Beneficial
19,Female,Undergraduate,YouTube,8.7,2.0,Tablet,7.2,3,False,Never,15.0,79,3.54,Beneficial
20,Male,High School,Snapchat,5.0,1.2,Smartphone,5.6,2,True,Rarely,15.0,64,3.41,Beneficial
19,Female,Undergraduate,Snapchat,8.9,2.1,Smartphone,4.6,1,True,Sometimes,27.0,57,2.65,Neutral
19,Male,Undergraduate,TikTok,1.7,0.2,Smartphone,7.1,4,True,Frequently,0.0,95,3.61,Beneficial
17,Female,High School,Reddit,4.1,2.1,Smartphone,6.8,2,True,Frequently,15.0,83,3.3,Beneficial
16,Female,High School,TikTok,2.9,2.0,Laptop/PC,8.4,4,True,Always,10.0,84,3.76,Beneficial
17,Male,High School,YouTube,3.5,2.2,Smartphone,5.9,2,True,Frequently,7.0,87,3.46,Beneficial
15,Male,High School,Snapchat,6.3,1.3,Smartphone,6.3,1,True,Frequently,18.0,79,3.35,Beneficial
17,Female,High School,Instagram,8.8,1.2,Laptop/PC,6.3,1,True,Rarely,23.0,63,3.55,Neutral
21,Female,Undergraduate,Snapchat,3.4,1.8,Smartphone,8.6,5,False,Sometimes,7.0,98,4.0,Beneficial
18,Female,Undergraduate,Instagram,3.3,2.4,Laptop/PC,7.2,3,False,Rarely,3.0,80,3.59,Beneficial
19,Male,Undergraduate,YouTube,5.0,1.6,Smartphone,6.4,3,False,Frequently,8.0,78,3.49,Beneficial
22,Female,Postgraduate,TikTok,4.0,1.9,Laptop/PC,6.9,3,True,Frequently,7.0,81,3.69,Beneficial
20,Female,Undergraduate,Instagram,5.0,2.1,Smartphone,6.6,1,True,Always,16.0,84,3.19,Beneficial
16,Male,High School,Snapchat,4.4,1.4,Smartphone,8.0,3,False,Sometimes,3.0,93,3.18,Beneficial
19,Male,Undergraduate,YouTube,2.2,1.5,Smartphone,7.6,3,True,Frequently,13.0,93,3.63,Beneficial
19,Non-Binary,Undergraduate,Reddit,2.5,2.6,Smartphone,8.0,2,False,Frequently,10.0,89,4.0,Beneficial
22,Female,Undergraduate,Snapchat,8.3,2.2,Smartphone,4.9,1,False,Frequently,21.0,57,2.91,Neutral
21,Female,Undergraduate,Instagram,4.9,2.1,Smartphone,7.7,3,False,Sometimes,15.0,93,3.35,Beneficial
17,Female,High School,Instagram,4.8,1.7,Laptop/PC,6.3,3,True,Sometimes,15.0,81,3.6,Beneficial
18,Female,Undergraduate,Instagram,6.4,2.1,Smartphone,7.2,2,True,Always,12.0,80,2.83,Beneficial
19,Female,Undergraduate,Instagram,5.7,2.4,Smartphone,5.4,2,True,Always,17.0,75,2.73,Beneficial
16,Male,High School,Snapchat,6.4,1.5,Smartphone,7.7,3,True,Frequently,17.0,72,3.71,Beneficial
16,Prefer not to say,High School,Reddit,6.1,0.9,Smartphone,5.6,1,True,Frequently,14.0,81,3.74,Beneficial
18,Female,Undergraduate,Instagram,1.4,1.8,Smartphone,7.8,4,True,Sometimes,7.0,98,4.0,Beneficial
17,Female,High School,TikTok,4.1,1.9,Laptop/PC,7.0,3,True,Frequently,10.0,81,3.59,Beneficial
16,Male,High School,YouTube,2.3,2.3,Smartphone,8.9,4,True,Frequently,10.0,95,3.22,Beneficial
17,Female,High School,Snapchat,5.7,1.8,Smartphone,6.3,2,False,Sometimes,15.0,79,3.27,Beneficial
18,Female,Undergraduate,Instagram,3.9,1.0,Smartphone,8.1,4,True,Sometimes,15.0,87,4.0,Beneficial
18,Female,Undergraduate,Instagram,3.0,1.6,Smartphone,7.3,3,False,Sometimes,14.0,86,3.96,Beneficial
19,Male,Undergraduate,Snapchat,2.3,1.8,Smartphone,5.8,2,True,Sometimes,16.0,81,3.49,Beneficial
18,Female,Undergraduate,Instagram,10.8,1.3,Smartphone,5.4,1,True,Sometimes,30.0,51,2.74,Negative
20,Male,Undergraduate,YouTube,2.5,2.9,Smartphone,7.9,3,False,Frequently,0.0,98,4.0,Beneficial
19,Prefer not to say,Undergraduate,YouTube,2.8,2.3,Smartphone,7.7,3,True,Rarely,2.0,98,4.0,Beneficial
19,Female,Undergraduate,YouTube,8.9,1.7,Smartphone,5.6,1,True,Frequently,15.0,64,3.06,Beneficial
17,Male,High School,Instagram,4.9,1.2,Smartphone,4.9,2,True,Frequently,21.0,62,3.56,Neutral
17,Non-Binary,High School,Snapchat,5.0,2.4,Smartphone,6.6,3,True,Frequently,14.0,83,3.6,Beneficial
22,Female,Undergraduate,TikTok,2.1,1.9,Laptop/PC,7.6,3,False,Frequently,13.0,97,4.0,Beneficial
16,Female,High School,Instagram,2.8,1.2,Smartphone,7.9,4,False,Rarely,3.0,98,3.77,Beneficial
19,Male,Undergraduate,YouTube,7.4,1.8,Smartphone,5.8,1,False,Sometimes,15.0,78,3.39,Beneficial
18,Female,Undergraduate,TikTok,10.0,2.5,Smartphone,6.5,1,True,Sometimes,23.0,65,2.98,Neutral
17,Female,High School,TikTok,2.4,2.2,Laptop/PC,7.9,4,True,Frequently,7.0,95,4.0,Beneficial
15,Male,High School,Instagram,2.7,1.2,Smartphone,7.7,3,False,Rarely,15.0,84,3.77,Beneficial
18,Female,Undergraduate,TikTok,2.3,0.7,Smartphone,7.3,3,False,Sometimes,6.0,98,4.0,Beneficial
17,Female,High School,TikTok,10.5,1.5,Smartphone,5.7,1,True,Frequently,26.0,60,2.27,Neutral
22,Male,Postgraduate,YouTube,4.2,1.3,Smartphone,7.1,3,True,Sometimes,15.0,79,3.59,Beneficial
21,Male,Undergraduate,Snapchat,5.2,0.5,Smartphone,7.2,2,True,Frequently,20.0,78,3.09,Beneficial
20,Male,Undergraduate,TikTok,6.2,2.5,Smartphone,5.7,2,False,Rarely,17.0,75,3.39,Beneficial
23,Female,Postgraduate,Instagram,6.8,2.4,Smartphone,5.9,3,True,Frequently,17.0,58,3.31,Neutral
19,Female,Undergraduate,Instagram,3.0,1.5,Smartphone,7.9,3,False,Frequently,8.0,94,3.78,Beneficial
18,Female,Undergraduate,Snapchat,4.1,1.2,Smartphone,6.0,3,True,Sometimes,6.0,82,3.38,Beneficial
20,Male,Undergraduate,YouTube,4.4,1.4,Smartphone,7.2,3,False,Rarely,12.0,79,3.18,Beneficial
20,Female,Undergraduate,Snapchat,4.5,1.0,Smartphone,7.5,4,False,Sometimes,8.0,91,3.46,Beneficial
20,Female,Undergraduate,TikTok,4.5,2.1,Smartphone,6.6,2,False,Frequently,8.0,83,3.31,Beneficial
16,Male,High School,Snapchat,5.2,2.9,Smartphone,6.4,2,True,Sometimes,6.0,79,4.0,Beneficial
19,Female,Undergraduate,Instagram,5.8,1.5,Smartphone,6.2,3,True,Frequently,14.0,79,3.48,Beneficial
20,Male,Undergraduate,Snapchat,2.3,1.4,Laptop/PC,8.6,4,True,Always,9.0,88,3.98,Beneficial
21,Female,Undergraduate,TikTok,2.6,2.4,Smartphone,8.6,4,True,Sometimes,8.0,88,3.59,Beneficial
22,Male,Undergraduate,Instagram,5.0,2.6,Laptop/PC,8.0,4,True,Frequently,17.0,81,3.65,Beneficial
24,Female,Undergraduate,YouTube,2.5,0.5,Smartphone,8.6,4,True,Sometimes,0.0,98,3.8,Beneficial
17,Female,High School,Instagram,5.1,1.2,Smartphone,7.2,4,True,Never,14.0,71,3.07,Beneficial
18,Male,High School,Instagram,8.2,2.3,Smartphone,5.1,2,True,Sometimes,20.0,61,3.23,Neutral
17,Female,High School,YouTube,3.7,1.5,Smartphone,7.9,2,True,Frequently,13.0,83,3.88,Beneficial
23,Female,Postgraduate,TikTok,7.3,0.4,Laptop/PC,5.7,2,True,Sometimes,20.0,69,3.07,Neutral
17,Prefer not to say,High School,TikTok,4.0,3.0,Smartphone,6.0,3,False,Rarely,9.0,71,3.23,Beneficial
21,Female,Undergraduate,Instagram,5.4,0.8,Smartphone,5.7,1,True,Sometimes,15.0,84,3.61,Beneficial
18,Male,Undergraduate,X (Twitter),7.8,2.1,Smartphone,4.8,1,True,Frequently,20.0,63,2.7,Neutral
21,Male,Undergraduate,Instagram,6.2,0.4,Smartphone,7.2,2,True,Rarely,12.0,80,3.35,Beneficial
18,Female,Undergraduate,TikTok,4.2,1.4,Smartphone,8.2,4,False,Sometimes,6.0,97,3.95,Beneficial
17,Male,High School,Instagram,4.4,3.4,Laptop/PC,7.2,3,False,Frequently,8.0,86,3.49,Beneficial
18,Female,Undergraduate,TikTok,7.0,2.7,Smartphone,6.3,1,True,Sometimes,18.0,68,3.68,Beneficial
20,Female,Undergraduate,TikTok,9.7,2.2,Smartphone,5.6,1,False,Frequently,26.0,60,3.03,Neutral
18,Male,Undergraduate,TikTok,3.2,0.7,Laptop/PC,7.7,5,True,Sometimes,3.0,96,3.66,Beneficial
18,Female,Undergraduate,TikTok,9.7,2.7,Smartphone,5.6,1,True,Sometimes,19.0,52,3.18,Neutral
23,Female,Undergraduate,X (Twitter),6.6,2.3,Smartphone,7.3,2,True,Sometimes,14.0,77,3.24,Beneficial
18,Female,Undergraduate,YouTube,3.8,1.7,Smartphone,6.7,2,False,Frequently,18.0,80,3.74,Beneficial
17,Female,High School,YouTube,11.4,0.7,Smartphone,5.1,1,True,Rarely,26.0,59,2.75,Neutral
20,Male,Undergraduate,Reddit,3.8,2.1,Smartphone,7.6,2,False,Sometimes,15.0,92,3.22,Beneficial
20,Female,Undergraduate,Instagram,7.9,1.3,Smartphone,4.7,2,True,Sometimes,29.0,59,3.45,Neutral
19,Female,Undergraduate,YouTube,7.0,1.3,Smartphone,6.9,2,True,Always,17.0,78,2.97,Beneficial
17,Female,High School,YouTube,2.6,1.9,Smartphone,7.2,3,False,Sometimes,3.0,93,3.79,Beneficial
21,Male,Undergraduate,YouTube,1.4,0.4,Smartphone,8.0,4,False,Frequently,7.0,88,3.82,Beneficial
17,Female,High School,Instagram,3.6,2.2,Smartphone,9.2,4,True,Frequently,13.0,89,3.83,Beneficial
19,Female,Undergraduate,Instagram,5.5,1.9,Smartphone,6.8,2,True,Frequently,12.0,79,3.3,Beneficial
18,Male,Undergraduate,YouTube,7.5,0.8,Smartphone,5.5,1,True,Rarely,23.0,61,3.0,Neutral
18,Female,Undergraduate,Snapchat,5.4,0.7,Smartphone,7.2,3,True,Rarely,8.0,91,3.36,Beneficial
20,Male,High School,Instagram,3.8,0.6,Smartphone,6.6,2,True,Rarely,3.0,96,3.91,Beneficial
18,Male,Undergraduate,Instagram,9.5,1.2,Smartphone,5.1,1,True,Always,23.0,60,3.21,Neutral
16,Female,High School,TikTok,9.4,1.3,Smartphone,6.3,1,True,Always,13.0,66,3.23,Beneficial
16,Non-Binary,High School,Snapchat,7.8,0.3,Smartphone,4.2,1,True,Rarely,27.0,64,3.27,Neutral
20,Female,Undergraduate,X (Twitter),3.2,2.1,Smartphone,8.3,3,True,Rarely,12.0,86,3.7,Beneficial
16,Male,High School,Instagram,3.8,1.9,Smartphone,9.4,5,False,Sometimes,8.0,98,4.0,Beneficial
17,Female,High School,Reddit,1.8,1.3,Smartphone,7.4,3,False,Rarely,13.0,98,3.86,Beneficial
24,Male,Postgraduate,TikTok,5.3,2.0,Laptop/PC,6.1,1,False,Frequently,11.0,85,3.63,Beneficial
18,Female,Undergraduate,Snapchat,8.6,2.8,Smartphone,4.3,1,True,Rarely,28.0,68,2.61,Neutral
21,Male,High School,Instagram,3.3,2.1,Smartphone,7.9,4,False,Rarely,7.0,95,3.31,Beneficial
18,Male,Undergraduate,Instagram,3.8,2.2,Smartphone,9.3,4,False,Frequently,9.0,82,3.93,Beneficial
18,Prefer not to say,Undergraduate,Instagram,6.1,2.8,Smartphone,6.0,1,True,Never,21.0,69,3.42,Beneficial
20,Male,Undergraduate,YouTube,2.8,2.1,Smartphone,6.8,4,False,Frequently,13.0,94,4.0,Beneficial
17,Female,High School,LinkedIn,8.8,2.2,Smartphone,4.6,1,True,Rarely,18.0,67,3.15,Neutral
18,Female,High School,Instagram,3.6,1.7,Smartphone,8.7,3,False,Frequently,11.0,92,4.0,Beneficial
20,Female,Undergraduate,TikTok,6.3,1.6,Smartphone,7.5,3,True,Frequently,8.0,90,3.12,Beneficial
20,Female,Undergraduate,YouTube,3.7,2.8,Smartphone,7.2,3,True,Sometimes,9.0,92,3.4,Beneficial
23,Male,Postgraduate,LinkedIn,10.0,1.4,Smartphone,3.3,1,False,Never,29.0,44,3.28,Negative
17,Male,High School,Reddit,3.3,1.7,Smartphone,7.2,3,False,Sometimes,18.0,82,3.43,Beneficial
17,Female,High School,TikTok,3.5,2.3,Smartphone,7.8,3,False,Frequently,11.0,83,3.5,Beneficial
19,Male,Undergraduate,TikTok,2.5,2.0,Smartphone,6.0,2,True,Never,0.0,95,3.53,Beneficial
20,Female,Undergraduate,YouTube,5.1,0.7,Smartphone,6.7,3,True,Frequently,8.0,82,3.74,Beneficial
16,Male,High School,Instagram,8.2,2.0,Smartphone,5.6,1,True,Sometimes,25.0,64,3.22,Neutral
18,Female,Undergraduate,TikTok,9.4,2.6,Smartphone,4.9,1,True,Frequently,20.0,69,2.91,Neutral
23,Female,Postgraduate,Instagram,8.2,2.2,Smartphone,5.8,2,True,Sometimes,21.0,59,3.25,Neutral
17,Male,High School,Instagram,7.6,2.2,Smartphone,4.5,2,True,Frequently,21.0,70,3.12,Neutral
20,Male,High School,YouTube,2.4,1.6,Laptop/PC,6.6,2,True,Never,15.0,79,3.16,Beneficial
18,Male,Undergraduate,Reddit,4.0,2.6,Smartphone,7.3,4,True,Sometimes,17.0,85,3.43,Beneficial
19,Female,Undergraduate,Instagram,2.1,2.4,Smartphone,9.1,4,False,Always,0.0,98,4.0,Beneficial
21,Female,Undergraduate,Snapchat,3.3,0.2,Smartphone,8.6,3,True,Frequently,4.0,82,3.77,Beneficial
18,Female,Undergraduate,Snapchat,7.8,1.4,Smartphone,5.0,1,True,Always,11.0,69,3.22,Beneficial
19,Male,Undergraduate,TikTok,4.2,1.9,Smartphone,6.0,3,False,Sometimes,9.0,93,3.66,Beneficial
18,Male,Undergraduate,Instagram,10.4,3.0,Smartphone,5.1,1,True,Rarely,23.0,51,3.29,Neutral
22,Female,Postgraduate,Reddit,4.6,1.3,Laptop/PC,6.9,2,False,Frequently,5.0,83,3.85,Beneficial
18,Female,Undergraduate,X (Twitter),3.3,1.7,Smartphone,6.6,2,True,Always,10.0,79,3.67,Beneficial
17,Female,High School,TikTok,4.0,1.8,Smartphone,6.9,2,True,Always,11.0,87,3.54,Beneficial
19,Female,Undergraduate,X (Twitter),3.3,1.3,Smartphone,4.3,3,False,Sometimes,4.0,70,4.0,Beneficial
21,Male,Undergraduate,TikTok,4.2,2.2,Smartphone,6.9,3,False,Sometimes,11.0,80,3.64,Beneficial
20,Female,Undergraduate,Snapchat,3.4,0.8,Smartphone,6.7,2,False,Rarely,11.0,88,3.94,Beneficial
19,Male,Undergraduate,Instagram,4.3,0.5,Smartphone,6.9,2,False,Sometimes,8.0,89,3.33,Beneficial
17,Male,High School,YouTube,2.0,1.7,Smartphone,7.3,3,False,Sometimes,10.0,90,4.0,Beneficial
17,Female,High School,Instagram,4.4,3.2,Smartphone,7.0,4,False,Sometimes,6.0,84,3.23,Beneficial
18,Female,High School,Reddit,6.3,1.7,Smartphone,7.0,1,True,Frequently,14.0,85,3.23,Beneficial
18,Male,Undergraduate,TikTok,7.8,0.6,Smartphone,3.7,1,True,Sometimes,27.0,60,2.82,Neutral
19,Female,Undergraduate,Reddit,7.6,1.6,Smartphone,6.0,2,False,Rarely,26.0,62,3.17,Neutral
20,Female,Undergraduate,Instagram,4.0,3.3,Smartphone,7.7,3,False,Always,11.0,87,3.51,Beneficial
21,Female,Undergraduate,YouTube,7.9,1.2,Smartphone,6.6,2,True,Never,18.0,76,3.31,Beneficial
20,Male,Undergraduate,YouTube,2.8,1.1,Smartphone,7.1,3,True,Sometimes,10.0,85,3.77,Beneficial
22,Male,Undergraduate,Instagram,3.6,2.7,Smartphone,8.1,1,False,Sometimes,10.0,91,3.76,Beneficial
19,Male,Undergraduate,Snapchat,6.4,2.2,Smartphone,6.1,2,True,Rarely,16.0,82,3.45,Beneficial
19,Female,Undergraduate,YouTube,3.7,2.8,Smartphone,6.1,2,False,Frequently,17.0,77,3.44,Beneficial
22,Female,Postgraduate,TikTok,8.9,1.7,Smartphone,5.8,2,True,Rarely,19.0,66,3.0,Neutral
22,Male,Postgraduate,TikTok,8.9,1.3,Smartphone,5.6,2,True,Sometimes,19.0,56,2.65,Neutral
22,Male,Postgraduate,Snapchat,3.8,2.1,Smartphone,6.9,2,True,Frequently,12.0,89,3.92,Beneficial
16,Non-Binary,High School,Instagram,10.2,1.4,Smartphone,6.7,1,True,Sometimes,24.0,66,3.47,Neutral
20,Female,Undergraduate,TikTok,5.2,1.6,Smartphone,7.3,3,False,Frequently,14.0,87,3.08,Beneficial
16,Female,High School,Snapchat,9.0,2.1,Smartphone,5.7,1,True,Always,13.0,63,3.05,Neutral
21,Male,Undergraduate,X (Twitter),2.0,1.3,Smartphone,7.5,4,False,Sometimes,3.0,84,3.83,Beneficial
17,Male,High School,Instagram,5.0,1.7,Smartphone,6.3,2,False,Always,8.0,81,3.69,Beneficial
17,Female,High School,YouTube,3.5,1.7,Smartphone,9.1,4,True,Sometimes,6.0,97,3.6,Beneficial
18,Non-Binary,Undergraduate,Instagram,10.1,1.3,Smartphone,3.4,1,False,Sometimes,35.0,56,3.13,Negative
16,Female,High School,YouTube,4.2,1.2,Smartphone,6.4,2,False,Always,14.0,83,3.37,Beneficial
22,Female,Postgraduate,TikTok,2.4,0.1,Smartphone,6.8,4,False,Frequently,4.0,93,3.65,Beneficial
17,Male,High School,Instagram,8.7,2.0,Laptop/PC,5.3,2,True,Sometimes,15.0,66,2.61,Neutral
19,Male,Undergraduate,Instagram,5.5,1.9,Smartphone,6.1,2,True,Rarely,18.0,74,3.88,Beneficial
20,Female,Undergraduate,Instagram,4.6,1.5,Smartphone,8.6,3,True,Sometimes,3.0,92,3.84,Beneficial
21,Male,High School,TikTok,3.7,1.0,Laptop/PC,5.5,2,False,Rarely,11.0,77,3.51,Beneficial
18,Female,High School,Snapchat,3.9,2.0,Smartphone,7.1,3,False,Rarely,11.0,77,3.59,Beneficial
20,Male,Undergraduate,TikTok,3.8,1.5,Smartphone,6.6,2,False,Frequently,19.0,92,3.08,Beneficial
21,Female,Undergraduate,Instagram,3.0,2.4,Smartphone,7.2,3,True,Frequently,12.0,79,3.4,Beneficial
19,Male,Undergraduate,Instagram,4.5,1.5,Smartphone,6.1,2,True,Always,5.0,96,3.72,Beneficial
22,Female,Undergraduate,Instagram,2.5,0.6,Laptop/PC,7.4,4,False,Frequently,1.0,80,3.96,Beneficial
19,Male,Undergraduate,Instagram,6.6,1.0,Smartphone,5.6,3,True,Frequently,15.0,60,2.95,Neutral
19,Male,High School,YouTube,3.2,2.5,Smartphone,8.3,4,False,Sometimes,18.0,98,3.21,Beneficial
19,Female,Undergraduate,TikTok,5.7,1.9,Smartphone,5.8,1,True,Never,18.0,81,3.02,Beneficial
19,Female,Undergraduate,LinkedIn,10.5,1.2,Smartphone,5.7,1,False,Rarely,19.0,57,2.43,Neutral
22,Male,Postgraduate,Reddit,1.4,1.9,Smartphone,7.6,4,False,Frequently,6.0,92,3.84,Beneficial
18,Male,Undergraduate,Snapchat,8.7,2.1,Smartphone,6.5,3,True,Always,20.0,73,2.95,Neutral
19,Female,Undergraduate,LinkedIn,4.8,1.8,Smartphone,5.8,3,False,Frequently,20.0,69,3.11,Neutral
17,Female,High School,Instagram,1.8,1.3,Smartphone,8.2,4,False,Frequently,4.0,98,3.88,Beneficial
19,Male,Undergraduate,Snapchat,4.0,0.7,Smartphone,6.4,3,True,Always,8.0,83,4.0,Beneficial
19,Female,Undergraduate,TikTok,5.4,1.5,Smartphone,5.9,2,True,Sometimes,10.0,84,3.34,Beneficial
15,Male,High School,TikTok,4.2,2.3,Smartphone,6.3,2,False,Rarely,6.0,85,3.36,Beneficial
20,Male,Undergraduate,Snapchat,6.0,1.6,Laptop/PC,7.2,2,False,Rarely,18.0,66,3.05,Neutral
20,Female,Undergraduate,TikTok,3.9,1.1,Smartphone,7.1,3,False,Sometimes,10.0,76,3.5,Beneficial
18,Male,Undergraduate,Reddit,2.8,1.2,Smartphone,7.1,2,True,Sometimes,8.0,83,3.55,Beneficial
16,Female,High School,TikTok,3.2,2.5,Smartphone,7.8,3,False,Never,10.0,85,3.86,Beneficial
20,Female,Undergraduate,YouTube,10.8,1.2,Smartphone,5.2,1,True,Sometimes,22.0,62,2.57,Neutral
18,Prefer not to say,Undergraduate,YouTube,11.1,3.0,Smartphone,5.1,1,False,Rarely,29.0,52,2.3,Negative
18,Male,High School,Snapchat,4.1,1.3,Smartphone,8.0,3,False,Frequently,15.0,79,3.7,Beneficial
16,Male,High School,Reddit,4.8,2.7,Smartphone,7.5,3,False,Frequently,12.0,75,3.14,Beneficial
20,Female,Undergraduate,Instagram,8.6,2.3,Smartphone,5.5,3,True,Frequently,23.0,57,3.06,Neutral
20,Non-Binary,Undergraduate,YouTube,5.8,0.4,Smartphone,5.6,2,True,Sometimes,15.0,69,3.47,Beneficial
18,Female,Undergraduate,Snapchat,6.2,1.6,Smartphone,6.4,2,True,Frequently,20.0,76,3.45,Beneficial
18,Female,Undergraduate,Instagram,5.4,1.4,Smartphone,6.6,2,False,Always,6.0,97,3.46,Beneficial
19,Female,Undergraduate,Snapchat,3.7,1.7,Smartphone,7.5,3,False,Sometimes,10.0,92,3.21,Beneficial
17,Female,High School,TikTok,5.3,2.4,Laptop/PC,8.2,3,True,Sometimes,21.0,89,3.51,Beneficial
17,Male,High School,Snapchat,3.8,1.1,Smartphone,7.9,4,False,Sometimes,11.0,90,4.0,Beneficial
17,Male,High School,TikTok,7.5,1.8,Laptop/PC,6.4,3,True,Sometimes,16.0,69,3.63,Beneficial
18,Male,Undergraduate,TikTok,2.0,2.6,Laptop/PC,8.8,5,False,Sometimes,9.0,98,3.63,Beneficial
18,Male,Undergraduate,Instagram,5.0,0.6,Smartphone,7.8,4,True,Rarely,9.0,74,3.95,Beneficial
18,Female,Undergraduate,Snapchat,9.5,2.4,Smartphone,6.5,2,False,Frequently,17.0,68,2.95,Neutral
19,Male,Undergraduate,Instagram,13.0,2.1,Smartphone,3.7,1,True,Frequently,32.0,41,2.38,Negative
17,Prefer not to say,High School,YouTube,3.3,2.2,Smartphone,5.3,3,False,Sometimes,13.0,78,3.54,Beneficial
19,Female,Undergraduate,YouTube,8.5,0.8,Laptop/PC,3.8,1,True,Frequently,21.0,57,3.31,Neutral
19,Female,Undergraduate,TikTok,6.2,2.2,Laptop/PC,6.1,1,True,Sometimes,15.0,79,3.47,Beneficial
17,Male,High School,YouTube,5.5,1.8,Smartphone,6.4,2,True,Always,19.0,83,3.02,Beneficial
21,Female,High School,Instagram,3.3,1.7,Tablet,7.4,4,False,Rarely,13.0,90,3.15,Beneficial
17,Female,High School,YouTube,2.2,1.6,Smartphone,7.7,4,False,Sometimes,6.0,98,4.0,Beneficial
19,Male,Undergraduate,Instagram,8.9,1.6,Smartphone,7.5,2,True,Frequently,19.0,71,3.26,Beneficial
20,Female,Undergraduate,Instagram,5.3,1.5,Smartphone,6.3,3,False,Sometimes,13.0,80,3.38,Beneficial
19,Female,Undergraduate,YouTube,3.1,2.4,Smartphone,7.3,2,False,Always,13.0,85,3.45,Beneficial
15,Male,High School,Instagram,3.4,3.0,Smartphone,6.2,3,False,Sometimes,15.0,86,3.64,Beneficial
19,Female,Undergraduate,Reddit,2.4,0.8,Smartphone,8.0,3,False,Always,7.0,91,4.0,Beneficial
19,Male,Undergraduate,Instagram,5.7,1.5,Smartphone,7.1,2,True,Frequently,18.0,79,2.89,Beneficial
22,Female,Postgraduate,Instagram,4.5,1.0,Smartphone,7.0,2,True,Frequently,13.0,81,3.89,Beneficial
21,Male,Undergraduate,Instagram,8.8,1.8,Smartphone,6.2,2,False,Frequently,17.0,76,2.85,Beneficial
17,Male,High School,Snapchat,4.2,1.7,Smartphone,7.8,2,True,Frequently,16.0,76,3.4,Beneficial
18,Male,Undergraduate,Instagram,9.7,1.5,Laptop/PC,5.6,1,False,Rarely,14.0,61,3.16,Beneficial
21,Female,Undergraduate,YouTube,4.8,1.6,Smartphone,7.2,3,False,Always,11.0,90,3.46,Beneficial
16,Female,High School,Instagram,6.6,2.7,Smartphone,6.6,3,False,Never,7.0,77,3.74,Beneficial
18,Non-Binary,Undergraduate,TikTok,5.7,1.2,Smartphone,5.7,3,True,Frequently,8.0,80,3.24,Beneficial
21,Female,Undergraduate,TikTok,4.9,1.6,Smartphone,8.3,4,True,Always,3.0,88,3.5,Beneficial
17,Female,High School,Instagram,5.8,2.6,Smartphone,6.1,2,True,Never,21.0,67,3.23,Neutral
18,Male,High School,YouTube,6.1,0.4,Smartphone,6.7,3,True,Frequently,24.0,76,3.61,Beneficial
17,Male,High School,TikTok,7.2,1.7,Smartphone,7.2,2,True,Frequently,9.0,82,3.4,Beneficial
19,Female,Undergraduate,Instagram,2.6,2.7,Smartphone,7.4,3,True,Sometimes,14.0,98,3.19,Beneficial
16,Female,High School,YouTube,2.2,1.9,Laptop/PC,7.6,3,False,Frequently,4.0,98,3.85,Beneficial
19,Female,Undergraduate,X (Twitter),6.8,1.6,Laptop/PC,5.8,2,True,Always,17.0,73,3.62,Beneficial
20,Female,Undergraduate,Instagram,3.8,0.7,Smartphone,7.3,3,True,Sometimes,8.0,93,3.62,Beneficial
18,Female,Undergraduate,YouTube,7.5,1.4,Smartphone,5.3,1,True,Frequently,25.0,63,2.66,Neutral
21,Female,Undergraduate,X (Twitter),6.2,2.7,Tablet,6.7,2,True,Frequently,18.0,71,2.89,Neutral
19,Male,Undergraduate,YouTube,4.2,2.1,Smartphone,6.8,3,True,Sometimes,17.0,79,3.21,Beneficial
17,Male,High School,TikTok,6.9,2.4,Smartphone,4.9,1,True,Frequently,13.0,72,2.98,Beneficial
19,Female,Undergraduate,Instagram,2.7,0.7,Smartphone,6.5,3,True,Sometimes,13.0,86,3.67,Beneficial
18,Female,Undergraduate,Instagram,3.5,1.9,Smartphone,8.4,3,False,Rarely,13.0,94,3.48,Beneficial
17,Male,High School,TikTok,4.6,1.6,Laptop/PC,6.7,4,False,Sometimes,4.0,84,3.89,Beneficial
18,Female,Undergraduate,TikTok,4.0,2.2,Smartphone,7.0,3,False,Rarely,9.0,84,3.46,Beneficial
16,Female,High School,Snapchat,4.5,2.4,Smartphone,8.4,3,False,Always,14.0,91,2.67,Beneficial
18,Male,Undergraduate,YouTube,2.9,2.2,Smartphone,7.3,3,False,Sometimes,16.0,76,3.39,Beneficial
22,Female,Postgraduate,Instagram,4.9,1.5,Smartphone,7.0,2,False,Rarely,14.0,70,3.89,Beneficial
19,Male,Undergraduate,YouTube,2.7,1.0,Smartphone,8.2,4,True,Sometimes,8.0,93,3.33,Beneficial
25,Female,Postgraduate,Instagram,3.4,1.9,Smartphone,8.5,4,False,Sometimes,9.0,97,4.0,Beneficial
20,Female,High School,TikTok,1.6,1.4,Smartphone,9.7,5,True,Frequently,2.0,98,3.91,Beneficial
18,Female,Undergraduate,Instagram,3.7,1.6,Laptop/PC,7.5,2,True,Frequently,8.0,84,3.86,Beneficial
20,Male,Undergraduate,Reddit,6.2,0.6,Smartphone,8.1,2,True,Frequently,12.0,81,3.98,Beneficial
23,Female,Undergraduate,Instagram,8.2,0.8,Smartphone,4.6,2,True,Always,28.0,59,2.67,Neutral
20,Male,Undergraduate,TikTok,4.8,2.6,Smartphone,6.1,1,False,Always,16.0,82,3.33,Beneficial
20,Male,Undergraduate,TikTok,7.0,2.8,Smartphone,5.2,1,False,Sometimes,13.0,70,3.29,Beneficial
17,Male,High School,Instagram,3.7,1.4,Smartphone,7.2,4,False,Rarely,19.0,76,3.85,Beneficial
19,Non-Binary,Undergraduate,Instagram,5.5,1.8,Smartphone,6.8,3,True,Sometimes,13.0,75,3.55,Beneficial
16,Male,High School,Snapchat,4.8,0.7,Smartphone,7.4,3,False,Frequently,16.0,92,3.47,Beneficial
22,Male,Undergraduate,YouTube,2.2,1.2,Smartphone,8.2,5,True,Rarely,5.0,98,3.86,Beneficial
18,Male,Undergraduate,TikTok,8.9,1.3,Smartphone,6.8,2,False,Rarely,28.0,62,2.29,Negative
18,Male,Undergraduate,YouTube,3.6,1.3,Smartphone,7.9,3,False,Never,10.0,84,3.58,Beneficial
20,Female,Undergraduate,Instagram,6.6,1.2,Smartphone,6.4,2,True,Sometimes,21.0,65,3.01,Neutral
16,Male,High School,TikTok,4.4,1.9,Smartphone,7.6,3,True,Always,15.0,92,3.86,Beneficial
24,Male,Postgraduate,YouTube,4.8,3.1,Laptop/PC,10.0,5,False,Sometimes,13.0,98,2.84,Beneficial
18,Prefer not to say,Undergraduate,YouTube,6.2,1.3,Smartphone,7.3,2,True,Frequently,13.0,63,2.71,Neutral
16,Male,High School,Instagram,3.4,2.0,Smartphone,7.6,3,True,Sometimes,13.0,78,3.36,Beneficial
23,Female,Postgraduate,TikTok,5.4,0.9,Smartphone,6.1,3,False,Frequently,19.0,64,3.16,Neutral
17,Female,High School,Instagram,6.2,1.3,Smartphone,6.2,2,True,Sometimes,8.0,85,3.44,Beneficial
18,Male,Undergraduate,TikTok,4.0,1.6,Tablet,7.7,3,False,Sometimes,9.0,86,3.46,Beneficial
19,Male,Undergraduate,YouTube,2.1,1.6,Smartphone,7.9,3,False,Rarely,8.0,98,3.65,Beneficial
19,Male,High School,Snapchat,2.0,1.9,Laptop/PC,8.9,4,False,Frequently,6.0,98,3.36,Beneficial
20,Female,Undergraduate,TikTok,3.7,1.6,Smartphone,7.0,3,True,Frequently,11.0,78,3.48,Beneficial
19,Female,High School,TikTok,5.6,1.5,Laptop/PC,6.2,2,False,Sometimes,17.0,72,3.31,Beneficial
19,Male,High School,Instagram,3.8,0.8,Tablet,7.4,3,True,Sometimes,15.0,92,3.06,Beneficial
18,Female,Undergraduate,Instagram,4.0,2.2,Smartphone,6.1,2,True,Frequently,19.0,81,3.1,Beneficial
23,Female,Postgraduate,Instagram,1.9,1.4,Smartphone,8.7,4,False,Always,0.0,96,4.0,Beneficial
18,Male,Undergraduate,TikTok,1.3,1.2,Laptop/PC,7.5,4,False,Rarely,1.0,98,4.0,Beneficial
19,Female,Undergraduate,Reddit,6.3,2.6,Smartphone,6.2,2,False,Sometimes,16.0,72,3.59,Beneficial
18,Female,Undergraduate,TikTok,12.7,1.9,Tablet,4.3,1,True,Frequently,27.0,55,2.24,Negative
21,Female,Undergraduate,Snapchat,3.5,1.4,Smartphone,6.7,3,False,Frequently,6.0,76,3.7,Beneficial
18,Male,Undergraduate,YouTube,4.3,1.7,Smartphone,7.8,2,True,Sometimes,14.0,80,3.47,Beneficial
21,Female,Undergraduate,TikTok,6.3,2.4,Smartphone,4.9,1,True,Never,20.0,69,3.55,Beneficial
19,Non-Binary,Undergraduate,X (Twitter),10.4,1.0,Smartphone,4.4,1,True,Frequently,30.0,55,2.12,Negative
18,Male,Undergraduate,YouTube,6.2,1.4,Laptop/PC,5.5,1,True,Always,15.0,78,3.16,Beneficial
19,Male,Undergraduate,YouTube,2.8,1.6,Smartphone,6.7,4,True,Frequently,4.0,95,3.81,Beneficial
18,Male,Undergraduate,TikTok,3.5,2.1,Smartphone,8.5,3,False,Never,9.0,98,3.91,Beneficial
16,Female,High School,TikTok,4.9,1.6,Smartphone,7.1,3,False,Frequently,14.0,78,3.34,Beneficial
17,Female,High School,Instagram,4.0,2.7,Smartphone,7.0,4,True,Rarely,15.0,84,3.66,Beneficial
21,Male,Undergraduate,Snapchat,4.3,2.2,Laptop/PC,8.1,3,False,Sometimes,12.0,90,3.81,Beneficial
21,Male,Undergraduate,Instagram,1.2,1.2,Smartphone,7.0,3,False,Never,5.0,95,3.47,Beneficial
16,Male,High School,YouTube,5.2,1.5,Laptop/PC,6.6,3,True,Frequently,10.0,75,3.2,Beneficial
17,Male,High School,Instagram,4.4,1.0,Smartphone,7.4,4,False,Always,7.0,83,3.51,Beneficial
21,Female,Undergraduate,TikTok,5.9,2.2,Smartphone,7.9,3,True,Always,13.0,72,3.28,Beneficial
18,Female,Undergraduate,Instagram,5.1,1.8,Smartphone,7.4,2,True,Sometimes,13.0,79,3.37,Beneficial
18,Male,Undergraduate,TikTok,5.5,2.6,Smartphone,6.9,2,True,Frequently,5.0,83,3.65,Beneficial
21,Female,Undergraduate,Instagram,3.0,2.4,Smartphone,6.0,2,False,Always,12.0,87,3.63,Beneficial
20,Female,Undergraduate,Instagram,5.7,2.9,Smartphone,7.6,3,True,Always,14.0,89,2.97,Beneficial
15,Male,High School,Reddit,2.3,2.2,Laptop/PC,7.3,2,False,Sometimes,8.0,87,3.65,Beneficial
17,Male,High School,YouTube,3.0,0.7,Smartphone,6.3,2,True,Always,20.0,82,3.53,Beneficial
20,Female,Undergraduate,YouTube,7.3,1.9,Smartphone,5.5,2,True,Always,17.0,64,3.13,Neutral
19,Female,Undergraduate,Instagram,3.4,2.2,Laptop/PC,5.8,2,False,Always,2.0,90,3.76,Beneficial
21,Male,Undergraduate,Snapchat,7.0,2.3,Tablet,6.9,2,True,Always,12.0,84,3.54,Beneficial
17,Male,High School,Reddit,8.2,2.9,Smartphone,5.4,2,True,Rarely,24.0,59,2.95,Neutral
23,Non-Binary,Postgraduate,TikTok,5.1,1.1,Smartphone,7.3,2,True,Always,9.0,93,3.33,Beneficial
20,Female,Undergraduate,Instagram,6.6,1.8,Laptop/PC,6.6,1,True,Always,27.0,73,3.46,Neutral
22,Male,Undergraduate,Instagram,3.1,1.0,Smartphone,8.3,4,True,Rarely,10.0,97,3.5,Beneficial
18,Female,Undergraduate,YouTube,5.9,1.9,Smartphone,5.1,1,False,Sometimes,23.0,77,3.88,Beneficial
16,Female,High School,Reddit,1.9,2.4,Smartphone,8.3,3,False,Sometimes,4.0,98,3.62,Beneficial
19,Female,Undergraduate,LinkedIn,2.3,1.2,Smartphone,7.2,3,False,Always,5.0,98,4.0,Beneficial
23,Male,Postgraduate,Reddit,9.6,1.8,Smartphone,5.0,1,True,Sometimes,23.0,61,3.25,Neutral
18,Female,High School,YouTube,10.1,2.1,Smartphone,5.4,1,False,Frequently,24.0,71,2.94,Neutral
19,Male,Undergraduate,TikTok,5.7,1.5,Smartphone,6.5,2,True,Sometimes,21.0,74,3.92,Beneficial
18,Male,Undergraduate,TikTok,8.5,2.9,Smartphone,6.8,1,True,Sometimes,22.0,64,3.42,Neutral
19,Male,High School,YouTube,5.8,1.8,Laptop/PC,6.5,2,True,Always,16.0,84,3.05,Beneficial
17,Female,High School,Instagram,5.0,2.3,Smartphone,5.2,2,True,Sometimes,25.0,74,2.75,Neutral
21,Female,Undergraduate,Snapchat,2.1,2.2,Smartphone,8.4,3,True,Never,14.0,95,3.9,Beneficial
18,Male,Undergraduate,LinkedIn,7.1,1.9,Smartphone,6.5,1,True,Rarely,20.0,81,3.25,Beneficial
22,Male,Postgraduate,YouTube,5.7,2.2,Smartphone,6.9,1,True,Frequently,4.0,83,3.17,Beneficial
22,Female,Postgraduate,Instagram,2.1,2.4,Smartphone,8.6,4,True,Sometimes,3.0,93,3.61,Beneficial
22,Female,Undergraduate,TikTok,3.6,1.8,Tablet,6.2,2,True,Frequently,12.0,98,3.39,Beneficial
19,Female,Undergraduate,YouTube,3.5,1.8,Smartphone,7.7,3,True,Frequently,9.0,88,3.69,Beneficial
22,Male,Postgraduate,TikTok,7.9,2.5,Smartphone,5.8,2,True,Rarely,20.0,55,3.1,Neutral
18,Female,Undergraduate,Reddit,6.0,2.4,Smartphone,5.4,2,True,Sometimes,12.0,73,3.41,Beneficial
17,Non-Binary,High School,Instagram,2.8,1.6,Tablet,7.1,2,False,Sometimes,10.0,98,3.82,Beneficial
25,Female,Undergraduate,Instagram,4.9,3.0,Smartphone,5.9,1,True,Frequently,13.0,78,3.05,Beneficial
16,Female,High School,Instagram,2.9,2.2,Smartphone,8.5,3,False,Sometimes,4.0,91,3.72,Beneficial
17,Male,High School,TikTok,6.2,1.6,Laptop/PC,7.8,4,False,Sometimes,19.0,77,3.06,Beneficial
19,Female,Undergraduate,Instagram,8.2,0.8,Laptop/PC,5.5,1,True,Rarely,19.0,60,2.96,Neutral
19,Male,Undergraduate,Snapchat,10.6,2.4,Smartphone,6.3,2,True,Rarely,21.0,53,3.35,Neutral
18,Male,Undergraduate,LinkedIn,5.1,1.7,Laptop/PC,5.8,2,True,Always,20.0,71,3.72,Beneficial
19,Female,Undergraduate,TikTok,4.8,1.6,Smartphone,6.1,1,False,Always,15.0,77,3.54,Beneficial
21,Male,High School,Snapchat,8.5,2.6,Laptop/PC,6.8,2,True,Sometimes,24.0,67,3.12,Neutral
19,Female,High School,YouTube,2.0,3.0,Tablet,8.6,5,False,Frequently,6.0,95,3.82,Beneficial
21,Male,Undergraduate,X (Twitter),4.4,2.3,Laptop/PC,6.5,2,False,Frequently,15.0,88,3.46,Beneficial
17,Prefer not to say,High School,TikTok,4.0,1.8,Laptop/PC,6.8,2,True,Always,9.0,92,2.98,Beneficial
18,Female,High School,X (Twitter),14.0,2.9,Smartphone,3.0,1,True,Frequently,28.0,43,2.46,Negative
17,Male,High School,Instagram,5.2,1.9,Smartphone,8.1,3,True,Always,15.0,81,3.53,Beneficial
17,Prefer not to say,High School,Instagram,5.1,1.8,Smartphone,6.1,2,True,Sometimes,7.0,76,3.25,Beneficial
21,Female,Undergraduate,Instagram,5.0,2.9,Smartphone,7.4,3,False,Always,8.0,95,3.77,Beneficial
18,Male,Undergraduate,YouTube,6.2,0.5,Smartphone,6.3,2,True,Rarely,21.0,70,3.3,Neutral
20,Female,Undergraduate,Instagram,2.4,2.6,Smartphone,7.0,2,False,Frequently,3.0,91,3.82,Beneficial
21,Female,Undergraduate,YouTube,5.1,2.4,Smartphone,7.2,3,False,Frequently,14.0,87,3.28,Beneficial
20,Male,Undergraduate,Instagram,3.6,2.5,Smartphone,6.3,2,False,Frequently,10.0,78,3.81,Beneficial
20,Female,Undergraduate,Snapchat,2.0,2.1,Smartphone,8.8,4,True,Sometimes,14.0,97,3.47,Beneficial
19,Female,High School,TikTok,10.7,1.8,Smartphone,5.3,1,True,Rarely,22.0,61,2.73,Neutral
21,Female,High School,YouTube,3.4,2.4,Smartphone,7.9,4,False,Sometimes,10.0,92,3.54,Beneficial
26,Female,Undergraduate,TikTok,8.0,1.8,Smartphone,4.7,1,False,Always,19.0,52,3.17,Neutral
21,Male,Undergraduate,X (Twitter),14.0,0.6,Smartphone,4.3,1,False,Always,24.0,50,2.31,Negative
17,Male,High School,TikTok,2.6,2.5,Smartphone,9.0,4,True,Sometimes,7.0,98,3.63,Beneficial
23,Male,Postgraduate,TikTok,3.7,1.8,Smartphone,7.9,3,False,Sometimes,11.0,83,3.84,Beneficial
20,Female,Undergraduate,YouTube,5.7,1.5,Smartphone,7.4,3,True,Sometimes,12.0,82,3.52,Beneficial
19,Female,Undergraduate,Instagram,7.8,1.9,Smartphone,6.5,1,False,Rarely,12.0,77,2.92,Beneficial
21,Male,Undergraduate,TikTok,9.1,1.8,Smartphone,6.2,1,True,Sometimes,25.0,63,2.99,Neutral
15,Male,High School,X (Twitter),7.8,1.7,Smartphone,5.3,1,True,Frequently,22.0,65,3.46,Neutral
21,Female,High School,X (Twitter),10.5,0.5,Smartphone,5.5,1,True,Sometimes,25.0,53,2.83,Neutral
16,Male,High School,YouTube,5.3,0.7,Smartphone,6.6,2,False,Rarely,6.0,96,3.93,Beneficial
22,Female,Undergraduate,TikTok,7.1,2.1,Smartphone,6.0,2,True,Always,18.0,73,2.74,Neutral
18,Male,High School,Instagram,3.5,0.9,Smartphone,6.8,2,False,Always,11.0,81,3.56,Beneficial
20,Female,Undergraduate,X (Twitter),4.4,2.8,Smartphone,8.1,4,False,Always,7.0,83,4.0,Beneficial
18,Female,Undergraduate,TikTok,9.3,0.8,Smartphone,5.3,1,True,Frequently,23.0,65,2.67,Neutral
19,Female,Undergraduate,Instagram,3.2,2.4,Smartphone,7.8,2,True,Always,18.0,96,4.0,Beneficial
18,Female,Undergraduate,TikTok,11.4,2.1,Smartphone,3.5,1,True,Sometimes,29.0,40,2.93,Negative
17,Male,High School,YouTube,7.5,1.8,Smartphone,6.7,2,False,Frequently,16.0,68,3.2,Beneficial
18,Female,Undergraduate,LinkedIn,7.6,2.8,Smartphone,4.5,1,True,Sometimes,24.0,69,3.52,Neutral
15,Male,High School,Instagram,9.0,1.7,Smartphone,5.8,1,True,Frequently,14.0,65,2.82,Beneficial
21,Male,Undergraduate,Snapchat,4.5,1.7,Smartphone,6.6,3,False,Sometimes,12.0,88,3.17,Beneficial
19,Female,Undergraduate,TikTok,3.7,1.6,Smartphone,7.6,3,True,Sometimes,6.0,86,3.89,Beneficial
20,Female,Undergraduate,Snapchat,4.2,1.8,Smartphone,7.2,3,False,Frequently,10.0,81,3.54,Beneficial
19,Male,Undergraduate,TikTok,2.9,1.3,Laptop/PC,5.7,2,False,Rarely,0.0,81,3.81,Beneficial
20,Female,Undergraduate,YouTube,7.9,1.3,Smartphone,5.9,2,True,Frequently,18.0,69,3.25,Beneficial
19,Female,Undergraduate,Instagram,5.6,2.7,Smartphone,5.0,1,True,Frequently,23.0,69,3.14,Neutral
18,Female,Undergraduate,TikTok,7.0,2.4,Smartphone,6.5,2,False,Sometimes,14.0,65,3.09,Beneficial
15,Female,High School,YouTube,4.2,0.6,Smartphone,6.9,2,True,Rarely,13.0,88,3.31,Beneficial
17,Female,High School,YouTube,2.3,2.0,Smartphone,8.1,3,False,Sometimes,4.0,84,3.21,Beneficial
17,Female,High School,Instagram,6.3,1.5,Smartphone,5.4,1,False,Sometimes,8.0,74,3.62,Beneficial
17,Female,High School,Instagram,5.0,1.1,Smartphone,7.0,3,True,Sometimes,12.0,62,2.84,Beneficial
19,Female,Undergraduate,TikTok,6.0,1.4,Laptop/PC,7.7,2,True,Sometimes,11.0,74,3.16,Beneficial
20,Female,Undergraduate,YouTube,2.8,3.2,Tablet,8.1,3,True,Frequently,9.0,80,4.0,Beneficial
17,Female,High School,Instagram,9.8,2.2,Tablet,7.1,2,True,Frequently,24.0,65,2.97,Neutral
19,Male,Undergraduate,X (Twitter),7.3,1.3,Tablet,7.1,2,True,Always,18.0,68,2.99,Neutral
18,Male,High School,Snapchat,3.2,2.9,Laptop/PC,7.3,4,True,Rarely,10.0,98,3.36,Beneficial
17,Male,High School,TikTok,5.3,1.8,Smartphone,8.3,3,True,Rarely,9.0,90,3.79,Beneficial
19,Male,Undergraduate,YouTube,5.4,2.2,Smartphone,5.0,2,False,Never,15.0,78,3.28,Beneficial
17,Male,High School,Instagram,4.7,1.5,Smartphone,6.9,3,False,Sometimes,9.0,92,3.46,Beneficial
22,Male,Undergraduate,Reddit,6.3,1.8,Smartphone,6.6,2,True,Sometimes,9.0,70,3.52,Beneficial
19,Female,Undergraduate,YouTube,3.0,2.1,Laptop/PC,7.9,3,False,Always,13.0,90,3.34,Beneficial
19,Female,Undergraduate,Instagram,6.6,1.2,Smartphone,6.8,1,False,Always,15.0,70,3.23,Beneficial
15,Male,High School,Snapchat,3.5,2.3,Smartphone,8.9,4,True,Sometimes,8.0,98,3.93,Beneficial
19,Male,Undergraduate,Instagram,9.7,1.4,Smartphone,5.7,1,False,Always,26.0,65,2.99,Neutral
18,Female,Undergraduate,Reddit,3.9,2.1,Laptop/PC,7.8,3,False,Frequently,9.0,92,4.0,Beneficial
16,Male,High School,Instagram,5.7,2.0,Smartphone,6.3,1,True,Rarely,20.0,78,3.35,Beneficial
18,Prefer not to say,Undergraduate,YouTube,5.1,3.2,Smartphone,6.9,3,True,Sometimes,20.0,84,3.4,Beneficial
18,Female,Undergraduate,TikTok,6.5,1.5,Tablet,7.5,2,True,Frequently,13.0,88,3.49,Beneficial
20,Female,Undergraduate,Instagram,7.4,2.6,Smartphone,5.8,1,True,Frequently,19.0,64,3.37,Neutral
19,Male,Undergraduate,YouTube,3.9,0.7,Smartphone,8.1,4,False,Never,4.0,89,4.0,Beneficial
17,Female,High School,YouTube,7.9,2.0,Smartphone,5.3,1,True,Rarely,23.0,66,2.2,Neutral
20,Male,Undergraduate,TikTok,6.1,2.3,Smartphone,5.2,1,True,Sometimes,12.0,66,3.14,Beneficial
17,Male,High School,Instagram,5.5,2.0,Smartphone,8.0,3,True,Sometimes,7.0,98,2.96,Beneficial
20,Male,Undergraduate,TikTok,4.0,1.2,Smartphone,7.6,3,False,Frequently,5.0,88,3.84,Beneficial
20,Female,Undergraduate,YouTube,6.6,2.2,Smartphone,5.2,2,True,Always,24.0,68,3.34,Neutral
19,Male,High School,Reddit,2.5,1.4,Smartphone,7.6,2,False,Rarely,11.0,94,3.14,Beneficial
20,Female,Undergraduate,TikTok,3.8,1.4,Smartphone,6.8,3,False,Frequently,10.0,92,4.0,Beneficial
23,Male,Undergraduate,TikTok,4.7,2.4,Smartphone,6.4,2,False,Sometimes,15.0,88,3.27,Beneficial
15,Female,High School,TikTok,2.1,2.5,Smartphone,7.4,4,False,Frequently,13.0,90,3.7,Beneficial
22,Male,Postgraduate,Instagram,4.9,1.3,Smartphone,8.0,3,False,Sometimes,6.0,98,3.84,Beneficial
20,Female,Undergraduate,TikTok,10.0,1.6,Smartphone,5.3,1,False,Sometimes,27.0,67,2.82,Neutral
19,Female,Undergraduate,Instagram,5.0,2.2,Smartphone,7.2,3,False,Rarely,3.0,81,3.74,Beneficial
21,Male,Undergraduate,TikTok,4.1,2.0,Smartphone,6.7,3,True,Rarely,9.0,92,3.83,Beneficial
19,Male,Undergraduate,Instagram,4.5,2.3,Tablet,7.2,3,True,Rarely,11.0,79,3.0,Beneficial
20,Female,Undergraduate,TikTok,4.3,0.9,Smartphone,7.8,4,False,Always,12.0,88,3.83,Beneficial
18,Female,Undergraduate,Snapchat,3.9,2.2,Laptop/PC,7.8,4,False,Sometimes,13.0,83,3.57,Beneficial
18,Male,Undergraduate,Snapchat,2.2,0.0,Smartphone,7.7,4,True,Always,7.0,98,3.99,Beneficial
21,Female,Undergraduate,TikTok,5.2,2.1,Smartphone,6.5,2,True,Always,12.0,86,3.96,Beneficial
17,Female,High School,Instagram,9.7,1.3,Laptop/PC,5.6,1,False,Frequently,21.0,61,2.97,Neutral
18,Male,Undergraduate,YouTube,5.6,2.2,Laptop/PC,7.4,3,True,Always,15.0,74,3.13,Beneficial
20,Female,Undergraduate,Reddit,6.0,2.3,Smartphone,5.9,2,True,Never,17.0,77,3.79,Beneficial
16,Female,High School,TikTok,5.8,0.7,Smartphone,5.6,2,True,Sometimes,13.0,68,2.98,Beneficial
19,Male,Undergraduate,TikTok,8.5,2.5,Smartphone,4.8,1,True,Always,18.0,51,3.1,Neutral
16,Male,High School,Snapchat,1.9,1.0,Laptop/PC,7.7,3,True,Rarely,6.0,89,3.75,Beneficial
21,Male,Undergraduate,Instagram,9.1,1.4,Smartphone,5.6,1,True,Frequently,21.0,64,2.55,Neutral
18,Female,Undergraduate,YouTube,3.5,1.8,Smartphone,6.4,3,False,Frequently,11.0,74,3.65,Beneficial
19,Female,Undergraduate,Instagram,9.9,0.7,Smartphone,6.1,1,True,Frequently,32.0,60,2.75,Negative
17,Female,High School,TikTok,4.1,2.3,Smartphone,5.9,3,True,Sometimes,14.0,84,3.01,Beneficial
18,Female,Undergraduate,Instagram,1.7,1.6,Smartphone,6.0,3,False,Sometimes,5.0,87,3.96,Beneficial
18,Female,Undergraduate,Snapchat,4.6,3.0,Smartphone,7.4,2,False,Frequently,11.0,87,3.76,Beneficial
19,Male,Undergraduate,Instagram,5.7,2.5,Smartphone,5.5,2,True,Always,22.0,67,3.32,Neutral
26,Male,Undergraduate,TikTok,5.1,0.7,Smartphone,7.2,4,True,Frequently,7.0,85,4.0,Beneficial
19,Male,Undergraduate,TikTok,3.9,1.5,Smartphone,8.1,3,True,Never,10.0,89,3.36,Beneficial
20,Male,Undergraduate,X (Twitter),2.5,2.3,Smartphone,8.4,3,False,Sometimes,11.0,91,3.56,Beneficial
16,Male,High School,YouTube,6.7,1.3,Smartphone,5.7,2,True,Sometimes,12.0,77,3.13,Beneficial
19,Male,Undergraduate,TikTok,4.3,3.0,Smartphone,9.3,4,False,Frequently,6.0,98,3.79,Beneficial
19,Male,Undergraduate,TikTok,3.7,2.1,Smartphone,7.6,4,False,Sometimes,15.0,91,3.27,Beneficial
19,Male,Undergraduate,Snapchat,5.8,2.4,Smartphone,5.3,1,True,Always,14.0,78,3.51,Beneficial
20,Female,Undergraduate,Snapchat,5.7,1.6,Laptop/PC,5.5,2,True,Always,17.0,74,3.53,Beneficial
19,Male,Undergraduate,Instagram,8.8,3.4,Smartphone,5.9,2,True,Sometimes,24.0,73,3.25,Neutral
20,Female,Undergraduate,TikTok,4.6,1.4,Smartphone,7.4,3,True,Always,21.0,86,3.29,Beneficial
20,Female,Undergraduate,Instagram,2.5,1.7,Smartphone,9.6,4,True,Frequently,0.0,98,4.0,Beneficial
18,Male,Undergraduate,YouTube,2.2,0.6,Smartphone,8.0,3,False,Frequently,5.0,97,4.0,Beneficial
18,Male,Undergraduate,YouTube,7.6,1.6,Laptop/PC,7.4,3,True,Sometimes,17.0,84,3.46,Beneficial
18,Female,Undergraduate,X (Twitter),5.9,2.4,Smartphone,6.4,1,True,Sometimes,20.0,78,2.99,Beneficial
19,Female,Undergraduate,YouTube,5.3,2.4,Laptop/PC,6.8,3,True,Sometimes,13.0,91,3.32,Beneficial
19,Female,Undergraduate,Instagram,7.6,2.3,Smartphone,6.5,3,True,Always,19.0,69,3.37,Beneficial
19,Prefer not to say,Undergraduate,YouTube,5.3,0.4,Smartphone,5.5,2,False,Sometimes,14.0,82,2.98,Beneficial
16,Female,High School,Instagram,5.1,2.8,Smartphone,5.5,2,False,Rarely,14.0,78,3.62,Beneficial
19,Male,Undergraduate,Reddit,7.2,2.3,Smartphone,7.4,3,True,Frequently,11.0,85,3.68,Beneficial
17,Female,High School,Instagram,5.1,1.1,Smartphone,5.7,3,True,Sometimes,17.0,74,3.66,Beneficial
17,Female,High School,Instagram,4.1,0.4,Smartphone,5.5,3,True,Sometimes,11.0,75,3.38,Beneficial
23,Female,Postgraduate,TikTok,3.7,3.4,Smartphone,5.9,2,True,Sometimes,14.0,83,3.84,Beneficial
23,Male,Postgraduate,Instagram,12.4,2.5,Smartphone,4.6,1,True,Sometimes,19.0,51,3.51,Neutral
23,Non-Binary,Undergraduate,YouTube,3.9,1.2,Smartphone,5.8,2,True,Sometimes,10.0,68,3.23,Beneficial
20,Female,Undergraduate,Instagram,5.0,1.5,Smartphone,8.2,2,False,Rarely,12.0,92,3.99,Beneficial
17,Female,High School,Instagram,3.8,0.5,Smartphone,7.9,3,False,Frequently,7.0,89,3.69,Beneficial
20,Female,Undergraduate,Snapchat,3.3,1.3,Smartphone,8.5,4,False,Sometimes,12.0,89,3.57,Beneficial
16,Prefer not to say,High School,X (Twitter),3.2,3.0,Smartphone,7.0,2,False,Rarely,10.0,86,3.37,Beneficial
17,Male,High School,TikTok,2.7,0.4,Smartphone,6.4,2,False,Sometimes,9.0,98,3.89,Beneficial
17,Male,High School,TikTok,4.6,2.3,Smartphone,7.7,1,True,Always,20.0,82,3.11,Beneficial
18,Female,Undergraduate,Instagram,4.0,1.6,Smartphone,8.4,3,False,Sometimes,7.0,89,3.8,Beneficial
19,Non-Binary,Undergraduate,YouTube,3.7,0.5,Smartphone,8.1,3,True,Frequently,7.0,91,3.29,Beneficial
18,Non-Binary,Undergraduate,Snapchat,5.0,2.8,Laptop/PC,5.6,3,True,Never,10.0,73,4.0,Beneficial
17,Male,High School,LinkedIn,6.4,1.3,Laptop/PC,6.9,3,True,Sometimes,21.0,67,3.02,Neutral
19,Male,Undergraduate,TikTok,6.8,2.4,Laptop/PC,5.6,2,True,Rarely,15.0,73,3.47,Beneficial
19,Male,Undergraduate,Reddit,9.4,2.9,Smartphone,5.6,2,True,Always,21.0,64,2.82,Neutral
17,Male,High School,Instagram,2.9,2.0,Laptop/PC,8.2,3,False,Sometimes,8.0,86,3.53,Beneficial
19,Female,Undergraduate,X (Twitter),2.8,2.8,Smartphone,6.9,3,False,Sometimes,9.0,83,3.25,Beneficial
17,Male,High School,Instagram,10.0,1.4,Smartphone,5.8,1,False,Frequently,19.0,61,2.83,Neutral
16,Female,High School,Instagram,3.0,2.0,Smartphone,7.2,2,True,Always,10.0,88,3.98,Beneficial
19,Female,Undergraduate,Snapchat,6.6,1.0,Smartphone,6.8,4,False,Rarely,12.0,83,3.36,Beneficial
19,Male,Undergraduate,Instagram,4.5,2.4,Smartphone,7.2,3,False,Always,15.0,83,3.66,Beneficial
17,Female,High School,YouTube,2.9,1.7,Smartphone,7.4,4,False,Sometimes,14.0,84,3.44,Beneficial
19,Male,Undergraduate,TikTok,5.6,1.0,Smartphone,7.1,3,True,Sometimes,12.0,91,3.67,Beneficial
18,Female,High School,Snapchat,3.1,1.8,Smartphone,6.8,3,False,Rarely,10.0,89,3.78,Beneficial
20,Female,Undergraduate,Instagram,6.9,2.0,Laptop/PC,4.9,1,True,Frequently,13.0,69,3.04,Neutral
19,Female,Undergraduate,Instagram,3.0,1.6,Smartphone,6.7,2,False,Sometimes,16.0,88,3.29,Beneficial
21,Female,High School,Instagram,4.6,3.2,Tablet,7.3,3,True,Frequently,0.0,81,3.53,Beneficial
16,Female,High School,Instagram,6.4,1.9,Smartphone,6.7,2,True,Sometimes,12.0,78,3.52,Beneficial
21,Male,Undergraduate,Instagram,4.3,1.0,Smartphone,6.5,3,True,Sometimes,8.0,89,3.57,Beneficial
17,Male,High School,YouTube,11.6,1.4,Smartphone,3.9,1,True,Sometimes,21.0,53,3.32,Neutral
18,Female,Undergraduate,Reddit,3.7,2.4,Smartphone,6.1,4,True,Frequently,12.0,77,3.81,Beneficial
22,Male,Postgraduate,TikTok,3.2,2.6,Smartphone,8.6,4,False,Sometimes,13.0,98,3.6,Beneficial
18,Female,Undergraduate,Instagram,1.4,2.3,Laptop/PC,8.3,5,False,Sometimes,0.0,98,4.0,Beneficial
19,Female,Undergraduate,X (Twitter),3.5,1.9,Smartphone,8.0,3,True,Sometimes,15.0,91,3.67,Beneficial
20,Male,Undergraduate,TikTok,7.9,0.6,Smartphone,6.5,2,True,Sometimes,24.0,75,3.3,Neutral
26,Male,Postgraduate,YouTube,9.2,1.5,Smartphone,4.8,1,True,Sometimes,13.0,68,2.83,Neutral
19,Male,High School,Instagram,5.4,2.8,Smartphone,5.9,1,True,Frequently,15.0,79,3.57,Beneficial
17,Female,High School,TikTok,3.4,2.6,Smartphone,7.9,2,False,Sometimes,9.0,77,3.32,Beneficial
17,Female,High School,Instagram,3.7,2.5,Laptop/PC,6.8,2,False,Frequently,6.0,93,3.87,Beneficial
18,Male,Undergraduate,TikTok,4.6,1.0,Smartphone,7.4,3,False,Frequently,6.0,92,3.78,Beneficial
25,Male,Postgraduate,TikTok,2.0,1.2,Smartphone,8.2,3,False,Never,2.0,98,3.84,Beneficial
22,Male,Postgraduate,Instagram,5.3,2.0,Smartphone,5.8,2,True,Sometimes,9.0,80,3.14,Beneficial
19,Female,High School,YouTube,5.2,2.0,Smartphone,6.8,3,True,Always,11.0,72,3.42,Beneficial
19,Female,Undergraduate,Snapchat,11.1,1.1,Laptop/PC,4.0,1,True,Frequently,22.0,52,2.56,Neutral
20,Male,Undergraduate,TikTok,5.7,1.7,Laptop/PC,6.8,4,True,Frequently,18.0,79,3.29,Beneficial
19,Female,Undergraduate,YouTube,5.1,1.6,Smartphone,6.2,2,True,Sometimes,21.0,78,3.34,Beneficial
19,Female,Undergraduate,Snapchat,4.6,2.9,Smartphone,7.3,3,True,Sometimes,5.0,79,3.4,Beneficial
18,Female,Undergraduate,X (Twitter),5.4,1.8,Smartphone,7.3,3,True,Always,12.0,91,3.49,Beneficial
17,Male,High School,Snapchat,6.7,1.8,Laptop/PC,6.5,2,True,Sometimes,12.0,89,3.32,Beneficial
20,Female,Undergraduate,TikTok,5.4,0.9,Smartphone,7.8,3,True,Sometimes,12.0,82,3.08,Beneficial
26,Female,Postgraduate,Instagram,8.6,1.4,Smartphone,5.7,2,True,Sometimes,9.0,73,3.34,Beneficial
17,Male,High School,Snapchat,6.5,0.8,Smartphone,6.2,2,True,Always,12.0,76,3.1,Beneficial
18,Female,Undergraduate,X (Twitter),2.6,1.1,Smartphone,7.6,3,True,Frequently,1.0,86,3.87,Beneficial
20,Male,High School,Instagram,4.4,2.9,Smartphone,6.5,2,False,Sometimes,13.0,82,3.26,Beneficial
20,Female,Undergraduate,Reddit,4.3,3.0,Smartphone,7.0,3,False,Never,12.0,83,3.42,Beneficial
21,Female,Undergraduate,Instagram,2.0,1.7,Smartphone,8.5,4,False,Frequently,9.0,98,4.0,Beneficial
17,Female,High School,YouTube,4.5,1.1,Smartphone,7.0,2,True,Frequently,13.0,76,3.59,Beneficial
18,Male,Undergraduate,TikTok,2.5,0.9,Smartphone,7.6,3,True,Rarely,10.0,92,3.13,Beneficial
20,Male,Undergraduate,YouTube,1.7,0.9,Smartphone,9.1,4,True,Sometimes,1.0,98,3.89,Beneficial
18,Prefer not to say,Undergraduate,TikTok,8.2,2.2,Smartphone,6.6,2,True,Rarely,20.0,65,2.92,Neutral
16,Male,High School,YouTube,2.2,1.4,Laptop/PC,7.3,4,False,Sometimes,7.0,94,3.26,Beneficial
21,Female,Undergraduate,YouTube,4.0,2.4,Laptop/PC,6.5,3,False,Sometimes,18.0,74,3.42,Beneficial
23,Male,Undergraduate,TikTok,13.5,1.3,Smartphone,3.6,1,False,Rarely,36.0,36,2.66,Negative
17,Female,High School,Instagram,8.5,2.0,Smartphone,6.7,1,True,Sometimes,14.0,72,3.28,Beneficial
17,Male,High School,TikTok,5.6,1.9,Smartphone,7.0,3,True,Sometimes,13.0,84,2.92,Beneficial
17,Male,High School,Instagram,8.5,2.0,Smartphone,6.7,2,True,Always,23.0,69,3.49,Neutral
16,Male,High School,Snapchat,4.8,1.0,Smartphone,6.9,3,False,Sometimes,12.0,76,3.32,Beneficial
20,Female,Undergraduate,Snapchat,5.6,0.0,Smartphone,4.8,2,True,Always,13.0,82,3.13,Beneficial
18,Male,Undergraduate,TikTok,6.5,2.0,Smartphone,7.5,2,True,Frequently,6.0,82,3.88,Beneficial
20,Male,Undergraduate,TikTok,12.2,1.9,Smartphone,3.9,1,True,Rarely,27.0,53,2.29,Negative
19,Non-Binary,High School,Snapchat,3.2,2.0,Laptop/PC,7.5,3,True,Rarely,7.0,84,3.86,Beneficial
25,Female,Postgraduate,TikTok,2.8,0.9,Laptop/PC,8.1,4,True,Frequently,0.0,98,3.66,Beneficial
16,Female,High School,Instagram,3.3,0.5,Smartphone,6.6,2,False,Sometimes,9.0,81,3.38,Beneficial
16,Male,High School,Instagram,2.2,0.7,Smartphone,8.2,3,False,Rarely,10.0,91,4.0,Beneficial
15,Female,High School,TikTok,4.4,1.2,Smartphone,7.0,2,False,Sometimes,12.0,80,3.46,Beneficial
17,Male,High School,YouTube,5.6,1.5,Smartphone,7.6,2,False,Rarely,13.0,81,3.53,Beneficial
20,Female,Undergraduate,Instagram,4.4,2.4,Smartphone,8.1,4,True,Sometimes,18.0,92,3.42,Beneficial
17,Non-Binary,High School,Instagram,6.6,1.9,Smartphone,5.1,1,False,Frequently,16.0,78,3.79,Beneficial
15,Female,High School,YouTube,2.7,3.3,Smartphone,7.1,4,False,Frequently,7.0,98,3.35,Beneficial
18,Male,Undergraduate,YouTube,2.7,1.5,Smartphone,8.3,4,False,Frequently,0.0,92,3.71,Beneficial
18,Female,Undergraduate,Instagram,3.1,1.7,Smartphone,6.6,2,False,Frequently,7.0,92,3.37,Beneficial
18,Male,Undergraduate,Snapchat,11.1,1.2,Smartphone,5.0,1,True,Frequently,25.0,45,2.95,Neutral
18,Female,Undergraduate,Reddit,3.3,1.4,Laptop/PC,6.7,2,False,Frequently,2.0,90,3.5,Beneficial
20,Female,Undergraduate,TikTok,4.9,1.6,Smartphone,6.3,3,False,Rarely,9.0,89,3.61,Beneficial
21,Male,Undergraduate,Instagram,3.2,1.9,Smartphone,7.6,2,False,Sometimes,6.0,98,3.69,Beneficial
18,Female,Undergraduate,YouTube,6.1,3.7,Smartphone,7.0,3,True,Always,17.0,86,3.22,Beneficial
15,Non-Binary,High School,Instagram,4.7,0.4,Smartphone,7.8,2,True,Sometimes,9.0,79,3.63,Beneficial
17,Male,High School,TikTok,2.3,2.9,Smartphone,8.2,3,True,Sometimes,0.0,98,4.0,Beneficial
18,Male,Undergraduate,Instagram,4.7,1.8,Smartphone,6.9,2,True,Rarely,12.0,83,3.46,Beneficial
15,Female,High School,TikTok,6.5,1.5,Smartphone,7.0,3,True,Sometimes,12.0,85,2.98,Beneficial
19,Male,High School,TikTok,4.1,2.4,Smartphone,6.3,3,False,Sometimes,8.0,92,3.58,Beneficial
19,Male,Undergraduate,TikTok,7.1,0.8,Smartphone,4.7,1,False,Rarely,17.0,67,3.02,Neutral
21,Female,Undergraduate,TikTok,2.3,1.9,Laptop/PC,7.0,4,False,Always,10.0,85,3.44,Beneficial
17,Female,High School,YouTube,7.8,1.7,Smartphone,6.0,1,True,Sometimes,30.0,67,2.45,Neutral
19,Female,Undergraduate,TikTok,3.1,3.0,Smartphone,8.2,4,False,Frequently,16.0,89,3.45,Beneficial
24,Male,Postgraduate,YouTube,2.3,1.2,Smartphone,7.6,4,False,Sometimes,2.0,98,4.0,Beneficial
19,Female,Undergraduate,TikTok,5.6,1.2,Smartphone,6.9,3,False,Rarely,14.0,81,3.3,Beneficial
19,Female,Undergraduate,TikTok,2.7,1.1,Smartphone,8.0,3,True,Sometimes,20.0,95,3.26,Beneficial
17,Male,High School,Snapchat,3.7,2.0,Smartphone,7.0,2,False,Rarely,11.0,79,3.56,Beneficial
20,Female,Undergraduate,TikTok,4.1,3.4,Laptop/PC,7.1,3,True,Rarely,19.0,76,3.38,Beneficial
19,Male,High School,TikTok,3.7,2.7,Smartphone,8.0,4,False,Sometimes,14.0,97,3.67,Beneficial
17,Male,High School,YouTube,2.3,2.9,Smartphone,7.2,3,False,Rarely,12.0,78,3.65,Beneficial
18,Female,Undergraduate,Snapchat,3.6,2.9,Smartphone,6.4,2,False,Frequently,9.0,82,3.74,Beneficial
21,Male,Undergraduate,TikTok,2.8,1.7,Smartphone,8.6,3,True,Sometimes,6.0,87,3.44,Beneficial
18,Male,Undergraduate,Snapchat,4.9,2.4,Smartphone,6.7,2,False,Sometimes,10.0,86,3.41,Beneficial
19,Female,Undergraduate,X (Twitter),6.1,1.7,Smartphone,7.6,2,True,Sometimes,5.0,80,3.42,Beneficial
23,Female,Postgraduate,Instagram,6.6,1.7,Smartphone,5.9,1,True,Frequently,11.0,78,3.4,Beneficial
16,Female,High School,Reddit,3.4,2.4,Smartphone,8.4,4,True,Sometimes,10.0,92,3.4,Beneficial
15,Female,High School,TikTok,2.8,3.4,Smartphone,6.3,3,False,Frequently,7.0,83,3.58,Beneficial
19,Female,Undergraduate,YouTube,3.1,2.3,Smartphone,8.1,3,True,Rarely,7.0,96,3.38,Beneficial
18,Male,Undergraduate,Instagram,2.3,1.6,Smartphone,9.1,5,False,Sometimes,8.0,94,4.0,Beneficial
17,Male,High School,YouTube,6.8,3.0,Smartphone,7.1,2,True,Sometimes,8.0,81,2.93,Beneficial
20,Female,Undergraduate,YouTube,2.7,1.6,Smartphone,7.4,4,True,Frequently,0.0,98,4.0,Beneficial
16,Male,High School,TikTok,7.7,2.7,Smartphone,6.5,2,True,Rarely,20.0,60,3.84,Beneficial
22,Non-Binary,Undergraduate,Instagram,5.8,2.4,Smartphone,6.8,3,True,Rarely,11.0,74,2.93,Beneficial
17,Female,High School,Reddit,8.3,1.4,Smartphone,4.4,1,True,Frequently,8.0,74,2.66,Beneficial
18,Male,Undergraduate,TikTok,5.6,2.3,Smartphone,7.6,3,True,Rarely,11.0,91,3.17,Beneficial
17,Male,High School,YouTube,4.5,0.9,Smartphone,7.9,3,True,Sometimes,2.0,94,3.52,Beneficial
17,Male,High School,TikTok,3.7,1.8,Smartphone,6.7,2,True,Never,13.0,92,3.76,Beneficial
17,Female,High School,Instagram,7.9,2.6,Smartphone,5.6,2,True,Rarely,25.0,70,2.79,Neutral
17,Male,High School,TikTok,3.8,2.1,Smartphone,7.7,2,True,Frequently,4.0,90,4.0,Beneficial
17,Male,High School,YouTube,3.9,1.8,Smartphone,7.6,3,True,Rarely,11.0,84,3.89,Beneficial
15,Female,High School,Instagram,6.6,0.7,Smartphone,7.1,2,True,Rarely,11.0,70,3.46,Beneficial
19,Male,Undergraduate,X (Twitter),5.1,2.6,Smartphone,8.2,3,True,Sometimes,9.0,87,4.0,Beneficial
17,Female,High School,YouTube,5.2,2.3,Smartphone,7.4,3,True,Rarely,5.0,86,3.67,Beneficial
22,Female,Postgraduate,Instagram,3.5,2.6,Smartphone,7.1,3,False,Never,16.0,87,3.97,Beneficial
16,Female,High School,TikTok,4.0,1.0,Smartphone,8.6,3,False,Never,7.0,96,3.55,Beneficial
19,Male,Undergraduate,X (Twitter),11.7,1.2,Smartphone,4.7,1,True,Sometimes,24.0,54,2.64,Neutral
18,Female,Undergraduate,Snapchat,5.1,2.0,Smartphone,4.4,1,False,Never,19.0,86,3.44,Beneficial
18,Male,Undergraduate,Snapchat,5.0,3.2,Laptop/PC,7.1,1,False,Rarely,7.0,70,3.77,Beneficial
18,Female,Undergraduate,TikTok,3.9,0.7,Smartphone,5.5,1,True,Sometimes,7.0,89,3.33,Beneficial
15,Female,High School,YouTube,3.0,2.6,Smartphone,6.0,3,True,Sometimes,5.0,85,3.48,Beneficial
18,Female,Undergraduate,Instagram,4.4,2.5,Smartphone,8.0,5,False,Sometimes,12.0,91,3.12,Beneficial
23,Female,Postgraduate,Reddit,4.4,1.8,Laptop/PC,9.1,3,False,Frequently,19.0,87,3.91,Beneficial
16,Male,High School,Instagram,3.6,1.8,Laptop/PC,5.0,2,True,Frequently,18.0,71,2.92,Neutral
18,Male,Undergraduate,YouTube,8.9,1.5,Tablet,5.4,1,True,Frequently,19.0,62,3.16,Neutral
18,Female,Undergraduate,Instagram,1.8,1.6,Smartphone,7.6,3,False,Sometimes,13.0,94,3.99,Beneficial
19,Male,Undergraduate,YouTube,3.8,2.0,Laptop/PC,7.5,3,False,Always,13.0,83,3.46,Beneficial
18,Male,Undergraduate,YouTube,2.9,1.4,Tablet,7.0,3,False,Frequently,13.0,90,3.64,Beneficial
16,Male,High School,TikTok,4.3,2.2,Smartphone,7.0,2,True,Frequently,13.0,92,3.58,Beneficial
18,Female,Undergraduate,TikTok,3.6,2.0,Smartphone,7.0,2,False,Always,8.0,81,3.38,Beneficial
22,Male,Postgraduate,Instagram,4.9,2.9,Smartphone,7.6,3,False,Never,9.0,83,3.26,Beneficial
18,Female,High School,Instagram,4.6,0.9,Smartphone,6.0,2,True,Frequently,27.0,81,3.84,Beneficial
18,Female,High School,Instagram,4.6,1.0,Smartphone,7.3,3,False,Sometimes,12.0,85,3.81,Beneficial
24,Male,Undergraduate,TikTok,3.7,1.5,Smartphone,7.5,5,True,Frequently,13.0,91,3.17,Beneficial
19,Female,Undergraduate,TikTok,7.9,2.9,Smartphone,4.9,2,True,Rarely,24.0,72,2.94,Neutral
18,Male,Undergraduate,TikTok,2.9,2.3,Smartphone,7.6,3,False,Rarely,2.0,98,3.63,Beneficial
18,Male,Undergraduate,TikTok,7.7,0.7,Smartphone,6.9,2,True,Sometimes,16.0,74,3.46,Beneficial
18,Male,Undergraduate,TikTok,4.4,1.8,Smartphone,7.1,3,False,Frequently,15.0,82,3.4,Beneficial
18,Male,Undergraduate,Instagram,5.1,1.8,Smartphone,5.6,2,True,Rarely,19.0,73,3.37,Beneficial
18,Male,Undergraduate,YouTube,8.7,2.7,Smartphone,7.2,3,True,Rarely,26.0,62,2.86,Neutral
18,Female,Undergraduate,Instagram,7.6,1.7,Laptop/PC,5.4,1,True,Rarely,18.0,64,3.12,Neutral
18,Male,Undergraduate,TikTok,5.6,1.9,Smartphone,8.0,2,True,Always,12.0,83,3.4,Beneficial
16,Non-Binary,High School,YouTube,4.0,2.2,Smartphone,5.9,3,True,Frequently,16.0,73,3.41,Beneficial
21,Male,Undergraduate,Snapchat,3.1,2.1,Smartphone,6.7,3,True,Always,10.0,92,3.18,Beneficial
21,Male,Undergraduate,TikTok,4.6,2.9,Laptop/PC,8.3,5,False,Frequently,17.0,82,3.64,Beneficial
16,Male,High School,Instagram,1.7,1.9,Smartphone,8.2,3,False,Always,6.0,98,3.45,Beneficial
17,Male,High School,Instagram,2.5,0.0,Smartphone,6.8,3,True,Frequently,4.0,89,3.62,Beneficial
21,Male,Undergraduate,YouTube,1.9,1.8,Smartphone,8.8,5,False,Sometimes,7.0,98,3.49,Beneficial
17,Female,High School,YouTube,4.2,1.1,Smartphone,5.8,2,True,Sometimes,11.0,80,3.89,Beneficial
18,Male,High School,TikTok,3.9,2.3,Smartphone,6.1,2,False,Never,24.0,81,3.21,Beneficial
22,Female,Postgraduate,Instagram,5.7,1.9,Smartphone,6.3,2,True,Always,16.0,70,3.43,Beneficial
18,Male,Undergraduate,YouTube,4.4,2.1,Smartphone,6.3,2,False,Sometimes,14.0,80,3.32,Beneficial
17,Male,High School,Reddit,6.9,1.5,Smartphone,6.7,1,True,Frequently,16.0,74,3.33,Beneficial
17,Female,High School,Instagram,3.6,1.0,Smartphone,8.1,5,False,Sometimes,10.0,85,3.42,Beneficial
18,Male,Undergraduate,TikTok,4.8,2.3,Smartphone,6.9,3,False,Frequently,15.0,73,3.69,Beneficial
23,Female,Undergraduate,Instagram,7.3,1.5,Smartphone,6.7,2,True,Rarely,14.0,69,3.09,Beneficial
17,Male,High School,TikTok,6.4,2.0,Smartphone,6.7,3,True,Rarely,19.0,79,3.02,Beneficial
16,Female,High School,Instagram,4.3,2.4,Laptop/PC,8.4,4,True,Frequently,13.0,94,3.72,Beneficial
16,Female,High School,YouTube,4.2,2.1,Smartphone,8.3,4,False,Sometimes,12.0,94,3.56,Beneficial
18,Male,High School,X (Twitter),5.7,1.2,Smartphone,6.7,3,True,Sometimes,9.0,80,3.2,Beneficial
17,Female,High School,TikTok,6.4,1.8,Smartphone,5.6,2,True,Sometimes,20.0,73,3.38,Beneficial
19,Male,Undergraduate,YouTube,3.0,1.6,Laptop/PC,7.7,4,False,Sometimes,9.0,96,4.0,Beneficial
18,Male,Undergraduate,TikTok,10.4,1.9,Smartphone,4.8,1,False,Sometimes,29.0,56,2.37,Negative
21,Female,Undergraduate,Instagram,8.1,2.0,Smartphone,6.5,2,True,Sometimes,21.0,69,2.91,Neutral
19,Female,Undergraduate,Instagram,6.3,1.8,Smartphone,6.8,2,True,Frequently,13.0,85,3.08,Beneficial
18,Female,Undergraduate,Reddit,2.8,3.1,Smartphone,7.3,3,False,Frequently,10.0,98,3.76,Beneficial
20,Male,Undergraduate,Instagram,4.7,1.5,Smartphone,7.5,3,False,Sometimes,7.0,93,3.36,Beneficial
22,Male,Postgraduate,Reddit,4.6,0.0,Smartphone,7.0,3,True,Never,12.0,78,3.61,Beneficial
17,Female,High School,Instagram,4.4,0.9,Smartphone,6.0,3,False,Frequently,11.0,86,3.44,Beneficial
18,Female,Undergraduate,Snapchat,5.4,2.7,Smartphone,7.3,3,True,Sometimes,2.0,78,3.82,Beneficial
17,Male,High School,X (Twitter),3.5,1.7,Smartphone,7.9,4,True,Rarely,18.0,84,3.53,Beneficial
20,Male,Undergraduate,Instagram,10.1,2.5,Smartphone,4.8,1,True,Rarely,25.0,53,2.94,Neutral
18,Male,Undergraduate,TikTok,2.9,1.7,Smartphone,8.0,4,True,Sometimes,16.0,68,3.16,Beneficial
18,Male,Undergraduate,YouTube,5.1,2.0,Smartphone,5.3,1,False,Always,18.0,67,3.2,Beneficial
20,Male,Undergraduate,Reddit,3.3,2.3,Smartphone,7.9,4,False,Always,7.0,91,3.79,Beneficial
17,Female,High School,YouTube,2.1,1.7,Laptop/PC,7.7,3,False,Sometimes,3.0,98,3.76,Beneficial
17,Female,High School,TikTok,4.8,2.4,Smartphone,8.1,3,True,Frequently,11.0,88,3.68,Beneficial
18,Female,Undergraduate,TikTok,2.2,2.2,Laptop/PC,8.2,4,False,Frequently,4.0,85,3.56,Beneficial
20,Female,Undergraduate,TikTok,3.8,1.5,Smartphone,6.8,2,False,Rarely,11.0,74,3.31,Beneficial
19,Female,Undergraduate,YouTube,7.5,2.0,Smartphone,6.8,2,False,Sometimes,12.0,71,3.37,Beneficial
20,Male,Undergraduate,TikTok,5.0,2.3,Smartphone,7.2,3,True,Always,15.0,98,3.46,Beneficial
21,Female,Undergraduate,TikTok,5.7,1.1,Smartphone,4.7,2,True,Sometimes,24.0,61,2.61,Neutral
16,Female,High School,Instagram,4.6,1.3,Smartphone,7.2,3,False,Frequently,7.0,82,3.34,Beneficial
19,Male,Undergraduate,TikTok,6.6,2.4,Smartphone,5.9,1,True,Rarely,13.0,82,3.4,Beneficial
21,Female,Undergraduate,YouTube,3.2,1.7,Smartphone,7.3,3,True,Frequently,7.0,79,3.82,Beneficial
21,Female,Undergraduate,Instagram,10.0,1.4,Smartphone,3.8,1,True,Rarely,36.0,34,2.65,Negative
20,Male,Undergraduate,Snapchat,2.2,2.3,Laptop/PC,8.6,4,True,Sometimes,2.0,93,3.33,Beneficial
18,Male,Undergraduate,Instagram,2.4,2.2,Smartphone,7.9,3,False,Sometimes,5.0,91,4.0,Beneficial
19,Female,Undergraduate,YouTube,4.5,1.7,Smartphone,6.0,3,False,Always,15.0,74,3.23,Beneficial
22,Male,Postgraduate,TikTok,11.3,0.8,Smartphone,5.5,1,True,Frequently,20.0,55,3.04,Neutral
18,Female,Undergraduate,Instagram,6.1,2.2,Smartphone,5.9,3,True,Rarely,10.0,79,3.39,Beneficial
17,Female,High School,Snapchat,8.3,2.3,Smartphone,5.5,1,True,Sometimes,12.0,62,2.71,Neutral
21,Non-Binary,Undergraduate,TikTok,4.6,1.5,Smartphone,7.1,2,False,Frequently,5.0,95,3.44,Beneficial
19,Female,Undergraduate,X (Twitter),6.7,2.2,Laptop/PC,5.5,2,True,Frequently,11.0,73,3.45,Beneficial
22,Male,Undergraduate,Instagram,4.8,2.7,Smartphone,6.1,1,True,Never,14.0,86,3.21,Beneficial
16,Female,High School,Instagram,4.0,2.0,Smartphone,5.8,2,True,Frequently,4.0,87,3.52,Beneficial
18,Male,Undergraduate,Instagram,3.8,1.9,Smartphone,7.1,3,False,Frequently,3.0,96,3.8,Beneficial
22,Male,Undergraduate,TikTok,7.5,2.0,Smartphone,5.1,2,True,Frequently,15.0,63,3.43,Beneficial
21,Female,Undergraduate,TikTok,3.8,1.1,Smartphone,6.3,2,True,Sometimes,9.0,81,3.94,Beneficial
19,Female,Undergraduate,YouTube,9.3,0.4,Smartphone,5.1,1,True,Sometimes,23.0,62,3.04,Neutral
17,Female,High School,Instagram,4.8,2.2,Laptop/PC,5.8,1,True,Frequently,8.0,78,3.9,Beneficial
15,Male,High School,X (Twitter),4.2,1.2,Smartphone,8.0,4,True,Always,8.0,87,3.99,Beneficial
17,Male,High School,Instagram,3.8,1.6,Laptop/PC,6.6,3,True,Frequently,5.0,89,4.0,Beneficial
26,Female,Postgraduate,Instagram,3.9,1.4,Laptop/PC,8.3,3,False,Rarely,9.0,87,3.84,Beneficial
16,Female,High School,TikTok,3.7,2.8,Smartphone,6.8,3,False,Sometimes,5.0,95,3.44,Beneficial
18,Female,Undergraduate,TikTok,4.0,4.0,Smartphone,7.7,5,True,Always,16.0,84,3.48,Beneficial
19,Male,Undergraduate,Snapchat,2.9,2.3,Smartphone,7.1,4,True,Never,6.0,95,3.94,Beneficial
18,Female,Undergraduate,X (Twitter),8.8,1.9,Smartphone,6.0,1,True,Sometimes,14.0,68,2.85,Beneficial
20,Male,Undergraduate,Instagram,6.1,1.0,Smartphone,6.8,1,True,Always,17.0,75,3.26,Beneficial
21,Male,Undergraduate,Instagram,2.3,0.6,Smartphone,8.1,5,False,Frequently,11.0,98,3.57,Beneficial
20,Female,Undergraduate,YouTube,5.2,1.7,Smartphone,7.0,3,True,Always,12.0,85,3.69,Beneficial
17,Male,High School,Instagram,2.9,0.8,Smartphone,7.4,3,False,Rarely,5.0,97,3.62,Beneficial
19,Male,Undergraduate,TikTok,6.1,3.1,Laptop/PC,7.6,3,True,Sometimes,14.0,83,3.09,Beneficial
17,Female,High School,Snapchat,9.4,0.3,Smartphone,4.9,1,True,Always,16.0,77,3.42,Beneficial
20,Female,Undergraduate,TikTok,8.8,1.6,Smartphone,4.9,1,False,Sometimes,27.0,69,3.1,Neutral
17,Female,High School,YouTube,4.4,2.6,Smartphone,6.2,2,False,Sometimes,14.0,88,3.06,Beneficial
19,Female,Undergraduate,YouTube,7.7,0.6,Laptop/PC,5.0,1,True,Frequently,13.0,76,3.38,Beneficial
15,Female,High School,Snapchat,3.6,0.2,Smartphone,5.8,1,False,Sometimes,12.0,81,3.43,Beneficial
22,Male,Postgraduate,YouTube,6.9,2.7,Smartphone,6.8,1,True,Rarely,15.0,64,3.35,Beneficial
17,Female,High School,Instagram,2.7,0.4,Smartphone,7.5,3,False,Frequently,0.0,89,4.0,Beneficial
18,Female,Undergraduate,Instagram,4.3,1.3,Smartphone,7.8,3,False,Sometimes,8.0,86,3.77,Beneficial
16,Male,High School,TikTok,4.6,1.4,Smartphone,7.5,3,True,Sometimes,9.0,78,3.84,Beneficial
18,Male,Undergraduate,Instagram,1.3,2.5,Smartphone,8.1,4,False,Never,1.0,98,4.0,Beneficial
17,Female,High School,TikTok,3.5,2.1,Smartphone,6.7,2,True,Sometimes,8.0,98,3.74,Beneficial
15,Male,High School,TikTok,4.4,1.8,Laptop/PC,6.1,2,False,Frequently,13.0,79,3.48,Beneficial
17,Male,High School,TikTok,10.9,1.3,Smartphone,4.8,1,True,Frequently,28.0,63,2.98,Neutral
15,Male,High School,YouTube,4.3,2.5,Smartphone,7.4,2,False,Never,12.0,93,3.51,Beneficial
22,Female,Postgraduate,YouTube,6.7,2.5,Smartphone,6.3,2,True,Always,18.0,71,3.01,Beneficial
20,Male,Undergraduate,Instagram,4.8,0.7,Smartphone,5.9,3,False,Frequently,15.0,74,3.89,Beneficial
17,Female,High School,YouTube,5.2,2.0,Smartphone,5.7,2,True,Frequently,24.0,79,3.32,Beneficial
18,Male,Undergraduate,Instagram,2.1,1.5,Smartphone,7.2,4,False,Rarely,5.0,98,3.75,Beneficial
26,Male,Postgraduate,Snapchat,5.8,1.9,Smartphone,7.2,3,False,Frequently,14.0,85,3.48,Beneficial
18,Female,Undergraduate,Snapchat,5.4,0.9,Smartphone,6.6,3,True,Never,17.0,72,3.1,Beneficial
19,Non-Binary,Undergraduate,Snapchat,4.2,1.3,Smartphone,6.5,2,False,Rarely,18.0,89,3.33,Beneficial
18,Female,Undergraduate,TikTok,6.6,0.7,Smartphone,5.8,3,True,Sometimes,14.0,73,3.61,Beneficial
18,Female,Undergraduate,Instagram,3.6,2.1,Laptop/PC,8.0,4,True,Sometimes,8.0,86,3.71,Beneficial
16,Female,High School,YouTube,8.9,1.5,Smartphone,5.0,1,True,Frequently,21.0,54,2.91,Neutral
17,Female,High School,TikTok,3.9,1.7,Smartphone,8.1,3,False,Frequently,8.0,90,3.96,Beneficial
18,Female,Undergraduate,TikTok,3.1,2.8,Smartphone,6.9,2,False,Sometimes,16.0,82,3.04,Beneficial
18,Female,Undergraduate,Instagram,5.9,1.8,Smartphone,6.4,1,True,Frequently,11.0,76,3.41,Beneficial
18,Male,Undergraduate,TikTok,5.7,1.5,Laptop/PC,6.4,2,True,Rarely,18.0,70,2.94,Neutral
20,Female,Undergraduate,YouTube,6.0,0.2,Smartphone,5.8,2,False,Sometimes,12.0,80,3.5,Beneficial
18,Female,High School,Instagram,5.0,1.5,Smartphone,7.9,4,False,Rarely,6.0,88,3.54,Beneficial
18,Female,Undergraduate,YouTube,3.5,2.3,Smartphone,6.4,3,False,Sometimes,11.0,86,3.47,Beneficial
22,Female,Postgraduate,TikTok,5.6,1.1,Smartphone,7.7,4,True,Always,13.0,82,3.12,Beneficial
21,Female,Undergraduate,Instagram,6.1,2.4,Laptop/PC,6.4,2,False,Sometimes,8.0,79,3.34,Beneficial
19,Male,High School,TikTok,5.8,1.6,Smartphone,7.5,2,True,Never,20.0,80,2.93,Beneficial
20,Male,Undergraduate,YouTube,1.6,1.4,Laptop/PC,8.5,4,False,Sometimes,3.0,98,3.84,Beneficial
18,Male,Undergraduate,Instagram,5.9,1.6,Laptop/PC,5.8,3,True,Frequently,23.0,70,3.27,Neutral
16,Male,High School,TikTok,10.6,3.7,Smartphone,4.9,1,True,Sometimes,26.0,60,3.46,Neutral
22,Prefer not to say,Postgraduate,Instagram,1.9,1.9,Smartphone,8.8,4,True,Frequently,0.0,98,3.89,Beneficial
17,Prefer not to say,High School,Instagram,7.6,1.0,Laptop/PC,6.2,1,False,Always,26.0,60,3.04,Neutral
21,Male,Undergraduate,Instagram,5.1,2.6,Tablet,5.5,2,False,Always,16.0,84,4.0,Beneficial
20,Female,Undergraduate,TikTok,12.4,1.1,Smartphone,3.3,1,False,Never,22.0,47,2.57,Neutral
17,Female,High School,YouTube,3.8,2.4,Laptop/PC,8.4,3,True,Always,14.0,92,3.49,Beneficial
23,Male,Postgraduate,Instagram,12.0,1.2,Smartphone,4.8,1,True,Frequently,37.0,48,2.93,Negative
17,Male,High School,Snapchat,1.8,2.3,Laptop/PC,5.9,3,True,Always,5.0,81,3.31,Beneficial
15,Female,High School,YouTube,1.0,1.1,Smartphone,8.2,4,True,Rarely,0.0,98,3.64,Beneficial
17,Male,High School,Instagram,7.2,2.3,Smartphone,6.5,2,True,Never,17.0,82,3.75,Beneficial
16,Female,High School,YouTube,2.9,1.4,Smartphone,7.5,3,False,Rarely,10.0,93,2.98,Beneficial
18,Female,Undergraduate,Instagram,5.5,2.0,Smartphone,6.5,4,True,Frequently,18.0,83,3.59,Beneficial
19,Male,Undergraduate,Instagram,4.0,1.7,Smartphone,7.3,3,False,Sometimes,10.0,86,4.0,Beneficial
15,Male,High School,Reddit,2.1,1.4,Smartphone,7.1,3,True,Frequently,7.0,89,3.68,Beneficial
18,Female,Undergraduate,TikTok,5.1,1.5,Smartphone,6.7,3,True,Frequently,18.0,86,3.63,Beneficial
20,Female,Undergraduate,Reddit,3.8,0.8,Laptop/PC,6.2,3,True,Frequently,11.0,89,3.46,Beneficial
20,Male,Undergraduate,TikTok,7.0,1.5,Laptop/PC,5.5,1,True,Sometimes,17.0,66,2.89,Neutral
18,Male,High School,TikTok,2.5,2.1,Smartphone,7.7,3,False,Frequently,6.0,93,3.8,Beneficial
18,Male,Undergraduate,Snapchat,3.7,1.3,Smartphone,6.0,2,False,Sometimes,21.0,78,3.9,Beneficial
19,Female,Undergraduate,TikTok,2.3,2.4,Smartphone,7.4,3,False,Sometimes,0.0,95,3.7,Beneficial
21,Male,Undergraduate,TikTok,1.9,1.9,Laptop/PC,8.4,4,True,Frequently,8.0,97,3.39,Beneficial
20,Female,High School,Snapchat,2.1,1.2,Smartphone,8.0,3,True,Sometimes,8.0,96,4.0,Beneficial
18,Female,Undergraduate,Instagram,7.7,1.8,Smartphone,5.5,1,True,Sometimes,23.0,66,3.35,Neutral
17,Female,High School,X (Twitter),6.9,1.2,Smartphone,6.3,2,False,Rarely,17.0,68,3.41,Beneficial
20,Male,Undergraduate,TikTok,2.2,1.4,Smartphone,7.1,3,True,Frequently,7.0,78,3.61,Beneficial
19,Female,Undergraduate,Instagram,4.9,2.4,Laptop/PC,6.6,3,False,Never,16.0,80,3.72,Beneficial
17,Female,High School,Snapchat,6.5,1.5,Smartphone,5.1,2,True,Sometimes,11.0,69,3.21,Beneficial
21,Male,Undergraduate,TikTok,3.1,2.2,Smartphone,5.4,3,False,Sometimes,10.0,82,3.46,Beneficial
17,Prefer not to say,High School,Instagram,4.7,1.3,Smartphone,7.4,3,False,Always,13.0,86,3.86,Beneficial
20,Female,Undergraduate,TikTok,5.2,1.9,Smartphone,6.3,3,True,Frequently,13.0,89,3.63,Beneficial
19,Male,Undergraduate,TikTok,5.6,1.5,Smartphone,5.3,1,True,Sometimes,24.0,68,3.07,Neutral
19,Female,Undergraduate,TikTok,4.1,1.1,Smartphone,8.5,3,False,Sometimes,16.0,86,3.52,Beneficial
19,Male,Undergraduate,Snapchat,4.4,2.1,Laptop/PC,6.1,2,True,Sometimes,20.0,87,3.08,Beneficial
15,Female,High School,Instagram,4.8,2.3,Smartphone,5.9,3,True,Sometimes,14.0,81,2.71,Beneficial
16,Female,High School,TikTok,4.1,2.2,Smartphone,6.1,2,False,Frequently,16.0,82,3.43,Beneficial
19,Male,Undergraduate,TikTok,9.0,2.7,Smartphone,4.7,1,True,Sometimes,27.0,63,2.97,Neutral
17,Female,High School,Snapchat,6.8,1.6,Smartphone,5.9,1,False,Sometimes,15.0,89,3.73,Beneficial
26,Male,Postgraduate,Reddit,6.4,1.4,Laptop/PC,4.7,1,True,Never,15.0,72,3.9,Beneficial
19,Female,High School,X (Twitter),3.1,1.9,Smartphone,7.9,3,False,Rarely,1.0,98,4.0,Beneficial
21,Female,Undergraduate,Instagram,4.8,2.8,Laptop/PC,9.0,3,True,Sometimes,14.0,78,3.54,Beneficial
20,Male,Undergraduate,Instagram,4.7,2.2,Smartphone,8.0,2,True,Frequently,13.0,87,3.77,Beneficial
19,Male,Undergraduate,Instagram,2.7,0.4,Smartphone,7.4,1,True,Frequently,9.0,85,3.19,Beneficial
21,Male,Undergraduate,Snapchat,2.4,1.8,Smartphone,7.3,3,False,Rarely,11.0,94,3.57,Beneficial
18,Female,Undergraduate,YouTube,2.6,1.3,Smartphone,5.7,3,True,Always,16.0,84,3.52,Beneficial
18,Male,Undergraduate,TikTok,6.1,2.1,Smartphone,6.1,3,True,Sometimes,20.0,70,2.86,Neutral
20,Prefer not to say,Undergraduate,Reddit,14.0,2.4,Smartphone,3.7,1,True,Sometimes,36.0,47,2.99,Negative
18,Male,High School,Snapchat,3.1,2.0,Smartphone,6.9,3,False,Always,8.0,91,3.85,Beneficial
19,Male,Undergraduate,TikTok,11.5,2.0,Laptop/PC,4.7,1,False,Frequently,31.0,58,3.15,Neutral
18,Male,Undergraduate,TikTok,2.0,1.4,Smartphone,7.2,3,False,Always,8.0,94,3.86,Beneficial
22,Male,Postgraduate,TikTok,3.9,1.1,Laptop/PC,7.2,3,False,Frequently,11.0,92,3.56,Beneficial
17,Female,High School,Instagram,3.5,2.6,Smartphone,6.6,2,True,Frequently,13.0,86,3.49,Beneficial
19,Male,Undergraduate,Instagram,4.5,1.6,Smartphone,7.4,5,False,Never,7.0,89,3.97,Beneficial
18,Male,Undergraduate,Instagram,2.6,2.0,Tablet,6.5,3,True,Frequently,10.0,98,3.54,Beneficial
19,Female,Undergraduate,X (Twitter),6.2,0.3,Tablet,8.4,3,False,Frequently,11.0,88,3.51,Beneficial
19,Prefer not to say,Undergraduate,Instagram,5.7,1.5,Smartphone,6.9,2,True,Frequently,13.0,89,3.12,Beneficial
16,Female,High School,YouTube,7.0,1.6,Smartphone,5.3,1,True,Sometimes,2.0,74,4.0,Beneficial
20,Female,Undergraduate,Instagram,4.9,1.1,Smartphone,7.6,4,False,Frequently,16.0,81,3.44,Beneficial
17,Male,High School,TikTok,10.5,2.4,Smartphone,7.4,2,True,Sometimes,25.0,75,3.3,Neutral
21,Male,Undergraduate,Instagram,9.3,2.6,Smartphone,5.1,1,True,Rarely,27.0,64,3.42,Neutral
18,Female,Undergraduate,TikTok,9.2,1.4,Smartphone,5.1,1,True,Rarely,23.0,58,2.97,Neutral
19,Male,Undergraduate,YouTube,1.6,1.9,Smartphone,7.2,3,False,Always,10.0,90,3.61,Beneficial
21,Male,Undergraduate,Instagram,3.5,1.8,Smartphone,7.0,4,True,Sometimes,9.0,86,3.53,Beneficial
19,Male,Undergraduate,YouTube,6.3,2.2,Smartphone,5.4,2,True,Always,18.0,73,3.38,Beneficial
20,Female,Undergraduate,Instagram,3.9,2.0,Smartphone,5.8,2,True,Frequently,15.0,78,3.16,Beneficial
19,Male,High School,TikTok,6.3,2.4,Smartphone,7.0,2,True,Sometimes,23.0,71,3.52,Neutral
17,Male,High School,TikTok,3.2,1.3,Smartphone,7.7,4,False,Frequently,11.0,89,3.89,Beneficial
20,Male,Undergraduate,Reddit,3.8,2.0,Smartphone,6.7,4,True,Sometimes,15.0,87,3.37,Beneficial
21,Male,Undergraduate,YouTube,7.9,2.2,Smartphone,6.0,2,True,Sometimes,20.0,79,2.99,Beneficial
20,Male,Undergraduate,Snapchat,5.3,0.4,Smartphone,7.1,3,False,Sometimes,20.0,71,3.78,Beneficial
15,Female,High School,Instagram,3.7,2.0,Smartphone,6.2,3,True,Frequently,5.0,84,3.68,Beneficial
19,Male,Undergraduate,TikTok,10.5,1.2,Smartphone,4.8,1,True,Sometimes,29.0,48,3.28,Neutral
18,Male,Undergraduate,Instagram,5.8,1.9,Smartphone,7.2,2,True,Rarely,13.0,81,3.82,Beneficial
16,Female,High School,YouTube,3.9,1.0,Smartphone,7.8,3,False,Rarely,3.0,90,3.28,Beneficial
16,Male,High School,Instagram,5.8,2.6,Smartphone,6.9,4,False,Frequently,11.0,86,2.89,Beneficial
20,Male,Undergraduate,Reddit,11.7,2.1,Smartphone,4.8,1,True,Frequently,27.0,57,2.84,Neutral
19,Male,Undergraduate,TikTok,1.9,1.7,Smartphone,7.1,4,False,Sometimes,0.0,90,3.9,Beneficial
21,Female,Undergraduate,TikTok,6.7,2.1,Smartphone,6.3,3,True,Always,13.0,81,3.56,Beneficial
19,Male,High School,TikTok,5.0,2.1,Smartphone,6.5,2,True,Frequently,21.0,74,3.54,Beneficial
17,Female,High School,Instagram,4.9,2.4,Laptop/PC,6.0,2,False,Frequently,11.0,87,3.36,Beneficial
18,Female,Undergraduate,Reddit,5.0,1.6,Smartphone,6.7,2,True,Sometimes,11.0,90,2.96,Beneficial
19,Male,Undergraduate,TikTok,3.8,0.6,Smartphone,7.2,2,False,Sometimes,8.0,89,3.11,Beneficial
20,Female,Undergraduate,Instagram,3.3,2.6,Smartphone,8.2,3,False,Frequently,14.0,83,3.73,Beneficial
18,Male,Undergraduate,YouTube,2.6,2.2,Smartphone,8.3,3,False,Frequently,7.0,98,3.74,Beneficial
24,Female,Postgraduate,X (Twitter),6.8,0.0,Smartphone,6.4,2,True,Never,10.0,82,3.48,Beneficial
19,Female,Undergraduate,LinkedIn,2.1,1.2,Smartphone,8.0,3,False,Rarely,2.0,91,3.85,Beneficial
15,Female,High School,TikTok,2.3,1.5,Smartphone,7.3,3,True,Sometimes,4.0,98,3.88,Beneficial
15,Female,High School,YouTube,4.2,1.7,Laptop/PC,7.2,3,False,Sometimes,10.0,84,3.41,Beneficial
20,Female,Undergraduate,Snapchat,4.9,3.3,Smartphone,6.4,2,False,Frequently,6.0,77,3.37,Beneficial
19,Female,Undergraduate,Instagram,6.8,0.7,Smartphone,5.8,3,False,Sometimes,15.0,75,2.8,Beneficial
20,Male,Undergraduate,TikTok,2.7,1.4,Laptop/PC,7.2,3,True,Sometimes,5.0,84,3.49,Beneficial
21,Male,Undergraduate,TikTok,4.3,1.3,Smartphone,8.1,3,False,Rarely,14.0,94,3.46,Beneficial
19,Male,Undergraduate,Snapchat,2.7,1.8,Smartphone,7.3,4,False,Frequently,10.0,85,3.85,Beneficial
19,Male,Undergraduate,TikTok,1.4,0.5,Laptop/PC,6.9,4,True,Sometimes,7.0,96,3.4,Beneficial
17,Female,High School,TikTok,3.7,2.0,Smartphone,8.1,3,False,Rarely,8.0,98,3.49,Beneficial
19,Female,Undergraduate,TikTok,3.9,3.6,Tablet,7.4,3,False,Frequently,12.0,81,3.51,Beneficial
21,Male,Undergraduate,TikTok,3.4,1.9,Smartphone,7.2,3,False,Always,0.0,80,3.36,Beneficial
20,Female,Undergraduate,YouTube,4.5,1.0,Smartphone,7.0,3,True,Never,16.0,90,3.56,Beneficial
16,Female,High School,X (Twitter),4.9,1.2,Smartphone,6.7,2,False,Sometimes,10.0,86,4.0,Beneficial
21,Female,Undergraduate,Instagram,8.0,2.0,Smartphone,5.8,2,True,Frequently,19.0,60,2.71,Neutral
18,Female,Undergraduate,YouTube,11.2,2.5,Smartphone,6.0,1,False,Frequently,29.0,65,2.48,Neutral
19,Female,Undergraduate,Instagram,2.8,2.7,Smartphone,6.4,3,False,Sometimes,13.0,90,3.73,Beneficial
21,Male,Undergraduate,TikTok,3.1,1.5,Smartphone,8.9,4,True,Rarely,7.0,98,4.0,Beneficial
22,Male,Postgraduate,X (Twitter),4.5,0.9,Laptop/PC,7.5,3,False,Sometimes,21.0,80,3.2,Beneficial
20,Male,Undergraduate,TikTok,14.0,2.2,Smartphone,4.4,1,False,Sometimes,24.0,45,2.83,Neutral
16,Female,High School,TikTok,7.1,1.7,Laptop/PC,7.2,2,True,Rarely,11.0,66,3.54,Beneficial
17,Female,High School,TikTok,5.2,1.1,Smartphone,7.6,3,True,Always,14.0,82,3.37,Beneficial
18,Male,Undergraduate,YouTube,5.0,2.8,Smartphone,6.9,2,False,Sometimes,16.0,72,3.64,Beneficial
18,Non-Binary,Undergraduate,Reddit,9.5,2.0,Smartphone,4.1,1,True,Sometimes,26.0,60,2.7,Neutral
18,Female,Undergraduate,TikTok,3.2,1.5,Smartphone,7.2,4,True,Never,7.0,80,3.79,Beneficial
17,Male,High School,X (Twitter),7.2,1.8,Smartphone,5.9,2,True,Rarely,17.0,74,3.41,Beneficial
20,Male,Undergraduate,YouTube,2.4,2.6,Smartphone,9.2,4,True,Frequently,0.0,98,3.62,Beneficial
18,Female,Undergraduate,Instagram,3.5,2.9,Smartphone,6.9,2,True,Sometimes,10.0,85,3.26,Beneficial
19,Male,High School,YouTube,4.4,2.0,Smartphone,7.2,3,False,Frequently,8.0,98,3.46,Beneficial
19,Prefer not to say,Undergraduate,TikTok,1.8,2.1,Smartphone,8.9,4,False,Frequently,0.0,98,4.0,Beneficial
19,Male,Undergraduate,Instagram,6.8,2.3,Smartphone,6.0,1,False,Sometimes,18.0,80,3.14,Beneficial
16,Male,High School,Instagram,5.5,2.7,Smartphone,6.3,2,True,Frequently,19.0,63,3.63,Beneficial
18,Male,Undergraduate,LinkedIn,3.9,2.8,Smartphone,8.3,3,False,Always,3.0,93,3.65,Beneficial
21,Female,Undergraduate,YouTube,1.2,1.7,Smartphone,6.1,3,False,Frequently,8.0,83,3.91,Beneficial
18,Male,Undergraduate,LinkedIn,5.9,2.1,Smartphone,6.8,3,True,Sometimes,15.0,77,3.47,Beneficial
18,Female,Undergraduate,TikTok,1.6,1.2,Smartphone,8.2,4,False,Sometimes,12.0,85,3.74,Beneficial
15,Male,High School,Instagram,2.8,1.6,Laptop/PC,6.2,2,True,Never,8.0,93,4.0,Beneficial
20,Male,Undergraduate,Snapchat,3.9,2.4,Smartphone,6.3,2,True,Rarely,15.0,81,3.56,Beneficial
18,Female,Undergraduate,TikTok,3.5,1.6,Smartphone,7.4,3,True,Frequently,18.0,79,3.94,Beneficial
15,Male,High School,YouTube,14.0,2.4,Smartphone,3.0,1,True,Never,26.0,51,2.11,Negative
18,Female,Undergraduate,Instagram,3.5,1.8,Laptop/PC,6.4,3,False,Frequently,8.0,89,3.6,Beneficial
18,Female,Undergraduate,Instagram,9.2,1.4,Smartphone,5.2,1,True,Frequently,24.0,68,2.63,Neutral
19,Male,Undergraduate,TikTok,3.2,0.9,Smartphone,7.2,3,True,Frequently,9.0,92,3.83,Beneficial
16,Male,High School,Instagram,3.2,1.8,Laptop/PC,7.9,4,True,Sometimes,9.0,94,3.76,Beneficial
17,Male,High School,Instagram,9.5,1.9,Smartphone,4.5,1,True,Frequently,25.0,62,2.54,Neutral
20,Male,Undergraduate,X (Twitter),7.0,2.3,Smartphone,7.4,2,True,Sometimes,15.0,74,3.49,Beneficial
18,Male,Undergraduate,Instagram,2.2,1.8,Smartphone,7.6,5,False,Frequently,8.0,89,4.0,Beneficial
17,Female,High School,YouTube,8.9,2.4,Smartphone,5.1,1,True,Sometimes,18.0,70,3.15,Beneficial
21,Female,Undergraduate,X (Twitter),6.9,1.0,Laptop/PC,6.3,1,True,Frequently,18.0,74,3.22,Beneficial
22,Male,Postgraduate,Instagram,11.5,0.9,Laptop/PC,4.0,1,True,Frequently,33.0,51,2.7,Negative
18,Male,Undergraduate,Reddit,7.7,0.6,Smartphone,4.8,1,False,Never,29.0,65,2.58,Neutral
21,Female,Undergraduate,TikTok,6.0,2.4,Smartphone,6.1,2,True,Sometimes,20.0,83,3.34,Beneficial
15,Female,High School,Instagram,7.4,1.6,Smartphone,4.8,1,True,Sometimes,20.0,68,2.86,Neutral
17,Male,High School,TikTok,2.9,1.8,Smartphone,6.8,3,True,Rarely,13.0,91,3.2,Beneficial
16,Prefer not to say,High School,Instagram,3.1,0.9,Smartphone,6.6,2,False,Sometimes,9.0,80,3.45,Beneficial
18,Male,High School,Instagram,9.5,1.7,Tablet,6.1,2,True,Sometimes,15.0,75,3.13,Beneficial
19,Male,Undergraduate,YouTube,5.3,0.8,Smartphone,6.2,3,True,Rarely,20.0,77,3.26,Beneficial
17,Male,High School,Instagram,10.0,1.6,Smartphone,4.8,1,True,Sometimes,21.0,57,3.15,Neutral
19,Male,Undergraduate,Instagram,4.2,1.0,Smartphone,6.6,3,False,Frequently,8.0,73,3.45,Beneficial
15,Female,High School,YouTube,2.5,1.6,Smartphone,6.0,2,True,Frequently,14.0,85,3.89,Beneficial
17,Male,High School,LinkedIn,4.5,0.6,Smartphone,7.2,3,True,Sometimes,18.0,88,3.59,Beneficial
18,Male,Undergraduate,TikTok,8.3,3.0,Smartphone,5.6,2,False,Rarely,22.0,69,3.31,Neutral
17,Male,High School,TikTok,4.2,1.1,Smartphone,7.9,5,False,Sometimes,9.0,90,4.0,Beneficial
20,Male,Undergraduate,Instagram,3.7,1.3,Laptop/PC,7.2,4,True,Rarely,11.0,93,3.7,Beneficial
22,Female,Postgraduate,LinkedIn,3.8,2.3,Laptop/PC,7.2,3,False,Frequently,15.0,77,3.76,Beneficial
21,Female,Undergraduate,Snapchat,4.1,0.8,Smartphone,6.4,3,False,Frequently,6.0,74,3.39,Beneficial
16,Male,High School,Instagram,10.3,1.7,Smartphone,4.1,1,True,Sometimes,20.0,52,2.36,Neutral
21,Female,Undergraduate,YouTube,5.2,2.3,Smartphone,6.1,2,True,Rarely,16.0,72,3.4,Beneficial
19,Female,Undergraduate,X (Twitter),8.0,2.0,Smartphone,5.9,1,True,Sometimes,16.0,68,3.29,Beneficial
17,Female,High School,TikTok,2.5,1.2,Smartphone,7.2,3,False,Sometimes,2.0,98,3.9,Beneficial
26,Female,Postgraduate,TikTok,1.1,1.5,Smartphone,8.3,4,True,Frequently,4.0,94,4.0,Beneficial
19,Male,Undergraduate,Snapchat,4.8,2.5,Laptop/PC,7.0,2,True,Frequently,9.0,86,3.66,Beneficial
20,Male,Undergraduate,Instagram,12.8,1.4,Smartphone,3.4,1,True,Sometimes,35.0,39,2.47,Negative
19,Female,Undergraduate,YouTube,11.3,1.1,Smartphone,4.0,1,False,Sometimes,20.0,58,2.98,Neutral
19,Female,Undergraduate,Instagram,5.7,1.7,Smartphone,6.6,2,True,Sometimes,16.0,89,3.46,Beneficial
20,Female,Undergraduate,Instagram,8.1,2.0,Smartphone,5.1,1,True,Sometimes,15.0,66,3.2,Beneficial
17,Male,High School,Instagram,3.3,1.6,Smartphone,7.4,3,False,Frequently,16.0,86,3.6,Beneficial
15,Female,High School,TikTok,3.1,1.8,Smartphone,7.1,3,False,Sometimes,1.0,96,3.08,Beneficial
18,Male,Undergraduate,Instagram,6.2,2.8,Smartphone,6.4,3,True,Always,11.0,87,3.1,Beneficial
17,Female,High School,TikTok,4.7,1.8,Smartphone,6.2,2,True,Sometimes,9.0,86,4.0,Beneficial
16,Male,High School,TikTok,3.3,1.8,Laptop/PC,6.8,2,False,Sometimes,17.0,87,3.39,Beneficial
18,Male,Undergraduate,TikTok,5.1,1.1,Smartphone,6.7,2,True,Frequently,13.0,73,3.16,Beneficial
17,Male,High School,Instagram,7.9,1.5,Laptop/PC,5.2,1,False,Frequently,28.0,60,3.45,Neutral
18,Female,Undergraduate,YouTube,7.4,1.6,Smartphone,6.5,3,True,Never,22.0,73,4.0,Beneficial
18,Male,Undergraduate,X (Twitter),4.0,2.0,Smartphone,7.6,4,False,Always,1.0,92,3.93,Beneficial
18,Female,Undergraduate,Instagram,1.3,1.9,Smartphone,10.5,5,True,Always,5.0,98,3.8,Beneficial
18,Female,High School,TikTok,5.6,1.2,Smartphone,7.6,3,True,Rarely,17.0,81,3.8,Beneficial
19,Female,Undergraduate,Reddit,2.9,2.9,Smartphone,8.0,5,True,Rarely,7.0,98,3.64,Beneficial
15,Female,High School,YouTube,3.0,1.3,Smartphone,6.1,2,True,Frequently,9.0,72,3.24,Beneficial
20,Female,Undergraduate,Snapchat,8.7,2.1,Smartphone,4.9,1,True,Frequently,13.0,66,3.0,Beneficial
15,Female,High School,TikTok,4.8,2.3,Smartphone,7.7,2,True,Sometimes,10.0,79,2.96,Beneficial
16,Female,High School,X (Twitter),4.7,1.1,Smartphone,8.2,2,False,Frequently,4.0,92,3.32,Beneficial
19,Female,Undergraduate,Instagram,4.0,1.6,Smartphone,7.2,2,False,Frequently,1.0,85,3.62,Beneficial
21,Male,Undergraduate,X (Twitter),5.2,0.8,Smartphone,7.4,2,True,Always,12.0,73,3.71,Beneficial
24,Male,Postgraduate,Instagram,9.1,3.1,Smartphone,5.4,1,True,Frequently,20.0,70,3.41,Beneficial
25,Female,Postgraduate,Instagram,6.8,1.5,Smartphone,7.9,3,True,Always,12.0,83,3.75,Beneficial
19,Male,Undergraduate,Snapchat,5.1,1.6,Smartphone,8.1,3,True,Sometimes,14.0,90,3.06,Beneficial
20,Male,Undergraduate,YouTube,9.4,2.0,Laptop/PC,6.3,1,True,Sometimes,20.0,70,2.39,Neutral
21,Male,Undergraduate,TikTok,8.4,0.4,Smartphone,6.3,2,True,Frequently,22.0,63,3.05,Neutral
20,Female,Undergraduate,Snapchat,3.9,0.6,Smartphone,8.5,4,True,Rarely,13.0,92,4.0,Beneficial
19,Female,Undergraduate,TikTok,3.4,0.7,Smartphone,7.4,4,False,Rarely,4.0,86,3.84,Beneficial
20,Male,Undergraduate,Instagram,2.7,0.8,Smartphone,6.5,4,False,Sometimes,9.0,93,3.27,Beneficial
19,Male,Undergraduate,Instagram,7.2,0.0,Smartphone,6.3,2,True,Frequently,17.0,78,2.93,Beneficial
19,Female,Undergraduate,Snapchat,4.6,0.7,Smartphone,6.4,2,False,Frequently,19.0,72,2.99,Neutral
19,Female,Undergraduate,YouTube,5.4,1.4,Smartphone,7.1,3,False,Sometimes,17.0,77,3.63,Beneficial
22,Male,Postgraduate,YouTube,5.7,2.7,Smartphone,5.4,1,False,Frequently,15.0,86,3.36,Beneficial
19,Male,Undergraduate,Instagram,2.8,1.1,Smartphone,7.7,4,False,Rarely,5.0,86,3.64,Beneficial
18,Male,Undergraduate,Instagram,3.3,1.7,Smartphone,7.4,4,False,Sometimes,7.0,77,3.14,Beneficial
17,Female,High School,Reddit,5.2,0.7,Smartphone,7.4,2,True,Frequently,10.0,93,3.67,Beneficial
19,Male,Undergraduate,YouTube,3.7,1.8,Smartphone,7.6,4,True,Always,9.0,82,3.85,Beneficial
17,Male,High School,Instagram,4.0,2.2,Smartphone,7.6,2,True,Always,9.0,87,3.6,Beneficial
16,Female,High School,Instagram,10.0,0.6,Smartphone,6.1,1,False,Always,17.0,64,3.15,Neutral
22,Female,Postgraduate,X (Twitter),2.8,0.0,Smartphone,7.9,4,True,Sometimes,5.0,94,3.17,Beneficial
21,Male,Undergraduate,TikTok,1.9,2.9,Smartphone,7.4,3,False,Sometimes,7.0,97,3.93,Beneficial
20,Female,High School,TikTok,5.1,2.5,Laptop/PC,7.8,3,True,Sometimes,10.0,84,3.16,Beneficial
19,Female,Undergraduate,Snapchat,5.2,2.0,Smartphone,8.4,3,True,Frequently,3.0,89,3.29,Beneficial
19,Male,High School,TikTok,3.9,0.0,Smartphone,5.2,2,True,Frequently,15.0,69,3.55,Beneficial
18,Male,Undergraduate,Instagram,11.1,1.4,Laptop/PC,5.8,1,True,Always,16.0,82,3.29,Beneficial
20,Female,Undergraduate,YouTube,5.7,0.7,Smartphone,5.4,2,True,Sometimes,16.0,74,3.07,Beneficial
20,Female,Undergraduate,Instagram,3.8,1.8,Smartphone,7.4,3,False,Rarely,11.0,92,3.7,Beneficial
19,Male,Undergraduate,TikTok,6.9,0.9,Smartphone,5.9,2,False,Frequently,30.0,59,3.28,Neutral
21,Female,Undergraduate,TikTok,11.9,1.1,Smartphone,3.0,1,True,Frequently,40.0,51,2.08,Negative
19,Male,Undergraduate,Instagram,3.5,2.7,Smartphone,7.4,2,False,Rarely,14.0,82,3.58,Beneficial
19,Female,Undergraduate,X (Twitter),5.3,1.3,Smartphone,5.8,1,True,Frequently,17.0,89,3.09,Beneficial
22,Male,Undergraduate,TikTok,7.0,1.8,Smartphone,7.1,1,True,Never,28.0,76,3.46,Neutral
19,Female,Undergraduate,TikTok,1.6,1.8,Smartphone,7.8,3,False,Frequently,5.0,86,3.85,Beneficial
17,Non-Binary,High School,TikTok,8.6,1.9,Smartphone,5.3,1,True,Sometimes,24.0,58,3.2,Neutral
16,Male,High School,YouTube,12.6,1.9,Smartphone,3.8,1,True,Sometimes,29.0,39,2.66,Negative
21,Female,Undergraduate,TikTok,1.6,2.8,Smartphone,8.9,4,True,Sometimes,8.0,98,3.39,Beneficial
19,Male,Undergraduate,Instagram,2.7,2.2,Smartphone,7.4,3,True,Sometimes,9.0,98,4.0,Beneficial
19,Female,Undergraduate,TikTok,6.8,2.9,Smartphone,7.3,3,True,Sometimes,19.0,76,3.62,Beneficial
17,Female,High School,LinkedIn,2.5,1.2,Smartphone,7.5,4,False,Frequently,0.0,98,3.44,Beneficial
18,Female,Undergraduate,Instagram,10.1,1.9,Smartphone,5.4,1,True,Sometimes,21.0,58,2.92,Neutral
19,Female,Undergraduate,Instagram,3.4,1.8,Smartphone,6.0,3,False,Frequently,5.0,80,3.8,Beneficial
17,Female,High School,YouTube,3.6,3.2,Smartphone,5.5,3,True,Sometimes,19.0,82,3.47,Beneficial
19,Female,Undergraduate,X (Twitter),4.8,1.1,Smartphone,7.8,3,False,Frequently,8.0,87,3.45,Beneficial
19,Non-Binary,Undergraduate,YouTube,6.0,2.3,Smartphone,6.8,2,True,Never,26.0,75,3.2,Neutral
17,Male,High School,Reddit,3.5,1.4,Smartphone,4.9,3,True,Frequently,10.0,87,3.7,Beneficial
20,Female,High School,X (Twitter),3.3,1.1,Smartphone,8.0,3,False,Always,10.0,98,3.47,Beneficial
17,Male,High School,Instagram,3.7,2.2,Smartphone,7.2,3,False,Sometimes,14.0,89,3.93,Beneficial
19,Female,Undergraduate,Snapchat,2.0,1.2,Smartphone,8.0,5,True,Rarely,6.0,89,3.82,Beneficial
19,Male,Undergraduate,LinkedIn,2.9,1.5,Smartphone,8.0,2,True,Sometimes,13.0,85,3.55,Beneficial
18,Male,Undergraduate,TikTok,6.7,0.8,Smartphone,6.0,1,True,Frequently,11.0,80,3.25,Beneficial
18,Male,Undergraduate,Snapchat,4.3,1.1,Laptop/PC,6.4,3,True,Rarely,20.0,79,3.6,Beneficial
17,Male,High School,Instagram,8.5,2.0,Smartphone,5.6,1,True,Sometimes,18.0,72,2.73,Neutral
19,Male,Undergraduate,X (Twitter),7.0,2.4,Smartphone,6.3,1,True,Always,13.0,73,3.16,Beneficial
15,Female,High School,YouTube,11.1,3.0,Laptop/PC,4.8,1,False,Frequently,17.0,58,2.67,Neutral
21,Male,Undergraduate,TikTok,3.7,1.3,Smartphone,6.4,3,True,Never,16.0,80,3.16,Beneficial
21,Male,Undergraduate,Snapchat,5.1,1.9,Smartphone,7.6,3,False,Sometimes,16.0,78,3.36,Beneficial
17,Female,High School,YouTube,3.3,1.2,Laptop/PC,9.2,3,True,Frequently,12.0,94,3.87,Beneficial
18,Male,Undergraduate,TikTok,3.9,1.6,Smartphone,7.2,3,True,Sometimes,14.0,85,3.21,Beneficial
18,Female,Undergraduate,Snapchat,3.5,0.9,Smartphone,8.6,5,False,Rarely,11.0,86,3.35,Beneficial
18,Male,Undergraduate,Reddit,5.4,1.7,Smartphone,6.1,2,True,Sometimes,16.0,74,3.02,Beneficial
20,Female,High School,YouTube,2.9,1.4,Laptop/PC,6.1,3,False,Frequently,9.0,85,3.54,Beneficial
17,Male,High School,TikTok,3.3,1.8,Smartphone,8.0,4,False,Rarely,5.0,94,3.93,Beneficial
24,Non-Binary,Postgraduate,Snapchat,2.3,2.9,Smartphone,8.5,4,True,Rarely,6.0,90,3.72,Beneficial
19,Male,Undergraduate,X (Twitter),6.1,2.6,Smartphone,5.1,2,False,Frequently,19.0,70,3.37,Beneficial
15,Female,High School,Instagram,2.6,0.8,Smartphone,7.2,3,True,Always,10.0,76,3.48,Beneficial
23,Female,Undergraduate,TikTok,2.6,2.2,Smartphone,6.4,2,True,Frequently,10.0,88,3.9,Beneficial
19,Non-Binary,High School,TikTok,4.7,1.3,Smartphone,7.3,4,True,Frequently,8.0,85,3.6,Beneficial
16,Female,High School,TikTok,5.4,1.4,Smartphone,6.2,2,True,Never,17.0,85,3.83,Beneficial
17,Female,High School,TikTok,2.3,1.4,Smartphone,7.1,3,False,Always,1.0,98,4.0,Beneficial
24,Female,Undergraduate,YouTube,4.8,1.7,Laptop/PC,7.4,3,True,Frequently,11.0,78,3.24,Beneficial
18,Male,High School,LinkedIn,3.3,2.3,Laptop/PC,6.4,3,False,Rarely,2.0,86,3.66,Beneficial
17,Prefer not to say,High School,Instagram,8.0,1.3,Smartphone,5.9,2,True,Frequently,19.0,75,3.16,Beneficial
17,Female,High School,TikTok,3.3,1.4,Smartphone,6.8,3,True,Sometimes,11.0,85,3.78,Beneficial
17,Female,High School,Instagram,3.4,1.4,Smartphone,7.5,3,False,Sometimes,2.0,92,3.93,Beneficial
18,Male,Undergraduate,Instagram,8.0,2.6,Smartphone,6.4,2,True,Frequently,28.0,62,3.26,Neutral
18,Female,Undergraduate,Snapchat,8.8,1.6,Smartphone,5.0,1,True,Rarely,18.0,53,3.08,Neutral
17,Female,High School,LinkedIn,8.3,1.7,Smartphone,5.4,1,True,Rarely,20.0,62,3.21,Neutral
18,Non-Binary,Undergraduate,Instagram,3.5,1.6,Smartphone,7.9,3,True,Rarely,7.0,87,3.82,Beneficial
15,Male,High School,YouTube,2.7,1.9,Laptop/PC,7.1,3,False,Always,9.0,76,4.0,Beneficial
18,Male,Undergraduate,TikTok,8.2,2.1,Smartphone,6.0,2,False,Frequently,21.0,70,3.17,Neutral
18,Male,High School,TikTok,3.4,0.4,Smartphone,7.3,2,False,Rarely,7.0,92,3.61,Beneficial
21,Female,Undergraduate,TikTok,3.4,2.1,Smartphone,7.9,3,False,Sometimes,8.0,88,3.54,Beneficial
18,Female,Undergraduate,YouTube,7.2,1.1,Laptop/PC,6.4,2,True,Never,13.0,78,3.54,Beneficial
18,Male,Undergraduate,TikTok,2.5,1.9,Smartphone,7.1,4,True,Rarely,10.0,88,3.69,Beneficial
18,Female,Undergraduate,TikTok,3.8,2.2,Smartphone,8.3,3,False,Sometimes,8.0,91,3.92,Beneficial
21,Female,Undergraduate,YouTube,3.2,2.4,Smartphone,9.2,5,False,Sometimes,1.0,97,4.0,Beneficial
19,Female,Undergraduate,YouTube,6.7,0.4,Smartphone,7.6,3,True,Sometimes,9.0,81,3.41,Beneficial
20,Female,Undergraduate,TikTok,5.2,1.5,Smartphone,7.5,4,True,Frequently,14.0,83,3.45,Beneficial
22,Female,Undergraduate,TikTok,5.8,2.0,Laptop/PC,5.8,2,True,Sometimes,17.0,75,3.14,Beneficial
18,Female,Undergraduate,Snapchat,10.4,2.5,Smartphone,4.7,1,True,Always,25.0,60,2.87,Neutral
20,Male,Undergraduate,Instagram,1.5,1.0,Smartphone,8.4,3,False,Frequently,2.0,98,3.7,Beneficial
20,Female,Undergraduate,X (Twitter),4.5,2.0,Smartphone,6.0,2,False,Frequently,18.0,79,3.46,Beneficial
26,Male,Postgraduate,Instagram,3.4,1.0,Smartphone,8.1,4,True,Sometimes,3.0,98,3.97,Beneficial
20,Male,Undergraduate,Instagram,5.6,0.5,Smartphone,7.1,2,True,Frequently,11.0,83,3.73,Beneficial
17,Non-Binary,High School,Reddit,8.4,2.1,Smartphone,5.2,1,True,Frequently,26.0,75,3.59,Neutral
17,Male,High School,Instagram,3.5,2.4,Smartphone,6.3,3,True,Sometimes,5.0,92,3.91,Beneficial
19,Male,Undergraduate,TikTok,3.0,1.9,Tablet,6.4,4,False,Frequently,7.0,87,3.33,Beneficial
20,Male,Undergraduate,YouTube,3.9,1.5,Smartphone,7.0,3,True,Rarely,13.0,83,4.0,Beneficial
18,Male,Undergraduate,YouTube,4.5,1.7,Smartphone,7.6,3,True,Sometimes,12.0,86,3.74,Beneficial
20,Female,Undergraduate,TikTok,7.0,2.3,Smartphone,5.1,2,False,Sometimes,21.0,71,3.13,Neutral
16,Male,High School,TikTok,14.0,2.4,Smartphone,4.5,1,False,Sometimes,40.0,45,2.73,Negative
20,Male,Undergraduate,YouTube,4.8,2.8,Smartphone,8.1,3,True,Frequently,6.0,78,3.13,Beneficial
18,Male,Undergraduate,TikTok,2.7,1.8,Smartphone,9.0,4,False,Sometimes,6.0,98,3.46,Beneficial
18,Male,Undergraduate,YouTube,5.1,2.0,Smartphone,6.7,2,True,Rarely,14.0,80,4.0,Beneficial
22,Male,Postgraduate,YouTube,4.3,1.2,Smartphone,7.8,4,False,Frequently,0.0,94,3.76,Beneficial
19,Male,Undergraduate,Instagram,5.1,1.4,Smartphone,6.2,3,True,Frequently,14.0,78,3.68,Beneficial
19,Female,Undergraduate,Instagram,3.7,2.5,Smartphone,8.2,3,True,Sometimes,0.0,89,4.0,Beneficial
18,Male,Undergraduate,YouTube,4.6,3.0,Smartphone,7.0,3,True,Frequently,17.0,83,3.3,Beneficial
21,Female,Undergraduate,TikTok,7.2,2.7,Laptop/PC,6.3,2,True,Never,8.0,63,3.45,Beneficial
20,Female,High School,TikTok,8.5,3.7,Smartphone,6.3,3,True,Frequently,21.0,84,2.67,Neutral
19,Male,Undergraduate,Instagram,6.1,2.0,Smartphone,5.9,1,True,Sometimes,10.0,71,3.66,Beneficial
19,Male,Undergraduate,YouTube,9.8,2.8,Laptop/PC,4.8,1,True,Sometimes,31.0,62,2.74,Neutral
16,Male,High School,TikTok,9.4,1.6,Laptop/PC,4.4,1,True,Sometimes,19.0,67,3.32,Beneficial
19,Female,Undergraduate,Instagram,9.2,1.3,Smartphone,5.3,2,True,Never,20.0,67,2.8,Neutral
17,Non-Binary,High School,Snapchat,4.4,1.7,Smartphone,7.0,3,False,Rarely,16.0,82,3.21,Beneficial
24,Male,Postgraduate,TikTok,6.7,1.8,Smartphone,4.5,1,True,Rarely,20.0,60,2.9,Neutral
19,Female,Undergraduate,Instagram,6.7,1.3,Smartphone,7.6,3,True,Rarely,18.0,74,3.42,Beneficial
19,Female,Undergraduate,Snapchat,10.7,2.2,Smartphone,4.3,1,True,Rarely,29.0,33,2.39,Negative
26,Female,Postgraduate,YouTube,7.1,1.5,Smartphone,5.7,1,True,Sometimes,13.0,71,3.62,Beneficial
16,Female,High School,YouTube,4.4,1.5,Smartphone,5.4,2,False,Sometimes,24.0,71,3.59,Neutral
18,Male,Undergraduate,YouTube,4.4,1.5,Smartphone,7.3,3,True,Frequently,14.0,84,3.55,Beneficial
21,Male,Undergraduate,YouTube,2.7,1.3,Smartphone,8.5,3,False,Rarely,1.0,93,3.89,Beneficial
20,Male,Undergraduate,LinkedIn,9.2,1.4,Smartphone,4.9,1,True,Sometimes,25.0,67,3.23,Neutral
15,Female,High School,YouTube,5.1,1.5,Smartphone,6.9,2,True,Frequently,11.0,80,3.34,Beneficial
17,Female,High School,TikTok,7.3,2.5,Smartphone,6.0,2,True,Sometimes,14.0,78,3.28,Beneficial
18,Male,Undergraduate,TikTok,2.3,1.9,Smartphone,9.2,5,False,Sometimes,5.0,98,4.0,Beneficial
19,Male,Undergraduate,Snapchat,4.5,1.3,Smartphone,7.6,3,False,Rarely,19.0,87,3.14,Beneficial
20,Male,Undergraduate,Reddit,4.8,1.7,Laptop/PC,7.6,3,False,Sometimes,7.0,88,4.0,Beneficial
19,Female,Undergraduate,Instagram,4.7,1.1,Smartphone,5.9,2,True,Always,10.0,75,2.93,Beneficial
18,Female,Undergraduate,YouTube,6.5,2.7,Smartphone,6.2,2,True,Sometimes,17.0,75,3.31,Beneficial
18,Male,Undergraduate,Reddit,4.3,1.7,Smartphone,7.3,2,False,Rarely,2.0,88,3.95,Beneficial
17,Female,High School,YouTube,3.1,1.3,Smartphone,8.3,4,False,Sometimes,9.0,87,3.54,Beneficial
20,Male,Undergraduate,YouTube,7.4,1.1,Smartphone,4.9,1,True,Frequently,18.0,72,3.02,Beneficial
20,Female,Undergraduate,TikTok,4.5,3.0,Smartphone,6.8,2,True,Rarely,9.0,76,4.0,Beneficial
20,Female,Undergraduate,Snapchat,4.6,2.6,Smartphone,5.1,1,True,Frequently,12.0,72,3.6,Beneficial
21,Female,Undergraduate,TikTok,5.0,0.5,Smartphone,7.4,3,True,Sometimes,18.0,83,3.29,Beneficial
16,Female,High School,Instagram,4.0,1.1,Smartphone,7.3,3,True,Always,19.0,88,3.19,Beneficial
17,Male,High School,Snapchat,8.9,1.4,Laptop/PC,5.9,1,True,Rarely,32.0,62,2.8,Negative
17,Female,High School,Instagram,6.5,1.9,Smartphone,5.7,1,True,Sometimes,24.0,61,3.4,Neutral
18,Male,High School,Reddit,5.6,2.1,Smartphone,6.3,2,True,Frequently,17.0,76,3.32,Beneficial
15,Male,High School,Reddit,3.9,1.9,Smartphone,6.1,2,True,Sometimes,13.0,74,3.47,Beneficial
21,Male,Undergraduate,Snapchat,9.1,3.3,Smartphone,5.9,1,True,Frequently,21.0,69,3.46,Neutral
18,Male,Undergraduate,Instagram,5.7,1.7,Smartphone,6.4,2,True,Rarely,13.0,78,3.71,Beneficial
22,Female,Undergraduate,TikTok,7.4,2.4,Smartphone,4.1,1,True,Sometimes,14.0,64,3.57,Beneficial
17,Male,High School,Instagram,3.0,2.0,Smartphone,6.3,3,True,Always,14.0,88,3.54,Beneficial
23,Female,Undergraduate,Instagram,3.8,2.6,Smartphone,7.0,2,True,Frequently,14.0,82,3.41,Beneficial
18,Male,Undergraduate,TikTok,3.9,1.6,Smartphone,7.9,3,False,Always,14.0,88,4.0,Beneficial
18,Female,Undergraduate,Instagram,2.7,2.1,Smartphone,6.1,2,True,Always,9.0,90,3.2,Beneficial
17,Female,High School,Instagram,4.1,2.3,Laptop/PC,6.0,3,False,Frequently,17.0,80,3.14,Beneficial
19,Male,Undergraduate,TikTok,6.4,2.2,Smartphone,7.7,4,True,Sometimes,11.0,79,3.22,Beneficial
18,Female,Undergraduate,TikTok,4.8,2.7,Smartphone,8.0,3,False,Frequently,11.0,73,3.61,Beneficial
17,Female,High School,Instagram,3.2,1.1,Smartphone,8.3,3,True,Sometimes,11.0,98,3.44,Beneficial
21,Male,Undergraduate,Snapchat,3.0,3.3,Smartphone,7.7,3,False,Frequently,3.0,98,3.64,Beneficial
22,Female,Postgraduate,Snapchat,3.8,2.8,Smartphone,6.6,3,False,Sometimes,15.0,85,3.52,Beneficial
18,Male,Undergraduate,YouTube,5.2,1.9,Smartphone,6.9,1,True,Sometimes,21.0,75,3.44,Beneficial
20,Female,Undergraduate,TikTok,6.8,2.0,Smartphone,6.0,2,True,Frequently,20.0,69,3.69,Beneficial
19,Female,Undergraduate,YouTube,12.0,1.2,Smartphone,3.9,1,False,Sometimes,32.0,51,2.44,Negative
15,Male,High School,TikTok,1.5,3.5,Smartphone,8.5,4,True,Frequently,5.0,98,3.46,Beneficial
19,Female,Undergraduate,TikTok,2.9,1.2,Smartphone,6.8,2,False,Sometimes,7.0,79,3.6,Beneficial
18,Female,Undergraduate,Snapchat,3.1,1.3,Smartphone,8.2,3,False,Never,9.0,87,3.87,Beneficial
17,Female,High School,TikTok,3.3,2.3,Smartphone,8.3,3,False,Sometimes,6.0,89,3.22,Beneficial
19,Male,Undergraduate,Instagram,6.8,0.7,Smartphone,7.5,2,True,Always,19.0,79,3.22,Beneficial
18,Male,Undergraduate,Snapchat,6.2,0.8,Smartphone,7.9,3,True,Rarely,12.0,85,3.43,Beneficial
20,Female,Undergraduate,Instagram,6.3,2.1,Smartphone,7.7,2,True,Never,16.0,81,3.86,Beneficial
22,Male,Undergraduate,TikTok,11.5,1.5,Smartphone,4.6,1,False,Always,33.0,55,2.35,Negative
18,Female,Undergraduate,Instagram,11.1,2.0,Smartphone,4.9,1,True,Frequently,28.0,47,2.49,Negative
21,Female,High School,Instagram,2.9,1.3,Smartphone,8.4,3,False,Sometimes,9.0,88,3.46,Beneficial
19,Female,Undergraduate,Instagram,6.8,0.0,Smartphone,5.7,1,True,Sometimes,19.0,79,3.48,Beneficial
17,Male,High School,Instagram,6.0,0.2,Laptop/PC,6.2,2,True,Frequently,13.0,89,3.97,Beneficial
18,Female,Undergraduate,TikTok,5.1,0.6,Smartphone,6.8,2,False,Always,17.0,67,3.81,Beneficial
18,Female,Undergraduate,Instagram,5.2,2.0,Smartphone,5.8,2,True,Frequently,12.0,80,3.48,Beneficial
18,Female,Undergraduate,TikTok,5.4,1.7,Smartphone,5.5,2,True,Sometimes,16.0,74,3.46,Beneficial
17,Female,High School,TikTok,5.8,0.9,Smartphone,7.1,3,True,Frequently,21.0,71,3.31,Neutral
17,Female,High School,YouTube,5.9,1.2,Tablet,6.0,2,True,Rarely,12.0,74,3.56,Beneficial
20,Female,High School,Instagram,4.5,1.3,Smartphone,7.7,2,False,Rarely,12.0,85,3.52,Beneficial
19,Female,High School,YouTube,2.7,1.3,Smartphone,6.8,3,True,Sometimes,6.0,93,3.72,Beneficial
22,Male,Postgraduate,Instagram,7.5,1.9,Smartphone,5.4,2,True,Frequently,29.0,64,2.68,Neutral
20,Male,Undergraduate,LinkedIn,4.4,1.2,Smartphone,7.1,2,False,Sometimes,14.0,80,3.6,Beneficial
23,Female,Postgraduate,Instagram,2.4,2.4,Laptop/PC,8.1,4,False,Always,10.0,83,3.85,Beneficial
18,Female,Undergraduate,YouTube,7.0,1.7,Smartphone,7.7,3,True,Frequently,17.0,90,3.07,Beneficial
21,Male,Undergraduate,TikTok,2.4,1.6,Laptop/PC,8.5,4,True,Sometimes,1.0,85,3.9,Beneficial
19,Female,High School,Snapchat,3.5,2.1,Laptop/PC,7.4,3,False,Rarely,20.0,88,3.11,Beneficial
18,Male,Undergraduate,Snapchat,6.4,1.5,Smartphone,6.7,2,True,Sometimes,22.0,75,2.98,Neutral
18,Male,Undergraduate,TikTok,3.8,1.1,Smartphone,6.7,3,False,Sometimes,10.0,92,3.17,Beneficial
17,Male,High School,Instagram,2.4,2.5,Smartphone,8.1,3,False,Always,8.0,89,3.94,Beneficial
19,Female,Undergraduate,Snapchat,14.0,2.1,Smartphone,3.8,1,True,Sometimes,37.0,39,2.86,Negative
21,Female,Undergraduate,Instagram,4.5,2.1,Laptop/PC,6.9,2,False,Frequently,9.0,88,2.95,Beneficial
16,Female,High School,Instagram,7.1,1.9,Smartphone,5.7,2,True,Rarely,18.0,81,3.34,Beneficial
18,Female,Undergraduate,LinkedIn,4.2,2.8,Smartphone,8.1,3,True,Always,12.0,82,3.53,Beneficial
18,Female,High School,LinkedIn,7.5,0.7,Tablet,6.1,2,True,Always,13.0,77,2.86,Beneficial
20,Male,Undergraduate,TikTok,4.2,1.3,Laptop/PC,5.8,2,True,Rarely,17.0,77,3.36,Beneficial
24,Non-Binary,Undergraduate,Snapchat,4.9,2.0,Smartphone,8.0,3,True,Rarely,14.0,82,3.6,Beneficial
18,Female,Undergraduate,TikTok,5.5,2.1,Smartphone,6.2,2,True,Rarely,17.0,72,3.29,Beneficial
18,Female,Undergraduate,Instagram,2.8,1.6,Smartphone,6.9,3,False,Sometimes,7.0,87,3.82,Beneficial
16,Male,High School,Instagram,1.3,1.3,Smartphone,10.0,5,True,Sometimes,3.0,98,4.0,Beneficial
21,Male,Undergraduate,Reddit,1.8,0.7,Smartphone,7.0,3,False,Frequently,9.0,94,4.0,Beneficial
18,Male,Undergraduate,Instagram,4.4,1.2,Smartphone,7.3,3,True,Sometimes,19.0,78,2.88,Beneficial
17,Male,High School,Instagram,4.6,2.1,Laptop/PC,7.9,4,False,Sometimes,5.0,89,3.57,Beneficial
18,Male,Undergraduate,TikTok,2.5,0.3,Smartphone,8.3,3,True,Always,4.0,98,3.88,Beneficial
19,Female,Undergraduate,Reddit,2.5,2.3,Smartphone,7.5,4,False,Sometimes,8.0,73,3.45,Beneficial
21,Female,Undergraduate,TikTok,6.2,0.4,Smartphone,6.5,1,True,Sometimes,15.0,70,3.52,Beneficial
19,Male,Undergraduate,Reddit,1.2,2.1,Smartphone,9.1,4,False,Rarely,5.0,98,3.71,Beneficial
19,Male,Undergraduate,Instagram,14.0,1.9,Smartphone,3.3,1,True,Frequently,37.0,35,2.31,Negative
16,Male,High School,YouTube,4.8,1.6,Smartphone,7.0,3,False,Sometimes,10.0,87,3.68,Beneficial
26,Female,Undergraduate,Instagram,7.5,1.9,Smartphone,5.4,1,True,Frequently,16.0,68,3.04,Beneficial
18,Female,Undergraduate,TikTok,8.7,1.5,Laptop/PC,5.1,1,True,Always,16.0,73,2.97,Beneficial
19,Male,Undergraduate,Instagram,1.7,2.0,Smartphone,8.0,4,False,Rarely,2.0,98,4.0,Beneficial
19,Male,Undergraduate,Instagram,7.1,2.1,Smartphone,5.7,1,True,Always,15.0,62,3.08,Beneficial
19,Female,Undergraduate,Instagram,7.2,2.2,Smartphone,5.9,2,True,Rarely,12.0,76,3.62,Beneficial
16,Male,High School,Instagram,5.8,2.1,Smartphone,7.5,2,True,Rarely,16.0,72,3.35,Beneficial
16,Female,High School,Instagram,7.1,2.6,Smartphone,5.8,1,True,Sometimes,9.0,64,2.97,Beneficial
18,Female,Undergraduate,YouTube,5.8,1.7,Smartphone,6.3,3,False,Rarely,16.0,67,3.17,Beneficial
22,Female,Postgraduate,YouTube,4.1,1.0,Smartphone,6.6,2,False,Frequently,15.0,74,4.0,Beneficial
19,Female,Undergraduate,Instagram,4.3,1.1,Smartphone,7.1,3,True,Always,14.0,79,3.55,Beneficial
17,Female,High School,TikTok,3.1,1.7,Smartphone,8.4,4,False,Frequently,4.0,92,3.22,Beneficial
16,Male,High School,TikTok,3.2,1.5,Smartphone,8.0,4,False,Rarely,0.0,89,3.85,Beneficial
18,Male,Undergraduate,Instagram,5.6,1.5,Smartphone,7.0,2,True,Sometimes,17.0,87,3.58,Beneficial
19,Male,Undergraduate,TikTok,4.7,2.1,Laptop/PC,6.1,2,True,Sometimes,15.0,80,3.13,Beneficial
18,Female,Undergraduate,Instagram,5.2,1.9,Smartphone,6.2,1,False,Rarely,12.0,87,3.36,Beneficial
16,Male,High School,Snapchat,6.1,0.9,Smartphone,6.4,1,True,Frequently,12.0,75,3.36,Beneficial
22,Female,Undergraduate,Instagram,4.7,1.3,Smartphone,6.0,2,False,Sometimes,16.0,77,3.66,Beneficial
22,Male,Postgraduate,X (Twitter),7.1,3.3,Smartphone,5.8,1,False,Always,18.0,66,3.48,Beneficial
17,Male,High School,Reddit,4.5,3.2,Laptop/PC,6.5,2,False,Frequently,10.0,80,3.46,Beneficial
19,Male,Undergraduate,Snapchat,3.0,1.9,Smartphone,7.9,3,True,Sometimes,5.0,94,3.45,Beneficial
16,Male,High School,Instagram,6.6,2.3,Tablet,6.2,2,True,Always,23.0,67,3.46,Neutral
18,Male,Undergraduate,Instagram,3.8,1.2,Smartphone,5.5,2,True,Rarely,19.0,70,3.57,Beneficial
19,Female,Undergraduate,Instagram,4.4,2.3,Smartphone,6.9,2,False,Sometimes,23.0,74,2.97,Neutral
18,Female,Undergraduate,Reddit,8.3,1.7,Smartphone,6.6,2,True,Never,17.0,66,3.51,Beneficial
24,Female,Undergraduate,YouTube,3.9,2.3,Smartphone,6.7,3,False,Always,10.0,81,3.02,Beneficial
18,Male,Undergraduate,Instagram,5.9,2.0,Tablet,5.5,2,True,Rarely,13.0,81,3.41,Beneficial
19,Female,Undergraduate,YouTube,5.0,0.7,Smartphone,7.1,3,False,Always,10.0,86,3.25,Beneficial
18,Female,Undergraduate,TikTok,3.1,1.2,Smartphone,5.4,2,True,Sometimes,8.0,89,3.76,Beneficial
17,Male,High School,TikTok,8.3,0.8,Smartphone,6.3,1,False,Rarely,16.0,75,3.39,Beneficial
19,Male,Undergraduate,Instagram,5.5,2.0,Smartphone,7.5,2,True,Sometimes,3.0,87,3.38,Beneficial
20,Female,Undergraduate,Instagram,3.2,1.8,Smartphone,8.2,3,True,Sometimes,0.0,98,3.78,Beneficial
19,Non-Binary,Undergraduate,TikTok,3.0,2.2,Laptop/PC,6.9,3,False,Rarely,10.0,90,4.0,Beneficial
22,Male,Undergraduate,TikTok,2.8,2.4,Smartphone,7.6,3,False,Sometimes,10.0,98,3.82,Beneficial
18,Female,Undergraduate,Instagram,5.2,1.5,Laptop/PC,6.3,2,True,Sometimes,8.0,88,3.92,Beneficial
18,Non-Binary,Undergraduate,Instagram,4.8,1.1,Smartphone,5.6,1,True,Frequently,14.0,70,3.38,Beneficial
19,Female,Undergraduate,Instagram,3.0,1.3,Smartphone,6.7,2,True,Never,7.0,98,3.44,Beneficial
15,Male,High School,Reddit,4.8,1.6,Smartphone,6.0,1,False,Frequently,10.0,86,3.56,Beneficial
17,Female,High School,Instagram,4.2,2.8,Smartphone,6.9,4,False,Rarely,7.0,83,3.01,Beneficial
18,Male,Undergraduate,YouTube,4.7,1.8,Smartphone,6.8,3,False,Sometimes,7.0,81,3.61,Beneficial
24,Male,Postgraduate,YouTube,3.8,1.6,Smartphone,7.2,3,True,Always,9.0,93,3.5,Beneficial
18,Male,Undergraduate,TikTok,3.1,2.6,Smartphone,8.1,3,False,Rarely,14.0,89,3.03,Beneficial
19,Female,Undergraduate,Instagram,3.7,0.4,Smartphone,8.1,3,False,Always,11.0,83,3.84,Beneficial
19,Female,Undergraduate,LinkedIn,4.6,1.3,Laptop/PC,8.6,3,False,Frequently,10.0,88,4.0,Beneficial
19,Female,Undergraduate,YouTube,4.8,2.1,Tablet,7.0,3,False,Sometimes,9.0,85,3.4,Beneficial
18,Female,Undergraduate,TikTok,4.1,2.1,Smartphone,8.7,3,True,Frequently,8.0,94,3.47,Beneficial
19,Male,Undergraduate,TikTok,3.8,1.9,Smartphone,7.2,2,True,Rarely,14.0,91,3.69,Beneficial
24,Female,Postgraduate,TikTok,4.1,1.5,Smartphone,7.2,3,True,Rarely,18.0,84,3.71,Beneficial
17,Non-Binary,High School,Instagram,1.7,2.8,Smartphone,8.6,4,False,Always,5.0,98,3.78,Beneficial
18,Male,Undergraduate,Snapchat,7.3,0.0,Smartphone,4.7,1,True,Sometimes,22.0,67,3.71,Beneficial
18,Female,Undergraduate,LinkedIn,3.5,1.6,Smartphone,6.8,2,True,Sometimes,18.0,79,3.48,Beneficial
19,Male,Undergraduate,TikTok,2.1,0.5,Tablet,7.1,4,True,Sometimes,10.0,95,3.61,Beneficial
18,Female,Undergraduate,YouTube,3.9,2.0,Smartphone,6.4,2,True,Frequently,11.0,84,3.46,Beneficial
19,Male,High School,Instagram,5.1,0.3,Smartphone,7.3,1,False,Frequently,15.0,82,3.93,Beneficial
16,Male,High School,YouTube,4.5,1.6,Laptop/PC,5.7,1,True,Rarely,11.0,88,3.43,Beneficial
17,Female,High School,Instagram,10.7,0.2,Laptop/PC,5.2,1,True,Sometimes,32.0,57,2.14,Negative
18,Female,Undergraduate,Instagram,4.1,0.9,Smartphone,6.4,2,False,Rarely,12.0,85,3.59,Beneficial
16,Male,High School,Instagram,2.8,1.8,Smartphone,6.1,2,True,Frequently,9.0,92,3.98,Beneficial
20,Female,Undergraduate,X (Twitter),2.7,2.5,Smartphone,6.5,2,False,Sometimes,10.0,92,3.94,Beneficial
17,Female,High School,TikTok,4.9,1.6,Smartphone,7.7,2,False,Rarely,17.0,71,3.67,Beneficial
21,Female,Undergraduate,LinkedIn,7.6,1.3,Smartphone,6.0,1,True,Sometimes,22.0,71,3.14,Neutral
16,Female,High School,TikTok,3.4,1.6,Laptop/PC,8.0,3,False,Always,18.0,91,3.59,Beneficial
17,Female,High School,YouTube,2.7,1.7,Smartphone,9.1,5,False,Always,1.0,98,4.0,Beneficial
19,Male,Undergraduate,Snapchat,3.7,1.8,Smartphone,7.9,4,True,Frequently,10.0,95,3.36,Beneficial
18,Female,Undergraduate,Instagram,6.1,2.0,Smartphone,5.9,2,True,Always,9.0,75,3.62,Beneficial
17,Female,High School,Reddit,6.4,1.0,Smartphone,7.0,2,True,Sometimes,15.0,74,3.16,Beneficial
19,Female,Undergraduate,X (Twitter),2.8,1.2,Smartphone,9.5,4,False,Always,4.0,97,3.16,Beneficial
17,Male,High School,Instagram,4.2,3.0,Laptop/PC,7.0,3,False,Frequently,7.0,89,3.72,Beneficial
20,Male,Undergraduate,Snapchat,3.9,2.0,Smartphone,7.8,3,False,Sometimes,8.0,89,3.42,Beneficial
17,Male,High School,Instagram,3.2,2.1,Smartphone,8.1,3,True,Sometimes,5.0,90,3.97,Beneficial
21,Female,Undergraduate,TikTok,6.5,0.7,Smartphone,5.7,2,True,Sometimes,17.0,73,3.02,Beneficial
17,Female,High School,TikTok,4.2,2.5,Smartphone,6.3,2,False,Rarely,9.0,81,3.2,Beneficial
19,Female,Undergraduate,TikTok,7.4,1.7,Smartphone,5.9,1,True,Frequently,18.0,78,3.16,Beneficial
20,Male,Undergraduate,TikTok,14.0,2.5,Laptop/PC,4.4,1,True,Rarely,30.0,43,2.97,Negative
16,Female,High School,TikTok,3.2,1.5,Smartphone,8.0,3,True,Sometimes,8.0,80,3.78,Beneficial
18,Female,Undergraduate,TikTok,4.0,1.1,Laptop/PC,8.4,3,False,Frequently,5.0,89,3.88,Beneficial
20,Male,Undergraduate,YouTube,2.3,1.6,Smartphone,7.4,3,False,Rarely,10.0,84,3.78,Beneficial
22,Non-Binary,Postgraduate,Instagram,2.7,3.0,Smartphone,6.7,2,False,Frequently,8.0,84,3.2,Beneficial
16,Female,High School,TikTok,10.2,2.3,Smartphone,5.5,1,True,Frequently,19.0,55,2.81,Neutral
17,Male,High School,TikTok,10.3,0.9,Smartphone,5.7,2,True,Always,25.0,58,2.92,Neutral
20,Female,Undergraduate,TikTok,3.4,1.8,Laptop/PC,6.5,3,False,Frequently,19.0,84,3.2,Beneficial
16,Female,High School,Instagram,5.5,0.9,Laptop/PC,7.3,3,True,Frequently,17.0,81,4.0,Beneficial
20,Male,Undergraduate,Instagram,5.6,2.0,Smartphone,6.8,3,True,Sometimes,15.0,82,3.51,Beneficial
20,Female,Undergraduate,YouTube,4.5,0.8,Smartphone,7.0,3,True,Rarely,11.0,96,3.33,Beneficial
18,Female,Undergraduate,Instagram,4.3,1.0,Tablet,5.6,2,False,Sometimes,13.0,79,3.41,Beneficial
19,Female,Undergraduate,Snapchat,10.8,3.0,Smartphone,4.1,1,True,Frequently,25.0,63,2.82,Neutral
16,Female,High School,Instagram,3.5,1.5,Smartphone,7.6,3,False,Always,15.0,89,3.46,Beneficial
20,Male,Undergraduate,YouTube,4.1,1.6,Laptop/PC,8.2,2,False,Rarely,3.0,85,3.94,Beneficial
17,Female,High School,Instagram,2.6,3.1,Laptop/PC,8.6,2,True,Sometimes,1.0,83,4.0,Beneficial
18,Female,Undergraduate,YouTube,2.1,2.0,Smartphone,6.8,3,True,Frequently,11.0,88,3.8,Beneficial
20,Male,Undergraduate,Instagram,6.1,1.9,Smartphone,6.7,1,False,Frequently,16.0,77,2.74,Beneficial
18,Female,Undergraduate,Instagram,3.1,1.3,Smartphone,7.5,2,True,Sometimes,10.0,82,3.83,Beneficial
19,Non-Binary,Undergraduate,Instagram,8.9,0.9,Laptop/PC,5.3,1,True,Sometimes,18.0,65,2.82,Neutral
18,Male,Undergraduate,TikTok,2.6,2.0,Laptop/PC,6.7,2,False,Frequently,10.0,81,3.27,Beneficial
17,Male,High School,TikTok,7.5,1.9,Smartphone,6.1,3,True,Rarely,20.0,77,3.23,Beneficial
18,Male,Undergraduate,YouTube,5.8,2.3,Laptop/PC,6.8,3,True,Frequently,10.0,82,3.46,Beneficial
26,Female,Undergraduate,YouTube,3.6,1.2,Smartphone,7.5,3,False,Always,10.0,90,3.97,Beneficial
21,Non-Binary,Undergraduate,TikTok,4.3,2.4,Smartphone,7.0,4,False,Rarely,13.0,87,3.61,Beneficial
20,Female,Undergraduate,TikTok,4.4,2.9,Smartphone,7.4,3,False,Rarely,15.0,83,3.74,Beneficial
17,Male,High School,Snapchat,1.5,2.2,Tablet,7.7,3,False,Frequently,8.0,94,3.96,Beneficial
17,Male,High School,YouTube,8.7,2.5,Smartphone,5.2,1,True,Always,24.0,60,2.87,Neutral
19,Female,Undergraduate,Instagram,4.2,1.2,Laptop/PC,7.2,2,False,Sometimes,17.0,93,3.84,Beneficial
20,Male,Undergraduate,TikTok,6.7,0.9,Smartphone,5.8,2,True,Rarely,15.0,73,3.14,Beneficial
17,Male,High School,Snapchat,6.0,1.7,Smartphone,5.7,2,True,Rarely,21.0,73,3.23,Beneficial
19,Female,Undergraduate,YouTube,4.9,0.4,Laptop/PC,7.3,4,True,Always,9.0,93,3.57,Beneficial
18,Female,Undergraduate,TikTok,5.5,1.4,Smartphone,5.9,1,True,Rarely,18.0,75,3.37,Beneficial
18,Female,Undergraduate,TikTok,4.2,1.4,Smartphone,7.6,3,True,Always,9.0,86,3.61,Beneficial
18,Male,Undergraduate,LinkedIn,2.8,1.8,Smartphone,8.6,4,True,Sometimes,7.0,98,3.77,Beneficial
17,Female,High School,Snapchat,2.9,1.9,Smartphone,8.5,5,False,Rarely,11.0,98,2.95,Beneficial
17,Female,High School,TikTok,6.9,1.1,Smartphone,4.7,1,True,Frequently,18.0,70,3.39,Beneficial
17,Male,High School,Instagram,1.8,1.0,Smartphone,7.9,4,False,Never,6.0,97,4.0,Beneficial
20,Female,Undergraduate,YouTube,8.1,3.8,Smartphone,5.6,1,True,Always,23.0,72,2.72,Neutral
19,Male,Undergraduate,X (Twitter),2.1,2.0,Laptop/PC,7.6,3,True,Rarely,6.0,98,3.94,Beneficial
17,Female,High School,TikTok,11.5,2.2,Smartphone,4.8,1,True,Always,23.0,53,2.94,Neutral
19,Male,Undergraduate,Instagram,2.4,1.6,Smartphone,7.9,4,False,Always,12.0,95,3.37,Beneficial
18,Female,Undergraduate,Instagram,8.0,0.6,Smartphone,5.8,2,True,Frequently,19.0,62,3.46,Neutral
20,Male,Undergraduate,Instagram,5.9,2.8,Smartphone,7.7,3,True,Rarely,10.0,94,3.71,Beneficial
19,Female,High School,Instagram,7.5,1.9,Smartphone,5.9,2,True,Rarely,13.0,82,2.91,Beneficial
19,Female,Undergraduate,Instagram,4.2,1.7,Smartphone,6.6,3,True,Sometimes,5.0,88,3.91,Beneficial
17,Female,High School,X (Twitter),1.9,1.6,Smartphone,7.9,3,False,Frequently,8.0,93,3.82,Beneficial
18,Female,Undergraduate,TikTok,3.4,1.2,Laptop/PC,8.1,3,False,Sometimes,4.0,94,3.8,Beneficial
19,Male,Undergraduate,YouTube,3.2,0.8,Smartphone,6.5,2,True,Frequently,10.0,87,3.51,Beneficial
18,Female,Undergraduate,Reddit,3.8,2.1,Smartphone,6.7,3,False,Sometimes,18.0,70,3.56,Beneficial
19,Male,Undergraduate,TikTok,5.4,1.5,Smartphone,7.2,4,True,Frequently,18.0,73,3.85,Beneficial
16,Male,High School,YouTube,4.8,2.2,Smartphone,4.6,2,True,Frequently,24.0,69,3.19,Neutral
22,Female,Postgraduate,Snapchat,3.5,1.5,Smartphone,7.5,3,False,Never,8.0,96,3.48,Beneficial
19,Female,Undergraduate,Snapchat,3.5,2.5,Smartphone,7.5,3,False,Frequently,8.0,83,3.78,Beneficial
19,Female,High School,YouTube,4.2,1.9,Laptop/PC,6.9,2,False,Always,16.0,78,3.46,Beneficial
19,Male,Undergraduate,TikTok,3.5,1.7,Smartphone,7.8,3,True,Always,15.0,90,3.81,Beneficial
18,Male,Undergraduate,YouTube,1.5,2.7,Laptop/PC,7.7,4,False,Frequently,8.0,97,3.33,Beneficial
18,Female,Undergraduate,Instagram,8.1,1.7,Smartphone,4.7,1,True,Frequently,20.0,63,3.02,Neutral
20,Female,Undergraduate,YouTube,6.2,1.9,Smartphone,6.7,3,True,Frequently,16.0,81,3.13,Beneficial
18,Female,Undergraduate,YouTube,5.5,1.7,Smartphone,7.2,3,False,Sometimes,16.0,80,2.68,Beneficial
19,Male,Undergraduate,Instagram,4.1,2.8,Smartphone,8.7,4,True,Frequently,16.0,81,3.82,Beneficial
18,Female,Undergraduate,TikTok,9.8,0.6,Laptop/PC,5.7,1,True,Rarely,19.0,74,3.21,Beneficial
22,Male,Postgraduate,TikTok,3.3,2.0,Tablet,8.0,3,True,Rarely,10.0,95,3.31,Beneficial
22,Female,Postgraduate,Instagram,11.2,2.6,Laptop/PC,5.7,1,True,Frequently,28.0,65,2.82,Neutral
17,Male,High School,YouTube,4.5,2.5,Smartphone,7.0,2,True,Sometimes,4.0,85,3.71,Beneficial
16,Female,High School,TikTok,7.2,2.6,Laptop/PC,6.7,2,True,Sometimes,14.0,81,3.55,Beneficial
18,Female,Undergraduate,Instagram,4.4,1.3,Smartphone,7.7,3,False,Rarely,3.0,86,3.29,Beneficial
18,Male,Undergraduate,Snapchat,4.4,1.1,Smartphone,7.0,3,True,Sometimes,7.0,81,3.79,Beneficial
20,Male,Undergraduate,Instagram,10.0,2.7,Smartphone,4.3,1,True,Rarely,25.0,58,2.66,Neutral
19,Female,Undergraduate,TikTok,2.5,2.0,Smartphone,6.8,3,False,Rarely,5.0,80,3.47,Beneficial
16,Female,High School,Instagram,4.8,1.7,Smartphone,7.3,2,False,Rarely,10.0,87,3.67,Beneficial
18,Prefer not to say,Undergraduate,TikTok,1.6,1.2,Smartphone,7.3,4,False,Frequently,10.0,94,3.28,Beneficial
18,Female,Undergraduate,Instagram,2.0,2.0,Smartphone,9.4,4,False,Sometimes,1.0,98,4.0,Beneficial
16,Female,High School,TikTok,4.8,1.7,Smartphone,6.5,2,False,Always,13.0,80,3.52,Beneficial
17,Male,High School,TikTok,4.3,0.8,Smartphone,5.5,1,True,Rarely,16.0,79,3.26,Beneficial
19,Female,Undergraduate,TikTok,5.7,2.8,Smartphone,6.3,2,True,Sometimes,12.0,84,3.04,Beneficial
20,Female,Undergraduate,YouTube,3.2,2.2,Smartphone,6.6,2,False,Rarely,10.0,88,4.0,Beneficial
19,Female,Undergraduate,TikTok,3.6,1.3,Smartphone,6.8,2,False,Sometimes,0.0,87,3.84,Beneficial
18,Male,Undergraduate,Instagram,14.0,2.0,Smartphone,4.5,1,True,Sometimes,25.0,53,2.55,Neutral
18,Male,High School,Instagram,2.2,1.0,Smartphone,7.4,4,False,Frequently,10.0,83,3.73,Beneficial
19,Male,Undergraduate,Reddit,7.2,2.5,Smartphone,6.5,2,True,Frequently,15.0,75,2.93,Beneficial
24,Female,Postgraduate,LinkedIn,3.4,2.2,Smartphone,7.5,4,False,Frequently,12.0,80,4.0,Beneficial
19,Male,Undergraduate,Instagram,4.6,3.4,Tablet,6.3,3,False,Always,9.0,87,3.34,Beneficial
17,Male,High School,Instagram,8.1,1.5,Smartphone,6.2,2,True,Frequently,16.0,80,3.13,Beneficial
20,Male,Undergraduate,TikTok,5.9,2.0,Smartphone,7.4,3,False,Sometimes,12.0,85,3.61,Beneficial
17,Male,High School,TikTok,2.8,2.5,Smartphone,7.8,3,False,Always,7.0,93,3.96,Beneficial
21,Male,Undergraduate,TikTok,3.8,0.6,Laptop/PC,5.8,3,False,Sometimes,15.0,80,2.96,Beneficial
17,Female,High School,TikTok,8.8,2.7,Smartphone,3.4,1,True,Never,30.0,54,2.74,Negative
15,Male,High School,Instagram,3.3,1.8,Smartphone,6.9,2,False,Sometimes,13.0,82,3.87,Beneficial
18,Female,Undergraduate,Instagram,9.2,2.6,Smartphone,4.9,1,True,Sometimes,18.0,60,3.21,Neutral
21,Male,Undergraduate,LinkedIn,10.2,1.2,Smartphone,4.1,1,True,Frequently,27.0,56,3.22,Neutral
19,Male,Undergraduate,Reddit,5.9,1.9,Smartphone,7.2,3,True,Rarely,14.0,86,2.92,Beneficial
18,Male,Undergraduate,Snapchat,5.4,1.5,Smartphone,6.2,4,True,Rarely,9.0,83,2.99,Beneficial
19,Male,Undergraduate,Instagram,2.1,2.2,Smartphone,8.6,4,True,Rarely,4.0,98,3.72,Beneficial
21,Female,Undergraduate,Instagram,3.6,2.2,Laptop/PC,7.4,3,False,Frequently,7.0,95,3.69,Beneficial
19,Male,Undergraduate,Instagram,6.5,1.4,Smartphone,6.1,1,True,Sometimes,16.0,70,2.85,Beneficial
18,Male,Undergraduate,TikTok,11.6,1.6,Smartphone,4.3,1,True,Always,23.0,45,2.7,Neutral
19,Male,Undergraduate,YouTube,4.7,3.0,Smartphone,6.1,2,True,Sometimes,8.0,77,3.27,Beneficial
18,Male,High School,Instagram,4.5,1.9,Smartphone,7.1,3,False,Sometimes,14.0,84,3.68,Beneficial
19,Female,Undergraduate,TikTok,2.5,0.9,Smartphone,8.5,4,False,Frequently,7.0,87,3.54,Beneficial
20,Male,Undergraduate,TikTok,2.9,1.3,Smartphone,7.5,3,True,Sometimes,7.0,91,4.0,Beneficial
15,Male,High School,Instagram,2.5,2.2,Laptop/PC,6.3,3,False,Sometimes,6.0,91,3.66,Beneficial
18,Female,Undergraduate,X (Twitter),5.1,2.1,Smartphone,4.9,1,True,Sometimes,21.0,61,2.85,Neutral
19,Female,Undergraduate,YouTube,4.2,1.8,Smartphone,6.7,2,True,Frequently,16.0,82,3.47,Beneficial
18,Female,Undergraduate,YouTube,4.5,1.8,Smartphone,7.6,3,False,Always,12.0,83,3.65,Beneficial
21,Male,Undergraduate,YouTube,4.8,2.5,Smartphone,6.1,2,False,Rarely,8.0,87,2.99,Beneficial
18,Female,Undergraduate,TikTok,5.2,1.8,Smartphone,8.1,3,False,Frequently,14.0,71,3.88,Beneficial
21,Female,Undergraduate,TikTok,6.0,2.1,Smartphone,7.2,2,False,Sometimes,13.0,76,3.11,Beneficial
19,Male,Undergraduate,Instagram,3.2,1.5,Smartphone,7.2,2,False,Sometimes,6.0,89,3.46,Beneficial
18,Male,Undergraduate,YouTube,14.0,1.0,Smartphone,3.2,1,True,Sometimes,40.0,37,2.58,Negative
21,Female,Undergraduate,YouTube,3.7,1.6,Smartphone,7.0,3,False,Sometimes,13.0,96,3.62,Beneficial
21,Male,Undergraduate,TikTok,5.2,1.9,Smartphone,7.2,3,True,Always,7.0,77,3.53,Beneficial
17,Female,High School,Reddit,2.5,2.6,Smartphone,7.5,3,True,Rarely,5.0,98,4.0,Beneficial
21,Male,Undergraduate,YouTube,7.2,1.2,Smartphone,5.7,2,False,Frequently,15.0,72,3.36,Beneficial
18,Male,Undergraduate,Instagram,5.4,1.5,Smartphone,7.0,2,True,Frequently,13.0,92,3.33,Beneficial
18,Male,Undergraduate,TikTok,11.2,1.6,Smartphone,4.5,1,False,Sometimes,28.0,60,2.74,Neutral
17,Female,High School,LinkedIn,5.8,1.7,Smartphone,6.8,2,True,Sometimes,8.0,83,3.76,Beneficial
17,Female,High School,TikTok,6.4,2.7,Smartphone,6.8,3,True,Sometimes,20.0,74,3.37,Beneficial
18,Male,Undergraduate,X (Twitter),3.0,1.3,Smartphone,6.4,2,True,Rarely,13.0,98,3.7,Beneficial
18,Female,Undergraduate,X (Twitter),4.1,1.5,Smartphone,7.6,3,True,Rarely,15.0,85,3.67,Beneficial
16,Male,High School,Instagram,3.2,1.5,Laptop/PC,8.0,3,True,Sometimes,16.0,90,3.69,Beneficial
21,Male,Undergraduate,Instagram,2.8,1.5,Smartphone,7.2,4,False,Rarely,10.0,93,3.92,Beneficial
16,Male,High School,Snapchat,13.1,3.0,Laptop/PC,4.4,1,False,Sometimes,28.0,54,2.81,Neutral
19,Male,Undergraduate,X (Twitter),8.6,1.9,Smartphone,4.8,1,False,Rarely,14.0,63,3.14,Beneficial
17,Male,High School,Reddit,4.5,2.5,Laptop/PC,6.3,3,True,Sometimes,4.0,81,3.53,Beneficial
20,Female,Undergraduate,Instagram,5.6,1.4,Smartphone,7.1,2,True,Sometimes,14.0,70,3.33,Beneficial
18,Female,Undergraduate,Snapchat,6.2,1.0,Smartphone,5.5,1,True,Frequently,19.0,63,3.49,Beneficial
20,Female,Undergraduate,YouTube,6.2,1.2,Smartphone,6.3,2,False,Rarely,16.0,91,2.9,Beneficial
19,Male,Undergraduate,YouTube,5.1,3.2,Laptop/PC,7.7,3,True,Rarely,12.0,88,3.2,Beneficial
20,Female,Undergraduate,Instagram,6.3,1.6,Tablet,7.5,3,True,Sometimes,17.0,74,4.0,Beneficial
17,Male,High School,YouTube,3.6,1.5,Smartphone,7.6,3,False,Rarely,4.0,98,4.0,Beneficial
20,Female,Undergraduate,LinkedIn,8.8,1.9,Smartphone,4.9,1,True,Sometimes,27.0,61,2.59,Neutral
15,Male,High School,YouTube,9.9,1.2,Laptop/PC,3.3,1,True,Always,31.0,44,2.47,Negative
20,Female,Undergraduate,TikTok,5.6,2.5,Smartphone,8.2,3,True,Sometimes,17.0,81,2.96,Beneficial
18,Female,Undergraduate,Instagram,3.9,2.2,Smartphone,7.2,3,False,Sometimes,12.0,79,3.25,Beneficial
17,Female,High School,Snapchat,3.1,2.7,Smartphone,8.9,4,False,Sometimes,3.0,95,4.0,Beneficial
25,Female,Postgraduate,Snapchat,9.8,0.7,Smartphone,5.1,1,False,Rarely,15.0,60,3.61,Beneficial
19,Female,Undergraduate,Instagram,6.1,1.5,Smartphone,7.5,2,True,Frequently,13.0,81,3.36,Beneficial
16,Female,High School,Reddit,7.3,1.3,Smartphone,6.2,2,True,Always,20.0,72,3.07,Neutral
19,Female,Undergraduate,Instagram,3.8,1.2,Laptop/PC,8.6,5,True,Sometimes,0.0,93,4.0,Beneficial
18,Male,Undergraduate,Instagram,2.0,1.4,Smartphone,7.3,4,True,Always,16.0,95,3.75,Beneficial
18,Female,Undergraduate,TikTok,4.7,1.7,Smartphone,8.0,3,True,Sometimes,15.0,84,3.33,Beneficial
20,Female,Undergraduate,TikTok,5.7,3.2,Smartphone,7.5,3,False,Rarely,9.0,82,3.93,Beneficial
20,Male,Undergraduate,Instagram,6.1,1.9,Smartphone,7.6,3,True,Frequently,14.0,79,3.65,Beneficial
20,Female,Undergraduate,TikTok,9.3,1.2,Smartphone,5.3,1,True,Sometimes,24.0,61,2.93,Neutral
18,Female,Undergraduate,YouTube,1.6,2.1,Tablet,7.9,3,False,Always,12.0,98,3.56,Beneficial
20,Male,Undergraduate,Instagram,2.8,2.3,Smartphone,7.7,3,True,Frequently,13.0,87,3.83,Beneficial
18,Female,High School,X (Twitter),6.2,1.1,Smartphone,5.8,2,True,Never,13.0,76,3.1,Beneficial
20,Male,Undergraduate,TikTok,7.5,2.1,Smartphone,5.3,1,False,Sometimes,19.0,73,2.83,Neutral
20,Male,Undergraduate,Snapchat,3.4,1.2,Smartphone,4.9,2,False,Never,14.0,66,3.97,Beneficial
16,Male,High School,YouTube,6.2,1.0,Smartphone,7.2,4,True,Sometimes,18.0,80,3.54,Beneficial
18,Female,Undergraduate,Reddit,4.2,2.3,Smartphone,6.3,3,True,Rarely,10.0,82,3.45,Beneficial
23,Female,Postgraduate,YouTube,5.3,2.4,Smartphone,5.1,1,False,Frequently,13.0,59,3.52,Beneficial
19,Male,Undergraduate,YouTube,4.6,2.5,Smartphone,6.2,3,True,Sometimes,12.0,90,3.35,Beneficial
18,Female,Undergraduate,YouTube,8.0,1.9,Smartphone,6.2,1,True,Frequently,22.0,67,2.85,Neutral
18,Male,Undergraduate,Instagram,5.1,1.5,Smartphone,6.8,3,True,Frequently,4.0,96,3.75,Beneficial
18,Male,Undergraduate,TikTok,2.5,2.4,Smartphone,8.6,4,False,Sometimes,4.0,97,3.96,Beneficial
17,Female,High School,TikTok,9.8,2.6,Smartphone,5.5,1,True,Frequently,28.0,55,2.88,Neutral
20,Male,Undergraduate,TikTok,10.3,2.4,Smartphone,6.2,1,False,Sometimes,26.0,64,2.61,Neutral
22,Female,Postgraduate,TikTok,3.6,1.9,Laptop/PC,6.8,2,False,Sometimes,13.0,89,3.73,Beneficial
20,Female,Undergraduate,Instagram,3.7,1.7,Smartphone,7.8,4,False,Always,11.0,88,3.51,Beneficial
16,Male,High School,Reddit,8.8,2.3,Smartphone,5.0,2,True,Sometimes,14.0,66,3.34,Beneficial
16,Female,High School,Snapchat,4.6,1.6,Smartphone,7.6,3,False,Rarely,12.0,93,3.35,Beneficial
20,Non-Binary,Undergraduate,TikTok,7.0,1.7,Smartphone,5.7,1,True,Always,16.0,75,3.34,Beneficial
21,Female,High School,Instagram,6.5,1.3,Smartphone,5.6,2,True,Rarely,19.0,70,3.26,Beneficial
18,Male,Undergraduate,Instagram,6.8,1.2,Laptop/PC,5.3,2,True,Frequently,16.0,66,2.97,Neutral
20,Female,Undergraduate,YouTube,2.2,0.8,Smartphone,6.6,4,False,Never,2.0,96,3.27,Beneficial
19,Male,Undergraduate,Reddit,2.4,0.8,Laptop/PC,8.2,3,False,Sometimes,8.0,95,4.0,Beneficial
19,Male,Undergraduate,TikTok,4.7,1.4,Smartphone,4.9,2,True,Always,15.0,80,3.29,Beneficial
17,Female,High School,TikTok,3.4,2.6,Smartphone,8.5,3,False,Never,8.0,89,3.79,Beneficial
18,Female,Undergraduate,Reddit,2.3,0.7,Smartphone,8.1,4,True,Always,5.0,98,3.75,Beneficial
17,Female,High School,Instagram,7.6,3.4,Smartphone,6.5,3,True,Frequently,14.0,82,3.08,Beneficial
20,Male,High School,TikTok,5.3,2.5,Smartphone,6.5,2,True,Sometimes,16.0,88,3.47,Beneficial
17,Male,High School,Snapchat,14.0,1.0,Smartphone,4.1,1,True,Frequently,31.0,42,2.77,Negative
17,Female,High School,TikTok,6.9,1.2,Smartphone,6.0,1,True,Always,11.0,76,3.49,Beneficial
19,Female,Undergraduate,Instagram,2.8,1.2,Laptop/PC,6.8,4,True,Frequently,10.0,92,3.59,Beneficial
15,Male,High School,X (Twitter),10.5,1.4,Smartphone,5.7,1,True,Rarely,20.0,67,3.08,Neutral
16,Female,High School,YouTube,3.5,1.3,Smartphone,6.2,4,False,Rarely,15.0,77,3.44,Beneficial
18,Male,Undergraduate,YouTube,4.8,2.7,Smartphone,6.9,2,False,Frequently,9.0,86,3.14,Beneficial
18,Male,Undergraduate,Instagram,8.3,1.8,Smartphone,6.5,2,False,Frequently,34.0,74,2.9,Neutral
17,Female,High School,TikTok,3.7,1.9,Smartphone,7.1,3,True,Always,7.0,95,3.93,Beneficial
17,Male,High School,Instagram,4.6,2.0,Smartphone,6.8,5,False,Rarely,15.0,74,3.49,Beneficial
19,Female,Undergraduate,YouTube,5.3,2.1,Smartphone,6.2,2,True,Sometimes,15.0,78,3.25,Beneficial
18,Female,High School,TikTok,4.4,1.9,Laptop/PC,7.1,3,False,Sometimes,8.0,92,3.7,Beneficial
18,Male,Undergraduate,Reddit,9.0,1.0,Laptop/PC,3.8,1,True,Always,25.0,70,2.64,Neutral
25,Female,Postgraduate,X (Twitter),3.3,0.4,Smartphone,6.9,3,False,Sometimes,7.0,80,3.57,Beneficial
19,Male,Undergraduate,Reddit,6.3,2.9,Laptop/PC,8.5,3,False,Rarely,10.0,82,3.96,Beneficial
20,Non-Binary,Undergraduate,TikTok,5.5,1.8,Laptop/PC,6.7,3,True,Never,13.0,82,3.46,Beneficial
19,Male,Undergraduate,Reddit,2.9,2.3,Smartphone,6.9,2,False,Frequently,17.0,89,3.53,Beneficial
21,Male,Undergraduate,TikTok,5.1,2.4,Smartphone,7.1,3,True,Sometimes,12.0,88,3.5,Beneficial
18,Male,Undergraduate,Reddit,6.9,1.9,Smartphone,4.7,1,True,Frequently,14.0,70,3.14,Beneficial
18,Female,Undergraduate,TikTok,5.4,1.1,Smartphone,7.3,3,False,Rarely,7.0,84,3.4,Beneficial
19,Non-Binary,Undergraduate,Snapchat,7.3,1.2,Smartphone,5.7,1,True,Sometimes,8.0,82,3.1,Beneficial
19,Female,Undergraduate,TikTok,4.7,2.0,Smartphone,7.4,2,True,Rarely,3.0,90,3.81,Beneficial
20,Female,Undergraduate,YouTube,2.5,1.9,Smartphone,8.3,3,False,Frequently,8.0,98,3.49,Beneficial
19,Female,Undergraduate,TikTok,8.2,1.7,Smartphone,5.0,1,True,Rarely,24.0,54,2.99,Neutral
20,Male,High School,Instagram,6.0,2.7,Smartphone,3.7,1,True,Rarely,16.0,70,2.77,Neutral
20,Male,Undergraduate,TikTok,3.9,1.0,Smartphone,6.4,2,True,Frequently,15.0,84,3.08,Beneficial
15,Male,High School,Instagram,2.6,1.9,Laptop/PC,7.6,3,True,Sometimes,10.0,88,3.7,Beneficial
15,Female,High School,TikTok,7.1,1.0,Laptop/PC,7.0,2,True,Never,15.0,72,3.17,Beneficial
19,Male,Undergraduate,Snapchat,5.9,2.0,Smartphone,5.2,2,True,Frequently,18.0,69,3.37,Beneficial
19,Female,Undergraduate,YouTube,4.1,2.3,Smartphone,6.3,3,True,Rarely,11.0,79,3.66,Beneficial
20,Female,Undergraduate,Instagram,6.5,1.6,Smartphone,6.3,2,True,Always,17.0,78,3.66,Beneficial
17,Male,High School,Instagram,3.8,1.2,Smartphone,7.7,4,False,Sometimes,18.0,92,3.82,Beneficial
18,Male,Undergraduate,Snapchat,6.5,2.2,Smartphone,6.8,2,False,Sometimes,18.0,76,3.02,Beneficial
21,Male,Undergraduate,TikTok,3.0,2.1,Smartphone,7.8,3,False,Sometimes,9.0,95,3.75,Beneficial
19,Male,Undergraduate,Instagram,1.1,2.8,Smartphone,8.0,3,True,Frequently,2.0,96,4.0,Beneficial
19,Female,Undergraduate,Snapchat,6.3,2.1,Smartphone,6.1,1,True,Rarely,17.0,77,3.83,Beneficial
18,Female,Undergraduate,Instagram,4.3,2.2,Laptop/PC,5.1,2,True,Sometimes,19.0,73,3.72,Beneficial
17,Male,High School,TikTok,3.7,2.3,Smartphone,7.9,3,True,Always,3.0,90,3.37,Beneficial
18,Female,Undergraduate,TikTok,4.8,1.2,Smartphone,6.9,3,False,Never,14.0,84,3.13,Beneficial
19,Female,Undergraduate,Instagram,8.9,1.9,Smartphone,4.1,1,True,Rarely,13.0,52,2.72,Neutral
19,Female,Undergraduate,Instagram,7.1,1.8,Smartphone,5.4,1,True,Sometimes,15.0,74,3.36,Beneficial
17,Female,High School,Snapchat,7.7,2.8,Smartphone,6.1,3,True,Frequently,24.0,69,2.95,Neutral
19,Male,Undergraduate,TikTok,2.8,1.4,Smartphone,7.9,4,False,Frequently,3.0,98,3.82,Beneficial
26,Female,Postgraduate,YouTube,3.5,1.5,Smartphone,6.4,1,True,Sometimes,18.0,78,3.81,Beneficial
21,Female,Undergraduate,Snapchat,5.2,2.0,Smartphone,5.9,3,True,Frequently,15.0,69,3.36,Beneficial
19,Male,Undergraduate,Instagram,2.8,2.5,Smartphone,7.7,2,False,Sometimes,8.0,98,3.63,Beneficial
19,Female,Undergraduate,TikTok,5.4,1.7,Laptop/PC,6.9,3,True,Always,13.0,79,3.49,Beneficial
20,Female,Undergraduate,YouTube,5.2,2.1,Smartphone,6.8,3,True,Rarely,10.0,85,3.49,Beneficial
18,Female,Undergraduate,TikTok,2.9,1.9,Smartphone,7.5,3,False,Never,12.0,88,3.63,Beneficial
18,Male,Undergraduate,Reddit,7.4,2.8,Smartphone,4.6,1,True,Frequently,15.0,68,3.64,Beneficial
22,Male,Postgraduate,TikTok,9.8,2.6,Smartphone,4.5,1,True,Frequently,25.0,52,3.4,Neutral
18,Female,Undergraduate,Instagram,2.4,1.4,Laptop/PC,8.3,4,True,Rarely,6.0,98,3.48,Beneficial
20,Male,Undergraduate,Instagram,4.5,2.0,Smartphone,6.2,1,True,Rarely,15.0,87,3.71,Beneficial
18,Female,Undergraduate,Instagram,9.7,2.8,Laptop/PC,5.4,1,True,Frequently,17.0,54,3.44,Neutral
20,Female,Undergraduate,Snapchat,3.1,1.6,Smartphone,7.8,3,False,Sometimes,8.0,94,4.0,Beneficial
18,Male,Undergraduate,TikTok,2.7,1.7,Laptop/PC,7.5,4,False,Frequently,12.0,88,3.48,Beneficial
19,Female,Undergraduate,TikTok,2.1,1.0,Smartphone,7.1,4,False,Always,7.0,94,4.0,Beneficial
25,Female,Postgraduate,Instagram,2.2,0.9,Smartphone,7.2,3,False,Frequently,7.0,97,4.0,Beneficial
19,Non-Binary,Undergraduate,TikTok,4.2,1.5,Smartphone,8.7,3,True,Sometimes,8.0,84,3.79,Beneficial
17,Female,High School,X (Twitter),5.2,2.2,Smartphone,6.4,3,True,Frequently,19.0,82,2.61,Beneficial
18,Non-Binary,Undergraduate,Instagram,6.6,2.4,Smartphone,6.2,2,True,Frequently,20.0,70,3.15,Neutral
19,Male,Undergraduate,Instagram,2.5,2.0,Smartphone,7.9,4,False,Sometimes,7.0,95,3.68,Beneficial
20,Female,Undergraduate,Instagram,6.3,3.2,Smartphone,5.3,2,True,Sometimes,16.0,69,3.88,Beneficial
17,Female,High School,Instagram,3.6,1.5,Smartphone,5.1,3,True,Always,18.0,87,3.5,Beneficial
18,Male,Undergraduate,YouTube,7.3,1.4,Laptop/PC,6.9,2,False,Frequently,13.0,81,3.21,Beneficial
26,Female,Postgraduate,LinkedIn,4.4,1.1,Smartphone,7.0,2,False,Always,14.0,73,3.5,Beneficial
24,Female,Postgraduate,YouTube,9.7,1.6,Smartphone,5.4,1,True,Rarely,24.0,68,3.15,Neutral
20,Male,Undergraduate,X (Twitter),2.3,2.7,Smartphone,7.0,4,False,Frequently,13.0,89,4.0,Beneficial
19,Female,Undergraduate,TikTok,6.8,0.0,Smartphone,5.3,2,False,Sometimes,10.0,83,3.57,Beneficial
19,Female,Undergraduate,TikTok,4.9,1.8,Smartphone,6.2,3,False,Rarely,11.0,71,2.72,Beneficial
19,Male,Undergraduate,YouTube,8.0,1.3,Smartphone,6.6,3,False,Sometimes,19.0,76,3.53,Beneficial
17,Male,High School,Snapchat,5.1,2.3,Smartphone,6.3,1,True,Frequently,8.0,91,3.4,Beneficial
17,Male,High School,Snapchat,3.3,0.3,Smartphone,9.6,4,False,Sometimes,4.0,98,3.78,Beneficial
21,Female,Undergraduate,YouTube,2.2,0.6,Smartphone,9.0,4,False,Rarely,4.0,98,3.76,Beneficial
19,Male,High School,TikTok,4.0,2.4,Smartphone,7.3,3,False,Frequently,7.0,89,3.46,Beneficial
19,Prefer not to say,Undergraduate,Instagram,9.0,1.7,Laptop/PC,5.4,1,True,Rarely,30.0,53,2.87,Negative
19,Female,Undergraduate,TikTok,2.5,0.6,Smartphone,8.1,4,False,Sometimes,6.0,93,3.51,Beneficial
15,Female,High School,Reddit,6.8,1.9,Smartphone,5.0,1,True,Rarely,23.0,66,2.88,Neutral
16,Female,High School,TikTok,9.0,1.5,Laptop/PC,6.2,2,True,Always,25.0,64,3.55,Neutral
20,Male,Undergraduate,LinkedIn,3.9,1.7,Smartphone,7.0,3,False,Rarely,14.0,83,3.3,Beneficial
20,Male,Undergraduate,TikTok,7.7,1.6,Smartphone,4.8,1,False,Always,27.0,58,3.2,Neutral
20,Male,Undergraduate,YouTube,8.8,2.6,Smartphone,5.8,1,True,Sometimes,22.0,63,3.33,Neutral
19,Prefer not to say,Undergraduate,Instagram,2.0,1.6,Smartphone,8.9,2,False,Frequently,2.0,97,3.9,Beneficial
19,Female,Undergraduate,YouTube,7.7,0.9,Smartphone,6.5,2,False,Rarely,22.0,71,2.87,Neutral
21,Male,Undergraduate,Instagram,5.2,1.0,Smartphone,5.5,2,True,Never,15.0,90,3.13,Beneficial
22,Female,Postgraduate,YouTube,1.6,2.2,Smartphone,7.1,3,False,Sometimes,6.0,98,3.57,Beneficial
19,Female,Undergraduate,Instagram,8.0,1.4,Smartphone,4.8,1,True,Sometimes,24.0,62,2.76,Neutral
18,Female,Undergraduate,TikTok,3.3,2.2,Smartphone,7.9,3,False,Frequently,0.0,94,4.0,Beneficial
17,Male,High School,YouTube,7.3,1.6,Smartphone,4.9,1,True,Sometimes,17.0,65,3.03,Neutral
19,Male,High School,TikTok,4.7,1.2,Smartphone,7.5,3,True,Frequently,13.0,80,3.93,Beneficial
20,Prefer not to say,Undergraduate,YouTube,2.3,1.9,Smartphone,7.5,3,True,Never,3.0,94,4.0,Beneficial
20,Female,Undergraduate,Instagram,6.6,1.2,Smartphone,7.1,2,True,Sometimes,19.0,88,3.33,Beneficial
18,Male,Undergraduate,Instagram,12.4,2.8,Smartphone,4.7,1,True,Frequently,26.0,51,3.46,Neutral
25,Female,Postgraduate,Instagram,3.8,2.8,Smartphone,6.7,2,False,Sometimes,18.0,89,3.42,Beneficial
19,Female,Undergraduate,TikTok,5.4,1.0,Smartphone,5.6,1,False,Rarely,10.0,71,2.99,Beneficial
18,Male,Undergraduate,Snapchat,4.5,1.9,Smartphone,7.0,2,False,Sometimes,7.0,90,3.41,Beneficial
19,Male,Undergraduate,Snapchat,9.4,1.5,Smartphone,5.6,1,True,Always,25.0,62,3.05,Neutral
23,Female,Postgraduate,Instagram,5.9,1.6,Smartphone,6.8,3,True,Sometimes,17.0,79,2.53,Beneficial
20,Male,High School,YouTube,3.9,1.7,Smartphone,8.7,3,False,Rarely,14.0,85,3.69,Beneficial
18,Female,Undergraduate,Instagram,5.4,1.0,Smartphone,8.2,3,True,Sometimes,11.0,75,3.97,Beneficial
21,Female,Undergraduate,YouTube,4.3,1.9,Smartphone,6.6,3,False,Frequently,12.0,85,3.31,Beneficial
17,Male,High School,Snapchat,2.3,1.2,Tablet,6.3,3,False,Rarely,16.0,78,3.69,Beneficial
22,Male,Postgraduate,Instagram,2.5,3.6,Smartphone,6.4,3,False,Rarely,10.0,90,4.0,Beneficial
18,Prefer not to say,Undergraduate,TikTok,3.7,1.2,Smartphone,7.7,3,False,Sometimes,15.0,83,3.86,Beneficial
22,Female,Postgraduate,Reddit,2.4,2.4,Smartphone,8.1,3,False,Sometimes,0.0,98,3.99,Beneficial
23,Female,Postgraduate,YouTube,6.7,0.2,Smartphone,6.8,3,False,Sometimes,11.0,76,3.73,Beneficial
20,Male,Undergraduate,Reddit,3.4,1.5,Smartphone,7.0,3,False,Sometimes,8.0,76,3.57,Beneficial
17,Male,High School,YouTube,5.3,1.6,Smartphone,5.6,1,False,Always,13.0,81,3.52,Beneficial
18,Female,Undergraduate,Instagram,9.3,1.2,Smartphone,5.8,1,False,Sometimes,25.0,66,3.01,Neutral
21,Female,Undergraduate,Snapchat,2.5,2.1,Smartphone,8.2,4,True,Frequently,7.0,88,3.58,Beneficial
19,Male,Undergraduate,Instagram,8.8,1.6,Smartphone,5.4,1,True,Frequently,21.0,71,3.17,Neutral
17,Male,High School,TikTok,6.8,1.2,Smartphone,6.7,2,True,Sometimes,21.0,71,3.06,Neutral
18,Male,Undergraduate,TikTok,4.7,2.2,Smartphone,7.0,2,False,Always,14.0,80,3.41,Beneficial
21,Female,Undergraduate,Instagram,5.5,1.2,Smartphone,6.4,2,True,Sometimes,15.0,74,3.69,Beneficial
23,Female,Postgraduate,TikTok,4.0,2.9,Smartphone,7.6,3,True,Never,7.0,96,3.54,Beneficial
17,Female,High School,YouTube,3.9,2.8,Smartphone,7.4,3,True,Sometimes,14.0,91,3.48,Beneficial
19,Prefer not to say,Undergraduate,TikTok,6.0,1.2,Tablet,5.6,1,True,Rarely,13.0,88,3.12,Beneficial
18,Male,Undergraduate,TikTok,4.0,2.1,Smartphone,7.9,3,False,Never,7.0,90,3.63,Beneficial
20,Male,High School,Reddit,2.9,1.8,Smartphone,8.1,5,True,Sometimes,2.0,98,4.0,Beneficial
17,Male,High School,Instagram,6.0,1.2,Smartphone,5.7,2,True,Frequently,21.0,67,2.73,Neutral
16,Female,High School,Instagram,4.4,2.9,Smartphone,6.9,3,False,Sometimes,11.0,84,3.82,Beneficial
19,Female,Undergraduate,TikTok,4.0,3.0,Smartphone,5.2,1,True,Sometimes,18.0,77,3.85,Beneficial
19,Female,Undergraduate,Instagram,8.6,2.1,Smartphone,5.1,1,True,Sometimes,15.0,66,2.72,Neutral
20,Male,Undergraduate,TikTok,9.3,2.1,Laptop/PC,4.7,1,False,Rarely,21.0,65,2.99,Neutral
23,Male,Postgraduate,Instagram,6.4,1.6,Smartphone,6.1,2,True,Sometimes,25.0,69,3.45,Neutral
24,Male,Postgraduate,YouTube,7.4,1.2,Smartphone,5.9,2,True,Always,19.0,71,3.21,Beneficial
21,Male,Undergraduate,Instagram,4.5,2.1,Smartphone,7.6,3,True,Frequently,8.0,80,3.93,Beneficial
18,Female,Undergraduate,Instagram,2.7,2.0,Laptop/PC,8.1,4,False,Frequently,14.0,98,3.46,Beneficial
19,Male,Undergraduate,Instagram,3.3,0.9,Smartphone,6.8,3,False,Always,7.0,81,3.27,Beneficial
18,Female,Undergraduate,Instagram,3.2,1.0,Smartphone,8.2,5,False,Sometimes,16.0,85,3.31,Beneficial
20,Prefer not to say,Undergraduate,Instagram,6.8,2.5,Smartphone,7.0,3,True,Frequently,18.0,71,2.86,Neutral
17,Male,High School,YouTube,11.2,3.0,Smartphone,3.2,1,True,Rarely,26.0,43,2.51,Negative
18,Female,Undergraduate,Snapchat,4.8,0.9,Smartphone,6.5,1,True,Rarely,11.0,73,3.66,Beneficial
18,Female,Undergraduate,Instagram,8.2,1.9,Smartphone,5.1,2,True,Frequently,16.0,68,3.44,Beneficial
20,Female,Undergraduate,Snapchat,2.6,2.0,Smartphone,8.1,4,False,Frequently,12.0,98,3.17,Beneficial
20,Male,Undergraduate,Instagram,3.8,0.3,Laptop/PC,7.9,4,True,Sometimes,5.0,82,3.44,Beneficial
21,Male,Undergraduate,Instagram,3.8,1.9,Smartphone,6.3,2,False,Always,14.0,71,3.88,Beneficial
21,Female,Undergraduate,YouTube,2.9,0.0,Smartphone,7.6,4,True,Sometimes,5.0,88,3.91,Beneficial
20,Male,Undergraduate,TikTok,8.6,2.1,Smartphone,6.6,2,True,Frequently,15.0,74,2.98,Beneficial
16,Male,High School,YouTube,3.9,1.1,Smartphone,7.9,3,False,Sometimes,15.0,89,3.43,Beneficial
19,Female,Undergraduate,TikTok,3.0,1.1,Tablet,7.7,3,False,Always,9.0,94,3.63,Beneficial
19,Female,Undergraduate,TikTok,4.2,1.7,Smartphone,6.2,3,False,Always,8.0,78,3.35,Beneficial
17,Female,High School,X (Twitter),6.0,1.6,Laptop/PC,7.5,2,True,Always,14.0,81,3.51,Beneficial
15,Female,High School,Instagram,7.0,1.5,Smartphone,5.8,2,True,Rarely,20.0,65,3.12,Neutral
18,Female,Undergraduate,YouTube,6.5,0.8,Smartphone,6.1,1,True,Sometimes,17.0,80,3.55,Beneficial
17,Female,High School,Instagram,7.5,2.4,Smartphone,5.9,1,False,Rarely,10.0,74,3.25,Beneficial
18,Female,Undergraduate,TikTok,14.0,3.4,Smartphone,4.0,1,True,Rarely,30.0,46,2.43,Negative
16,Male,High School,Instagram,4.9,0.3,Smartphone,6.5,2,False,Sometimes,6.0,82,3.47,Beneficial
17,Female,High School,TikTok,6.7,1.7,Smartphone,5.9,2,True,Frequently,8.0,72,3.19,Beneficial
19,Male,Undergraduate,TikTok,11.5,2.5,Laptop/PC,5.0,1,True,Rarely,32.0,41,2.8,Negative
23,Male,Postgraduate,TikTok,9.8,1.3,Smartphone,4.2,1,False,Never,24.0,68,3.28,Neutral
18,Male,Undergraduate,Instagram,11.5,2.7,Smartphone,5.0,1,True,Rarely,33.0,54,2.64,Negative
22,Female,Postgraduate,Instagram,6.2,1.9,Smartphone,6.5,2,True,Frequently,12.0,94,3.24,Beneficial
18,Female,Undergraduate,Instagram,2.7,2.0,Laptop/PC,8.0,4,True,Sometimes,3.0,98,3.82,Beneficial
26,Prefer not to say,Undergraduate,Instagram,5.1,2.7,Smartphone,6.7,3,True,Rarely,13.0,76,3.56,Beneficial
20,Male,Undergraduate,Instagram,5.2,1.4,Smartphone,7.7,3,True,Always,17.0,80,3.52,Beneficial
18,Female,Undergraduate,Instagram,4.2,1.3,Smartphone,8.0,3,False,Frequently,1.0,98,3.52,Beneficial
17,Female,High School,TikTok,14.0,0.6,Smartphone,4.2,1,True,Always,22.0,45,2.91,Neutral
18,Male,Undergraduate,TikTok,4.8,2.7,Laptop/PC,7.5,2,True,Sometimes,14.0,83,3.45,Beneficial
23,Male,Postgraduate,TikTok,7.1,2.0,Laptop/PC,6.6,2,False,Frequently,17.0,80,3.68,Beneficial
23,Male,Undergraduate,Instagram,6.6,2.1,Smartphone,6.9,3,True,Frequently,18.0,80,3.42,Beneficial
18,Female,Undergraduate,YouTube,2.9,2.4,Smartphone,5.5,1,True,Frequently,15.0,75,3.96,Beneficial
19,Male,Undergraduate,YouTube,3.8,1.6,Smartphone,7.1,2,False,Always,6.0,84,3.46,Beneficial
19,Female,Undergraduate,TikTok,6.7,3.0,Smartphone,5.6,2,False,Always,18.0,72,3.37,Beneficial
21,Male,Undergraduate,YouTube,2.0,1.8,Smartphone,7.3,3,True,Rarely,8.0,86,3.74,Beneficial
16,Female,High School,TikTok,5.8,1.5,Smartphone,7.0,3,True,Sometimes,10.0,86,3.6,Beneficial
19,Male,Undergraduate,TikTok,7.2,3.0,Smartphone,6.7,2,True,Rarely,9.0,80,3.36,Beneficial
21,Female,High School,YouTube,4.2,1.2,Laptop/PC,6.5,2,False,Sometimes,13.0,72,3.05,Beneficial
18,Female,Undergraduate,TikTok,5.6,1.9,Smartphone,6.4,3,True,Rarely,18.0,76,3.32,Beneficial
17,Male,High School,Instagram,3.1,1.3,Smartphone,8.7,4,False,Frequently,2.0,86,4.0,Beneficial
18,Female,Undergraduate,YouTube,4.0,3.6,Tablet,6.9,3,False,Frequently,15.0,88,3.4,Beneficial
17,Male,High School,Instagram,2.2,1.9,Laptop/PC,7.5,2,True,Always,13.0,89,3.43,Beneficial
16,Female,High School,Instagram,5.3,1.9,Smartphone,7.5,2,True,Frequently,11.0,89,3.47,Beneficial
19,Female,Undergraduate,Instagram,2.9,2.2,Smartphone,6.8,4,False,Frequently,15.0,86,3.92,Beneficial
21,Female,Undergraduate,YouTube,2.1,0.2,Smartphone,8.3,4,True,Never,12.0,94,3.49,Beneficial
19,Female,Undergraduate,Instagram,11.3,1.9,Smartphone,4.1,1,True,Frequently,26.0,56,2.21,Negative
17,Male,High School,Instagram,6.1,1.3,Smartphone,6.7,2,True,Sometimes,10.0,83,3.5,Beneficial
21,Female,Undergraduate,TikTok,7.9,2.9,Smartphone,6.8,2,False,Sometimes,15.0,69,3.49,Beneficial
18,Female,Undergraduate,TikTok,3.2,2.8,Smartphone,7.9,3,False,Sometimes,17.0,87,3.77,Beneficial
20,Female,Undergraduate,Instagram,3.2,2.0,Smartphone,6.6,4,False,Rarely,15.0,86,3.58,Beneficial
17,Male,High School,TikTok,1.9,0.7,Smartphone,7.1,4,True,Sometimes,0.0,96,4.0,Beneficial
19,Male,Undergraduate,Snapchat,8.0,0.5,Smartphone,5.3,1,True,Sometimes,17.0,67,3.46,Beneficial
18,Male,Undergraduate,Instagram,4.8,1.7,Laptop/PC,6.5,2,False,Rarely,13.0,81,3.63,Beneficial
23,Male,Postgraduate,X (Twitter),2.6,1.8,Smartphone,8.5,4,False,Frequently,6.0,92,4.0,Beneficial
19,Female,Undergraduate,Instagram,7.5,2.9,Smartphone,7.7,4,False,Always,17.0,70,3.48,Beneficial
15,Male,High School,Snapchat,3.7,2.4,Smartphone,8.3,4,False,Always,6.0,89,4.0,Beneficial
18,Female,Undergraduate,Reddit,10.6,0.7,Smartphone,5.7,1,False,Sometimes,21.0,54,2.87,Neutral
22,Female,Postgraduate,TikTok,2.5,2.3,Smartphone,7.2,3,False,Rarely,8.0,90,4.0,Beneficial
17,Female,High School,Instagram,3.0,1.8,Smartphone,8.8,4,False,Sometimes,8.0,84,3.83,Beneficial
19,Male,Undergraduate,Instagram,4.2,0.2,Smartphone,6.9,2,False,Frequently,19.0,80,4.0,Beneficial
21,Male,Undergraduate,YouTube,5.2,2.5,Smartphone,6.6,2,True,Sometimes,8.0,79,3.4,Beneficial
19,Female,Undergraduate,YouTube,1.7,0.6,Smartphone,6.8,3,False,Sometimes,10.0,86,3.42,Beneficial
16,Male,High School,Instagram,12.6,0.5,Smartphone,3.3,1,False,Rarely,31.0,45,2.67,Negative
22,Male,Postgraduate,X (Twitter),6.4,2.0,Smartphone,7.2,3,True,Frequently,17.0,90,2.98,Beneficial
21,Male,Undergraduate,Instagram,3.8,1.1,Smartphone,6.7,2,False,Frequently,8.0,96,3.23,Beneficial
21,Female,Undergraduate,YouTube,10.9,0.0,Smartphone,4.0,1,False,Frequently,22.0,64,2.67,Neutral
20,Female,Undergraduate,Instagram,3.4,1.6,Smartphone,7.3,4,False,Rarely,5.0,98,3.98,Beneficial
17,Male,High School,Instagram,5.8,3.1,Tablet,5.5,2,True,Sometimes,13.0,74,3.46,Beneficial
19,Female,Undergraduate,TikTok,3.7,1.0,Smartphone,6.4,3,True,Frequently,14.0,74,3.5,Beneficial
19,Female,Undergraduate,Instagram,5.7,1.6,Laptop/PC,5.9,1,True,Always,10.0,83,3.19,Beneficial
18,Female,Undergraduate,Instagram,11.5,1.5,Laptop/PC,3.6,1,False,Frequently,21.0,47,3.08,Neutral
20,Female,Undergraduate,TikTok,8.0,1.5,Smartphone,4.8,1,True,Rarely,28.0,75,3.21,Neutral
18,Female,Undergraduate,LinkedIn,5.3,1.5,Smartphone,6.7,3,True,Sometimes,19.0,81,3.26,Beneficial
18,Male,Undergraduate,TikTok,3.2,0.8,Smartphone,7.9,3,False,Always,7.0,89,3.98,Beneficial
17,Female,High School,Instagram,4.2,2.0,Smartphone,6.5,2,True,Always,13.0,76,3.69,Beneficial
19,Male,Undergraduate,YouTube,5.0,0.9,Smartphone,5.6,3,True,Frequently,16.0,80,3.29,Beneficial
18,Female,Undergraduate,TikTok,6.2,2.7,Smartphone,6.5,2,True,Sometimes,10.0,78,3.08,Beneficial
18,Female,Undergraduate,Instagram,6.3,1.2,Smartphone,7.0,4,True,Rarely,10.0,81,3.46,Beneficial
22,Female,Postgraduate,Instagram,8.3,2.1,Smartphone,5.5,2,True,Sometimes,24.0,59,2.4,Neutral
23,Male,Postgraduate,YouTube,4.0,0.8,Laptop/PC,8.3,2,False,Always,6.0,95,3.61,Beneficial
17,Male,High School,Instagram,9.8,2.8,Smartphone,4.7,1,True,Sometimes,24.0,57,2.76,Neutral
19,Female,Undergraduate,YouTube,2.9,1.4,Smartphone,9.4,4,False,Rarely,4.0,97,3.84,Beneficial
16,Male,High School,TikTok,4.7,1.3,Smartphone,7.0,3,False,Sometimes,8.0,85,3.19,Beneficial
21,Female,Undergraduate,TikTok,3.2,2.3,Smartphone,5.6,1,True,Rarely,18.0,81,3.6,Beneficial
19,Female,Undergraduate,YouTube,8.0,2.0,Smartphone,6.6,2,True,Sometimes,20.0,73,3.2,Beneficial
20,Female,Undergraduate,LinkedIn,2.6,1.6,Smartphone,7.6,4,True,Rarely,5.0,89,3.73,Beneficial
19,Female,Undergraduate,Instagram,2.3,2.1,Smartphone,9.5,4,False,Always,8.0,88,3.74,Beneficial
19,Female,Undergraduate,YouTube,6.1,0.8,Smartphone,7.3,3,True,Sometimes,10.0,68,3.41,Beneficial
20,Male,Undergraduate,TikTok,4.7,0.3,Smartphone,8.2,3,False,Sometimes,2.0,90,3.82,Beneficial
17,Male,High School,TikTok,3.1,2.5,Smartphone,7.5,2,False,Frequently,10.0,92,3.79,Beneficial
16,Male,High School,Instagram,3.9,1.4,Smartphone,6.4,2,False,Frequently,17.0,82,3.41,Beneficial
19,Female,Undergraduate,Instagram,3.9,1.5,Smartphone,7.2,3,True,Sometimes,6.0,86,3.84,Beneficial
19,Male,Undergraduate,Instagram,3.1,2.0,Smartphone,7.5,3,True,Frequently,15.0,91,3.72,Beneficial
19,Male,Undergraduate,TikTok,1.7,2.1,Smartphone,8.9,5,False,Frequently,6.0,98,3.95,Beneficial
16,Male,High School,Instagram,9.5,2.1,Laptop/PC,4.8,1,True,Frequently,29.0,59,2.48,Negative
18,Female,Undergraduate,X (Twitter),3.8,1.4,Smartphone,6.7,2,False,Sometimes,5.0,84,3.41,Beneficial
19,Female,Undergraduate,YouTube,7.8,1.8,Smartphone,5.4,1,True,Frequently,18.0,64,3.32,Beneficial
17,Female,High School,Instagram,14.0,2.2,Smartphone,3.9,1,True,Frequently,32.0,45,2.58,Negative
21,Female,Undergraduate,Instagram,4.0,2.1,Smartphone,7.4,4,False,Frequently,9.0,94,3.64,Beneficial
21,Female,Undergraduate,Instagram,10.5,2.2,Smartphone,4.8,1,True,Sometimes,28.0,48,2.17,Negative
18,Male,Undergraduate,TikTok,5.3,0.7,Smartphone,6.0,3,True,Rarely,19.0,79,3.44,Beneficial
18,Male,Undergraduate,TikTok,4.2,0.8,Smartphone,6.4,3,True,Rarely,12.0,69,3.53,Beneficial
22,Female,Postgraduate,Instagram,1.3,3.1,Smartphone,7.6,5,False,Sometimes,0.0,98,4.0,Beneficial
17,Male,High School,LinkedIn,5.4,1.8,Smartphone,6.4,2,True,Always,15.0,85,3.33,Beneficial
19,Male,Undergraduate,X (Twitter),4.6,3.6,Smartphone,7.2,2,True,Frequently,2.0,87,3.68,Beneficial
19,Female,High School,TikTok,3.0,2.6,Smartphone,8.1,3,False,Always,4.0,97,3.61,Beneficial
20,Female,Undergraduate,Instagram,4.6,1.3,Smartphone,7.5,3,True,Sometimes,14.0,83,3.74,Beneficial
19,Female,High School,TikTok,1.7,2.7,Smartphone,8.0,4,False,Frequently,3.0,93,3.8,Beneficial
15,Female,High School,Snapchat,8.9,1.4,Tablet,5.7,1,True,Sometimes,24.0,61,3.32,Neutral
18,Male,Undergraduate,TikTok,5.3,2.3,Smartphone,7.3,3,True,Never,14.0,85,3.45,Beneficial
24,Female,Postgraduate,X (Twitter),2.5,1.2,Smartphone,7.1,3,True,Never,16.0,89,3.32,Beneficial
17,Female,High School,Instagram,6.7,1.5,Laptop/PC,4.4,1,False,Sometimes,23.0,58,3.26,Neutral
17,Male,High School,Instagram,4.4,2.0,Smartphone,6.4,1,False,Always,12.0,80,3.47,Beneficial
18,Female,High School,Instagram,9.8,1.2,Smartphone,5.1,3,True,Frequently,25.0,49,2.95,Neutral
17,Male,High School,Snapchat,5.5,2.6,Laptop/PC,7.1,3,True,Frequently,13.0,78,3.68,Beneficial
19,Female,Undergraduate,Instagram,3.4,2.6,Smartphone,7.2,3,True,Sometimes,11.0,85,3.01,Beneficial
18,Male,Undergraduate,Instagram,5.9,0.8,Laptop/PC,6.8,3,True,Always,7.0,82,2.89,Beneficial
18,Female,Undergraduate,Snapchat,3.6,2.0,Smartphone,6.9,3,True,Sometimes,6.0,85,3.95,Beneficial
17,Female,High School,TikTok,4.9,1.4,Smartphone,6.8,3,False,Frequently,12.0,88,3.16,Beneficial
16,Female,High School,Instagram,7.3,1.0,Smartphone,6.2,2,True,Rarely,18.0,60,2.89,Neutral
16,Female,High School,TikTok,9.8,1.8,Smartphone,4.4,1,True,Rarely,25.0,54,2.47,Neutral
17,Male,High School,Instagram,5.2,0.9,Smartphone,8.4,4,True,Always,6.0,92,3.5,Beneficial
19,Male,Undergraduate,YouTube,4.9,1.2,Smartphone,6.1,2,False,Sometimes,12.0,86,3.85,Beneficial
16,Male,High School,Instagram,7.9,1.9,Smartphone,6.4,3,True,Frequently,26.0,58,2.85,Neutral
18,Female,Undergraduate,Instagram,11.8,1.8,Smartphone,3.8,1,False,Frequently,20.0,56,2.75,Neutral
15,Female,High School,TikTok,3.8,1.0,Smartphone,8.9,4,True,Sometimes,1.0,98,3.67,Beneficial
21,Male,Undergraduate,Instagram,2.4,1.7,Smartphone,7.5,3,True,Rarely,10.0,98,3.56,Beneficial
19,Male,Undergraduate,Snapchat,4.3,2.4,Smartphone,7.6,4,False,Always,7.0,89,3.81,Beneficial
20,Female,Undergraduate,Snapchat,5.3,1.0,Smartphone,6.0,2,True,Sometimes,15.0,71,3.25,Beneficial
19,Female,Undergraduate,TikTok,6.4,2.1,Smartphone,5.8,2,True,Frequently,8.0,73,3.49,Beneficial
18,Female,Undergraduate,YouTube,6.9,1.2,Smartphone,6.6,2,True,Sometimes,18.0,81,3.64,Beneficial
18,Female,Undergraduate,Instagram,4.1,1.6,Smartphone,8.7,4,True,Sometimes,6.0,90,3.97,Beneficial
18,Male,Undergraduate,TikTok,4.7,1.5,Laptop/PC,6.2,1,False,Sometimes,14.0,71,3.64,Beneficial
19,Male,Undergraduate,Instagram,5.1,1.6,Smartphone,7.3,2,False,Frequently,8.0,85,3.61,Beneficial
18,Male,Undergraduate,YouTube,4.5,2.7,Smartphone,8.1,2,True,Sometimes,11.0,85,3.7,Beneficial
18,Male,Undergraduate,Instagram,5.2,1.7,Laptop/PC,7.1,2,True,Sometimes,14.0,81,3.19,Beneficial
21,Male,Undergraduate,Instagram,2.4,3.1,Smartphone,7.8,3,True,Frequently,3.0,89,3.85,Beneficial
18,Male,Undergraduate,LinkedIn,2.5,1.4,Smartphone,7.3,3,True,Sometimes,3.0,86,3.97,Beneficial
19,Male,Undergraduate,Snapchat,10.8,1.4,Smartphone,5.2,1,False,Rarely,29.0,55,3.1,Neutral
18,Female,High School,YouTube,4.3,1.6,Smartphone,7.0,4,True,Sometimes,6.0,85,3.42,Beneficial
19,Male,Undergraduate,YouTube,8.5,1.4,Smartphone,5.5,1,True,Sometimes,17.0,68,3.19,Beneficial
18,Male,Undergraduate,TikTok,5.9,2.7,Smartphone,4.1,1,True,Sometimes,18.0,73,3.23,Beneficial
19,Male,Undergraduate,Instagram,3.1,0.3,Smartphone,5.6,2,True,Sometimes,12.0,74,2.99,Beneficial
18,Female,High School,TikTok,5.4,1.8,Laptop/PC,5.8,2,True,Rarely,19.0,75,4.0,Beneficial
15,Male,High School,Reddit,6.2,1.0,Smartphone,5.8,3,True,Sometimes,21.0,71,2.84,Neutral
21,Female,Undergraduate,Instagram,3.0,1.9,Smartphone,7.0,3,True,Rarely,7.0,72,3.57,Beneficial
19,Male,Undergraduate,YouTube,2.3,2.6,Smartphone,9.0,3,False,Rarely,7.0,98,4.0,Beneficial
20,Non-Binary,Undergraduate,Instagram,3.9,1.6,Smartphone,7.8,2,True,Sometimes,11.0,98,3.49,Beneficial
19,Non-Binary,Undergraduate,Instagram,5.6,1.2,Smartphone,6.0,3,True,Frequently,22.0,67,3.29,Neutral
19,Female,Undergraduate,YouTube,6.4,1.8,Laptop/PC,5.1,2,False,Frequently,22.0,66,3.23,Neutral
16,Male,High School,Instagram,3.6,1.2,Smartphone,8.0,3,False,Always,12.0,98,3.81,Beneficial
18,Female,Undergraduate,Instagram,5.4,1.7,Smartphone,7.0,4,True,Frequently,6.0,82,3.43,Beneficial
20,Female,Undergraduate,TikTok,6.4,1.5,Smartphone,5.6,1,True,Frequently,19.0,72,3.28,Beneficial
17,Male,High School,Instagram,2.5,0.9,Smartphone,7.2,3,False,Never,10.0,85,4.0,Beneficial
22,Male,Undergraduate,Snapchat,3.2,2.4,Smartphone,8.2,3,False,Frequently,10.0,90,3.95,Beneficial
20,Prefer not to say,Undergraduate,Instagram,5.8,1.1,Smartphone,7.2,3,True,Sometimes,15.0,77,3.43,Beneficial
17,Male,High School,Instagram,11.0,2.6,Smartphone,3.7,1,True,Frequently,20.0,47,2.3,Neutral
22,Female,Postgraduate,Instagram,4.6,1.6,Smartphone,6.1,2,False,Always,14.0,84,3.45,Beneficial
17,Male,High School,YouTube,4.4,2.3,Smartphone,8.2,3,True,Sometimes,9.0,93,3.82,Beneficial
18,Female,Undergraduate,YouTube,5.9,0.8,Smartphone,6.1,3,True,Sometimes,10.0,77,3.48,Beneficial
18,Male,Undergraduate,X (Twitter),2.8,1.8,Smartphone,8.6,5,False,Sometimes,13.0,87,3.5,Beneficial
19,Male,Undergraduate,YouTube,5.5,1.8,Smartphone,7.4,2,True,Sometimes,10.0,74,3.7,Beneficial
20,Male,Undergraduate,Reddit,1.7,1.9,Smartphone,5.7,3,False,Frequently,10.0,85,3.97,Beneficial
17,Male,High School,Snapchat,5.5,1.1,Smartphone,6.0,2,True,Frequently,19.0,73,3.41,Beneficial
18,Female,Undergraduate,Reddit,4.9,2.4,Smartphone,6.0,2,True,Frequently,2.0,87,4.0,Beneficial
19,Male,Undergraduate,TikTok,5.7,1.2,Laptop/PC,6.1,2,False,Frequently,11.0,88,3.19,Beneficial
19,Male,Undergraduate,TikTok,3.2,2.0,Smartphone,7.2,4,False,Never,9.0,80,3.83,Beneficial
17,Male,High School,Instagram,7.2,1.6,Smartphone,5.5,1,False,Rarely,3.0,73,3.73,Beneficial
15,Male,High School,Instagram,3.5,1.6,Smartphone,8.0,4,True,Always,7.0,98,4.0,Beneficial
19,Male,High School,Instagram,4.7,2.5,Smartphone,5.7,1,True,Sometimes,12.0,76,3.4,Beneficial
16,Male,High School,Instagram,2.7,1.2,Smartphone,8.5,3,False,Sometimes,10.0,83,3.92,Beneficial
18,Male,Undergraduate,Reddit,5.7,2.0,Smartphone,7.0,3,True,Frequently,21.0,68,3.54,Beneficial
18,Male,High School,YouTube,9.0,1.0,Laptop/PC,4.7,1,True,Rarely,20.0,60,3.16,Neutral
20,Female,Undergraduate,Instagram,2.8,1.7,Smartphone,8.6,4,True,Sometimes,9.0,89,3.14,Beneficial
17,Male,High School,Instagram,7.8,1.6,Smartphone,6.5,1,True,Frequently,13.0,83,3.52,Beneficial
20,Female,Undergraduate,TikTok,11.3,3.3,Smartphone,4.3,1,True,Frequently,30.0,53,2.44,Negative
20,Female,Undergraduate,YouTube,4.3,1.4,Smartphone,7.6,3,False,Never,3.0,95,3.56,Beneficial
20,Male,Undergraduate,Reddit,7.0,1.8,Smartphone,7.0,3,False,Frequently,19.0,72,3.07,Beneficial
18,Female,Undergraduate,TikTok,1.9,2.7,Smartphone,6.6,2,True,Frequently,2.0,98,4.0,Beneficial
21,Prefer not to say,Undergraduate,LinkedIn,3.3,1.6,Smartphone,6.3,2,True,Always,16.0,95,3.68,Beneficial
20,Female,Undergraduate,YouTube,4.7,2.4,Smartphone,6.7,1,False,Always,20.0,75,3.32,Beneficial
20,Male,Undergraduate,X (Twitter),7.2,2.1,Smartphone,7.6,2,True,Always,4.0,86,3.14,Beneficial
19,Female,Undergraduate,YouTube,3.1,2.7,Smartphone,7.7,4,False,Sometimes,10.0,78,3.91,Beneficial
17,Prefer not to say,High School,X (Twitter),7.7,2.4,Smartphone,5.7,1,True,Sometimes,19.0,55,3.81,Neutral
20,Female,Undergraduate,Instagram,4.1,2.8,Laptop/PC,8.1,3,False,Rarely,12.0,85,3.8,Beneficial
15,Female,High School,Instagram,4.8,2.2,Smartphone,5.7,1,True,Frequently,12.0,77,3.15,Beneficial
17,Male,High School,Instagram,4.5,1.5,Smartphone,6.9,3,False,Rarely,10.0,81,3.18,Beneficial
18,Female,Undergraduate,Instagram,3.7,1.5,Smartphone,6.5,2,True,Frequently,10.0,85,3.21,Beneficial
18,Male,Undergraduate,Snapchat,7.8,1.6,Smartphone,5.0,2,True,Frequently,21.0,68,2.75,Neutral
18,Male,Undergraduate,YouTube,2.9,1.1,Smartphone,8.2,4,True,Sometimes,12.0,98,3.13,Beneficial
17,Male,High School,TikTok,2.4,2.1,Laptop/PC,7.9,3,False,Sometimes,8.0,92,3.72,Beneficial
20,Female,Undergraduate,YouTube,5.0,1.4,Laptop/PC,5.5,2,False,Always,8.0,89,3.16,Beneficial
16,Male,High School,Instagram,1.5,2.0,Laptop/PC,9.3,4,False,Never,2.0,98,3.73,Beneficial
17,Male,High School,YouTube,4.2,1.7,Smartphone,6.2,3,False,Always,5.0,81,3.5,Beneficial
18,Male,Undergraduate,TikTok,6.2,2.4,Smartphone,7.0,3,False,Frequently,10.0,80,3.99,Beneficial
19,Non-Binary,Undergraduate,TikTok,10.3,1.8,Smartphone,4.0,1,True,Sometimes,32.0,54,2.8,Negative
20,Female,Undergraduate,Snapchat,8.3,0.9,Smartphone,5.2,1,True,Sometimes,12.0,71,3.25,Beneficial
18,Female,Undergraduate,Instagram,3.2,3.6,Smartphone,8.5,2,False,Frequently,8.0,98,3.87,Beneficial
17,Male,High School,YouTube,3.7,1.8,Smartphone,8.0,4,False,Frequently,5.0,88,3.36,Beneficial
18,Male,Undergraduate,Instagram,2.4,1.4,Smartphone,8.2,4,True,Sometimes,8.0,98,3.63,Beneficial
18,Female,Undergraduate,X (Twitter),3.3,1.8,Smartphone,6.6,3,True,Sometimes,4.0,87,4.0,Beneficial
18,Non-Binary,Undergraduate,Instagram,4.4,2.5,Smartphone,6.5,3,True,Always,10.0,73,3.41,Beneficial
17,Male,High School,TikTok,2.8,2.3,Smartphone,7.6,3,False,Rarely,3.0,94,3.57,Beneficial
16,Female,High School,TikTok,4.9,3.2,Tablet,7.8,3,True,Never,14.0,83,3.77,Beneficial
20,Male,Undergraduate,Instagram,4.6,1.1,Smartphone,6.4,2,True,Rarely,14.0,88,3.82,Beneficial
22,Female,Postgraduate,Instagram,2.5,0.2,Smartphone,6.1,2,False,Sometimes,11.0,94,3.16,Beneficial
17,Female,High School,YouTube,2.6,2.4,Laptop/PC,7.7,3,True,Frequently,9.0,88,3.69,Beneficial
17,Female,High School,X (Twitter),5.9,2.7,Smartphone,7.1,2,True,Rarely,19.0,82,3.1,Beneficial
17,Male,High School,Instagram,4.0,1.6,Tablet,5.9,2,True,Always,13.0,81,3.22,Beneficial
18,Male,Undergraduate,Instagram,3.4,1.0,Smartphone,8.0,4,True,Sometimes,17.0,86,3.73,Beneficial
22,Female,Postgraduate,X (Twitter),3.8,0.8,Smartphone,7.9,2,False,Sometimes,11.0,85,3.76,Beneficial
19,Female,Undergraduate,TikTok,4.6,2.0,Laptop/PC,7.5,4,False,Sometimes,9.0,88,3.61,Beneficial
18,Non-Binary,Undergraduate,Snapchat,4.5,0.9,Smartphone,7.9,3,True,Sometimes,3.0,84,3.92,Beneficial
16,Female,High School,Instagram,2.2,1.5,Smartphone,6.1,2,True,Rarely,5.0,86,3.53,Beneficial
19,Male,Undergraduate,Instagram,12.2,1.5,Laptop/PC,4.0,1,True,Frequently,28.0,52,2.97,Neutral
18,Female,Undergraduate,Snapchat,4.4,2.3,Smartphone,7.1,3,False,Rarely,18.0,87,3.55,Beneficial
18,Male,Undergraduate,Reddit,7.4,1.8,Smartphone,6.3,3,True,Sometimes,13.0,72,3.37,Beneficial
18,Female,Undergraduate,Instagram,4.0,0.9,Smartphone,5.6,3,True,Sometimes,7.0,94,3.54,Beneficial
24,Female,Postgraduate,TikTok,2.7,2.6,Smartphone,8.6,3,True,Rarely,0.0,90,4.0,Beneficial
17,Female,High School,TikTok,6.2,3.3,Laptop/PC,6.2,2,True,Never,20.0,59,3.31,Neutral
22,Male,Postgraduate,Instagram,4.3,1.2,Smartphone,6.9,3,False,Frequently,15.0,76,3.18,Beneficial
17,Non-Binary,High School,TikTok,11.1,2.1,Smartphone,6.1,1,True,Never,26.0,57,2.88,Neutral
23,Female,Postgraduate,YouTube,4.5,1.4,Laptop/PC,6.6,2,True,Sometimes,14.0,78,4.0,Beneficial
17,Male,High School,YouTube,6.0,2.1,Smartphone,7.1,3,True,Frequently,14.0,80,3.27,Beneficial
15,Female,High School,Snapchat,7.1,1.2,Smartphone,5.7,2,True,Always,15.0,70,3.22,Beneficial
18,Female,Undergraduate,Instagram,4.2,0.5,Laptop/PC,6.9,4,False,Always,4.0,84,3.63,Beneficial
21,Male,Undergraduate,Instagram,5.9,1.6,Smartphone,6.5,3,True,Sometimes,17.0,80,3.78,Beneficial
18,Male,Undergraduate,Instagram,5.6,1.3,Smartphone,7.5,3,False,Frequently,14.0,80,3.61,Beneficial
22,Male,Undergraduate,Snapchat,5.5,1.1,Smartphone,6.5,2,False,Rarely,15.0,77,3.28,Beneficial
17,Female,High School,TikTok,3.1,1.8,Smartphone,7.1,3,True,Sometimes,11.0,81,4.0,Beneficial
17,Male,High School,Snapchat,6.9,1.4,Smartphone,6.3,2,True,Sometimes,10.0,70,3.78,Beneficial
22,Male,Postgraduate,Instagram,6.6,1.8,Laptop/PC,6.2,2,True,Frequently,17.0,69,3.62,Beneficial
19,Female,Undergraduate,Instagram,2.6,1.4,Smartphone,6.6,3,False,Sometimes,12.0,86,3.32,Beneficial
18,Female,Undergraduate,YouTube,0.9,2.4,Smartphone,7.6,5,False,Frequently,9.0,93,3.59,Beneficial
16,Female,High School,Snapchat,7.0,1.9,Smartphone,6.1,1,True,Sometimes,21.0,72,3.32,Beneficial
19,Female,Undergraduate,Instagram,2.5,1.5,Smartphone,7.1,3,False,Frequently,6.0,91,3.46,Beneficial
17,Non-Binary,High School,TikTok,5.7,2.8,Smartphone,5.3,2,True,Rarely,9.0,76,3.42,Beneficial
21,Male,Undergraduate,Instagram,3.8,1.7,Smartphone,6.3,2,True,Rarely,13.0,85,3.43,Beneficial
17,Male,High School,Instagram,2.5,2.2,Smartphone,7.4,3,True,Frequently,6.0,93,3.65,Beneficial
16,Male,High School,TikTok,4.2,2.6,Tablet,6.0,1,False,Sometimes,15.0,82,3.28,Beneficial
21,Female,Undergraduate,TikTok,11.8,1.8,Smartphone,4.7,1,True,Never,25.0,43,3.24,Neutral
17,Non-Binary,High School,Snapchat,4.7,2.7,Smartphone,6.7,2,False,Sometimes,11.0,66,4.0,Beneficial
17,Male,High School,YouTube,1.3,2.5,Smartphone,9.2,4,False,Rarely,1.0,98,3.6,Beneficial
17,Male,High School,X (Twitter),6.2,0.1,Smartphone,6.3,3,False,Rarely,17.0,84,3.84,Beneficial
19,Prefer not to say,Undergraduate,Snapchat,3.5,1.6,Smartphone,8.4,3,False,Sometimes,14.0,88,3.89,Beneficial
18,Female,Undergraduate,TikTok,3.2,1.3,Smartphone,7.2,3,False,Frequently,15.0,80,3.69,Beneficial
17,Male,High School,Instagram,7.9,1.9,Smartphone,7.1,4,True,Rarely,21.0,77,3.18,Beneficial
22,Female,Undergraduate,Snapchat,3.9,1.6,Smartphone,8.0,3,False,Sometimes,12.0,89,4.0,Beneficial
20,Male,Undergraduate,YouTube,3.1,1.5,Smartphone,7.4,3,False,Always,13.0,98,3.99,Beneficial
21,Female,Undergraduate,Instagram,5.6,1.0,Smartphone,5.6,1,True,Rarely,11.0,72,3.17,Beneficial
19,Female,Undergraduate,Snapchat,3.8,2.2,Smartphone,5.9,3,True,Frequently,14.0,74,3.8,Beneficial
19,Male,Undergraduate,Instagram,5.0,0.2,Smartphone,7.4,3,False,Frequently,6.0,84,3.35,Beneficial
18,Male,Undergraduate,Instagram,3.2,2.0,Laptop/PC,7.0,4,False,Rarely,11.0,92,3.99,Beneficial
22,Female,Postgraduate,Instagram,12.6,2.2,Smartphone,3.5,1,True,Sometimes,40.0,37,2.68,Negative
20,Male,High School,TikTok,14.0,1.9,Smartphone,3.0,1,True,Rarely,34.0,36,1.97,Negative
18,Female,High School,Instagram,6.4,1.4,Smartphone,5.8,2,False,Sometimes,14.0,72,3.11,Beneficial
22,Female,Undergraduate,TikTok,4.4,1.6,Laptop/PC,7.6,3,True,Never,12.0,87,3.23,Beneficial
18,Male,Undergraduate,TikTok,2.1,2.2,Smartphone,8.6,4,True,Sometimes,5.0,93,3.61,Beneficial
18,Female,Undergraduate,Instagram,4.4,1.9,Smartphone,7.9,2,True,Rarely,9.0,82,3.55,Beneficial
17,Female,High School,YouTube,8.1,2.4,Laptop/PC,6.3,1,True,Always,14.0,66,3.91,Beneficial
19,Female,Undergraduate,YouTube,2.4,2.3,Smartphone,8.0,3,True,Frequently,11.0,90,3.86,Beneficial
20,Male,Undergraduate,TikTok,4.0,1.8,Smartphone,5.8,2,True,Frequently,9.0,84,3.67,Beneficial
18,Male,Undergraduate,Instagram,7.6,3.2,Smartphone,6.7,2,True,Sometimes,24.0,69,3.09,Neutral
19,Female,Undergraduate,Instagram,3.9,2.5,Smartphone,6.9,2,False,Never,15.0,86,3.32,Beneficial
19,Non-Binary,Undergraduate,Snapchat,9.9,1.8,Smartphone,6.1,1,True,Always,27.0,57,2.85,Neutral
25,Male,Undergraduate,TikTok,12.7,2.1,Tablet,4.4,1,False,Rarely,25.0,46,2.63,Negative
18,Male,Undergraduate,Instagram,1.6,1.9,Smartphone,7.8,3,False,Frequently,9.0,89,4.0,Beneficial
20,Male,Undergraduate,YouTube,3.2,2.0,Smartphone,5.6,3,True,Always,19.0,74,3.25,Beneficial
15,Male,High School,Instagram,5.4,0.3,Smartphone,5.3,1,True,Always,10.0,73,3.63,Beneficial
17,Male,High School,TikTok,6.7,1.6,Smartphone,8.0,3,True,Frequently,15.0,87,3.39,Beneficial
17,Female,High School,X (Twitter),3.5,2.0,Smartphone,6.1,4,False,Sometimes,12.0,79,3.62,Beneficial
17,Female,High School,Instagram,2.3,2.4,Smartphone,7.6,3,True,Sometimes,15.0,80,3.6,Beneficial
17,Female,High School,YouTube,6.8,1.3,Smartphone,5.8,1,True,Sometimes,13.0,65,2.81,Neutral
20,Female,Undergraduate,YouTube,4.0,2.0,Smartphone,7.1,2,False,Never,9.0,82,2.96,Beneficial
19,Male,Undergraduate,X (Twitter),4.2,0.6,Smartphone,7.2,3,True,Frequently,9.0,83,3.49,Beneficial
18,Male,Undergraduate,Snapchat,5.1,0.9,Smartphone,6.1,2,True,Frequently,10.0,85,3.27,Beneficial
17,Female,High School,YouTube,2.6,2.0,Smartphone,7.5,2,True,Rarely,6.0,93,3.53,Beneficial
22,Male,Postgraduate,Instagram,6.9,1.8,Smartphone,4.9,2,True,Rarely,15.0,79,3.53,Beneficial
17,Female,High School,Instagram,4.6,1.6,Tablet,6.9,3,True,Frequently,9.0,71,3.84,Beneficial
18,Female,Undergraduate,Instagram,5.0,2.0,Tablet,7.7,3,False,Sometimes,13.0,81,3.55,Beneficial
18,Male,Undergraduate,Reddit,1.7,3.5,Smartphone,8.1,4,False,Never,12.0,94,4.0,Beneficial
19,Female,High School,Instagram,5.3,1.3,Smartphone,5.9,1,True,Rarely,22.0,82,2.84,Neutral
18,Male,Undergraduate,YouTube,6.1,2.3,Smartphone,6.4,2,True,Sometimes,9.0,74,3.13,Beneficial
18,Female,Undergraduate,Snapchat,2.4,1.5,Smartphone,8.6,4,False,Sometimes,6.0,98,4.0,Beneficial
21,Male,Undergraduate,Instagram,5.7,1.5,Tablet,6.2,2,False,Rarely,13.0,79,3.42,Beneficial
21,Male,Undergraduate,Instagram,5.7,2.8,Smartphone,7.6,3,True,Rarely,10.0,79,4.0,Beneficial
22,Female,Postgraduate,Instagram,3.8,1.6,Laptop/PC,8.5,3,False,Sometimes,6.0,95,3.79,Beneficial
15,Male,High School,TikTok,3.0,2.4,Laptop/PC,8.3,4,False,Rarely,8.0,97,3.81,Beneficial
16,Male,High School,YouTube,4.0,1.9,Smartphone,7.4,3,True,Rarely,12.0,93,3.78,Beneficial
22,Female,Postgraduate,Instagram,6.7,2.2,Smartphone,7.2,2,False,Frequently,23.0,80,2.96,Neutral
20,Female,Undergraduate,TikTok,2.8,1.7,Laptop/PC,7.5,3,True,Frequently,13.0,87,3.5,Beneficial
18,Female,Undergraduate,Instagram,4.8,2.6,Laptop/PC,6.8,2,False,Sometimes,9.0,78,3.69,Beneficial
16,Male,High School,YouTube,7.5,3.7,Smartphone,6.6,2,False,Rarely,16.0,78,3.2,Beneficial
17,Prefer not to say,High School,TikTok,2.8,2.7,Smartphone,7.1,3,False,Never,11.0,95,3.57,Beneficial
18,Female,High School,TikTok,3.0,0.9,Smartphone,8.6,3,True,Sometimes,8.0,98,3.48,Beneficial
19,Male,Undergraduate,Snapchat,3.6,1.5,Smartphone,7.8,3,False,Sometimes,14.0,71,3.25,Beneficial
20,Female,Undergraduate,TikTok,3.2,3.7,Smartphone,6.3,3,True,Rarely,11.0,81,3.43,Beneficial
23,Female,Undergraduate,Instagram,5.9,1.5,Smartphone,7.1,3,True,Rarely,19.0,76,3.52,Beneficial
18,Prefer not to say,Undergraduate,YouTube,5.5,2.1,Smartphone,5.3,2,True,Frequently,18.0,73,3.5,Beneficial
23,Female,Undergraduate,Instagram,5.3,2.0,Laptop/PC,6.5,2,True,Frequently,15.0,72,3.1,Beneficial
21,Female,Undergraduate,YouTube,2.3,3.1,Laptop/PC,6.4,3,False,Sometimes,8.0,94,4.0,Beneficial
19,Male,Undergraduate,Reddit,2.9,3.0,Smartphone,8.6,5,False,Sometimes,13.0,88,3.34,Beneficial
18,Male,Undergraduate,TikTok,4.0,1.5,Smartphone,6.6,3,True,Rarely,10.0,78,3.84,Beneficial
17,Female,High School,Instagram,2.9,2.7,Smartphone,7.1,3,False,Sometimes,19.0,95,3.39,Beneficial
19,Female,Undergraduate,TikTok,10.1,1.4,Smartphone,5.7,2,True,Sometimes,24.0,54,3.24,Neutral
21,Female,Undergraduate,TikTok,5.3,1.9,Laptop/PC,6.4,3,True,Rarely,18.0,86,3.02,Beneficial
17,Male,High School,LinkedIn,4.6,0.9,Smartphone,8.0,3,True,Frequently,13.0,90,3.31,Beneficial
24,Female,Undergraduate,TikTok,7.1,2.5,Smartphone,6.6,2,True,Rarely,19.0,74,3.3,Beneficial
19,Female,Undergraduate,TikTok,1.3,1.4,Laptop/PC,6.5,2,True,Sometimes,10.0,91,4.0,Beneficial
18,Female,Undergraduate,TikTok,5.3,1.3,Smartphone,6.5,2,False,Frequently,21.0,77,3.07,Beneficial
17,Male,High School,Snapchat,2.8,1.5,Laptop/PC,7.8,4,True,Rarely,17.0,88,3.77,Beneficial
16,Female,High School,TikTok,8.0,3.2,Smartphone,6.3,1,True,Rarely,22.0,59,3.03,Neutral
17,Male,High School,Instagram,3.3,2.1,Smartphone,7.4,3,False,Frequently,4.0,97,4.0,Beneficial
18,Male,Undergraduate,YouTube,3.7,1.3,Smartphone,7.4,3,False,Sometimes,2.0,83,3.49,Beneficial
18,Male,Undergraduate,YouTube,3.8,2.1,Smartphone,7.8,4,True,Sometimes,6.0,80,3.44,Beneficial
19,Male,Undergraduate,TikTok,4.7,1.4,Tablet,6.7,1,True,Always,10.0,87,3.39,Beneficial
19,Female,Undergraduate,Instagram,8.1,1.0,Laptop/PC,5.5,2,True,Sometimes,23.0,58,2.62,Neutral
18,Female,Undergraduate,Instagram,4.7,1.9,Laptop/PC,6.7,3,False,Frequently,8.0,82,3.35,Beneficial
16,Female,High School,TikTok,9.6,1.9,Smartphone,5.1,1,True,Always,26.0,56,3.26,Neutral
19,Male,Undergraduate,Instagram,5.8,2.6,Smartphone,5.9,3,True,Rarely,20.0,68,2.97,Neutral
15,Female,High School,Instagram,6.8,2.0,Smartphone,6.4,3,True,Frequently,17.0,82,3.29,Beneficial
22,Female,Postgraduate,Snapchat,3.8,1.5,Smartphone,7.0,3,True,Rarely,15.0,83,3.19,Beneficial
19,Male,Undergraduate,Snapchat,7.5,1.7,Smartphone,6.2,2,True,Always,17.0,75,2.88,Beneficial
20,Female,High School,TikTok,2.7,2.4,Smartphone,8.4,3,False,Sometimes,0.0,84,3.29,Beneficial
18,Female,Undergraduate,Instagram,6.0,1.6,Smartphone,8.2,3,False,Sometimes,8.0,87,3.58,Beneficial
20,Female,Undergraduate,Instagram,6.2,2.4,Laptop/PC,6.7,4,False,Always,21.0,79,3.36,Beneficial
18,Male,Undergraduate,Snapchat,1.3,1.5,Laptop/PC,7.9,4,True,Frequently,0.0,98,3.97,Beneficial
16,Prefer not to say,High School,Instagram,4.9,1.0,Smartphone,6.8,3,False,Sometimes,16.0,89,3.62,Beneficial
18,Female,Undergraduate,Reddit,3.0,1.3,Smartphone,8.3,4,False,Rarely,2.0,97,3.58,Beneficial
18,Prefer not to say,Undergraduate,TikTok,2.1,1.5,Laptop/PC,7.1,3,True,Sometimes,2.0,94,3.94,Beneficial
16,Female,High School,X (Twitter),6.8,2.1,Smartphone,7.1,2,True,Rarely,17.0,83,2.93,Beneficial
17,Male,High School,Instagram,7.0,1.4,Smartphone,6.0,1,True,Frequently,25.0,73,3.11,Neutral
16,Female,High School,TikTok,5.4,2.7,Smartphone,6.8,2,True,Rarely,9.0,90,4.0,Beneficial
17,Male,High School,TikTok,4.1,2.0,Smartphone,6.2,3,False,Sometimes,5.0,86,3.38,Beneficial
18,Female,Undergraduate,Instagram,5.9,2.0,Smartphone,5.9,2,True,Never,17.0,71,3.49,Beneficial
17,Female,High School,Instagram,1.9,2.6,Laptop/PC,8.5,4,True,Rarely,13.0,97,3.96,Beneficial
19,Male,Undergraduate,TikTok,4.9,3.2,Smartphone,6.2,4,True,Frequently,13.0,77,3.76,Beneficial
22,Male,Postgraduate,YouTube,5.8,2.4,Smartphone,7.3,3,True,Frequently,11.0,78,3.53,Beneficial
17,Female,High School,Instagram,4.3,1.4,Smartphone,7.8,4,True,Sometimes,7.0,90,3.35,Beneficial
20,Female,Undergraduate,TikTok,2.9,1.1,Smartphone,8.1,3,True,Sometimes,2.0,98,3.9,Beneficial
19,Female,Undergraduate,YouTube,4.1,1.6,Smartphone,7.1,3,True,Frequently,6.0,85,3.31,Beneficial
17,Prefer not to say,High School,YouTube,8.9,0.7,Smartphone,5.8,2,True,Frequently,17.0,69,2.86,Neutral
17,Female,High School,Reddit,3.2,1.9,Laptop/PC,8.6,5,False,Frequently,9.0,91,3.52,Beneficial
17,Male,High School,YouTube,6.2,2.1,Laptop/PC,6.8,2,True,Sometimes,14.0,86,3.35,Beneficial
16,Male,High School,LinkedIn,2.5,1.8,Smartphone,9.5,5,True,Always,1.0,94,3.46,Beneficial
17,Male,High School,TikTok,3.5,2.0,Smartphone,8.0,3,True,Frequently,6.0,82,3.64,Beneficial
22,Female,Postgraduate,YouTube,2.4,1.8,Smartphone,7.4,4,True,Always,2.0,87,3.72,Beneficial
19,Female,Undergraduate,TikTok,8.4,1.7,Smartphone,5.0,1,True,Frequently,26.0,50,3.03,Neutral
15,Male,High School,X (Twitter),5.5,1.5,Laptop/PC,6.2,3,True,Sometimes,8.0,88,3.48,Beneficial
23,Female,Postgraduate,Instagram,4.4,2.9,Smartphone,6.3,2,False,Frequently,17.0,91,3.69,Beneficial
20,Female,Undergraduate,TikTok,3.0,1.4,Smartphone,9.2,5,False,Sometimes,13.0,98,3.42,Beneficial
17,Female,High School,Instagram,3.9,0.9,Smartphone,7.5,3,True,Never,15.0,80,3.68,Beneficial
17,Male,High School,Reddit,7.4,1.3,Laptop/PC,4.6,1,True,Rarely,17.0,71,3.1,Beneficial
21,Female,Undergraduate,TikTok,4.0,1.7,Laptop/PC,7.8,3,False,Sometimes,10.0,93,3.36,Beneficial
19,Female,Undergraduate,TikTok,5.7,1.3,Smartphone,6.2,2,True,Sometimes,10.0,81,3.26,Beneficial
20,Male,Undergraduate,Instagram,6.1,2.6,Smartphone,6.5,3,True,Always,8.0,83,3.68,Beneficial
18,Female,Undergraduate,Instagram,2.9,0.4,Smartphone,6.8,3,True,Frequently,21.0,89,3.46,Beneficial
19,Female,Undergraduate,Snapchat,6.1,1.0,Smartphone,7.3,2,True,Rarely,11.0,76,3.21,Beneficial
18,Male,Undergraduate,Snapchat,2.7,1.8,Smartphone,7.4,4,False,Frequently,0.0,87,3.83,Beneficial
16,Female,High School,YouTube,3.4,2.0,Smartphone,7.4,3,True,Frequently,8.0,91,4.0,Beneficial
16,Male,High School,TikTok,1.9,2.8,Smartphone,7.4,3,False,Always,10.0,88,3.97,Beneficial
19,Male,High School,Instagram,7.6,1.9,Smartphone,6.0,2,True,Sometimes,10.0,73,3.25,Beneficial
19,Non-Binary,Undergraduate,YouTube,4.9,1.6,Smartphone,7.4,3,False,Frequently,14.0,80,3.57,Beneficial
19,Non-Binary,Undergraduate,YouTube,5.5,0.7,Smartphone,6.7,3,False,Always,13.0,71,2.69,Beneficial
19,Female,Undergraduate,Instagram,5.4,2.9,Smartphone,6.5,2,False,Frequently,12.0,83,3.61,Beneficial
18,Male,Undergraduate,Instagram,8.1,1.3,Smartphone,5.6,1,True,Sometimes,23.0,69,3.11,Neutral
20,Female,High School,TikTok,5.9,1.9,Smartphone,7.0,2,True,Sometimes,17.0,84,3.32,Beneficial
20,Male,Undergraduate,Instagram,3.9,2.2,Smartphone,8.3,3,False,Sometimes,4.0,89,3.65,Beneficial
17,Female,High School,YouTube,12.5,2.2,Smartphone,4.0,1,False,Sometimes,31.0,36,2.96,Negative
18,Male,Undergraduate,Snapchat,6.0,2.3,Smartphone,5.7,1,True,Sometimes,16.0,69,3.48,Beneficial
18,Male,Undergraduate,Instagram,2.3,2.0,Smartphone,7.6,2,True,Frequently,5.0,89,4.0,Beneficial
20,Female,Undergraduate,Instagram,1.7,0.9,Smartphone,8.8,5,True,Frequently,19.0,98,3.66,Beneficial
19,Male,Undergraduate,LinkedIn,3.0,0.9,Smartphone,8.4,3,False,Always,2.0,96,4.0,Beneficial
19,Male,Undergraduate,YouTube,6.0,2.3,Smartphone,6.2,2,False,Frequently,14.0,76,2.94,Beneficial
18,Male,Undergraduate,Instagram,6.7,1.5,Smartphone,5.9,2,True,Frequently,9.0,76,3.09,Beneficial
21,Male,High School,TikTok,4.3,1.1,Smartphone,6.0,2,True,Frequently,14.0,79,3.6,Beneficial
16,Male,High School,Instagram,3.6,2.5,Smartphone,6.0,2,True,Always,7.0,83,3.4,Beneficial
16,Female,High School,TikTok,3.9,0.9,Laptop/PC,7.1,3,False,Frequently,17.0,91,4.0,Beneficial
22,Female,Postgraduate,Instagram,3.5,1.5,Smartphone,6.8,3,False,Rarely,15.0,90,3.18,Beneficial
21,Male,Undergraduate,TikTok,2.0,1.3,Smartphone,9.4,4,True,Always,0.0,98,4.0,Beneficial
23,Female,Postgraduate,YouTube,2.7,1.9,Smartphone,8.0,3,False,Sometimes,16.0,98,4.0,Beneficial
18,Male,Undergraduate,TikTok,3.8,1.5,Smartphone,7.2,3,False,Frequently,11.0,81,3.48,Beneficial
21,Female,Undergraduate,Instagram,4.9,1.5,Smartphone,8.3,2,False,Sometimes,3.0,83,3.95,Beneficial
21,Male,Undergraduate,Instagram,3.5,2.0,Smartphone,8.2,4,False,Frequently,10.0,92,3.32,Beneficial
19,Female,Undergraduate,Instagram,4.7,1.5,Smartphone,6.1,2,True,Never,16.0,83,3.33,Beneficial
19,Male,Undergraduate,Instagram,7.1,1.9,Smartphone,7.0,3,False,Sometimes,17.0,82,3.06,Beneficial
19,Prefer not to say,Undergraduate,Snapchat,6.0,1.1,Smartphone,6.8,2,False,Rarely,11.0,80,3.1,Beneficial
17,Female,High School,Snapchat,4.6,1.8,Smartphone,6.0,2,False,Frequently,19.0,81,3.66,Beneficial
18,Male,Undergraduate,Instagram,2.7,1.5,Smartphone,6.7,3,False,Rarely,9.0,70,4.0,Beneficial
20,Male,Undergraduate,Reddit,3.8,3.0,Laptop/PC,7.4,2,False,Frequently,22.0,83,3.18,Beneficial
17,Female,High School,YouTube,5.1,0.6,Smartphone,8.1,2,True,Sometimes,5.0,81,3.69,Beneficial
19,Male,Undergraduate,Instagram,3.4,1.0,Smartphone,9.0,4,True,Rarely,4.0,98,4.0,Beneficial
18,Female,Undergraduate,TikTok,2.5,2.0,Smartphone,5.7,3,True,Always,16.0,92,3.34,Beneficial
20,Male,Undergraduate,Snapchat,2.9,2.6,Laptop/PC,7.7,3,False,Sometimes,9.0,98,3.62,Beneficial
20,Female,Undergraduate,Instagram,3.3,1.4,Smartphone,7.1,3,False,Sometimes,10.0,87,3.54,Beneficial
17,Male,High School,YouTube,13.9,1.6,Smartphone,3.6,1,True,Sometimes,28.0,41,2.57,Negative
20,Female,Undergraduate,Instagram,4.0,2.2,Smartphone,7.0,3,True,Sometimes,6.0,91,3.94,Beneficial
16,Female,High School,TikTok,4.1,2.6,Smartphone,5.4,3,True,Always,15.0,78,3.78,Beneficial
21,Prefer not to say,Undergraduate,Reddit,2.5,2.3,Smartphone,7.0,2,False,Always,10.0,90,3.86,Beneficial
18,Female,Undergraduate,Instagram,2.9,1.4,Smartphone,7.1,2,True,Frequently,11.0,85,3.59,Beneficial
18,Male,Undergraduate,YouTube,6.0,1.2,Smartphone,5.7,1,True,Frequently,16.0,67,2.98,Beneficial
19,Male,Undergraduate,Snapchat,2.6,2.8,Smartphone,7.7,3,False,Sometimes,11.0,82,3.76,Beneficial
17,Female,High School,Reddit,6.7,1.5,Smartphone,5.4,2,True,Rarely,13.0,74,3.14,Beneficial
18,Male,Undergraduate,X (Twitter),9.5,3.0,Laptop/PC,6.0,2,True,Frequently,25.0,69,2.95,Neutral
18,Female,Undergraduate,TikTok,4.3,1.1,Smartphone,8.3,2,True,Rarely,19.0,88,3.46,Beneficial
17,Female,High School,TikTok,4.8,1.8,Laptop/PC,7.1,1,True,Always,16.0,83,3.04,Beneficial
15,Female,High School,TikTok,5.3,3.4,Smartphone,6.8,2,False,Rarely,15.0,73,2.89,Beneficial
21,Female,Undergraduate,Reddit,7.9,1.7,Smartphone,4.8,1,True,Rarely,21.0,69,3.08,Neutral
15,Female,High School,TikTok,5.9,1.3,Smartphone,4.5,3,True,Frequently,13.0,79,3.33,Beneficial
18,Male,Undergraduate,Snapchat,5.6,1.3,Smartphone,6.3,2,True,Frequently,19.0,77,3.73,Beneficial
19,Male,Undergraduate,YouTube,6.9,3.0,Smartphone,6.2,2,False,Frequently,8.0,77,3.15,Beneficial
15,Female,High School,Instagram,11.4,1.7,Smartphone,4.5,1,True,Sometimes,33.0,45,2.19,Negative
21,Female,Undergraduate,YouTube,3.4,2.0,Smartphone,6.9,2,True,Never,10.0,88,3.48,Beneficial
18,Female,Undergraduate,X (Twitter),4.5,2.2,Smartphone,6.3,2,True,Sometimes,7.0,84,3.7,Beneficial
19,Female,Undergraduate,YouTube,1.7,0.0,Smartphone,8.6,5,True,Rarely,7.0,98,4.0,Beneficial
17,Male,High School,TikTok,4.1,2.1,Smartphone,8.6,4,False,Never,9.0,87,4.0,Beneficial
15,Male,High School,Instagram,5.8,1.3,Smartphone,5.6,1,True,Rarely,16.0,82,2.97,Beneficial
17,Male,High School,TikTok,7.7,2.1,Smartphone,5.1,1,True,Sometimes,22.0,55,3.31,Neutral
16,Male,High School,TikTok,3.5,2.3,Smartphone,8.4,4,False,Sometimes,0.0,91,4.0,Beneficial
19,Female,Undergraduate,TikTok,4.9,2.0,Smartphone,7.2,4,True,Sometimes,14.0,82,3.29,Beneficial
20,Male,Undergraduate,TikTok,4.9,1.3,Smartphone,6.8,2,True,Frequently,18.0,80,3.46,Beneficial
23,Male,Undergraduate,Snapchat,5.8,1.4,Laptop/PC,7.0,4,True,Frequently,16.0,70,3.24,Beneficial
22,Male,Postgraduate,Instagram,1.8,1.6,Laptop/PC,8.0,4,False,Always,8.0,94,3.66,Beneficial
20,Male,Undergraduate,YouTube,5.2,2.0,Smartphone,7.3,4,True,Sometimes,15.0,79,3.29,Beneficial
17,Male,High School,YouTube,2.8,1.6,Smartphone,7.6,4,True,Rarely,0.0,88,3.88,Beneficial
17,Male,High School,TikTok,3.9,2.2,Smartphone,7.9,3,True,Sometimes,9.0,92,3.84,Beneficial
23,Female,Undergraduate,Instagram,7.2,2.7,Smartphone,5.5,1,True,Sometimes,13.0,70,3.29,Beneficial
18,Male,High School,TikTok,7.9,1.9,Smartphone,4.8,1,True,Rarely,24.0,55,2.83,Neutral
20,Female,Undergraduate,LinkedIn,6.1,2.5,Smartphone,7.4,3,True,Sometimes,15.0,74,3.49,Beneficial
19,Male,Undergraduate,Instagram,9.4,1.9,Laptop/PC,4.5,1,False,Sometimes,20.0,66,2.34,Neutral
18,Female,Undergraduate,TikTok,1.8,0.8,Smartphone,7.1,5,False,Rarely,3.0,98,4.0,Beneficial
17,Female,High School,YouTube,2.9,3.2,Laptop/PC,7.2,2,True,Sometimes,11.0,93,3.34,Beneficial
19,Female,Undergraduate,Reddit,3.3,1.8,Smartphone,7.7,4,True,Rarely,9.0,92,3.69,Beneficial
20,Male,High School,Instagram,9.4,0.0,Smartphone,5.7,1,True,Sometimes,20.0,63,3.41,Neutral
19,Male,Undergraduate,TikTok,4.1,2.3,Laptop/PC,7.6,3,False,Sometimes,16.0,81,3.17,Beneficial
18,Female,High School,YouTube,10.6,1.4,Smartphone,4.3,1,True,Always,25.0,56,3.0,Neutral
19,Male,Undergraduate,Snapchat,6.8,1.0,Smartphone,5.5,2,True,Rarely,20.0,59,3.32,Neutral
18,Male,Undergraduate,Instagram,3.0,0.9,Smartphone,6.9,4,True,Frequently,8.0,96,3.56,Beneficial
19,Male,Undergraduate,TikTok,4.5,2.1,Smartphone,6.3,3,False,Sometimes,11.0,89,3.88,Beneficial
19,Male,Undergraduate,Instagram,3.1,2.3,Smartphone,7.0,4,True,Frequently,16.0,93,3.78,Beneficial
20,Male,Undergraduate,Instagram,3.7,1.3,Smartphone,7.1,3,False,Rarely,9.0,98,3.72,Beneficial
21,Female,Undergraduate,Instagram,3.8,2.0,Smartphone,5.8,2,False,Rarely,14.0,76,3.49,Beneficial
20,Male,Undergraduate,TikTok,3.8,1.8,Laptop/PC,6.6,2,True,Sometimes,7.0,82,3.94,Beneficial
17,Male,High School,Reddit,4.8,1.6,Smartphone,7.5,3,False,Always,20.0,84,3.42,Beneficial
18,Male,Undergraduate,LinkedIn,3.6,3.4,Smartphone,7.6,2,False,Never,12.0,89,3.76,Beneficial
18,Male,Undergraduate,Snapchat,1.4,3.0,Smartphone,10.4,5,False,Sometimes,0.0,98,4.0,Beneficial
19,Female,Undergraduate,Instagram,3.8,2.3,Smartphone,7.2,3,True,Never,11.0,90,3.67,Beneficial
18,Male,Undergraduate,TikTok,3.4,2.3,Smartphone,6.4,1,False,Sometimes,13.0,92,3.52,Beneficial
19,Male,Undergraduate,Snapchat,8.1,2.5,Smartphone,6.8,2,False,Always,13.0,74,3.37,Beneficial
20,Female,Undergraduate,Snapchat,12.0,0.9,Smartphone,4.1,1,True,Rarely,31.0,54,2.74,Negative
20,Male,Undergraduate,Instagram,4.8,2.2,Smartphone,8.0,3,False,Never,6.0,98,3.77,Beneficial
18,Female,Undergraduate,TikTok,6.0,2.4,Smartphone,4.9,2,True,Sometimes,30.0,64,2.77,Neutral
18,Male,Undergraduate,TikTok,6.2,1.0,Smartphone,9.0,3,True,Frequently,7.0,84,3.46,Beneficial
20,Female,Undergraduate,TikTok,8.9,2.5,Smartphone,6.1,1,True,Rarely,28.0,62,3.24,Neutral
16,Female,High School,TikTok,4.4,1.8,Tablet,7.0,3,False,Sometimes,14.0,81,3.75,Beneficial
18,Female,Undergraduate,TikTok,8.1,2.2,Smartphone,5.1,1,True,Never,27.0,60,3.51,Neutral
19,Male,Undergraduate,Instagram,4.1,0.9,Smartphone,6.9,4,False,Never,10.0,84,3.7,Beneficial
19,Female,Undergraduate,YouTube,2.3,1.4,Smartphone,7.3,3,True,Frequently,8.0,90,3.88,Beneficial
19,Female,Undergraduate,TikTok,4.8,2.4,Smartphone,6.5,2,True,Rarely,13.0,83,3.38,Beneficial
15,Male,High School,TikTok,3.5,1.0,Smartphone,7.6,4,True,Always,8.0,88,3.74,Beneficial
17,Male,High School,YouTube,2.5,3.3,Smartphone,7.8,3,False,Frequently,12.0,85,3.53,Beneficial
18,Female,High School,Instagram,3.8,2.8,Smartphone,6.7,2,False,Rarely,7.0,90,3.49,Beneficial
19,Female,Undergraduate,Reddit,8.0,1.4,Smartphone,4.8,1,True,Never,16.0,68,3.07,Beneficial
19,Female,Undergraduate,TikTok,6.2,1.6,Smartphone,6.7,2,True,Rarely,26.0,74,3.41,Neutral
18,Male,Undergraduate,YouTube,6.6,1.2,Smartphone,6.8,1,True,Always,10.0,79,3.74,Beneficial
17,Female,High School,YouTube,2.1,0.8,Laptop/PC,6.6,4,False,Sometimes,17.0,94,3.98,Beneficial
19,Male,Undergraduate,TikTok,2.0,1.7,Smartphone,7.8,3,False,Frequently,9.0,98,3.91,Beneficial
18,Male,Undergraduate,Reddit,1.5,1.2,Smartphone,7.0,3,False,Sometimes,7.0,95,4.0,Beneficial
18,Female,Undergraduate,Instagram,6.3,1.7,Smartphone,5.4,1,True,Frequently,24.0,66,3.04,Neutral
18,Female,Undergraduate,YouTube,1.4,2.9,Smartphone,8.7,4,False,Frequently,12.0,93,3.99,Beneficial
18,Male,Undergraduate,TikTok,8.0,1.8,Tablet,6.2,2,True,Always,18.0,64,3.05,Neutral
20,Male,High School,YouTube,2.9,0.6,Smartphone,7.9,4,False,Sometimes,14.0,98,3.48,Beneficial
18,Female,Undergraduate,YouTube,6.5,2.5,Laptop/PC,7.0,3,True,Always,14.0,82,3.55,Beneficial
18,Female,Undergraduate,TikTok,9.9,2.1,Smartphone,6.2,1,True,Always,28.0,56,2.91,Neutral
19,Female,Undergraduate,YouTube,13.3,0.0,Smartphone,4.0,1,True,Frequently,31.0,46,2.44,Negative
16,Female,High School,Instagram,12.6,1.8,Smartphone,3.6,1,True,Frequently,27.0,51,2.6,Negative
18,Female,Undergraduate,Instagram,4.5,1.2,Smartphone,7.9,3,False,Rarely,11.0,85,3.41,Beneficial
20,Female,Undergraduate,Snapchat,4.1,1.9,Smartphone,7.9,4,True,Never,8.0,91,3.68,Beneficial
20,Male,Undergraduate,YouTube,4.7,2.3,Smartphone,5.6,1,True,Sometimes,13.0,83,3.46,Beneficial
24,Female,Postgraduate,Instagram,3.2,0.6,Laptop/PC,8.6,3,False,Sometimes,6.0,93,3.21,Beneficial
16,Male,High School,YouTube,3.9,2.4,Smartphone,7.6,3,False,Rarely,7.0,92,3.46,Beneficial
17,Female,High School,Instagram,7.3,1.0,Laptop/PC,7.0,3,False,Sometimes,21.0,70,3.31,Neutral
19,Male,Undergraduate,Instagram,2.1,1.7,Smartphone,6.4,3,False,Always,14.0,86,3.78,Beneficial
17,Male,High School,YouTube,11.5,0.6,Smartphone,5.3,1,False,Always,22.0,54,2.44,Neutral
17,Male,High School,TikTok,9.6,0.5,Smartphone,5.1,1,True,Sometimes,25.0,54,2.98,Neutral
18,Female,Undergraduate,TikTok,5.2,1.3,Smartphone,7.8,3,False,Never,12.0,74,3.94,Beneficial
20,Male,Undergraduate,Instagram,3.0,1.6,Smartphone,7.7,3,False,Rarely,11.0,96,3.36,Beneficial
19,Female,Undergraduate,TikTok,3.2,2.7,Smartphone,7.1,3,False,Rarely,12.0,86,3.06,Beneficial
16,Male,High School,YouTube,4.3,1.0,Smartphone,6.6,3,False,Always,13.0,79,4.0,Beneficial
17,Male,High School,Instagram,4.5,2.1,Smartphone,5.6,3,True,Rarely,16.0,79,3.05,Beneficial
16,Female,High School,Instagram,6.2,1.9,Smartphone,5.5,2,True,Rarely,15.0,79,2.75,Beneficial
19,Male,Undergraduate,Instagram,3.4,2.8,Smartphone,6.7,4,False,Sometimes,11.0,73,3.43,Beneficial
18,Male,Undergraduate,YouTube,4.6,1.9,Smartphone,7.7,3,False,Frequently,8.0,77,4.0,Beneficial
18,Female,Undergraduate,TikTok,6.3,0.7,Laptop/PC,7.1,3,True,Rarely,19.0,78,3.01,Beneficial
18,Female,Undergraduate,Instagram,3.3,1.5,Smartphone,7.7,3,False,Frequently,11.0,87,3.72,Beneficial
19,Male,Undergraduate,Instagram,3.9,1.8,Smartphone,7.0,3,True,Frequently,5.0,83,3.12,Beneficial
15,Female,High School,Reddit,1.4,1.7,Smartphone,7.8,3,False,Frequently,8.0,96,3.6,Beneficial
17,Male,High School,Instagram,3.4,1.6,Smartphone,7.9,2,True,Always,15.0,72,3.55,Beneficial
17,Female,High School,Instagram,3.6,3.6,Smartphone,6.5,2,False,Rarely,17.0,85,3.67,Beneficial
19,Female,Undergraduate,Snapchat,4.3,1.4,Laptop/PC,8.7,4,False,Frequently,7.0,82,3.72,Beneficial
15,Non-Binary,High School,Instagram,5.9,1.6,Smartphone,7.0,4,False,Rarely,7.0,83,3.78,Beneficial
18,Female,High School,TikTok,4.8,1.1,Smartphone,7.3,2,True,Sometimes,7.0,87,3.5,Beneficial
21,Male,Undergraduate,Reddit,2.6,3.1,Smartphone,6.9,4,True,Never,15.0,75,3.44,Beneficial
20,Male,Undergraduate,Instagram,2.1,0.9,Smartphone,8.4,4,False,Sometimes,6.0,91,3.82,Beneficial
18,Male,Undergraduate,TikTok,5.0,1.6,Smartphone,7.7,3,False,Sometimes,19.0,68,3.17,Neutral
18,Male,High School,Instagram,1.4,1.1,Smartphone,9.1,4,False,Frequently,8.0,98,4.0,Beneficial
21,Prefer not to say,Undergraduate,Snapchat,7.8,2.3,Smartphone,5.5,1,True,Rarely,22.0,64,2.87,Neutral
19,Male,Undergraduate,Reddit,1.6,2.3,Laptop/PC,8.7,5,False,Rarely,0.0,98,3.91,Beneficial
15,Male,High School,YouTube,2.3,1.5,Smartphone,8.5,3,False,Sometimes,4.0,97,4.0,Beneficial
20,Male,Undergraduate,TikTok,12.5,1.4,Smartphone,5.0,1,False,Sometimes,28.0,49,2.87,Negative
17,Male,High School,Snapchat,4.3,1.4,Smartphone,7.6,2,True,Never,18.0,85,3.44,Beneficial
17,Male,High School,YouTube,3.6,1.8,Smartphone,7.7,3,True,Frequently,9.0,87,3.32,Beneficial
18,Male,Undergraduate,Instagram,5.5,1.5,Laptop/PC,6.1,2,True,Sometimes,17.0,71,3.61,Beneficial
16,Female,High School,Instagram,3.7,1.4,Smartphone,7.6,3,False,Sometimes,5.0,87,3.4,Beneficial
19,Female,Undergraduate,YouTube,4.2,1.7,Smartphone,6.6,2,False,Sometimes,17.0,83,3.99,Beneficial
21,Female,High School,TikTok,6.2,1.7,Smartphone,6.8,2,True,Sometimes,9.0,80,3.39,Beneficial
18,Female,Undergraduate,Instagram,4.6,2.1,Smartphone,6.6,2,False,Rarely,2.0,79,3.95,Beneficial
21,Female,Undergraduate,TikTok,2.6,1.1,Smartphone,6.5,3,False,Frequently,9.0,82,3.72,Beneficial
17,Female,High School,Reddit,3.3,1.3,Smartphone,6.9,3,False,Always,6.0,85,3.55,Beneficial
19,Female,Undergraduate,TikTok,3.7,2.4,Smartphone,7.0,3,False,Sometimes,16.0,80,3.08,Beneficial
20,Male,Undergraduate,Snapchat,5.7,2.1,Smartphone,6.7,2,False,Frequently,10.0,73,3.23,Beneficial
17,Female,High School,Instagram,4.0,2.1,Smartphone,7.2,3,False,Never,9.0,93,3.32,Beneficial
18,Male,Undergraduate,Reddit,10.5,2.6,Laptop/PC,5.1,1,True,Frequently,21.0,49,2.53,Neutral
17,Female,High School,TikTok,5.8,1.2,Laptop/PC,7.9,3,True,Always,11.0,90,3.27,Beneficial
19,Female,Undergraduate,X (Twitter),4.8,2.1,Smartphone,6.7,2,True,Always,6.0,86,3.94,Beneficial
18,Male,High School,TikTok,4.5,1.5,Smartphone,6.8,3,False,Sometimes,13.0,76,3.66,Beneficial
19,Female,Undergraduate,TikTok,3.5,2.1,Smartphone,6.5,2,False,Sometimes,12.0,80,3.61,Beneficial
16,Male,High School,TikTok,4.9,2.3,Smartphone,6.5,2,True,Always,14.0,88,3.48,Beneficial
26,Male,Undergraduate,Instagram,3.4,1.1,Smartphone,8.3,4,True,Sometimes,11.0,94,3.48,Beneficial
18,Male,Undergraduate,YouTube,5.7,2.7,Smartphone,4.8,1,True,Frequently,11.0,76,3.08,Beneficial
15,Male,High School,Instagram,3.5,0.4,Smartphone,6.6,2,True,Rarely,17.0,81,3.16,Beneficial
20,Female,Undergraduate,TikTok,3.1,0.5,Smartphone,8.8,4,False,Always,6.0,98,4.0,Beneficial
19,Female,Undergraduate,Reddit,3.1,2.2,Smartphone,8.9,3,False,Frequently,9.0,98,3.26,Beneficial
15,Male,High School,YouTube,5.3,1.3,Laptop/PC,6.8,3,True,Frequently,8.0,87,3.76,Beneficial
19,Male,Undergraduate,Instagram,3.4,1.9,Smartphone,5.8,2,True,Sometimes,12.0,78,3.33,Beneficial
21,Female,Undergraduate,Instagram,4.4,2.3,Smartphone,6.4,3,False,Sometimes,13.0,80,3.53,Beneficial
19,Male,High School,Instagram,3.5,1.5,Laptop/PC,6.7,2,False,Always,16.0,75,3.3,Beneficial
20,Male,Undergraduate,TikTok,3.9,2.1,Smartphone,7.5,3,False,Sometimes,18.0,88,3.7,Beneficial
19,Male,Undergraduate,TikTok,4.2,2.2,Smartphone,6.5,2,True,Frequently,14.0,86,3.71,Beneficial
18,Female,Undergraduate,X (Twitter),4.2,1.3,Smartphone,6.7,2,False,Rarely,11.0,90,3.64,Beneficial
19,Female,Undergraduate,Reddit,2.1,3.3,Smartphone,7.8,3,False,Sometimes,8.0,90,3.43,Beneficial
26,Male,Undergraduate,TikTok,4.7,1.5,Smartphone,5.6,1,True,Frequently,12.0,81,3.74,Beneficial
17,Male,High School,TikTok,3.2,1.8,Smartphone,7.4,3,False,Sometimes,11.0,76,3.66,Beneficial
21,Male,Undergraduate,Snapchat,12.6,2.6,Smartphone,5.4,1,True,Sometimes,28.0,50,2.57,Negative
15,Male,High School,Instagram,10.0,1.8,Smartphone,4.4,1,True,Rarely,25.0,51,2.91,Neutral
20,Male,High School,TikTok,6.1,1.8,Smartphone,5.6,2,True,Frequently,19.0,76,3.58,Beneficial
20,Male,Undergraduate,TikTok,5.1,2.0,Smartphone,5.7,2,True,Sometimes,12.0,70,3.3,Beneficial
16,Male,High School,Instagram,7.7,2.3,Smartphone,5.7,1,False,Frequently,18.0,80,3.08,Beneficial
19,Female,Undergraduate,YouTube,2.9,2.1,Smartphone,6.7,4,False,Sometimes,13.0,84,3.85,Beneficial
18,Female,Undergraduate,TikTok,5.2,1.0,Smartphone,5.5,1,True,Frequently,16.0,75,3.55,Beneficial
19,Female,Undergraduate,YouTube,2.9,2.1,Smartphone,7.6,3,False,Rarely,8.0,97,3.43,Beneficial
18,Male,Undergraduate,Snapchat,3.3,0.8,Smartphone,6.8,3,False,Sometimes,11.0,82,3.49,Beneficial
21,Female,Undergraduate,Instagram,3.4,2.6,Smartphone,8.6,3,True,Never,14.0,96,3.89,Beneficial
20,Female,Undergraduate,YouTube,6.8,1.7,Smartphone,6.6,3,False,Always,18.0,74,3.54,Beneficial
16,Female,High School,Instagram,13.2,3.4,Smartphone,3.5,1,True,Frequently,28.0,44,2.57,Negative
18,Male,High School,TikTok,7.3,2.6,Smartphone,6.2,1,False,Frequently,11.0,79,3.31,Beneficial
16,Female,High School,YouTube,3.4,1.7,Smartphone,7.8,3,False,Rarely,7.0,87,3.6,Beneficial
17,Female,High School,TikTok,2.6,1.4,Smartphone,6.8,3,False,Frequently,8.0,78,3.98,Beneficial
21,Male,Undergraduate,Instagram,4.3,2.4,Smartphone,6.7,3,False,Sometimes,9.0,90,3.72,Beneficial
19,Male,Undergraduate,TikTok,5.8,2.6,Smartphone,5.7,1,False,Rarely,15.0,78,2.69,Beneficial
20,Female,Undergraduate,TikTok,5.6,1.0,Smartphone,6.3,2,True,Sometimes,20.0,63,3.3,Neutral
17,Female,High School,TikTok,6.5,2.2,Laptop/PC,3.9,1,True,Sometimes,22.0,67,3.2,Neutral
18,Female,Undergraduate,TikTok,6.5,1.4,Smartphone,8.0,3,False,Sometimes,13.0,73,3.26,Beneficial
15,Female,High School,Snapchat,3.7,2.2,Smartphone,9.2,4,True,Always,1.0,89,3.68,Beneficial
17,Male,High School,Snapchat,4.6,3.4,Smartphone,6.8,3,True,Rarely,8.0,88,3.61,Beneficial
17,Female,High School,TikTok,2.7,2.2,Smartphone,7.8,3,False,Sometimes,5.0,91,3.74,Beneficial
20,Male,Undergraduate,TikTok,4.4,1.9,Tablet,7.9,4,False,Always,10.0,93,3.81,Beneficial
18,Female,High School,YouTube,3.1,1.9,Smartphone,7.1,3,False,Never,10.0,88,3.58,Beneficial
19,Male,Undergraduate,Instagram,4.1,2.4,Smartphone,7.2,3,True,Frequently,17.0,82,3.38,Beneficial
15,Female,High School,TikTok,3.1,1.2,Smartphone,6.5,4,True,Sometimes,5.0,93,4.0,Beneficial
16,Male,High School,YouTube,8.8,1.6,Smartphone,6.7,1,True,Sometimes,16.0,67,3.01,Beneficial
16,Female,High School,TikTok,1.9,2.1,Tablet,7.8,4,False,Sometimes,11.0,79,3.56,Beneficial
23,Male,Postgraduate,Reddit,6.3,0.5,Smartphone,6.4,3,True,Frequently,22.0,68,3.61,Beneficial
19,Female,Undergraduate,YouTube,5.6,2.3,Smartphone,6.9,2,True,Always,10.0,90,2.94,Beneficial
20,Male,Undergraduate,TikTok,3.8,2.1,Smartphone,6.1,1,False,Sometimes,6.0,83,3.41,Beneficial
20,Male,Undergraduate,YouTube,4.9,1.2,Smartphone,6.2,2,True,Frequently,18.0,82,3.31,Beneficial
23,Non-Binary,Postgraduate,TikTok,2.0,1.9,Smartphone,7.8,5,True,Frequently,12.0,91,3.68,Beneficial
24,Female,Postgraduate,YouTube,2.5,2.1,Smartphone,7.0,4,False,Frequently,9.0,94,3.58,Beneficial
19,Female,Undergraduate,Reddit,4.8,1.8,Smartphone,7.0,3,False,Sometimes,1.0,82,3.83,Beneficial
20,Female,Undergraduate,Reddit,4.7,1.7,Tablet,8.3,4,False,Frequently,9.0,82,4.0,Beneficial
18,Female,Undergraduate,Snapchat,3.2,1.9,Smartphone,8.3,4,True,Rarely,3.0,81,3.71,Beneficial
22,Male,Postgraduate,X (Twitter),5.5,2.8,Smartphone,7.2,2,True,Rarely,6.0,94,3.83,Beneficial
19,Female,Undergraduate,TikTok,5.9,2.4,Laptop/PC,6.5,2,True,Sometimes,7.0,85,3.51,Beneficial
17,Female,High School,Reddit,6.8,1.4,Smartphone,6.2,3,False,Rarely,11.0,64,3.23,Beneficial
20,Female,Undergraduate,TikTok,10.8,1.6,Smartphone,3.8,1,True,Sometimes,30.0,43,2.43,Negative
21,Male,Undergraduate,Snapchat,4.5,2.8,Laptop/PC,6.8,3,True,Rarely,17.0,82,3.08,Beneficial
17,Male,High School,YouTube,4.9,1.6,Smartphone,6.1,2,False,Always,15.0,83,3.55,Beneficial
17,Male,High School,Snapchat,2.8,2.4,Laptop/PC,7.2,4,False,Frequently,14.0,84,3.64,Beneficial
16,Male,High School,TikTok,3.2,2.3,Smartphone,6.4,4,True,Sometimes,19.0,78,3.64,Beneficial
19,Female,Undergraduate,TikTok,4.5,1.7,Smartphone,8.0,3,True,Sometimes,12.0,90,3.55,Beneficial
19,Female,Undergraduate,TikTok,5.1,2.2,Smartphone,7.9,3,True,Sometimes,8.0,93,3.89,Beneficial
20,Female,Undergraduate,Instagram,4.8,1.7,Smartphone,8.0,2,False,Sometimes,13.0,97,3.26,Beneficial
18,Female,Undergraduate,Snapchat,8.0,2.5,Smartphone,6.3,2,True,Always,21.0,70,3.25,Neutral
17,Female,High School,TikTok,1.9,2.3,Smartphone,8.2,4,False,Frequently,12.0,89,4.0,Beneficial
18,Female,Undergraduate,TikTok,5.9,1.4,Tablet,6.5,1,True,Frequently,18.0,66,3.56,Beneficial
17,Female,High School,Snapchat,3.6,1.9,Smartphone,7.5,4,False,Always,7.0,94,3.81,Beneficial
19,Non-Binary,Undergraduate,Instagram,6.3,2.3,Smartphone,6.7,2,True,Sometimes,26.0,74,3.79,Beneficial
19,Female,Undergraduate,TikTok,4.3,0.3,Smartphone,6.6,3,True,Always,14.0,74,3.56,Beneficial
18,Male,Undergraduate,Snapchat,6.0,1.5,Laptop/PC,7.2,3,True,Sometimes,25.0,76,3.2,Neutral
16,Female,High School,TikTok,4.4,2.2,Smartphone,7.1,3,False,Sometimes,20.0,85,3.4,Beneficial
17,Male,High School,TikTok,3.6,1.1,Smartphone,6.0,2,True,Frequently,21.0,76,3.35,Beneficial
21,Female,Undergraduate,Snapchat,3.8,1.7,Smartphone,6.2,3,True,Frequently,15.0,69,3.14,Beneficial
18,Male,Undergraduate,YouTube,3.3,2.7,Smartphone,7.4,3,True,Never,19.0,87,3.71,Beneficial
18,Female,Undergraduate,Snapchat,3.1,0.3,Tablet,7.0,4,False,Rarely,5.0,92,3.94,Beneficial
18,Female,Undergraduate,TikTok,5.7,1.4,Smartphone,7.4,2,False,Frequently,18.0,76,3.64,Beneficial
19,Female,Undergraduate,Snapchat,5.7,2.1,Smartphone,5.3,2,True,Frequently,15.0,77,2.78,Beneficial
17,Male,High School,X (Twitter),2.0,1.1,Smartphone,8.9,4,True,Rarely,12.0,98,3.19,Beneficial
19,Female,Undergraduate,Snapchat,5.5,0.8,Smartphone,7.2,4,True,Rarely,11.0,79,3.71,Beneficial
18,Male,Undergraduate,TikTok,2.5,0.7,Smartphone,7.8,3,False,Sometimes,7.0,98,4.0,Beneficial
23,Female,Undergraduate,Instagram,4.5,2.4,Smartphone,7.5,3,True,Sometimes,13.0,88,2.94,Beneficial
18,Male,High School,TikTok,3.6,1.1,Laptop/PC,7.6,3,True,Sometimes,10.0,98,3.72,Beneficial
20,Male,Undergraduate,YouTube,3.0,2.1,Smartphone,6.8,3,False,Sometimes,9.0,85,3.51,Beneficial
19,Male,Undergraduate,Instagram,6.3,1.4,Smartphone,6.0,2,True,Frequently,19.0,64,3.55,Beneficial
19,Male,High School,TikTok,6.7,1.7,Laptop/PC,7.2,1,True,Frequently,16.0,90,3.25,Beneficial
19,Male,Undergraduate,Instagram,5.3,1.4,Smartphone,7.0,2,True,Frequently,20.0,84,3.06,Beneficial
20,Male,Undergraduate,Instagram,7.2,1.8,Smartphone,6.5,1,True,Frequently,14.0,75,3.29,Beneficial
16,Female,High School,YouTube,6.3,1.5,Smartphone,6.7,3,True,Never,6.0,86,3.51,Beneficial
19,Male,High School,TikTok,12.1,1.6,Smartphone,3.6,1,False,Frequently,33.0,40,2.18,Negative
19,Female,Undergraduate,Instagram,5.6,2.6,Laptop/PC,5.9,2,True,Sometimes,19.0,76,3.32,Beneficial
18,Female,Undergraduate,YouTube,2.3,2.2,Smartphone,9.4,4,True,Rarely,1.0,98,4.0,Beneficial
18,Female,Undergraduate,Instagram,10.8,2.0,Laptop/PC,3.4,1,True,Frequently,29.0,53,2.26,Negative
16,Female,High School,Instagram,5.7,1.1,Smartphone,5.7,2,True,Frequently,21.0,74,3.14,Neutral
18,Female,Undergraduate,YouTube,9.8,1.1,Laptop/PC,5.2,1,True,Frequently,27.0,57,2.72,Neutral
18,Female,Undergraduate,YouTube,8.9,1.8,Smartphone,6.8,1,False,Sometimes,21.0,69,3.1,Neutral
18,Female,High School,Instagram,4.4,1.3,Smartphone,6.7,2,False,Frequently,13.0,79,3.21,Beneficial
21,Male,Undergraduate,TikTok,1.9,0.7,Laptop/PC,7.9,3,True,Sometimes,4.0,98,3.97,Beneficial
19,Female,Undergraduate,TikTok,5.6,2.0,Smartphone,4.7,1,False,Frequently,7.0,76,3.85,Beneficial
17,Female,High School,Snapchat,9.8,2.9,Smartphone,5.0,1,False,Sometimes,27.0,61,2.65,Neutral
21,Male,Undergraduate,Instagram,3.8,1.7,Smartphone,6.2,2,True,Rarely,17.0,77,3.03,Beneficial
18,Male,Undergraduate,Instagram,5.0,2.0,Smartphone,7.5,3,True,Rarely,12.0,84,2.84,Beneficial
20,Male,Undergraduate,TikTok,2.8,1.3,Smartphone,8.6,4,False,Frequently,8.0,98,3.6,Beneficial
19,Female,Undergraduate,TikTok,5.5,1.0,Smartphone,6.4,1,True,Rarely,13.0,85,3.04,Beneficial
21,Female,High School,YouTube,5.8,2.0,Smartphone,5.8,3,True,Rarely,13.0,70,3.37,Beneficial
19,Female,Undergraduate,Snapchat,8.9,1.7,Smartphone,4.6,1,True,Always,15.0,60,2.9,Neutral
18,Male,Undergraduate,Instagram,2.8,0.6,Smartphone,8.8,4,False,Always,10.0,84,2.91,Beneficial
25,Prefer not to say,Postgraduate,YouTube,5.3,2.1,Smartphone,6.3,2,True,Always,14.0,83,3.5,Beneficial
16,Male,High School,Reddit,9.6,0.9,Smartphone,4.6,1,False,Never,26.0,57,2.57,Neutral
16,Male,High School,TikTok,2.3,1.9,Smartphone,9.0,5,True,Frequently,8.0,94,3.81,Beneficial
20,Female,Undergraduate,Instagram,10.7,2.1,Tablet,5.4,1,True,Never,23.0,60,2.79,Neutral
19,Female,Undergraduate,Instagram,6.0,2.5,Smartphone,6.5,3,True,Frequently,13.0,80,3.16,Beneficial
15,Female,High School,YouTube,5.6,2.4,Smartphone,5.2,2,True,Sometimes,19.0,81,3.65,Beneficial
20,Female,Undergraduate,Instagram,4.2,0.9,Smartphone,7.5,3,True,Always,6.0,86,3.73,Beneficial
23,Female,Undergraduate,YouTube,5.9,3.9,Smartphone,6.3,2,True,Frequently,8.0,71,3.04,Beneficial
19,Female,High School,Instagram,6.2,1.9,Smartphone,6.9,2,True,Sometimes,6.0,90,3.29,Beneficial
19,Female,Undergraduate,Instagram,4.0,2.3,Smartphone,6.3,2,True,Always,11.0,86,3.35,Beneficial
18,Female,Undergraduate,Instagram,2.5,1.0,Smartphone,7.3,3,False,Sometimes,8.0,98,3.69,Beneficial
18,Female,Undergraduate,TikTok,5.5,1.5,Smartphone,6.7,3,True,Sometimes,16.0,69,2.78,Neutral
17,Female,High School,Snapchat,14.0,0.8,Smartphone,4.1,1,True,Frequently,28.0,43,3.46,Negative
18,Non-Binary,Undergraduate,TikTok,1.6,0.9,Smartphone,8.3,3,False,Sometimes,8.0,94,3.25,Beneficial
19,Female,Undergraduate,Snapchat,6.6,0.7,Laptop/PC,5.2,1,True,Sometimes,15.0,69,3.3,Beneficial
25,Male,Postgraduate,X (Twitter),5.7,2.0,Smartphone,7.2,3,True,Frequently,17.0,85,3.11,Beneficial
19,Male,Undergraduate,TikTok,1.5,1.2,Smartphone,7.9,3,True,Sometimes,0.0,98,4.0,Beneficial
25,Female,Postgraduate,LinkedIn,3.5,0.8,Tablet,6.3,2,False,Sometimes,14.0,81,3.89,Beneficial
18,Male,Undergraduate,Snapchat,7.6,1.6,Laptop/PC,5.6,1,False,Rarely,24.0,62,3.54,Neutral
22,Male,Postgraduate,YouTube,4.3,2.7,Smartphone,6.4,3,False,Frequently,7.0,83,3.88,Beneficial
20,Male,Undergraduate,Instagram,7.6,0.8,Smartphone,7.0,3,True,Always,26.0,68,2.09,Neutral
19,Male,Undergraduate,TikTok,2.2,1.1,Smartphone,6.6,3,False,Frequently,10.0,90,4.0,Beneficial
17,Female,High School,Snapchat,14.0,1.5,Smartphone,3.7,1,True,Always,35.0,45,2.54,Negative
16,Female,High School,Reddit,1.9,2.5,Smartphone,7.4,5,True,Frequently,0.0,98,4.0,Beneficial
21,Male,Undergraduate,Instagram,4.9,1.4,Smartphone,6.3,3,False,Rarely,17.0,76,3.3,Beneficial
18,Female,Undergraduate,YouTube,3.8,1.1,Smartphone,8.4,3,False,Frequently,2.0,98,4.0,Beneficial
19,Prefer not to say,Undergraduate,TikTok,3.0,3.1,Smartphone,7.7,4,False,Sometimes,4.0,98,3.7,Beneficial
20,Non-Binary,Undergraduate,YouTube,3.4,2.1,Smartphone,8.2,3,True,Rarely,7.0,98,3.46,Beneficial
22,Male,Postgraduate,Instagram,6.3,1.2,Smartphone,7.0,2,True,Frequently,15.0,80,3.64,Beneficial
19,Male,Undergraduate,Snapchat,12.8,1.5,Laptop/PC,4.3,1,True,Always,30.0,49,2.59,Negative
20,Male,Undergraduate,TikTok,3.8,0.5,Laptop/PC,8.0,3,False,Sometimes,4.0,83,3.47,Beneficial
18,Male,Undergraduate,YouTube,6.1,1.4,Smartphone,6.5,2,True,Rarely,13.0,89,3.1,Beneficial
17,Male,High School,Instagram,4.8,1.0,Smartphone,7.1,4,False,Frequently,11.0,82,3.53,Beneficial
16,Female,High School,YouTube,6.0,2.1,Tablet,6.9,3,True,Sometimes,16.0,80,3.21,Beneficial
16,Female,High School,Instagram,8.8,0.8,Smartphone,5.2,1,True,Sometimes,19.0,63,2.92,Neutral
19,Male,Undergraduate,YouTube,7.6,2.1,Smartphone,3.6,1,True,Sometimes,16.0,69,3.19,Beneficial
20,Female,Undergraduate,X (Twitter),4.5,2.6,Smartphone,7.7,4,True,Rarely,12.0,91,3.68,Beneficial
18,Male,Undergraduate,Instagram,4.9,2.6,Smartphone,5.9,3,True,Sometimes,14.0,72,3.47,Beneficial
18,Male,Undergraduate,Snapchat,3.3,1.3,Smartphone,8.0,3,False,Sometimes,15.0,88,3.76,Beneficial
18,Female,Undergraduate,Instagram,9.1,1.6,Smartphone,5.0,1,True,Rarely,27.0,56,2.8,Neutral
20,Female,Undergraduate,Snapchat,4.2,1.8,Smartphone,7.3,3,True,Rarely,14.0,86,3.14,Beneficial
17,Female,High School,Instagram,9.0,3.0,Smartphone,5.0,1,True,Sometimes,27.0,55,3.43,Neutral
17,Female,High School,Snapchat,2.5,1.6,Smartphone,8.4,3,False,Never,14.0,88,3.57,Beneficial
18,Female,High School,Instagram,5.1,1.6,Smartphone,8.3,3,True,Never,7.0,86,3.48,Beneficial
16,Female,High School,YouTube,14.0,2.2,Smartphone,4.6,1,True,Always,31.0,55,2.46,Negative
17,Male,High School,Instagram,3.6,1.9,Smartphone,7.0,3,True,Frequently,6.0,91,3.51,Beneficial
20,Male,Undergraduate,YouTube,3.1,2.2,Smartphone,8.6,4,True,Sometimes,10.0,96,3.44,Beneficial
19,Female,Undergraduate,TikTok,2.1,2.1,Smartphone,7.3,4,False,Frequently,6.0,90,3.55,Beneficial
21,Female,Undergraduate,TikTok,2.5,3.0,Smartphone,7.6,4,True,Always,10.0,98,4.0,Beneficial
16,Female,High School,YouTube,5.6,1.5,Smartphone,7.8,4,True,Sometimes,15.0,84,3.75,Beneficial
20,Male,High School,Instagram,3.9,1.3,Smartphone,6.0,2,False,Always,13.0,76,3.07,Beneficial
17,Female,High School,TikTok,6.9,2.3,Smartphone,6.1,1,True,Sometimes,25.0,75,2.8,Neutral
22,Female,Undergraduate,Instagram,4.0,1.5,Smartphone,8.1,4,False,Frequently,4.0,96,4.0,Beneficial
17,Male,High School,YouTube,2.4,0.7,Laptop/PC,8.2,4,False,Rarely,0.0,92,3.7,Beneficial
19,Male,Undergraduate,TikTok,5.9,1.3,Smartphone,4.8,1,True,Frequently,16.0,77,3.47,Beneficial
16,Female,High School,Instagram,3.2,1.6,Smartphone,8.0,4,False,Frequently,4.0,94,3.95,Beneficial
18,Male,High School,Instagram,14.0,3.4,Smartphone,3.5,1,True,Always,40.0,35,2.44,Negative
19,Female,Undergraduate,YouTube,5.1,2.5,Smartphone,7.1,3,True,Sometimes,8.0,78,3.62,Beneficial
16,Female,High School,Snapchat,7.6,2.6,Smartphone,5.9,2,True,Frequently,17.0,68,3.0,Neutral
16,Female,High School,Reddit,5.0,1.7,Smartphone,7.0,2,False,Sometimes,17.0,80,4.0,Beneficial
18,Female,Undergraduate,Instagram,2.6,0.2,Smartphone,8.4,3,False,Sometimes,9.0,93,3.67,Beneficial
15,Female,High School,X (Twitter),4.1,0.7,Laptop/PC,7.7,4,False,Sometimes,9.0,94,3.69,Beneficial
17,Female,High School,LinkedIn,7.5,0.9,Smartphone,7.7,2,True,Rarely,10.0,62,3.26,Beneficial
17,Male,High School,TikTok,3.5,1.7,Smartphone,7.3,3,False,Sometimes,3.0,98,3.2,Beneficial
17,Female,High School,TikTok,5.3,1.2,Smartphone,7.3,2,True,Frequently,6.0,83,3.79,Beneficial
19,Female,Undergraduate,Instagram,2.9,2.2,Smartphone,7.3,4,True,Frequently,10.0,87,3.92,Beneficial
20,Female,Undergraduate,Snapchat,7.2,2.0,Smartphone,5.4,2,True,Sometimes,19.0,53,3.25,Neutral
19,Female,Undergraduate,X (Twitter),14.0,1.8,Laptop/PC,3.2,1,True,Never,25.0,48,2.86,Neutral
18,Male,Undergraduate,Instagram,2.5,1.8,Smartphone,6.4,4,True,Always,10.0,89,3.28,Beneficial
21,Female,Undergraduate,Reddit,8.6,1.8,Tablet,4.5,1,True,Sometimes,24.0,67,2.69,Neutral
19,Male,Undergraduate,LinkedIn,2.7,1.7,Smartphone,6.8,4,True,Sometimes,13.0,93,3.73,Beneficial
15,Male,High School,X (Twitter),4.4,2.9,Smartphone,7.6,3,False,Frequently,11.0,86,3.68,Beneficial
16,Female,High School,YouTube,3.9,2.1,Smartphone,7.3,3,False,Sometimes,11.0,87,3.78,Beneficial
15,Male,High School,TikTok,5.3,1.3,Smartphone,6.4,2,True,Frequently,15.0,78,3.39,Beneficial
18,Female,Undergraduate,TikTok,8.6,2.2,Smartphone,6.0,2,True,Never,13.0,77,3.46,Beneficial
19,Prefer not to say,Undergraduate,Instagram,4.5,2.2,Laptop/PC,6.4,3,False,Sometimes,14.0,77,3.65,Beneficial
18,Female,Undergraduate,Instagram,3.4,1.0,Smartphone,7.6,3,False,Always,8.0,93,3.87,Beneficial
18,Male,Undergraduate,Instagram,5.5,2.5,Tablet,6.4,2,True,Sometimes,17.0,80,2.78,Beneficial
21,Male,Undergraduate,Instagram,4.0,2.6,Smartphone,7.7,3,True,Frequently,10.0,79,3.56,Beneficial
17,Female,High School,YouTube,6.3,2.2,Laptop/PC,7.2,3,True,Sometimes,10.0,80,3.45,Beneficial
19,Female,High School,TikTok,3.1,1.9,Smartphone,8.9,4,False,Always,5.0,98,3.68,Beneficial
17,Male,High School,LinkedIn,7.8,1.3,Smartphone,6.1,2,True,Sometimes,17.0,64,3.2,Beneficial
19,Female,Undergraduate,TikTok,7.4,1.0,Smartphone,5.1,1,True,Rarely,12.0,77,3.22,Beneficial
19,Male,High School,Snapchat,2.7,2.3,Smartphone,6.9,4,False,Frequently,10.0,84,3.39,Beneficial
18,Female,High School,Instagram,2.5,1.0,Smartphone,6.2,2,False,Frequently,0.0,86,3.67,Beneficial
16,Male,High School,Reddit,2.3,2.0,Smartphone,7.3,3,False,Frequently,8.0,90,4.0,Beneficial
19,Male,Undergraduate,Reddit,5.9,1.0,Smartphone,6.1,2,False,Frequently,17.0,68,3.59,Beneficial
22,Male,Postgraduate,Instagram,5.2,1.5,Smartphone,6.3,2,True,Rarely,9.0,79,3.34,Beneficial
22,Male,Undergraduate,Instagram,3.3,3.0,Laptop/PC,6.7,3,False,Frequently,8.0,90,3.64,Beneficial
19,Female,Undergraduate,Snapchat,7.2,0.8,Smartphone,5.7,1,True,Frequently,7.0,76,3.46,Beneficial
21,Female,Undergraduate,YouTube,6.0,1.9,Smartphone,6.1,2,False,Sometimes,14.0,69,3.31,Beneficial
17,Male,High School,Snapchat,9.6,1.0,Smartphone,3.8,1,True,Sometimes,22.0,60,3.12,Neutral
23,Male,Postgraduate,Snapchat,3.8,1.4,Smartphone,7.4,3,False,Rarely,6.0,95,3.97,Beneficial
20,Female,High School,TikTok,4.3,2.4,Smartphone,5.4,3,True,Always,14.0,72,3.78,Beneficial
20,Male,Undergraduate,Reddit,9.1,2.6,Smartphone,3.9,1,True,Always,40.0,43,3.11,Negative
16,Male,High School,YouTube,4.9,1.9,Smartphone,5.8,2,False,Frequently,17.0,75,3.68,Beneficial
18,Male,Undergraduate,TikTok,2.2,2.0,Smartphone,6.7,4,False,Sometimes,13.0,96,3.35,Beneficial
17,Male,High School,Instagram,10.8,1.6,Smartphone,5.5,1,True,Frequently,34.0,60,2.69,Negative
18,Male,Undergraduate,TikTok,4.6,0.8,Smartphone,7.4,3,True,Frequently,17.0,70,3.7,Beneficial
18,Non-Binary,Undergraduate,TikTok,5.9,2.3,Laptop/PC,6.7,3,False,Frequently,15.0,76,3.35,Beneficial
19,Prefer not to say,Undergraduate,Instagram,5.6,1.4,Laptop/PC,6.6,2,True,Rarely,3.0,90,3.35,Beneficial
18,Male,Undergraduate,YouTube,7.4,1.0,Smartphone,5.8,1,True,Sometimes,23.0,60,2.9,Neutral
22,Female,Postgraduate,YouTube,2.9,2.2,Smartphone,7.2,3,False,Frequently,8.0,93,4.0,Beneficial
19,Female,Undergraduate,YouTube,4.6,1.7,Laptop/PC,7.6,3,True,Frequently,9.0,97,3.75,Beneficial
19,Female,Undergraduate,Snapchat,9.6,0.5,Smartphone,5.4,2,True,Sometimes,29.0,49,3.19,Neutral
22,Female,Undergraduate,TikTok,2.4,0.4,Smartphone,6.5,3,False,Frequently,3.0,89,3.53,Beneficial
17,Female,High School,Instagram,6.4,0.9,Smartphone,6.9,3,True,Frequently,19.0,74,3.25,Beneficial
22,Female,Undergraduate,TikTok,5.4,1.9,Smartphone,6.6,2,True,Rarely,10.0,86,3.27,Beneficial
20,Female,Undergraduate,LinkedIn,3.4,1.8,Smartphone,7.6,5,True,Frequently,12.0,88,3.43,Beneficial
18,Male,Undergraduate,Snapchat,5.3,1.8,Smartphone,7.5,3,True,Sometimes,15.0,78,3.0,Beneficial
18,Female,Undergraduate,Instagram,4.3,2.4,Laptop/PC,6.4,4,False,Frequently,3.0,89,3.46,Beneficial
19,Male,Undergraduate,Reddit,5.6,0.6,Smartphone,6.4,4,True,Frequently,13.0,75,3.29,Beneficial
19,Male,Undergraduate,Instagram,6.1,2.6,Laptop/PC,6.6,1,True,Sometimes,16.0,79,2.93,Beneficial
22,Non-Binary,Postgraduate,Snapchat,4.1,1.5,Smartphone,7.4,3,False,Always,14.0,80,3.45,Beneficial
19,Female,Undergraduate,Instagram,4.0,2.0,Smartphone,7.5,3,False,Frequently,16.0,81,3.47,Beneficial
20,Female,High School,YouTube,9.1,1.4,Smartphone,4.4,1,True,Rarely,24.0,57,3.06,Neutral
18,Male,Undergraduate,X (Twitter),1.3,3.0,Smartphone,8.6,5,False,Rarely,0.0,90,3.56,Beneficial
21,Non-Binary,Undergraduate,Snapchat,4.5,1.6,Smartphone,6.8,2,True,Sometimes,17.0,84,3.7,Beneficial
20,Female,Undergraduate,Reddit,3.7,4.0,Smartphone,8.0,4,True,Frequently,17.0,75,3.76,Beneficial
20,Male,Undergraduate,Instagram,1.9,1.7,Smartphone,8.0,4,False,Always,11.0,92,4.0,Beneficial
19,Female,Undergraduate,LinkedIn,10.5,1.5,Smartphone,5.5,1,True,Sometimes,26.0,67,2.24,Neutral
16,Male,High School,YouTube,7.2,1.6,Smartphone,6.5,2,False,Sometimes,10.0,82,3.35,Beneficial
18,Female,Undergraduate,Instagram,3.1,2.0,Smartphone,9.1,4,False,Sometimes,7.0,86,3.22,Beneficial
18,Female,Undergraduate,TikTok,2.5,0.1,Smartphone,8.9,4,False,Frequently,9.0,95,3.46,Beneficial
18,Male,Undergraduate,Instagram,4.4,0.4,Smartphone,6.2,2,False,Sometimes,20.0,86,3.55,Beneficial
20,Male,Undergraduate,YouTube,3.1,2.1,Smartphone,7.0,3,False,Sometimes,12.0,76,3.67,Beneficial
18,Prefer not to say,Undergraduate,Reddit,4.2,1.8,Smartphone,6.4,2,False,Frequently,13.0,93,3.81,Beneficial
20,Female,Undergraduate,TikTok,12.3,0.8,Laptop/PC,5.2,1,True,Frequently,32.0,55,2.99,Negative
22,Male,Postgraduate,YouTube,13.2,1.6,Smartphone,4.7,1,True,Frequently,30.0,47,2.44,Negative
19,Female,Undergraduate,X (Twitter),4.9,1.2,Laptop/PC,5.8,2,True,Sometimes,10.0,75,3.04,Beneficial
21,Male,Undergraduate,TikTok,12.0,1.9,Smartphone,4.3,1,True,Frequently,27.0,52,2.92,Neutral
20,Male,High School,X (Twitter),1.8,2.4,Laptop/PC,8.6,4,False,Sometimes,2.0,98,3.96,Beneficial
21,Male,Undergraduate,Instagram,2.0,1.2,Smartphone,7.1,3,False,Frequently,5.0,91,3.94,Beneficial
18,Male,Undergraduate,YouTube,9.1,2.1,Smartphone,6.8,1,True,Frequently,28.0,68,2.98,Neutral
21,Female,Undergraduate,Reddit,4.6,3.3,Smartphone,7.5,3,True,Sometimes,11.0,88,3.63,Beneficial
18,Female,Undergraduate,TikTok,7.0,1.4,Smartphone,6.7,2,True,Sometimes,13.0,69,3.09,Beneficial
16,Male,High School,TikTok,9.4,1.9,Smartphone,5.3,1,True,Sometimes,24.0,60,3.31,Neutral
19,Female,Undergraduate,YouTube,5.6,1.6,Laptop/PC,7.3,1,False,Frequently,18.0,89,3.43,Beneficial
23,Male,Undergraduate,Instagram,4.1,1.8,Smartphone,5.9,2,False,Frequently,10.0,80,3.83,Beneficial
19,Female,Undergraduate,Instagram,10.6,1.2,Smartphone,5.9,2,True,Always,24.0,65,2.58,Neutral
17,Female,High School,TikTok,14.0,2.2,Smartphone,3.9,1,True,Never,32.0,35,2.67,Negative
20,Female,Undergraduate,YouTube,2.7,0.6,Smartphone,7.8,4,True,Sometimes,14.0,93,3.72,Beneficial
18,Male,Undergraduate,TikTok,2.7,2.6,Smartphone,7.8,3,False,Sometimes,0.0,91,3.76,Beneficial
20,Female,Undergraduate,TikTok,2.4,3.0,Smartphone,8.3,4,False,Frequently,3.0,93,3.93,Beneficial
17,Female,High School,YouTube,3.0,2.2,Smartphone,6.8,3,True,Always,9.0,90,3.79,Beneficial
18,Female,Undergraduate,Instagram,8.5,1.4,Smartphone,4.7,1,True,Frequently,24.0,63,2.88,Neutral
19,Female,Undergraduate,Instagram,3.1,1.5,Smartphone,7.0,3,False,Sometimes,14.0,92,3.33,Beneficial
16,Female,High School,Instagram,5.0,3.5,Smartphone,5.2,2,True,Frequently,7.0,67,3.11,Beneficial
19,Male,Undergraduate,Instagram,2.7,1.2,Smartphone,8.5,4,False,Never,15.0,95,3.93,Beneficial
20,Non-Binary,Undergraduate,Instagram,2.9,2.0,Laptop/PC,7.2,3,False,Sometimes,23.0,81,3.36,Beneficial
20,Female,Undergraduate,YouTube,2.4,1.8,Smartphone,8.4,4,False,Frequently,11.0,98,3.91,Beneficial
24,Female,Undergraduate,Snapchat,3.9,1.3,Smartphone,6.8,3,False,Frequently,6.0,98,3.78,Beneficial
18,Male,Undergraduate,Snapchat,5.0,2.0,Smartphone,7.0,2,True,Sometimes,12.0,81,3.11,Beneficial
16,Female,High School,YouTube,6.5,0.8,Smartphone,6.9,3,True,Always,19.0,83,3.37,Beneficial
17,Non-Binary,High School,YouTube,2.5,1.2,Smartphone,9.2,4,False,Frequently,6.0,97,3.94,Beneficial
22,Female,Postgraduate,Instagram,3.3,1.6,Smartphone,6.9,3,False,Rarely,18.0,81,3.54,Beneficial
17,Male,High School,YouTube,3.4,1.9,Smartphone,9.3,5,False,Sometimes,9.0,87,3.85,Beneficial
19,Male,Undergraduate,Snapchat,10.5,1.3,Smartphone,4.0,1,False,Sometimes,29.0,52,2.53,Negative
19,Male,Undergraduate,Instagram,3.1,2.0,Laptop/PC,7.3,3,True,Sometimes,5.0,80,3.73,Beneficial
19,Female,Undergraduate,Instagram,8.3,2.2,Smartphone,8.1,3,True,Never,12.0,86,3.58,Beneficial
20,Female,Undergraduate,Instagram,4.9,2.8,Smartphone,6.0,1,False,Always,24.0,76,3.41,Neutral
21,Male,Undergraduate,Instagram,4.5,1.7,Smartphone,5.7,1,True,Frequently,14.0,80,3.59,Beneficial
19,Female,Undergraduate,TikTok,7.4,2.8,Smartphone,6.0,3,True,Rarely,13.0,70,2.78,Beneficial
21,Female,Undergraduate,Instagram,6.8,2.1,Smartphone,6.4,1,True,Rarely,12.0,88,3.28,Beneficial
17,Male,High School,Snapchat,12.1,1.9,Smartphone,5.6,2,True,Sometimes,29.0,56,2.55,Negative
19,Male,Undergraduate,YouTube,7.5,1.6,Smartphone,4.7,1,True,Rarely,29.0,64,3.38,Neutral
19,Male,Undergraduate,LinkedIn,3.1,2.2,Smartphone,8.7,3,False,Never,8.0,98,3.85,Beneficial
19,Male,Undergraduate,TikTok,1.9,1.3,Laptop/PC,8.4,4,True,Frequently,1.0,98,3.93,Beneficial
17,Male,High School,Instagram,6.9,1.8,Smartphone,7.6,2,True,Sometimes,16.0,78,3.25,Beneficial
18,Male,Undergraduate,Instagram,13.4,1.8,Smartphone,4.2,1,True,Never,29.0,47,2.72,Negative
18,Prefer not to say,Undergraduate,Instagram,9.2,1.9,Smartphone,6.2,1,False,Sometimes,17.0,64,3.44,Beneficial
22,Female,Undergraduate,Instagram,3.1,2.1,Smartphone,8.1,5,True,Sometimes,14.0,89,3.81,Beneficial
18,Female,Undergraduate,Instagram,3.6,3.1,Smartphone,8.6,5,False,Rarely,4.0,98,3.72,Beneficial
18,Female,Undergraduate,Instagram,7.1,1.0,Smartphone,7.6,3,False,Sometimes,13.0,80,3.5,Beneficial
18,Male,Undergraduate,YouTube,7.5,2.6,Smartphone,6.8,3,True,Always,19.0,70,3.76,Beneficial
16,Female,High School,Reddit,4.5,2.1,Smartphone,8.1,4,False,Always,15.0,87,3.29,Beneficial
21,Male,Undergraduate,TikTok,3.7,1.3,Smartphone,9.0,3,False,Frequently,10.0,91,3.22,Beneficial
15,Female,High School,Instagram,5.1,1.5,Smartphone,7.7,3,False,Frequently,12.0,78,3.44,Beneficial
22,Male,Postgraduate,TikTok,2.2,0.6,Smartphone,9.2,5,False,Sometimes,5.0,93,3.76,Beneficial
18,Female,High School,TikTok,2.3,2.4,Tablet,8.7,5,True,Frequently,7.0,93,3.97,Beneficial
17,Male,High School,Instagram,3.5,1.3,Smartphone,7.6,4,False,Frequently,8.0,80,3.3,Beneficial
20,Male,Undergraduate,YouTube,3.1,1.0,Smartphone,8.7,4,True,Sometimes,10.0,98,3.86,Beneficial
20,Female,Undergraduate,Snapchat,6.9,0.6,Smartphone,5.6,2,False,Never,20.0,68,2.73,Neutral
20,Male,Undergraduate,X (Twitter),5.8,2.6,Smartphone,6.3,3,True,Sometimes,16.0,78,3.46,Beneficial
19,Female,Undergraduate,TikTok,8.5,2.1,Smartphone,6.8,1,True,Frequently,15.0,88,3.51,Beneficial
19,Female,Undergraduate,Instagram,6.6,2.0,Smartphone,6.5,2,True,Frequently,17.0,78,3.2,Beneficial
19,Female,Undergraduate,Snapchat,6.2,1.3,Smartphone,4.7,2,False,Rarely,18.0,73,3.27,Beneficial
15,Female,High School,TikTok,14.0,1.8,Smartphone,4.1,1,True,Rarely,29.0,41,2.34,Negative
20,Male,Undergraduate,Instagram,5.8,2.1,Smartphone,6.7,1,True,Frequently,12.0,82,3.26,Beneficial
20,Male,High School,TikTok,4.2,2.5,Smartphone,7.9,5,False,Always,10.0,92,3.87,Beneficial
19,Female,Undergraduate,YouTube,6.7,1.7,Smartphone,6.9,2,False,Rarely,22.0,71,3.36,Neutral
18,Male,Undergraduate,Instagram,10.8,1.9,Smartphone,3.3,1,True,Sometimes,25.0,45,2.22,Negative
18,Male,Undergraduate,Snapchat,6.7,2.3,Smartphone,3.8,1,True,Sometimes,26.0,50,2.81,Neutral
21,Female,High School,Instagram,3.5,1.1,Smartphone,6.7,2,True,Frequently,11.0,90,3.64,Beneficial
23,Male,Undergraduate,Instagram,5.4,1.8,Smartphone,5.3,1,True,Sometimes,15.0,69,2.82,Beneficial
20,Male,Undergraduate,Instagram,3.3,1.5,Smartphone,7.0,3,False,Frequently,22.0,78,3.43,Beneficial
20,Male,Undergraduate,TikTok,3.1,1.7,Laptop/PC,6.8,2,False,Never,13.0,84,3.45,Beneficial
18,Female,Undergraduate,X (Twitter),4.0,1.0,Smartphone,6.0,1,True,Sometimes,13.0,80,2.92,Beneficial
18,Female,Undergraduate,TikTok,4.8,2.2,Smartphone,5.9,2,True,Sometimes,17.0,77,3.26,Beneficial
17,Female,High School,Instagram,8.3,1.9,Smartphone,5.8,1,False,Frequently,14.0,69,3.35,Beneficial
19,Male,Undergraduate,Instagram,2.8,0.0,Smartphone,6.8,4,False,Sometimes,12.0,89,3.8,Beneficial
18,Male,High School,Instagram,4.0,1.6,Smartphone,4.5,1,True,Sometimes,9.0,84,3.36,Beneficial
17,Female,High School,Snapchat,3.6,1.0,Smartphone,7.2,3,False,Never,18.0,85,4.0,Beneficial
19,Female,Undergraduate,YouTube,4.8,1.9,Smartphone,6.2,2,True,Sometimes,16.0,76,3.33,Beneficial
20,Male,Undergraduate,YouTube,4.0,1.6,Smartphone,8.2,3,False,Sometimes,14.0,88,3.52,Beneficial
19,Male,Undergraduate,TikTok,3.6,3.2,Smartphone,7.5,2,False,Rarely,11.0,78,3.64,Beneficial
20,Female,Undergraduate,Instagram,2.8,1.0,Smartphone,8.3,3,True,Always,7.0,98,3.46,Beneficial
18,Male,Undergraduate,Instagram,5.2,2.7,Smartphone,6.5,2,True,Always,11.0,81,3.84,Beneficial
18,Prefer not to say,Undergraduate,Instagram,3.2,1.4,Smartphone,7.5,3,False,Sometimes,10.0,89,3.85,Beneficial
19,Male,Undergraduate,YouTube,14.0,1.6,Smartphone,5.4,1,True,Sometimes,23.0,45,2.6,Negative
20,Male,High School,Reddit,8.6,2.5,Smartphone,5.4,1,True,Frequently,19.0,68,3.35,Beneficial
17,Female,High School,Instagram,3.0,1.9,Smartphone,7.3,3,False,Sometimes,4.0,97,3.26,Beneficial
20,Female,Undergraduate,YouTube,7.3,0.9,Laptop/PC,6.8,2,True,Never,15.0,77,3.11,Beneficial
23,Female,Postgraduate,X (Twitter),6.5,1.8,Smartphone,7.4,4,True,Sometimes,12.0,76,3.23,Beneficial
17,Female,High School,Instagram,6.9,1.8,Smartphone,7.1,3,True,Sometimes,20.0,77,3.07,Beneficial
16,Male,High School,Reddit,3.0,2.4,Laptop/PC,7.2,2,False,Frequently,17.0,86,3.15,Beneficial
21,Male,High School,YouTube,5.3,1.3,Smartphone,6.2,3,False,Frequently,16.0,77,3.23,Beneficial
18,Male,Undergraduate,Instagram,2.8,1.5,Smartphone,6.3,2,False,Sometimes,11.0,86,3.53,Beneficial
17,Female,High School,Snapchat,6.1,2.9,Smartphone,6.2,1,True,Never,9.0,85,3.45,Beneficial
19,Female,Undergraduate,Snapchat,6.9,2.1,Smartphone,6.1,2,True,Frequently,19.0,77,3.48,Beneficial
18,Male,Undergraduate,TikTok,5.6,1.9,Smartphone,6.1,2,True,Sometimes,17.0,59,3.7,Beneficial
18,Male,Undergraduate,Snapchat,4.0,2.2,Smartphone,7.6,3,False,Frequently,7.0,98,3.6,Beneficial
19,Female,High School,Instagram,8.0,1.7,Smartphone,5.5,2,True,Frequently,15.0,66,3.11,Beneficial
22,Male,Undergraduate,Instagram,6.3,1.1,Smartphone,5.5,1,True,Sometimes,13.0,74,3.39,Beneficial
16,Female,High School,Instagram,3.4,2.1,Laptop/PC,7.7,3,True,Always,12.0,95,3.92,Beneficial
20,Male,Undergraduate,X (Twitter),2.4,2.1,Smartphone,7.0,4,False,Sometimes,4.0,97,3.41,Beneficial
18,Female,Undergraduate,Instagram,5.9,1.0,Smartphone,6.7,3,True,Frequently,17.0,81,3.65,Beneficial
17,Male,High School,Instagram,5.9,2.1,Smartphone,6.2,2,True,Rarely,20.0,73,2.57,Neutral
17,Female,High School,Reddit,6.2,2.0,Smartphone,5.8,2,False,Sometimes,2.0,81,3.08,Beneficial
20,Female,Undergraduate,YouTube,2.5,0.9,Smartphone,8.0,4,True,Sometimes,13.0,94,3.51,Beneficial
19,Female,Undergraduate,Instagram,2.1,2.5,Smartphone,7.1,2,True,Sometimes,9.0,94,3.96,Beneficial
18,Male,Undergraduate,TikTok,4.0,2.8,Smartphone,5.0,2,False,Sometimes,10.0,85,3.58,Beneficial
18,Male,High School,Instagram,2.3,1.7,Smartphone,7.9,4,True,Sometimes,13.0,98,3.44,Beneficial
19,Female,Undergraduate,Instagram,3.4,2.4,Smartphone,7.8,3,False,Sometimes,7.0,84,3.77,Beneficial
20,Male,Undergraduate,Instagram,3.7,2.2,Smartphone,7.1,3,False,Always,10.0,85,3.93,Beneficial
19,Female,Undergraduate,X (Twitter),7.1,1.4,Smartphone,6.7,1,True,Always,15.0,68,4.0,Beneficial
20,Male,Undergraduate,YouTube,8.2,2.0,Smartphone,6.4,2,True,Sometimes,18.0,69,3.44,Beneficial
18,Male,Undergraduate,Instagram,3.3,0.6,Laptop/PC,7.6,3,False,Sometimes,10.0,90,3.55,Beneficial
20,Male,Undergraduate,Instagram,6.3,1.6,Smartphone,7.3,3,True,Sometimes,12.0,88,3.25,Beneficial
18,Female,Undergraduate,Instagram,2.8,1.6,Smartphone,6.7,4,False,Always,12.0,86,3.31,Beneficial
17,Male,High School,TikTok,3.8,1.3,Smartphone,7.5,4,False,Always,7.0,86,3.77,Beneficial
16,Male,High School,Instagram,5.8,1.3,Smartphone,5.8,2,True,Rarely,25.0,69,3.02,Neutral
18,Female,Undergraduate,YouTube,4.9,2.1,Smartphone,8.5,4,True,Always,12.0,84,3.86,Beneficial
16,Female,High School,Reddit,4.2,2.1,Smartphone,5.7,2,False,Sometimes,12.0,91,3.4,Beneficial
19,Male,Undergraduate,Instagram,10.3,1.2,Smartphone,4.4,1,True,Never,18.0,54,3.22,Neutral
15,Male,High School,YouTube,10.8,1.1,Smartphone,5.4,1,False,Frequently,27.0,59,2.7,Neutral
20,Male,Undergraduate,YouTube,10.0,1.5,Smartphone,6.1,2,True,Rarely,30.0,55,2.91,Negative
18,Female,Undergraduate,TikTok,3.7,1.1,Smartphone,7.7,4,True,Sometimes,8.0,87,4.0,Beneficial
20,Non-Binary,Undergraduate,Instagram,5.5,1.5,Smartphone,6.6,4,True,Rarely,15.0,81,3.99,Beneficial
18,Male,Undergraduate,X (Twitter),6.4,2.8,Smartphone,7.0,3,True,Sometimes,11.0,78,3.82,Beneficial
20,Male,Undergraduate,YouTube,3.4,1.3,Smartphone,8.6,4,False,Frequently,1.0,90,4.0,Beneficial
16,Male,High School,Snapchat,4.4,2.7,Smartphone,7.3,2,False,Sometimes,10.0,81,3.99,Beneficial
21,Female,High School,YouTube,1.5,1.4,Smartphone,7.7,4,True,Rarely,7.0,89,4.0,Beneficial
16,Female,High School,TikTok,5.7,1.0,Laptop/PC,5.6,1,True,Frequently,17.0,66,3.7,Beneficial
22,Female,Undergraduate,Reddit,3.1,1.4,Smartphone,7.8,4,False,Always,5.0,89,3.58,Beneficial
23,Female,Postgraduate,TikTok,5.5,1.0,Smartphone,5.1,1,True,Always,9.0,74,3.68,Beneficial
19,Male,Undergraduate,X (Twitter),9.2,3.1,Laptop/PC,6.0,2,True,Sometimes,13.0,60,3.64,Neutral
17,Female,High School,Instagram,1.9,1.4,Smartphone,6.5,3,False,Sometimes,6.0,91,4.0,Beneficial
17,Male,High School,TikTok,8.1,0.8,Smartphone,4.7,1,True,Frequently,15.0,66,3.35,Beneficial
20,Male,Undergraduate,Instagram,11.9,2.6,Smartphone,4.2,1,True,Sometimes,23.0,57,2.42,Neutral
18,Female,Undergraduate,LinkedIn,10.9,1.2,Laptop/PC,6.6,1,True,Sometimes,18.0,60,3.28,Neutral
21,Female,Undergraduate,TikTok,6.4,3.0,Laptop/PC,5.6,2,True,Sometimes,7.0,79,3.81,Beneficial
20,Female,Undergraduate,Instagram,5.9,2.8,Smartphone,8.1,3,True,Frequently,9.0,83,3.84,Beneficial
17,Female,High School,YouTube,6.9,2.7,Smartphone,6.6,2,True,Always,10.0,80,2.89,Beneficial
19,Male,Undergraduate,Instagram,7.5,2.4,Smartphone,5.5,2,True,Always,22.0,73,2.96,Neutral
19,Male,Undergraduate,TikTok,5.5,2.0,Laptop/PC,7.5,2,True,Sometimes,27.0,72,3.22,Neutral
21,Female,Undergraduate,Instagram,3.4,1.7,Smartphone,7.2,3,True,Rarely,10.0,98,3.93,Beneficial
21,Male,Undergraduate,YouTube,2.7,3.1,Smartphone,7.7,3,True,Sometimes,4.0,90,3.63,Beneficial
18,Prefer not to say,Undergraduate,TikTok,12.6,2.8,Laptop/PC,4.7,1,True,Frequently,36.0,45,2.8,Negative
18,Female,Undergraduate,YouTube,4.8,0.0,Smartphone,6.8,4,True,Sometimes,13.0,86,3.67,Beneficial
16,Prefer not to say,High School,Reddit,2.4,0.6,Smartphone,7.2,3,False,Frequently,5.0,81,3.59,Beneficial
20,Female,Undergraduate,Snapchat,7.6,1.5,Smartphone,6.7,2,True,Rarely,18.0,73,3.44,Beneficial
19,Female,Undergraduate,YouTube,5.8,2.2,Smartphone,7.0,3,True,Frequently,16.0,80,3.31,Beneficial
22,Female,Postgraduate,TikTok,8.2,3.0,Laptop/PC,6.0,1,True,Sometimes,20.0,62,3.28,Neutral
19,Male,Undergraduate,YouTube,7.4,2.1,Smartphone,7.2,3,True,Frequently,19.0,72,3.39,Beneficial
20,Male,Undergraduate,TikTok,7.1,1.7,Smartphone,6.9,2,True,Always,22.0,68,3.12,Neutral
18,Female,High School,Snapchat,4.8,1.4,Laptop/PC,7.9,3,False,Sometimes,7.0,87,3.54,Beneficial
20,Male,Undergraduate,Instagram,5.7,2.2,Smartphone,7.5,4,True,Sometimes,15.0,93,3.23,Beneficial
20,Female,Undergraduate,Instagram,7.3,1.8,Smartphone,5.2,1,True,Always,18.0,68,2.95,Neutral
18,Female,Undergraduate,Instagram,6.6,2.1,Smartphone,6.4,2,True,Sometimes,10.0,82,3.15,Beneficial
18,Female,Undergraduate,TikTok,3.4,1.5,Smartphone,7.0,3,False,Sometimes,14.0,79,3.47,Beneficial
18,Female,Undergraduate,TikTok,4.7,2.1,Smartphone,6.7,2,False,Sometimes,13.0,87,3.29,Beneficial
18,Female,Undergraduate,Instagram,6.0,2.5,Laptop/PC,5.9,2,True,Sometimes,18.0,78,3.02,Beneficial
15,Male,High School,Instagram,3.8,0.2,Smartphone,5.8,2,True,Frequently,13.0,88,3.53,Beneficial
18,Female,High School,TikTok,3.9,1.9,Smartphone,6.6,3,True,Sometimes,9.0,90,3.41,Beneficial
18,Male,Undergraduate,YouTube,5.9,0.3,Smartphone,7.0,2,True,Sometimes,18.0,69,3.85,Beneficial
18,Female,Undergraduate,TikTok,6.0,2.1,Smartphone,6.6,2,True,Rarely,20.0,80,3.53,Beneficial
18,Male,Undergraduate,TikTok,1.1,2.4,Smartphone,9.4,5,True,Never,4.0,98,3.71,Beneficial
17,Female,High School,Instagram,5.8,1.2,Smartphone,6.6,2,False,Frequently,10.0,79,4.0,Beneficial
19,Male,Undergraduate,X (Twitter),4.4,2.6,Smartphone,6.6,3,False,Rarely,11.0,86,3.45,Beneficial
20,Male,Undergraduate,TikTok,4.9,1.4,Smartphone,6.8,2,False,Rarely,4.0,85,3.53,Beneficial
15,Male,High School,Instagram,5.9,2.2,Smartphone,5.5,3,True,Sometimes,12.0,77,3.56,Beneficial
18,Male,Undergraduate,YouTube,3.8,1.5,Smartphone,7.7,4,False,Sometimes,10.0,88,3.85,Beneficial
19,Male,Undergraduate,TikTok,4.9,1.2,Smartphone,6.3,3,True,Frequently,8.0,93,3.8,Beneficial
20,Female,Undergraduate,Reddit,3.6,1.6,Laptop/PC,7.1,2,False,Sometimes,12.0,77,3.52,Beneficial
22,Female,Postgraduate,Reddit,5.4,0.6,Smartphone,5.5,2,True,Sometimes,19.0,66,3.17,Neutral
18,Male,Undergraduate,Instagram,6.6,2.4,Smartphone,7.0,2,True,Always,12.0,79,3.64,Beneficial
16,Male,High School,YouTube,4.8,3.1,Smartphone,6.2,2,True,Rarely,18.0,77,3.27,Beneficial
20,Female,Undergraduate,YouTube,5.7,1.6,Smartphone,6.6,2,True,Rarely,12.0,81,3.64,Beneficial
16,Non-Binary,High School,Instagram,2.8,1.6,Laptop/PC,8.0,3,False,Frequently,7.0,91,3.05,Beneficial
17,Female,High School,YouTube,3.3,2.1,Smartphone,6.7,2,True,Always,9.0,86,3.7,Beneficial
19,Male,Undergraduate,Instagram,5.1,1.2,Smartphone,5.6,1,False,Sometimes,18.0,73,3.67,Beneficial
20,Female,Undergraduate,TikTok,4.0,3.2,Smartphone,6.7,3,True,Always,11.0,94,3.78,Beneficial
18,Female,Undergraduate,TikTok,7.7,2.2,Smartphone,6.3,2,True,Frequently,18.0,66,3.35,Beneficial
20,Male,Undergraduate,X (Twitter),7.8,2.5,Smartphone,6.3,1,True,Rarely,25.0,72,2.85,Neutral
18,Male,Undergraduate,Instagram,8.3,1.6,Smartphone,5.6,1,True,Sometimes,15.0,70,3.35,Beneficial
18,Female,Undergraduate,Snapchat,4.5,1.8,Laptop/PC,6.1,2,False,Rarely,14.0,94,3.15,Beneficial
18,Female,Undergraduate,TikTok,3.1,2.6,Smartphone,7.8,4,False,Frequently,8.0,92,3.8,Beneficial
19,Male,Undergraduate,Snapchat,6.1,2.5,Smartphone,6.4,3,True,Rarely,10.0,72,3.32,Beneficial
15,Female,High School,Snapchat,4.3,2.3,Smartphone,7.4,3,False,Frequently,18.0,77,3.97,Beneficial
19,Female,Undergraduate,TikTok,7.3,2.2,Smartphone,6.0,2,False,Rarely,17.0,67,3.28,Beneficial
15,Male,High School,Instagram,3.2,1.9,Smartphone,8.3,4,True,Frequently,4.0,98,4.0,Beneficial
18,Female,Undergraduate,YouTube,3.9,1.1,Laptop/PC,6.0,2,False,Rarely,10.0,81,3.35,Beneficial
20,Male,Undergraduate,YouTube,5.4,2.7,Smartphone,6.9,2,False,Sometimes,15.0,83,3.24,Beneficial
19,Female,Undergraduate,Snapchat,3.1,3.6,Smartphone,8.4,3,True,Sometimes,4.0,98,4.0,Beneficial
18,Male,Undergraduate,Reddit,3.3,2.9,Smartphone,7.0,3,False,Always,5.0,86,3.8,Beneficial
21,Female,High School,TikTok,6.1,3.8,Smartphone,7.3,1,False,Always,16.0,78,3.9,Beneficial
17,Male,High School,YouTube,4.8,4.1,Smartphone,7.2,2,False,Sometimes,15.0,78,2.87,Beneficial
18,Prefer not to say,Undergraduate,TikTok,2.6,1.7,Smartphone,5.7,2,True,Frequently,9.0,91,3.74,Beneficial
19,Female,Undergraduate,TikTok,6.1,1.0,Smartphone,6.7,1,False,Sometimes,16.0,77,3.5,Beneficial
16,Male,High School,Instagram,9.3,2.5,Smartphone,6.0,2,True,Sometimes,25.0,52,3.22,Neutral
17,Male,High School,TikTok,3.8,1.4,Smartphone,6.5,2,False,Frequently,10.0,89,3.4,Beneficial
19,Female,Undergraduate,Reddit,3.0,2.6,Tablet,8.3,3,False,Frequently,0.0,98,3.62,Beneficial
15,Female,High School,YouTube,6.5,0.7,Smartphone,6.8,2,True,Sometimes,14.0,76,3.72,Beneficial
17,Male,High School,Instagram,4.9,2.2,Smartphone,5.1,1,False,Always,18.0,72,3.47,Beneficial
20,Female,Undergraduate,Instagram,4.9,1.8,Smartphone,7.6,2,False,Sometimes,18.0,73,3.5,Beneficial
17,Male,High School,Snapchat,4.0,2.5,Smartphone,7.7,4,True,Rarely,8.0,92,3.5,Beneficial
19,Male,Undergraduate,Instagram,9.0,3.1,Smartphone,7.2,2,True,Sometimes,20.0,76,3.49,Beneficial
20,Female,Undergraduate,TikTok,8.6,1.1,Smartphone,5.5,2,False,Frequently,15.0,68,3.16,Beneficial
18,Female,Undergraduate,YouTube,4.5,2.3,Smartphone,7.1,3,False,Frequently,8.0,86,4.0,Beneficial
18,Male,Undergraduate,Instagram,5.5,2.7,Tablet,6.2,2,True,Sometimes,13.0,83,3.43,Beneficial
15,Male,High School,Instagram,3.0,1.8,Laptop/PC,6.9,4,False,Frequently,5.0,94,3.7,Beneficial
20,Male,Undergraduate,X (Twitter),5.7,2.1,Smartphone,6.8,3,True,Never,13.0,81,3.43,Beneficial
19,Male,Undergraduate,Instagram,3.5,2.8,Smartphone,7.8,3,False,Frequently,7.0,98,3.39,Beneficial
16,Male,High School,Snapchat,4.9,1.5,Smartphone,7.5,2,False,Sometimes,3.0,85,3.81,Beneficial
16,Female,High School,Instagram,4.6,0.8,Smartphone,5.7,2,True,Sometimes,15.0,76,3.27,Beneficial
20,Male,Undergraduate,TikTok,2.6,1.8,Smartphone,6.1,2,False,Never,16.0,81,3.78,Beneficial
19,Male,Undergraduate,TikTok,14.0,1.6,Smartphone,3.0,1,True,Rarely,34.0,32,2.02,Negative
19,Male,Undergraduate,Snapchat,8.8,1.4,Smartphone,6.1,1,True,Sometimes,22.0,61,2.74,Neutral
17,Female,High School,YouTube,7.5,2.9,Smartphone,6.6,3,True,Frequently,18.0,69,3.55,Beneficial
19,Male,Undergraduate,TikTok,5.5,2.2,Smartphone,5.9,2,True,Sometimes,16.0,70,2.8,Neutral
23,Male,Postgraduate,Instagram,6.9,2.2,Smartphone,6.0,1,True,Frequently,9.0,73,3.34,Beneficial
17,Male,High School,Instagram,4.9,1.4,Smartphone,7.6,2,True,Always,13.0,82,3.66,Beneficial
19,Female,Undergraduate,Instagram,2.1,3.7,Laptop/PC,6.8,2,False,Sometimes,6.0,98,3.89,Beneficial
19,Female,Undergraduate,TikTok,5.0,2.4,Smartphone,7.0,2,True,Always,4.0,80,3.53,Beneficial
19,Female,Undergraduate,Instagram,13.9,1.2,Smartphone,3.0,1,True,Sometimes,36.0,38,1.97,Negative
20,Female,Undergraduate,Snapchat,5.7,1.6,Tablet,8.0,3,True,Frequently,17.0,87,3.58,Beneficial
15,Male,High School,Instagram,3.1,1.9,Smartphone,6.6,3,False,Rarely,7.0,86,3.98,Beneficial
18,Male,Undergraduate,YouTube,7.3,2.1,Smartphone,5.5,1,True,Sometimes,18.0,72,3.37,Beneficial
17,Male,High School,YouTube,3.3,0.5,Laptop/PC,7.9,2,True,Sometimes,9.0,86,3.39,Beneficial
17,Female,High School,YouTube,8.8,2.9,Smartphone,5.6,1,True,Always,13.0,59,2.52,Neutral
20,Female,Undergraduate,Instagram,4.1,2.4,Smartphone,7.2,3,True,Frequently,10.0,72,3.22,Beneficial
18,Male,Undergraduate,YouTube,6.7,2.4,Smartphone,5.5,2,True,Sometimes,17.0,82,3.46,Beneficial
20,Male,Undergraduate,TikTok,2.5,2.1,Smartphone,7.1,2,True,Frequently,12.0,96,3.91,Beneficial
20,Male,Undergraduate,Instagram,2.3,2.7,Laptop/PC,7.0,2,True,Rarely,6.0,90,4.0,Beneficial
20,Non-Binary,Undergraduate,Instagram,3.4,2.7,Smartphone,8.2,4,True,Always,11.0,86,4.0,Beneficial
18,Female,Undergraduate,TikTok,3.9,1.7,Laptop/PC,6.4,3,False,Never,12.0,88,3.78,Beneficial
22,Non-Binary,Postgraduate,Snapchat,2.5,2.3,Smartphone,7.2,4,False,Rarely,8.0,98,3.68,Beneficial
18,Male,Undergraduate,TikTok,3.6,2.2,Smartphone,7.2,3,False,Never,13.0,91,3.77,Beneficial
18,Male,Undergraduate,TikTok,6.3,3.1,Smartphone,7.1,2,True,Sometimes,14.0,78,3.04,Beneficial
18,Prefer not to say,Undergraduate,Instagram,5.9,1.5,Smartphone,7.8,3,True,Sometimes,15.0,75,2.96,Beneficial
18,Male,Undergraduate,Instagram,7.2,2.4,Smartphone,6.1,1,True,Never,12.0,80,3.22,Beneficial
20,Female,Undergraduate,YouTube,5.9,2.2,Laptop/PC,6.4,2,True,Always,14.0,73,3.53,Beneficial
17,Female,High School,Snapchat,4.0,1.7,Smartphone,7.1,2,True,Frequently,14.0,83,3.89,Beneficial
21,Male,Undergraduate,Instagram,4.5,1.1,Smartphone,6.9,3,True,Frequently,16.0,72,3.88,Beneficial
15,Male,High School,Snapchat,7.0,1.5,Smartphone,5.1,1,True,Sometimes,22.0,52,3.33,Neutral
20,Male,Undergraduate,YouTube,3.8,2.6,Smartphone,8.4,3,False,Always,10.0,86,3.7,Beneficial
19,Female,High School,Instagram,4.9,1.9,Laptop/PC,5.5,1,True,Sometimes,16.0,65,3.53,Beneficial
20,Female,Undergraduate,YouTube,6.7,1.6,Smartphone,6.2,1,True,Sometimes,11.0,88,3.06,Beneficial
17,Female,High School,YouTube,5.9,1.3,Smartphone,5.8,2,True,Frequently,16.0,76,2.94,Beneficial
20,Female,Undergraduate,Snapchat,10.6,1.8,Smartphone,4.4,1,True,Sometimes,18.0,57,3.16,Neutral
17,Female,High School,Snapchat,10.2,0.8,Smartphone,4.1,1,False,Frequently,30.0,58,2.77,Negative
18,Male,Undergraduate,TikTok,2.1,1.2,Smartphone,7.7,3,True,Frequently,6.0,80,3.5,Beneficial
15,Female,High School,TikTok,1.9,0.8,Smartphone,7.9,3,True,Frequently,0.0,98,4.0,Beneficial
21,Female,Undergraduate,TikTok,8.3,2.9,Smartphone,6.3,2,True,Sometimes,19.0,69,3.38,Beneficial
17,Female,High School,Instagram,4.1,1.4,Smartphone,6.0,3,False,Always,10.0,84,3.23,Beneficial
18,Male,Undergraduate,Instagram,4.4,1.9,Smartphone,7.6,3,True,Rarely,6.0,98,3.91,Beneficial
20,Male,Undergraduate,TikTok,5.5,1.3,Laptop/PC,6.4,4,True,Sometimes,13.0,77,3.37,Beneficial
16,Male,High School,Snapchat,10.1,2.6,Laptop/PC,6.3,2,True,Sometimes,27.0,62,2.4,Neutral
17,Female,High School,Instagram,6.1,2.6,Smartphone,5.9,1,True,Sometimes,21.0,75,3.4,Beneficial
23,Male,Undergraduate,YouTube,5.5,1.1,Smartphone,6.1,3,True,Rarely,8.0,93,3.4,Beneficial
17,Female,High School,Instagram,4.8,0.9,Smartphone,6.5,2,False,Sometimes,8.0,90,3.46,Beneficial
20,Male,Undergraduate,TikTok,2.8,2.4,Smartphone,8.4,4,False,Sometimes,5.0,96,3.86,Beneficial
19,Female,Undergraduate,Snapchat,7.2,2.0,Smartphone,6.0,2,False,Sometimes,15.0,71,3.08,Beneficial
19,Female,Undergraduate,Instagram,8.6,1.9,Smartphone,6.1,3,True,Sometimes,21.0,72,3.31,Beneficial
18,Male,Undergraduate,X (Twitter),6.7,3.9,Smartphone,6.2,2,True,Frequently,5.0,82,3.1,Beneficial
19,Female,Undergraduate,TikTok,8.0,2.5,Smartphone,7.0,1,True,Always,18.0,69,2.91,Neutral
15,Female,High School,Snapchat,5.1,1.9,Smartphone,6.1,3,True,Rarely,17.0,80,3.28,Beneficial
21,Female,Undergraduate,TikTok,13.2,1.0,Laptop/PC,3.3,1,True,Sometimes,36.0,52,2.72,Negative
21,Female,Undergraduate,TikTok,2.8,1.2,Smartphone,7.9,3,True,Rarely,13.0,90,3.3,Beneficial
19,Prefer not to say,Undergraduate,YouTube,4.0,2.4,Smartphone,6.8,3,False,Frequently,9.0,84,3.97,Beneficial
17,Male,High School,Instagram,6.3,2.5,Smartphone,5.8,2,True,Frequently,13.0,69,3.29,Beneficial
18,Female,Undergraduate,TikTok,3.5,2.3,Smartphone,8.1,3,True,Sometimes,8.0,94,3.37,Beneficial
19,Female,High School,Instagram,3.1,0.7,Laptop/PC,6.9,4,False,Sometimes,8.0,84,3.93,Beneficial
18,Male,Undergraduate,Instagram,4.5,2.7,Laptop/PC,6.1,3,False,Rarely,8.0,81,3.54,Beneficial
16,Female,High School,Instagram,7.5,2.2,Smartphone,5.9,2,True,Rarely,16.0,78,2.81,Beneficial
24,Female,Postgraduate,TikTok,3.1,2.4,Smartphone,7.9,4,False,Sometimes,9.0,89,3.53,Beneficial
24,Male,Postgraduate,Instagram,4.1,1.7,Smartphone,7.5,3,False,Frequently,9.0,86,2.98,Beneficial
19,Female,Undergraduate,X (Twitter),5.6,1.4,Smartphone,6.4,3,True,Sometimes,15.0,74,3.29,Beneficial
18,Female,Undergraduate,Instagram,3.2,1.7,Laptop/PC,7.7,4,False,Sometimes,6.0,98,3.46,Beneficial
18,Male,Undergraduate,YouTube,14.0,2.1,Smartphone,4.6,1,False,Sometimes,31.0,41,2.59,Negative
16,Prefer not to say,High School,Instagram,2.3,2.5,Smartphone,7.3,3,True,Rarely,6.0,98,3.44,Beneficial
18,Male,Undergraduate,Instagram,8.4,2.0,Smartphone,6.1,1,False,Sometimes,24.0,69,3.04,Neutral
20,Male,Undergraduate,Instagram,4.4,2.3,Smartphone,7.1,3,False,Sometimes,10.0,67,3.49,Beneficial
18,Female,Undergraduate,YouTube,3.2,1.9,Smartphone,8.7,3,False,Rarely,4.0,91,3.8,Beneficial
22,Female,Postgraduate,TikTok,5.9,2.0,Smartphone,6.0,1,False,Rarely,5.0,84,3.25,Beneficial
20,Male,Undergraduate,Instagram,6.0,2.0,Laptop/PC,4.0,1,True,Never,21.0,60,3.33,Neutral
19,Male,Undergraduate,Instagram,3.6,1.8,Smartphone,7.5,4,True,Sometimes,14.0,94,3.26,Beneficial
16,Female,High School,Instagram,3.3,1.7,Smartphone,6.6,3,False,Sometimes,9.0,83,3.31,Beneficial
19,Female,Undergraduate,TikTok,4.1,1.6,Smartphone,5.4,2,True,Frequently,16.0,68,3.27,Beneficial
19,Male,Undergraduate,YouTube,3.1,1.1,Smartphone,7.6,3,False,Frequently,3.0,90,3.46,Beneficial
19,Female,Undergraduate,YouTube,4.8,1.6,Smartphone,7.7,2,False,Rarely,13.0,88,3.17,Beneficial
18,Male,Undergraduate,Instagram,3.9,1.8,Smartphone,7.1,3,False,Always,7.0,81,3.5,Beneficial
17,Male,High School,TikTok,3.4,2.1,Laptop/PC,7.7,4,False,Sometimes,2.0,91,4.0,Beneficial
24,Male,Postgraduate,TikTok,5.1,2.5,Smartphone,6.0,2,False,Always,16.0,80,3.82,Beneficial
17,Female,High School,Instagram,9.9,2.8,Smartphone,6.8,2,True,Sometimes,29.0,65,3.07,Neutral
18,Male,High School,TikTok,4.3,2.2,Smartphone,5.7,2,True,Sometimes,15.0,77,3.68,Beneficial
21,Female,Undergraduate,X (Twitter),9.9,2.3,Smartphone,3.5,1,False,Never,22.0,55,2.43,Neutral
21,Female,Undergraduate,Snapchat,5.7,0.6,Smartphone,6.7,3,True,Rarely,13.0,80,3.11,Beneficial
20,Male,Undergraduate,YouTube,2.8,2.3,Smartphone,7.5,3,False,Frequently,9.0,98,3.57,Beneficial
15,Male,High School,X (Twitter),5.0,1.4,Smartphone,5.7,2,True,Sometimes,3.0,86,3.78,Beneficial
17,Female,High School,Instagram,5.1,1.8,Laptop/PC,6.4,2,True,Frequently,13.0,59,3.43,Beneficial
19,Female,Undergraduate,TikTok,1.7,1.9,Smartphone,7.1,3,True,Rarely,4.0,98,3.55,Beneficial
20,Female,Undergraduate,LinkedIn,2.8,1.2,Smartphone,5.7,2,True,Frequently,19.0,81,3.08,Beneficial
20,Female,High School,Instagram,3.6,2.5,Smartphone,6.5,2,False,Sometimes,11.0,88,3.53,Beneficial
20,Female,Undergraduate,LinkedIn,3.1,1.5,Smartphone,8.4,4,False,Frequently,0.0,93,3.7,Beneficial
19,Female,Undergraduate,TikTok,4.5,1.3,Smartphone,6.2,1,False,Always,3.0,87,3.52,Beneficial
17,Female,High School,Snapchat,5.9,1.7,Smartphone,6.9,2,True,Sometimes,9.0,89,3.55,Beneficial
19,Male,Undergraduate,Instagram,5.1,2.6,Laptop/PC,7.7,3,False,Always,15.0,78,3.63,Beneficial
19,Male,Undergraduate,LinkedIn,2.4,1.6,Smartphone,8.5,5,False,Never,0.0,98,4.0,Beneficial
17,Female,High School,YouTube,3.2,1.4,Smartphone,7.3,2,True,Never,8.0,95,3.29,Beneficial
16,Female,High School,LinkedIn,10.5,2.5,Smartphone,4.9,1,False,Sometimes,18.0,61,3.07,Neutral
22,Female,Postgraduate,Instagram,13.4,1.6,Laptop/PC,5.5,1,True,Frequently,24.0,51,2.82,Neutral
21,Male,Undergraduate,TikTok,10.4,0.9,Smartphone,3.3,1,False,Frequently,23.0,54,3.59,Neutral
22,Female,Postgraduate,TikTok,4.8,1.4,Smartphone,7.2,2,False,Sometimes,13.0,89,3.3,Beneficial
21,Male,Undergraduate,TikTok,2.8,0.8,Smartphone,7.1,4,False,Always,14.0,94,3.8,Beneficial
17,Female,High School,Reddit,4.8,1.4,Laptop/PC,6.1,2,True,Sometimes,19.0,89,4.0,Beneficial
20,Female,Undergraduate,Snapchat,3.4,1.2,Smartphone,9.0,3,False,Frequently,0.0,98,3.81,Beneficial
19,Male,Undergraduate,TikTok,3.7,2.5,Smartphone,7.6,3,True,Rarely,16.0,80,3.43,Beneficial
19,Male,Undergraduate,YouTube,8.5,2.3,Smartphone,5.4,1,True,Rarely,21.0,75,3.21,Beneficial
19,Female,Undergraduate,TikTok,3.5,1.2,Smartphone,6.8,3,True,Frequently,14.0,87,3.29,Beneficial
18,Male,Undergraduate,Instagram,2.6,2.3,Laptop/PC,7.2,3,False,Sometimes,10.0,89,3.84,Beneficial
18,Female,Undergraduate,Instagram,3.6,1.7,Smartphone,7.8,3,False,Never,14.0,74,3.34,Beneficial
17,Female,High School,Instagram,7.6,1.3,Smartphone,6.4,1,True,Rarely,18.0,71,3.35,Beneficial
19,Non-Binary,Undergraduate,TikTok,5.7,1.6,Smartphone,7.1,3,False,Always,15.0,89,3.08,Beneficial
16,Non-Binary,High School,Reddit,4.9,1.9,Laptop/PC,8.9,3,False,Sometimes,14.0,91,3.55,Beneficial
19,Female,High School,TikTok,10.6,2.1,Smartphone,4.8,1,True,Sometimes,23.0,61,2.94,Neutral
19,Male,Undergraduate,TikTok,3.6,1.6,Smartphone,7.5,3,False,Rarely,9.0,86,3.57,Beneficial
19,Prefer not to say,Undergraduate,YouTube,8.0,1.0,Laptop/PC,5.8,1,True,Sometimes,21.0,60,2.89,Neutral
22,Female,Postgraduate,Instagram,5.2,2.8,Smartphone,6.5,3,False,Always,0.0,84,3.35,Beneficial
18,Male,Undergraduate,Snapchat,3.6,2.6,Smartphone,7.3,3,False,Sometimes,15.0,94,3.57,Beneficial
16,Female,High School,Reddit,13.1,1.6,Smartphone,5.5,1,False,Frequently,22.0,55,2.35,Neutral
16,Female,High School,Instagram,4.7,1.3,Smartphone,7.5,4,False,Sometimes,13.0,93,3.59,Beneficial
20,Female,Undergraduate,Snapchat,2.7,1.5,Smartphone,5.9,2,True,Frequently,4.0,88,3.38,Beneficial
20,Female,Undergraduate,TikTok,4.4,3.0,Smartphone,7.0,3,False,Sometimes,10.0,94,3.61,Beneficial
18,Male,Undergraduate,X (Twitter),4.4,2.1,Laptop/PC,8.6,3,True,Sometimes,4.0,83,3.06,Beneficial
17,Female,High School,TikTok,3.8,2.3,Smartphone,7.0,3,False,Sometimes,8.0,85,3.53,Beneficial
20,Female,Undergraduate,YouTube,3.4,2.9,Smartphone,7.1,2,False,Always,17.0,88,3.84,Beneficial
18,Male,Undergraduate,YouTube,11.3,0.8,Smartphone,5.0,1,True,Sometimes,36.0,46,2.99,Negative
16,Female,High School,TikTok,5.2,1.9,Smartphone,7.1,4,True,Frequently,13.0,76,3.44,Beneficial
20,Female,Undergraduate,YouTube,4.8,2.3,Laptop/PC,7.7,3,False,Rarely,15.0,85,3.63,Beneficial
20,Male,High School,Snapchat,3.4,1.4,Smartphone,10.1,5,True,Sometimes,4.0,98,4.0,Beneficial
24,Male,Postgraduate,Instagram,5.9,2.4,Smartphone,6.9,2,True,Frequently,17.0,77,3.71,Beneficial
18,Male,Undergraduate,LinkedIn,4.7,2.7,Laptop/PC,7.0,2,True,Frequently,18.0,86,3.47,Beneficial
20,Female,Undergraduate,Instagram,2.7,3.1,Smartphone,7.7,3,False,Frequently,10.0,96,3.43,Beneficial
16,Female,High School,Reddit,7.3,2.5,Smartphone,6.3,2,True,Sometimes,19.0,68,3.62,Beneficial
18,Male,Undergraduate,Instagram,4.7,2.8,Smartphone,7.2,3,False,Rarely,11.0,82,3.57,Beneficial
19,Male,Undergraduate,YouTube,5.9,2.4,Smartphone,7.5,3,True,Sometimes,15.0,85,3.63,Beneficial
20,Female,Undergraduate,LinkedIn,5.2,1.4,Smartphone,6.1,2,True,Never,21.0,65,3.18,Neutral
21,Female,Undergraduate,Instagram,2.7,1.1,Smartphone,8.7,4,False,Always,4.0,96,4.0,Beneficial
20,Male,Undergraduate,Instagram,6.7,2.9,Smartphone,6.1,2,False,Sometimes,14.0,76,3.46,Beneficial
20,Female,Undergraduate,TikTok,12.4,1.1,Smartphone,3.0,1,False,Always,31.0,49,2.4,Negative
17,Male,High School,TikTok,4.8,1.9,Laptop/PC,7.0,3,True,Sometimes,15.0,84,3.34,Beneficial
18,Male,Undergraduate,YouTube,4.6,2.7,Smartphone,7.4,3,True,Sometimes,8.0,83,3.6,Beneficial
18,Male,Undergraduate,YouTube,2.3,2.7,Smartphone,6.4,3,False,Sometimes,10.0,98,3.56,Beneficial
17,Female,High School,Snapchat,2.8,2.6,Smartphone,8.1,4,False,Always,7.0,98,3.98,Beneficial
17,Female,High School,Instagram,2.3,1.7,Smartphone,6.7,3,False,Always,12.0,93,3.95,Beneficial
21,Female,Undergraduate,TikTok,8.2,2.4,Smartphone,6.6,2,True,Sometimes,22.0,70,3.53,Beneficial
17,Prefer not to say,High School,Instagram,8.7,2.0,Smartphone,3.8,1,True,Rarely,14.0,69,2.79,Beneficial
18,Male,Undergraduate,YouTube,5.4,2.2,Smartphone,7.1,3,True,Frequently,14.0,75,3.12,Beneficial
19,Female,Undergraduate,TikTok,5.5,1.9,Smartphone,6.1,2,True,Frequently,21.0,65,2.71,Neutral
15,Male,High School,Reddit,12.2,2.5,Laptop/PC,4.2,1,True,Always,29.0,45,2.28,Negative
18,Male,Undergraduate,TikTok,3.5,0.8,Smartphone,7.8,4,False,Sometimes,16.0,96,3.69,Beneficial
18,Female,Undergraduate,Snapchat,4.7,1.3,Laptop/PC,7.5,3,False,Sometimes,11.0,81,3.56,Beneficial
19,Male,Undergraduate,Instagram,11.3,0.9,Smartphone,4.9,1,True,Always,27.0,48,2.6,Negative
21,Male,Undergraduate,YouTube,4.5,1.7,Smartphone,6.4,2,False,Sometimes,12.0,74,3.48,Beneficial
19,Male,Undergraduate,Snapchat,2.5,2.4,Smartphone,8.1,4,False,Always,10.0,97,3.5,Beneficial
18,Female,Undergraduate,TikTok,1.9,1.8,Smartphone,7.3,3,False,Always,10.0,94,3.77,Beneficial
18,Male,Undergraduate,YouTube,5.9,1.9,Smartphone,6.0,2,True,Frequently,20.0,69,3.67,Beneficial
17,Female,High School,Instagram,8.5,2.1,Smartphone,5.7,1,True,Sometimes,24.0,63,2.9,Neutral
26,Female,Postgraduate,Snapchat,5.0,2.2,Smartphone,6.9,2,True,Frequently,12.0,87,3.63,Beneficial
18,Female,High School,Instagram,2.2,0.5,Smartphone,9.0,5,True,Rarely,0.0,98,3.79,Beneficial
19,Male,Undergraduate,Instagram,1.9,1.8,Laptop/PC,8.9,3,False,Always,0.0,98,3.65,Beneficial
18,Male,High School,TikTok,5.7,2.9,Laptop/PC,5.4,3,True,Rarely,18.0,63,3.03,Neutral
18,Female,Undergraduate,Instagram,2.5,3.0,Smartphone,7.0,4,True,Frequently,13.0,93,3.67,Beneficial
19,Female,Undergraduate,Instagram,3.7,1.6,Smartphone,6.9,2,True,Sometimes,14.0,83,3.63,Beneficial
17,Male,High School,Instagram,12.2,1.7,Smartphone,3.5,1,True,Sometimes,27.0,53,3.13,Neutral
18,Female,Undergraduate,Snapchat,2.5,1.4,Smartphone,8.9,4,True,Never,4.0,97,4.0,Beneficial
22,Male,Postgraduate,Instagram,3.6,3.0,Smartphone,7.5,4,False,Rarely,16.0,96,3.4,Beneficial
17,Female,High School,YouTube,14.0,2.1,Smartphone,3.2,1,True,Always,32.0,36,2.56,Negative
19,Female,Undergraduate,Instagram,7.0,1.2,Smartphone,5.7,2,True,Never,20.0,73,3.35,Beneficial
18,Male,Undergraduate,TikTok,3.2,2.0,Smartphone,8.6,3,True,Frequently,17.0,98,4.0,Beneficial
18,Female,Undergraduate,Instagram,2.3,1.1,Smartphone,7.3,3,False,Rarely,13.0,89,3.44,Beneficial
18,Male,Undergraduate,Instagram,3.4,2.1,Smartphone,7.6,2,True,Frequently,8.0,94,3.35,Beneficial
15,Female,High School,Instagram,5.0,1.2,Smartphone,6.3,2,True,Rarely,13.0,77,3.62,Beneficial
16,Male,High School,YouTube,3.4,0.6,Smartphone,6.7,3,False,Sometimes,16.0,78,3.43,Beneficial
17,Male,High School,YouTube,5.0,1.7,Smartphone,7.1,2,False,Sometimes,12.0,72,3.66,Beneficial
15,Female,High School,YouTube,5.5,2.9,Smartphone,4.5,1,True,Frequently,22.0,66,3.45,Neutral
18,Female,Undergraduate,Instagram,4.6,1.2,Smartphone,6.6,2,True,Rarely,16.0,77,3.76,Beneficial
20,Female,Undergraduate,Instagram,2.6,2.3,Laptop/PC,7.0,3,False,Rarely,6.0,86,4.0,Beneficial
18,Female,Undergraduate,Instagram,7.2,2.7,Smartphone,7.5,2,True,Sometimes,16.0,85,3.26,Beneficial
17,Female,High School,Instagram,4.3,0.4,Laptop/PC,6.0,3,False,Rarely,12.0,76,3.9,Beneficial
16,Female,High School,Snapchat,4.5,2.4,Smartphone,6.5,2,False,Never,5.0,80,3.56,Beneficial
17,Female,High School,Snapchat,1.5,1.9,Laptop/PC,8.6,4,True,Never,0.0,98,3.7,Beneficial
15,Male,High School,Snapchat,3.8,2.0,Smartphone,8.1,3,False,Sometimes,2.0,93,3.73,Beneficial
18,Female,Undergraduate,Instagram,8.7,2.2,Laptop/PC,5.8,2,True,Always,25.0,73,2.27,Neutral
20,Male,Undergraduate,YouTube,2.0,0.2,Smartphone,7.2,3,False,Frequently,9.0,98,3.55,Beneficial
18,Female,Undergraduate,Instagram,6.7,2.3,Smartphone,6.5,2,True,Sometimes,20.0,76,3.29,Beneficial
20,Male,Undergraduate,TikTok,6.7,0.3,Smartphone,7.3,3,True,Always,16.0,73,3.54,Beneficial
18,Male,Undergraduate,Instagram,9.3,1.9,Smartphone,4.2,1,True,Sometimes,18.0,70,2.82,Neutral
20,Male,Undergraduate,TikTok,11.8,1.9,Smartphone,4.6,1,True,Always,21.0,55,2.81,Neutral
19,Female,Undergraduate,Instagram,5.8,2.5,Smartphone,6.6,2,False,Frequently,18.0,67,3.17,Beneficial
20,Male,Undergraduate,Instagram,6.1,2.5,Smartphone,6.7,1,True,Sometimes,23.0,82,2.9,Neutral
18,Male,Undergraduate,Snapchat,3.2,2.4,Smartphone,7.8,3,False,Sometimes,9.0,87,3.53,Beneficial
19,Female,Undergraduate,TikTok,4.1,2.9,Smartphone,5.3,1,True,Never,20.0,90,3.33,Beneficial
21,Male,Undergraduate,Snapchat,4.3,1.4,Smartphone,6.0,3,False,Frequently,15.0,85,3.44,Beneficial
17,Female,High School,TikTok,3.0,1.9,Smartphone,6.0,2,False,Rarely,16.0,94,3.6,Beneficial
21,Female,Undergraduate,YouTube,3.3,2.4,Smartphone,7.6,3,False,Sometimes,6.0,92,3.42,Beneficial
20,Male,Undergraduate,YouTube,3.8,1.1,Smartphone,8.3,4,False,Frequently,3.0,96,4.0,Beneficial
19,Female,Undergraduate,TikTok,2.3,2.1,Smartphone,7.9,4,False,Sometimes,12.0,80,3.71,Beneficial
23,Female,Undergraduate,YouTube,6.6,1.5,Smartphone,5.6,1,True,Rarely,14.0,69,3.63,Beneficial
19,Female,Undergraduate,Instagram,3.9,2.1,Smartphone,8.0,3,True,Never,1.0,96,3.84,Beneficial
17,Male,High School,TikTok,5.8,0.9,Smartphone,5.6,2,True,Always,25.0,70,3.04,Neutral
22,Female,Postgraduate,Snapchat,10.3,0.9,Smartphone,5.4,1,True,Rarely,27.0,69,2.95,Neutral
18,Male,Undergraduate,TikTok,5.0,2.6,Smartphone,5.7,2,True,Rarely,10.0,69,3.58,Beneficial
22,Female,Postgraduate,Snapchat,3.1,1.8,Laptop/PC,5.3,2,True,Always,17.0,71,3.35,Beneficial
18,Male,Undergraduate,YouTube,8.7,1.8,Laptop/PC,5.0,2,True,Frequently,24.0,68,3.14,Neutral
20,Female,Undergraduate,Reddit,14.0,1.9,Laptop/PC,3.0,1,True,Frequently,40.0,34,2.39,Negative
18,Male,Undergraduate,YouTube,7.3,2.6,Smartphone,7.6,3,True,Frequently,18.0,78,3.09,Beneficial
17,Male,High School,Instagram,5.1,0.6,Smartphone,5.5,1,True,Always,5.0,81,3.74,Beneficial
21,Female,Undergraduate,TikTok,6.5,1.8,Laptop/PC,5.2,1,False,Rarely,17.0,71,3.46,Beneficial
18,Female,High School,YouTube,6.5,0.2,Smartphone,7.0,2,True,Rarely,14.0,83,3.09,Beneficial
16,Female,High School,Instagram,4.6,1.1,Smartphone,5.4,1,True,Always,11.0,73,3.2,Beneficial
20,Male,Undergraduate,TikTok,7.0,1.3,Tablet,5.3,2,True,Always,18.0,67,3.1,Neutral
23,Female,Undergraduate,TikTok,4.0,2.1,Smartphone,7.0,3,True,Rarely,12.0,88,3.54,Beneficial
15,Male,High School,YouTube,3.1,1.6,Smartphone,6.5,3,True,Always,15.0,84,4.0,Beneficial
17,Male,High School,Instagram,2.1,2.7,Smartphone,6.4,2,False,Rarely,6.0,91,3.94,Beneficial
20,Male,Undergraduate,TikTok,6.2,2.4,Smartphone,7.4,3,True,Frequently,15.0,85,3.46,Beneficial
19,Female,Undergraduate,Instagram,3.1,1.9,Laptop/PC,7.2,3,True,Frequently,0.0,92,4.0,Beneficial
21,Female,Undergraduate,LinkedIn,3.9,2.2,Smartphone,6.8,2,False,Never,8.0,94,3.88,Beneficial
18,Male,Undergraduate,Instagram,3.8,0.4,Smartphone,7.9,4,False,Sometimes,1.0,85,3.69,Beneficial
16,Male,High School,YouTube,4.7,2.2,Smartphone,6.1,3,False,Always,22.0,82,3.4,Beneficial
17,Female,High School,Instagram,7.0,3.5,Smartphone,6.1,2,False,Rarely,18.0,64,3.23,Neutral
18,Prefer not to say,Undergraduate,YouTube,3.2,2.8,Smartphone,7.5,3,True,Always,5.0,88,3.86,Beneficial
15,Male,High School,Instagram,3.9,2.0,Laptop/PC,8.0,2,False,Rarely,16.0,83,3.7,Beneficial
18,Female,Undergraduate,YouTube,5.6,1.6,Smartphone,7.8,3,True,Frequently,8.0,85,3.5,Beneficial
19,Female,Undergraduate,Instagram,2.7,2.1,Smartphone,6.6,2,True,Frequently,7.0,84,3.97,Beneficial
21,Male,Undergraduate,Instagram,6.0,2.6,Smartphone,6.6,2,False,Sometimes,15.0,79,3.94,Beneficial
18,Female,Undergraduate,Reddit,4.0,2.3,Smartphone,6.0,3,True,Frequently,7.0,86,3.29,Beneficial
17,Male,High School,Reddit,4.5,2.1,Smartphone,6.8,3,True,Frequently,8.0,88,3.53,Beneficial
20,Non-Binary,Undergraduate,TikTok,5.8,2.2,Laptop/PC,7.9,3,True,Rarely,10.0,81,3.57,Beneficial
19,Female,Undergraduate,Instagram,4.5,2.0,Smartphone,7.7,3,False,Frequently,5.0,85,3.83,Beneficial
25,Female,Postgraduate,Snapchat,3.1,2.1,Smartphone,8.1,4,True,Rarely,10.0,97,3.29,Beneficial
26,Male,Postgraduate,TikTok,5.7,1.1,Smartphone,6.5,2,True,Sometimes,26.0,70,3.23,Neutral
20,Female,Undergraduate,Instagram,8.3,0.6,Smartphone,5.8,2,True,Sometimes,18.0,72,2.87,Neutral
19,Female,High School,Instagram,6.6,1.0,Smartphone,8.5,3,True,Always,13.0,80,4.0,Beneficial
18,Female,Undergraduate,Reddit,7.7,2.8,Smartphone,5.4,1,True,Sometimes,11.0,69,3.13,Beneficial
16,Female,High School,TikTok,6.9,1.3,Smartphone,7.2,2,False,Always,17.0,70,3.43,Beneficial
18,Male,High School,TikTok,3.1,2.1,Smartphone,7.4,3,False,Always,6.0,94,4.0,Beneficial
19,Female,Undergraduate,LinkedIn,4.7,1.8,Smartphone,7.9,2,False,Sometimes,14.0,87,3.51,Beneficial
17,Female,High School,TikTok,5.9,2.1,Smartphone,5.4,3,True,Frequently,10.0,83,4.0,Beneficial
19,Female,Undergraduate,X (Twitter),7.3,1.7,Smartphone,6.1,2,False,Sometimes,20.0,57,3.0,Neutral
15,Male,High School,TikTok,7.8,1.7,Smartphone,5.1,2,True,Always,19.0,59,3.17,Neutral
16,Female,High School,TikTok,4.7,2.1,Laptop/PC,6.5,2,False,Rarely,10.0,84,3.16,Beneficial
22,Female,Postgraduate,Reddit,2.4,2.3,Laptop/PC,8.9,4,False,Sometimes,7.0,98,3.42,Beneficial
21,Male,Undergraduate,Instagram,3.5,2.6,Smartphone,8.8,4,False,Frequently,5.0,98,3.54,Beneficial
17,Male,High School,YouTube,5.7,0.9,Tablet,4.9,2,True,Never,18.0,73,3.66,Beneficial
20,Male,Undergraduate,Instagram,4.0,1.3,Smartphone,7.0,3,False,Frequently,6.0,87,3.71,Beneficial
18,Male,Undergraduate,TikTok,2.6,2.2,Laptop/PC,7.0,3,False,Never,11.0,91,3.81,Beneficial
19,Male,Undergraduate,Instagram,5.8,1.0,Smartphone,7.5,3,False,Frequently,17.0,84,3.35,Beneficial
19,Male,Undergraduate,Instagram,8.3,2.1,Laptop/PC,7.2,3,True,Rarely,23.0,65,3.23,Neutral
18,Male,Undergraduate,Instagram,11.4,1.6,Smartphone,3.9,1,True,Rarely,28.0,54,2.1,Negative
19,Male,Undergraduate,TikTok,2.8,1.1,Smartphone,8.6,2,True,Sometimes,5.0,98,3.74,Beneficial
24,Female,Postgraduate,TikTok,5.6,1.0,Smartphone,7.0,3,True,Frequently,20.0,74,3.16,Beneficial
19,Male,Undergraduate,TikTok,5.0,2.1,Tablet,7.4,3,False,Rarely,15.0,74,3.84,Beneficial
23,Male,Postgraduate,Instagram,5.8,2.7,Smartphone,6.8,3,True,Always,21.0,79,3.19,Beneficial
18,Female,Undergraduate,LinkedIn,8.4,2.9,Laptop/PC,5.6,2,True,Frequently,21.0,59,3.21,Neutral
20,Female,Undergraduate,Instagram,4.6,1.9,Smartphone,7.7,4,False,Sometimes,12.0,79,3.82,Beneficial
19,Male,Undergraduate,TikTok,8.2,0.9,Smartphone,5.2,2,False,Never,26.0,74,2.99,Neutral
17,Male,High School,YouTube,4.1,2.6,Smartphone,6.4,2,True,Sometimes,9.0,86,3.28,Beneficial
15,Male,High School,Reddit,6.0,0.6,Smartphone,6.4,2,True,Frequently,19.0,64,3.28,Neutral
17,Prefer not to say,High School,Snapchat,4.7,2.0,Smartphone,7.6,3,False,Frequently,20.0,87,2.52,Beneficial
18,Male,Undergraduate,Instagram,7.0,1.4,Smartphone,6.5,2,True,Never,16.0,69,2.46,Neutral
16,Male,High School,TikTok,4.7,2.2,Smartphone,6.9,2,True,Frequently,7.0,98,4.0,Beneficial
18,Female,High School,TikTok,14.0,1.8,Smartphone,4.2,1,True,Rarely,34.0,41,2.71,Negative
17,Male,High School,Snapchat,2.8,1.8,Smartphone,7.9,3,False,Rarely,13.0,94,3.41,Beneficial
21,Male,Undergraduate,TikTok,7.2,1.2,Smartphone,4.6,1,True,Sometimes,24.0,64,3.33,Neutral
17,Male,High School,YouTube,3.0,1.5,Smartphone,6.4,2,False,Never,11.0,88,4.0,Beneficial
17,Male,High School,Snapchat,4.3,2.0,Laptop/PC,5.5,2,True,Frequently,12.0,79,3.63,Beneficial
19,Male,Undergraduate,X (Twitter),6.5,1.4,Smartphone,6.2,2,True,Sometimes,20.0,77,3.37,Beneficial
18,Male,Undergraduate,Instagram,6.4,2.1,Laptop/PC,5.3,1,True,Rarely,10.0,80,2.73,Beneficial
21,Male,Undergraduate,Instagram,8.7,2.1,Smartphone,5.5,1,False,Sometimes,21.0,64,2.92,Neutral
20,Female,Undergraduate,Instagram,2.1,2.5,Smartphone,8.6,4,False,Sometimes,0.0,95,3.46,Beneficial
16,Male,High School,YouTube,3.7,0.5,Smartphone,6.2,2,False,Frequently,11.0,71,3.28,Beneficial
21,Female,Undergraduate,Instagram,14.0,1.6,Laptop/PC,3.9,1,True,Sometimes,35.0,46,2.66,Negative
19,Male,Undergraduate,Instagram,7.5,2.4,Smartphone,5.9,2,True,Sometimes,20.0,72,3.08,Neutral
21,Female,High School,YouTube,8.4,2.2,Laptop/PC,5.7,2,True,Sometimes,15.0,64,3.04,Beneficial
17,Female,High School,Instagram,5.3,1.5,Laptop/PC,8.1,3,True,Sometimes,16.0,88,3.4,Beneficial
17,Female,High School,Instagram,4.3,2.1,Laptop/PC,6.3,2,False,Rarely,18.0,81,3.31,Beneficial
21,Male,Undergraduate,TikTok,14.0,1.4,Smartphone,4.9,1,True,Rarely,27.0,45,2.74,Negative
24,Male,Postgraduate,TikTok,2.2,1.8,Smartphone,8.3,3,False,Sometimes,3.0,98,3.54,Beneficial
17,Male,High School,TikTok,2.9,2.3,Smartphone,7.8,3,False,Sometimes,8.0,81,3.54,Beneficial
22,Male,Undergraduate,X (Twitter),7.7,1.0,Smartphone,6.2,3,True,Sometimes,24.0,73,3.34,Neutral
19,Female,Undergraduate,Instagram,3.5,1.9,Laptop/PC,8.0,4,True,Frequently,3.0,91,4.0,Beneficial
18,Male,High School,Instagram,6.5,1.2,Smartphone,5.3,2,True,Always,23.0,55,3.43,Neutral
19,Female,Undergraduate,Instagram,3.6,1.9,Smartphone,8.5,3,False,Sometimes,7.0,92,3.77,Beneficial
16,Female,High School,Instagram,8.1,1.8,Smartphone,5.8,1,False,Sometimes,20.0,80,3.3,Beneficial
18,Male,High School,Instagram,7.3,2.7,Smartphone,6.4,2,True,Frequently,16.0,78,2.89,Beneficial
18,Female,Undergraduate,TikTok,8.9,2.1,Smartphone,5.8,2,True,Frequently,27.0,63,3.26,Neutral
17,Male,High School,Snapchat,3.0,2.9,Smartphone,7.2,3,True,Rarely,13.0,93,3.83,Beneficial
20,Female,Undergraduate,Instagram,5.2,2.2,Smartphone,6.9,2,True,Sometimes,19.0,70,3.3,Beneficial
17,Male,High School,Snapchat,1.1,3.4,Smartphone,10.1,5,True,Frequently,5.0,98,3.88,Beneficial
16,Male,High School,TikTok,2.3,1.5,Smartphone,7.5,3,True,Frequently,8.0,98,4.0,Beneficial
16,Female,High School,Instagram,4.1,2.9,Smartphone,7.3,2,False,Frequently,4.0,85,3.68,Beneficial
15,Male,High School,Snapchat,8.2,2.9,Smartphone,5.3,1,True,Frequently,26.0,60,3.38,Neutral
18,Female,Undergraduate,Snapchat,12.3,2.8,Smartphone,5.5,1,True,Rarely,21.0,51,2.4,Neutral
17,Female,High School,Instagram,5.3,1.0,Smartphone,7.8,4,True,Sometimes,10.0,94,3.67,Beneficial
18,Female,Undergraduate,Instagram,6.5,2.9,Smartphone,6.8,2,True,Sometimes,13.0,79,4.0,Beneficial
16,Female,High School,YouTube,6.6,2.0,Smartphone,6.8,1,True,Sometimes,25.0,82,3.19,Neutral
19,Female,Undergraduate,TikTok,5.6,1.9,Smartphone,7.3,3,True,Always,8.0,80,3.6,Beneficial
22,Male,Undergraduate,YouTube,4.9,2.4,Smartphone,6.6,3,False,Sometimes,10.0,81,3.97,Beneficial
17,Female,High School,Snapchat,4.9,1.7,Smartphone,5.9,2,True,Never,17.0,82,3.71,Beneficial
20,Male,Undergraduate,TikTok,6.2,2.3,Smartphone,7.0,3,True,Frequently,4.0,77,3.63,Beneficial
16,Female,High School,TikTok,11.7,2.3,Smartphone,5.4,1,True,Sometimes,27.0,53,2.88,Neutral
20,Female,Undergraduate,Instagram,2.8,0.7,Smartphone,7.7,5,False,Sometimes,5.0,98,3.52,Beneficial
21,Female,Undergraduate,Instagram,3.9,1.9,Smartphone,8.0,3,False,Sometimes,14.0,98,3.58,Beneficial
18,Male,Undergraduate,Instagram,5.8,1.3,Smartphone,8.1,3,True,Sometimes,16.0,91,3.35,Beneficial
19,Female,Undergraduate,Instagram,6.7,2.1,Laptop/PC,5.1,1,True,Sometimes,17.0,57,3.13,Neutral
15,Male,High School,Instagram,13.5,1.7,Smartphone,4.2,1,True,Frequently,28.0,51,2.73,Negative
19,Female,Undergraduate,YouTube,4.5,2.7,Laptop/PC,7.2,2,True,Always,12.0,96,3.66,Beneficial
18,Female,Undergraduate,Instagram,3.4,2.9,Smartphone,6.8,3,True,Frequently,9.0,83,4.0,Beneficial
20,Female,Undergraduate,Snapchat,4.2,2.1,Smartphone,5.7,3,True,Frequently,12.0,71,3.36,Beneficial
19,Female,High School,Instagram,4.6,1.4,Smartphone,6.8,2,False,Sometimes,15.0,97,3.51,Beneficial
20,Female,Undergraduate,TikTok,2.4,2.4,Smartphone,9.1,4,True,Frequently,3.0,98,3.88,Beneficial
22,Male,Undergraduate,TikTok,3.9,2.1,Smartphone,6.8,3,False,Frequently,14.0,83,3.3,Beneficial
18,Male,Undergraduate,Reddit,12.2,0.0,Smartphone,4.9,1,True,Sometimes,25.0,45,2.38,Negative
19,Male,Undergraduate,Reddit,3.7,0.6,Smartphone,7.4,2,False,Sometimes,5.0,98,4.0,Beneficial
17,Non-Binary,High School,YouTube,3.3,2.4,Smartphone,5.1,2,False,Frequently,17.0,83,3.59,Beneficial
21,Female,Undergraduate,TikTok,4.2,1.6,Smartphone,6.1,2,False,Always,16.0,77,3.6,Beneficial
20,Male,Undergraduate,TikTok,3.3,3.4,Smartphone,7.2,4,False,Sometimes,7.0,87,3.97,Beneficial
20,Female,Undergraduate,Snapchat,8.5,2.1,Smartphone,5.4,2,True,Frequently,10.0,78,2.89,Beneficial
18,Female,Undergraduate,Instagram,3.7,1.1,Smartphone,6.7,1,False,Always,12.0,86,3.43,Beneficial
19,Male,Undergraduate,Instagram,4.1,2.2,Smartphone,7.6,3,False,Sometimes,10.0,86,3.8,Beneficial
17,Male,High School,Instagram,8.6,1.9,Smartphone,7.1,2,True,Sometimes,17.0,83,3.21,Beneficial
19,Female,Undergraduate,Instagram,2.4,2.4,Laptop/PC,6.5,2,False,Always,16.0,84,3.74,Beneficial
22,Non-Binary,Postgraduate,TikTok,3.7,2.8,Smartphone,6.9,3,False,Frequently,7.0,87,4.0,Beneficial
20,Female,Undergraduate,YouTube,4.0,1.0,Smartphone,6.5,2,True,Always,8.0,88,3.86,Beneficial
19,Female,Undergraduate,TikTok,4.7,1.5,Laptop/PC,7.4,3,True,Sometimes,12.0,96,3.57,Beneficial
20,Male,Undergraduate,TikTok,9.0,0.8,Smartphone,4.0,1,True,Sometimes,21.0,66,2.88,Neutral
17,Female,High School,TikTok,7.8,1.4,Laptop/PC,7.1,3,True,Sometimes,10.0,76,3.64,Beneficial
20,Male,Undergraduate,Instagram,3.8,1.0,Smartphone,6.3,3,False,Sometimes,14.0,86,3.99,Beneficial
20,Female,High School,YouTube,3.0,1.5,Smartphone,7.5,4,False,Always,2.0,96,3.82,Beneficial
16,Male,High School,Snapchat,3.8,2.0,Smartphone,8.0,4,False,Frequently,7.0,93,3.36,Beneficial
18,Female,Undergraduate,TikTok,3.9,2.4,Smartphone,7.2,3,True,Sometimes,7.0,80,3.71,Beneficial
18,Female,Undergraduate,YouTube,9.6,0.6,Smartphone,5.2,1,True,Never,21.0,67,2.58,Neutral
18,Male,Undergraduate,X (Twitter),1.9,2.0,Smartphone,6.9,3,True,Sometimes,7.0,84,3.53,Beneficial
21,Female,High School,TikTok,4.9,2.7,Smartphone,7.3,2,False,Always,3.0,85,4.0,Beneficial
19,Female,Undergraduate,YouTube,2.8,1.8,Smartphone,7.6,3,True,Sometimes,3.0,95,3.98,Beneficial
17,Male,High School,Instagram,3.8,1.3,Smartphone,6.6,3,True,Rarely,12.0,79,3.47,Beneficial
21,Non-Binary,Undergraduate,Reddit,3.0,1.1,Smartphone,7.4,3,True,Never,21.0,73,3.63,Beneficial
19,Male,Undergraduate,X (Twitter),6.2,2.3,Laptop/PC,6.1,3,True,Sometimes,18.0,61,3.16,Neutral
18,Female,Undergraduate,Reddit,6.5,2.1,Smartphone,6.4,3,True,Rarely,18.0,66,3.18,Neutral
18,Male,Undergraduate,Instagram,5.6,2.0,Smartphone,5.3,2,True,Frequently,17.0,70,3.3,Beneficial
20,Female,Undergraduate,Instagram,4.5,1.3,Smartphone,6.8,2,True,Rarely,18.0,82,2.97,Beneficial
19,Female,Undergraduate,YouTube,8.9,2.3,Laptop/PC,5.5,1,True,Frequently,16.0,64,2.76,Neutral
18,Male,Undergraduate,Instagram,4.9,1.3,Smartphone,7.3,3,False,Frequently,15.0,77,3.29,Beneficial
20,Female,Undergraduate,TikTok,9.3,1.7,Smartphone,3.9,1,True,Rarely,37.0,57,2.53,Negative
17,Male,High School,X (Twitter),6.2,2.1,Smartphone,8.2,2,False,Rarely,22.0,74,3.27,Neutral
16,Female,High School,TikTok,13.4,2.5,Smartphone,5.9,1,True,Sometimes,30.0,55,2.48,Negative
19,Female,Undergraduate,TikTok,5.4,0.6,Smartphone,6.6,2,True,Sometimes,13.0,82,3.5,Beneficial
18,Male,Undergraduate,Instagram,4.8,2.6,Smartphone,8.0,3,True,Sometimes,5.0,92,3.96,Beneficial
21,Male,Undergraduate,TikTok,7.1,2.6,Smartphone,7.4,2,True,Sometimes,15.0,77,3.79,Beneficial
20,Female,Undergraduate,TikTok,6.0,1.7,Smartphone,6.5,3,True,Rarely,11.0,82,3.37,Beneficial
18,Male,Undergraduate,Instagram,10.6,2.1,Smartphone,4.1,1,True,Always,24.0,47,2.67,Neutral
17,Female,High School,Instagram,4.0,0.8,Laptop/PC,7.9,3,False,Rarely,6.0,88,3.74,Beneficial
24,Male,Undergraduate,Snapchat,4.7,1.3,Smartphone,6.3,1,False,Sometimes,16.0,71,4.0,Beneficial
18,Male,Undergraduate,Instagram,2.7,1.1,Smartphone,6.2,1,False,Never,14.0,94,3.28,Beneficial
20,Male,Undergraduate,TikTok,9.5,1.5,Smartphone,4.6,1,True,Sometimes,21.0,58,3.37,Neutral
16,Female,High School,Snapchat,14.0,2.2,Smartphone,5.4,1,True,Always,23.0,49,2.41,Negative
17,Male,High School,Instagram,5.2,2.0,Smartphone,6.1,2,True,Never,12.0,86,3.37,Beneficial
18,Male,Undergraduate,Instagram,6.0,1.8,Smartphone,4.8,1,True,Sometimes,23.0,64,3.26,Neutral
20,Non-Binary,Undergraduate,YouTube,4.9,2.8,Smartphone,6.5,2,False,Sometimes,14.0,83,3.62,Beneficial
18,Female,Undergraduate,TikTok,4.1,2.1,Smartphone,6.8,2,True,Always,10.0,80,3.7,Beneficial
16,Female,High School,TikTok,1.9,1.2,Laptop/PC,6.0,2,False,Frequently,10.0,97,3.6,Beneficial
20,Male,Undergraduate,YouTube,3.8,2.0,Laptop/PC,6.6,3,True,Sometimes,19.0,81,3.34,Beneficial
19,Male,Undergraduate,Snapchat,5.3,1.7,Smartphone,7.0,3,False,Sometimes,15.0,75,3.44,Beneficial
18,Male,Undergraduate,YouTube,6.7,2.6,Smartphone,6.3,2,True,Frequently,16.0,68,3.06,Beneficial
21,Female,Undergraduate,TikTok,4.4,0.9,Smartphone,8.5,3,False,Frequently,14.0,85,3.71,Beneficial
20,Male,Undergraduate,Snapchat,10.6,2.5,Smartphone,4.2,1,False,Never,19.0,67,2.92,Neutral
16,Male,High School,TikTok,9.6,1.1,Smartphone,5.7,1,True,Frequently,17.0,62,3.17,Neutral
20,Female,Undergraduate,Instagram,5.5,3.0,Smartphone,6.0,2,True,Sometimes,10.0,71,4.0,Beneficial
15,Female,High School,Instagram,5.3,0.7,Smartphone,6.4,3,True,Sometimes,17.0,81,3.57,Beneficial
20,Female,Undergraduate,Instagram,7.3,1.3,Smartphone,4.4,1,True,Rarely,20.0,70,3.26,Beneficial
20,Male,Undergraduate,TikTok,2.5,1.2,Smartphone,6.7,4,False,Never,15.0,76,3.49,Beneficial
15,Female,High School,Instagram,3.5,1.9,Smartphone,6.7,2,False,Rarely,10.0,91,3.64,Beneficial
19,Female,Undergraduate,TikTok,14.0,2.7,Smartphone,4.8,1,True,Always,27.0,35,2.28,Negative
20,Male,Undergraduate,YouTube,5.3,1.2,Smartphone,7.4,2,False,Sometimes,22.0,79,3.63,Beneficial
21,Male,Undergraduate,Instagram,3.9,2.5,Smartphone,6.7,2,False,Sometimes,11.0,85,3.05,Beneficial
17,Female,High School,Snapchat,3.2,0.5,Smartphone,7.8,4,False,Always,8.0,87,3.39,Beneficial
19,Male,High School,YouTube,3.7,1.2,Laptop/PC,7.9,2,True,Rarely,5.0,94,3.6,Beneficial
19,Female,High School,TikTok,7.6,1.2,Smartphone,4.5,1,False,Sometimes,20.0,59,3.21,Neutral
18,Male,Undergraduate,YouTube,3.6,1.1,Smartphone,7.8,4,False,Frequently,2.0,96,4.0,Beneficial
17,Female,High School,Instagram,7.7,2.0,Smartphone,6.1,2,False,Always,6.0,77,3.06,Beneficial
18,Male,Undergraduate,TikTok,8.0,2.2,Smartphone,5.7,1,True,Frequently,18.0,70,3.22,Beneficial
19,Female,High School,YouTube,5.6,2.3,Smartphone,7.0,2,True,Frequently,20.0,71,2.7,Neutral
20,Male,Undergraduate,TikTok,5.9,0.9,Smartphone,6.0,1,True,Always,11.0,76,3.32,Beneficial
19,Female,Undergraduate,YouTube,6.0,2.5,Smartphone,5.7,1,True,Sometimes,13.0,73,3.29,Beneficial
20,Male,Undergraduate,Instagram,6.3,1.0,Smartphone,5.1,3,True,Always,17.0,64,3.45,Beneficial
17,Female,High School,Instagram,4.4,3.1,Smartphone,7.4,3,True,Rarely,11.0,84,4.0,Beneficial
17,Male,High School,TikTok,6.8,1.9,Smartphone,6.9,3,True,Frequently,20.0,76,3.55,Beneficial
19,Male,Undergraduate,Instagram,3.9,2.1,Tablet,6.9,3,True,Always,5.0,93,3.67,Beneficial
17,Female,High School,Snapchat,3.0,3.1,Laptop/PC,7.3,3,False,Never,8.0,86,4.0,Beneficial
18,Prefer not to say,Undergraduate,TikTok,4.1,2.4,Smartphone,6.6,2,True,Rarely,9.0,87,3.35,Beneficial
17,Male,High School,Instagram,1.7,1.9,Smartphone,8.5,4,False,Sometimes,7.0,88,4.0,Beneficial
20,Female,Undergraduate,TikTok,2.1,1.1,Laptop/PC,7.0,3,False,Rarely,10.0,94,3.39,Beneficial
21,Male,Undergraduate,Instagram,6.9,2.4,Smartphone,6.5,1,True,Frequently,18.0,67,3.22,Beneficial
22,Male,Postgraduate,Instagram,5.8,0.5,Smartphone,6.9,2,True,Frequently,20.0,84,2.75,Beneficial
18,Female,Undergraduate,Instagram,3.1,3.4,Smartphone,8.1,3,False,Sometimes,8.0,75,3.46,Beneficial
17,Non-Binary,High School,Instagram,2.6,2.2,Smartphone,8.5,4,True,Sometimes,13.0,97,4.0,Beneficial
21,Male,Undergraduate,TikTok,4.4,1.7,Smartphone,6.7,2,True,Never,10.0,89,3.19,Beneficial
17,Male,High School,TikTok,4.4,1.2,Smartphone,4.8,2,True,Frequently,18.0,76,3.31,Beneficial
22,Male,Postgraduate,Snapchat,2.8,1.5,Smartphone,7.3,4,False,Frequently,6.0,94,3.46,Beneficial
19,Male,Undergraduate,YouTube,6.5,2.4,Smartphone,7.5,3,False,Sometimes,24.0,56,3.73,Neutral
19,Male,Undergraduate,Instagram,12.4,1.7,Laptop/PC,4.4,1,True,Sometimes,32.0,53,2.83,Negative
21,Female,Undergraduate,Instagram,7.1,1.9,Smartphone,6.1,1,True,Sometimes,10.0,81,3.25,Beneficial
19,Female,Undergraduate,X (Twitter),8.0,1.7,Smartphone,5.0,1,True,Frequently,23.0,63,3.23,Neutral
24,Female,Postgraduate,TikTok,5.1,1.8,Smartphone,6.0,1,False,Sometimes,28.0,65,3.61,Neutral
16,Female,High School,YouTube,3.8,1.5,Smartphone,6.6,2,False,Frequently,9.0,97,3.48,Beneficial
19,Female,Undergraduate,Snapchat,7.1,2.1,Laptop/PC,5.8,2,True,Sometimes,15.0,74,3.0,Beneficial
17,Female,High School,TikTok,10.4,2.1,Smartphone,5.7,1,True,Frequently,18.0,70,2.64,Neutral
16,Female,High School,TikTok,3.8,2.2,Smartphone,8.4,5,True,Never,8.0,85,3.97,Beneficial
19,Male,Undergraduate,X (Twitter),3.9,2.1,Laptop/PC,6.8,3,False,Rarely,9.0,94,3.81,Beneficial
16,Male,High School,YouTube,6.8,0.6,Smartphone,8.3,2,True,Sometimes,15.0,74,3.61,Beneficial
19,Female,Undergraduate,X (Twitter),4.9,1.0,Smartphone,7.9,3,False,Always,11.0,85,3.42,Beneficial
20,Male,Undergraduate,YouTube,3.1,0.5,Smartphone,7.4,4,True,Sometimes,6.0,85,3.66,Beneficial
19,Female,Undergraduate,Instagram,4.0,2.3,Smartphone,6.9,2,True,Sometimes,20.0,84,3.67,Beneficial
16,Male,High School,TikTok,4.3,1.1,Smartphone,6.9,2,False,Frequently,9.0,89,3.45,Beneficial
17,Female,High School,YouTube,4.5,2.2,Laptop/PC,8.0,5,False,Frequently,16.0,91,3.66,Beneficial
16,Male,High School,YouTube,3.4,0.4,Smartphone,7.2,3,False,Frequently,3.0,93,4.0,Beneficial
19,Male,Undergraduate,TikTok,4.4,2.4,Laptop/PC,6.7,3,False,Sometimes,11.0,86,3.49,Beneficial
17,Female,High School,X (Twitter),6.4,2.0,Smartphone,6.9,3,True,Always,14.0,75,3.23,Beneficial
18,Male,Undergraduate,Instagram,11.3,1.7,Smartphone,5.3,1,True,Sometimes,27.0,57,2.74,Neutral
18,Male,Undergraduate,Instagram,5.4,2.1,Smartphone,6.2,3,True,Sometimes,13.0,82,3.52,Beneficial
18,Female,Undergraduate,Instagram,4.1,1.8,Smartphone,7.8,4,False,Always,6.0,82,3.86,Beneficial
19,Female,High School,Instagram,5.1,2.0,Smartphone,5.4,1,False,Always,25.0,67,3.05,Neutral
26,Male,Postgraduate,TikTok,7.9,2.9,Smartphone,6.3,1,True,Sometimes,13.0,64,3.26,Beneficial
22,Female,Postgraduate,Snapchat,4.1,2.1,Smartphone,5.9,2,False,Rarely,18.0,73,3.3,Beneficial
15,Male,High School,Snapchat,3.5,1.0,Smartphone,5.6,2,True,Always,16.0,86,3.22,Beneficial
15,Female,High School,Instagram,4.3,1.0,Smartphone,6.2,2,True,Frequently,16.0,71,3.36,Beneficial
17,Male,High School,TikTok,13.3,1.5,Laptop/PC,4.8,1,True,Frequently,31.0,53,2.27,Negative
21,Male,High School,TikTok,1.5,2.6,Smartphone,8.1,4,True,Rarely,6.0,97,4.0,Beneficial
19,Female,Undergraduate,Instagram,5.4,2.3,Laptop/PC,7.7,3,True,Sometimes,11.0,93,3.76,Beneficial
20,Female,Undergraduate,TikTok,7.2,2.0,Smartphone,5.5,1,True,Frequently,15.0,72,3.54,Beneficial
16,Male,High School,Instagram,4.4,1.6,Laptop/PC,6.9,4,True,Sometimes,7.0,96,3.72,Beneficial
18,Male,Undergraduate,Instagram,2.4,1.5,Smartphone,7.6,4,False,Frequently,5.0,96,3.7,Beneficial
18,Female,Undergraduate,Snapchat,5.3,1.7,Laptop/PC,5.7,3,True,Sometimes,12.0,74,3.12,Beneficial
22,Female,Undergraduate,X (Twitter),7.2,1.6,Smartphone,6.5,3,True,Frequently,14.0,85,3.31,Beneficial
16,Female,High School,Snapchat,14.0,0.1,Smartphone,4.5,1,True,Rarely,29.0,49,2.31,Negative
19,Female,Undergraduate,Instagram,6.4,2.4,Smartphone,5.9,1,True,Frequently,12.0,77,3.25,Beneficial
21,Male,Undergraduate,TikTok,3.4,1.1,Smartphone,6.0,2,False,Sometimes,10.0,86,3.6,Beneficial
19,Female,Undergraduate,Instagram,5.6,1.9,Smartphone,6.0,1,True,Never,5.0,80,3.51,Beneficial
15,Male,High School,Snapchat,3.9,2.6,Smartphone,8.1,3,False,Sometimes,9.0,98,4.0,Beneficial
19,Male,Undergraduate,Reddit,7.9,2.2,Smartphone,7.2,3,True,Always,13.0,78,3.67,Beneficial
18,Female,Undergraduate,TikTok,3.2,1.6,Smartphone,7.0,3,True,Rarely,12.0,88,4.0,Beneficial
21,Male,Undergraduate,YouTube,4.5,0.5,Smartphone,7.5,3,False,Rarely,8.0,76,3.72,Beneficial
20,Female,High School,Reddit,2.7,2.3,Smartphone,8.2,3,False,Always,7.0,98,3.87,Beneficial
18,Female,Undergraduate,TikTok,4.8,2.1,Smartphone,5.6,3,True,Never,6.0,78,3.53,Beneficial
17,Male,High School,X (Twitter),2.4,2.7,Smartphone,6.6,3,False,Always,8.0,91,4.0,Beneficial
18,Female,Undergraduate,Instagram,7.3,1.5,Smartphone,6.2,2,True,Sometimes,13.0,64,3.13,Beneficial
17,Female,High School,Snapchat,6.9,2.2,Smartphone,6.7,1,True,Frequently,19.0,83,3.02,Beneficial
16,Male,High School,X (Twitter),1.6,2.2,Smartphone,8.1,4,True,Frequently,1.0,98,4.0,Beneficial
21,Non-Binary,Undergraduate,Instagram,5.1,1.7,Laptop/PC,6.4,2,True,Rarely,21.0,77,3.49,Beneficial
16,Female,High School,YouTube,6.6,2.6,Smartphone,6.9,3,False,Sometimes,17.0,83,3.25,Beneficial
18,Female,Undergraduate,YouTube,4.3,0.0,Smartphone,6.0,3,True,Always,20.0,71,3.05,Neutral
18,Male,Undergraduate,YouTube,2.0,2.6,Smartphone,8.5,2,False,Sometimes,7.0,97,4.0,Beneficial
17,Male,High School,TikTok,4.0,1.4,Laptop/PC,6.0,3,True,Sometimes,18.0,81,3.32,Beneficial
18,Female,Undergraduate,YouTube,4.2,0.0,Smartphone,7.3,3,True,Rarely,14.0,85,3.89,Beneficial
18,Female,Undergraduate,Snapchat,3.8,1.3,Smartphone,5.9,3,True,Sometimes,23.0,72,3.53,Beneficial
19,Male,Undergraduate,Instagram,3.2,1.1,Smartphone,7.7,4,False,Never,13.0,89,3.83,Beneficial
16,Female,High School,Instagram,4.7,1.6,Smartphone,6.7,2,False,Frequently,13.0,83,3.16,Beneficial
20,Female,Undergraduate,LinkedIn,9.1,1.4,Smartphone,5.6,1,False,Frequently,21.0,68,3.05,Neutral
16,Male,High School,Snapchat,10.6,2.2,Smartphone,4.1,1,False,Sometimes,21.0,66,3.24,Neutral
23,Female,Undergraduate,Instagram,13.4,2.5,Smartphone,3.7,1,True,Never,28.0,49,3.05,Neutral
18,Male,Undergraduate,Instagram,6.3,0.0,Smartphone,7.7,3,True,Always,11.0,75,3.57,Beneficial
18,Male,Undergraduate,Snapchat,3.7,1.0,Smartphone,7.5,3,False,Sometimes,10.0,98,4.0,Beneficial
19,Male,Undergraduate,Instagram,1.9,1.6,Smartphone,7.2,4,False,Rarely,9.0,77,3.7,Beneficial
17,Female,High School,TikTok,10.9,1.6,Smartphone,4.2,1,False,Rarely,22.0,52,3.0,Neutral
19,Female,Undergraduate,Instagram,14.0,1.0,Smartphone,5.1,1,True,Always,19.0,57,2.77,Neutral
22,Female,Undergraduate,YouTube,8.0,2.5,Smartphone,6.5,1,True,Never,22.0,72,2.78,Neutral
20,Male,Undergraduate,Instagram,2.2,0.6,Laptop/PC,8.4,3,False,Rarely,0.0,98,4.0,Beneficial
15,Female,High School,TikTok,6.1,1.8,Smartphone,5.7,2,True,Sometimes,14.0,62,3.34,Beneficial
18,Female,Undergraduate,TikTok,2.9,1.5,Smartphone,7.9,4,False,Sometimes,5.0,98,4.0,Beneficial
20,Male,Undergraduate,Instagram,3.2,1.9,Smartphone,7.1,3,True,Rarely,4.0,88,3.77,Beneficial
15,Female,High School,Instagram,3.8,2.2,Smartphone,7.2,3,True,Rarely,11.0,83,3.35,Beneficial
20,Female,Undergraduate,TikTok,8.8,2.1,Smartphone,6.0,2,True,Frequently,12.0,59,3.19,Beneficial
20,Male,Undergraduate,Instagram,3.3,1.2,Smartphone,6.1,1,False,Frequently,9.0,84,3.71,Beneficial
18,Male,Undergraduate,Instagram,6.7,2.2,Smartphone,6.4,2,True,Sometimes,18.0,73,3.3,Beneficial
19,Female,Undergraduate,Snapchat,4.3,1.9,Smartphone,7.9,3,False,Always,13.0,87,4.0,Beneficial
26,Male,Postgraduate,Instagram,3.4,2.2,Smartphone,7.5,4,False,Sometimes,17.0,92,3.25,Beneficial
19,Male,Undergraduate,TikTok,4.1,1.2,Smartphone,6.6,3,False,Sometimes,16.0,82,3.13,Beneficial
19,Prefer not to say,Undergraduate,Reddit,7.3,0.9,Laptop/PC,5.0,1,True,Always,13.0,60,2.76,Neutral
17,Male,High School,TikTok,4.1,2.6,Laptop/PC,6.8,3,False,Frequently,15.0,88,3.43,Beneficial
18,Male,Undergraduate,TikTok,8.1,0.8,Smartphone,4.9,1,True,Rarely,22.0,71,3.31,Neutral
17,Non-Binary,High School,YouTube,9.6,2.6,Smartphone,4.2,1,True,Always,29.0,59,2.96,Neutral
16,Male,High School,YouTube,2.7,1.5,Smartphone,8.4,4,True,Rarely,8.0,96,3.62,Beneficial
21,Female,Undergraduate,Snapchat,5.3,1.4,Smartphone,6.8,2,True,Rarely,15.0,76,2.87,Beneficial
17,Female,High School,YouTube,3.5,2.9,Smartphone,7.0,3,False,Sometimes,14.0,86,3.42,Beneficial
18,Male,Undergraduate,Instagram,4.2,2.2,Laptop/PC,6.4,2,False,Sometimes,15.0,74,3.48,Beneficial
18,Male,Undergraduate,Instagram,2.3,1.2,Smartphone,7.7,4,True,Sometimes,7.0,97,3.44,Beneficial
23,Male,Postgraduate,Instagram,3.5,3.2,Smartphone,7.4,3,False,Frequently,14.0,91,3.56,Beneficial
18,Male,High School,Instagram,6.6,2.6,Smartphone,6.3,2,True,Frequently,12.0,81,3.7,Beneficial
23,Male,Undergraduate,TikTok,8.8,2.1,Smartphone,5.3,2,True,Sometimes,21.0,68,3.21,Neutral
18,Male,Undergraduate,Instagram,5.8,1.3,Smartphone,8.0,3,True,Frequently,14.0,90,3.27,Beneficial
18,Male,Undergraduate,Instagram,10.8,1.7,Smartphone,6.1,1,False,Frequently,18.0,68,2.85,Neutral
24,Male,Undergraduate,TikTok,1.2,1.7,Smartphone,8.4,4,True,Sometimes,7.0,96,4.0,Beneficial
19,Female,Undergraduate,TikTok,4.9,1.8,Smartphone,7.2,2,False,Frequently,9.0,78,3.56,Beneficial
15,Female,High School,Snapchat,2.8,1.0,Smartphone,7.6,4,False,Always,9.0,91,3.52,Beneficial
15,Female,High School,TikTok,4.5,2.9,Smartphone,8.1,3,False,Frequently,12.0,98,3.55,Beneficial
18,Female,Undergraduate,Instagram,2.9,1.1,Smartphone,8.0,3,False,Always,9.0,89,3.94,Beneficial
20,Male,Undergraduate,YouTube,4.3,1.0,Tablet,8.0,3,False,Frequently,11.0,98,3.34,Beneficial
23,Male,Postgraduate,X (Twitter),4.3,0.8,Laptop/PC,7.0,3,True,Sometimes,7.0,85,3.94,Beneficial
19,Male,Undergraduate,X (Twitter),3.5,1.2,Smartphone,7.1,3,True,Sometimes,5.0,93,3.9,Beneficial
20,Male,Undergraduate,Instagram,3.8,1.9,Smartphone,6.4,2,True,Rarely,13.0,78,3.31,Beneficial
19,Male,High School,YouTube,4.1,0.5,Smartphone,6.7,3,False,Frequently,5.0,81,3.76,Beneficial
16,Male,High School,X (Twitter),4.9,1.3,Smartphone,6.2,1,True,Frequently,18.0,79,3.53,Beneficial
19,Male,Undergraduate,Snapchat,4.2,1.4,Smartphone,7.5,3,True,Sometimes,13.0,81,3.8,Beneficial
17,Male,High School,YouTube,4.3,3.2,Laptop/PC,7.8,3,True,Frequently,13.0,92,3.94,Beneficial
16,Non-Binary,High School,Snapchat,3.2,1.9,Smartphone,7.3,3,True,Frequently,14.0,83,4.0,Beneficial
18,Female,Undergraduate,Snapchat,3.8,0.7,Smartphone,5.8,2,True,Never,20.0,76,3.5,Beneficial
17,Male,High School,YouTube,2.5,0.8,Smartphone,10.0,5,False,Frequently,4.0,98,4.0,Beneficial
20,Male,Undergraduate,X (Twitter),7.9,2.7,Smartphone,6.9,3,True,Never,17.0,67,3.23,Beneficial
18,Female,Undergraduate,TikTok,4.8,2.1,Smartphone,6.0,3,True,Sometimes,4.0,87,3.32,Beneficial
17,Male,High School,Instagram,1.3,1.5,Smartphone,8.1,4,True,Sometimes,16.0,95,3.7,Beneficial
22,Female,Postgraduate,Instagram,7.2,2.2,Smartphone,5.2,1,True,Rarely,18.0,68,3.6,Beneficial
18,Female,High School,TikTok,3.9,2.4,Smartphone,5.6,2,True,Always,11.0,93,3.42,Beneficial
21,Male,Undergraduate,YouTube,4.3,2.8,Laptop/PC,7.1,3,False,Always,20.0,86,3.37,Beneficial
19,Male,Undergraduate,YouTube,4.1,2.3,Smartphone,7.5,4,True,Sometimes,7.0,90,3.39,Beneficial
19,Female,Undergraduate,Instagram,7.6,1.7,Smartphone,4.9,2,False,Frequently,13.0,69,2.82,Beneficial
20,Male,Undergraduate,Reddit,4.5,3.0,Smartphone,7.0,2,True,Rarely,14.0,84,3.78,Beneficial
20,Male,Undergraduate,Instagram,6.7,1.3,Smartphone,5.0,1,True,Sometimes,20.0,67,3.29,Neutral
18,Prefer not to say,Undergraduate,TikTok,14.0,1.0,Smartphone,4.1,1,True,Sometimes,27.0,45,2.91,Negative
20,Female,Undergraduate,Reddit,4.8,0.7,Smartphone,5.8,2,False,Rarely,14.0,71,3.23,Beneficial
19,Female,Undergraduate,YouTube,6.3,2.2,Tablet,5.5,2,True,Frequently,14.0,79,3.24,Beneficial
18,Male,Undergraduate,YouTube,10.7,2.4,Smartphone,4.5,1,False,Sometimes,25.0,43,2.74,Negative
20,Female,Undergraduate,YouTube,3.6,2.0,Smartphone,7.1,3,False,Frequently,14.0,85,3.79,Beneficial
19,Female,Undergraduate,Instagram,2.1,1.7,Smartphone,8.2,4,True,Frequently,4.0,98,3.46,Beneficial
23,Female,Undergraduate,TikTok,6.0,1.3,Smartphone,7.4,3,True,Rarely,16.0,84,3.89,Beneficial
19,Female,Undergraduate,TikTok,14.0,0.7,Smartphone,3.1,1,True,Sometimes,25.0,49,2.34,Negative
20,Male,Undergraduate,Instagram,1.4,1.9,Smartphone,8.5,4,True,Frequently,10.0,98,4.0,Beneficial
15,Male,High School,YouTube,2.8,2.1,Laptop/PC,5.9,2,False,Frequently,15.0,82,3.69,Beneficial
15,Female,High School,Reddit,5.7,0.9,Laptop/PC,6.8,2,True,Frequently,6.0,70,3.23,Beneficial
18,Male,Undergraduate,Instagram,5.4,0.7,Smartphone,6.8,3,True,Frequently,11.0,84,3.02,Beneficial
17,Male,High School,Instagram,11.5,3.3,Smartphone,5.8,1,True,Always,23.0,66,2.85,Neutral
17,Female,High School,TikTok,4.7,1.7,Smartphone,8.6,3,False,Frequently,12.0,91,3.33,Beneficial
17,Female,High School,YouTube,8.9,0.8,Smartphone,5.8,1,False,Always,16.0,71,3.28,Beneficial
17,Female,High School,Reddit,5.5,1.6,Smartphone,6.0,2,True,Sometimes,11.0,74,3.57,Beneficial
19,Male,Undergraduate,Snapchat,3.4,1.0,Smartphone,7.0,2,True,Frequently,12.0,95,3.43,Beneficial
17,Male,High School,Instagram,2.9,3.1,Smartphone,6.6,4,False,Sometimes,4.0,83,4.0,Beneficial
18,Female,Undergraduate,Snapchat,2.3,2.7,Smartphone,8.0,5,False,Sometimes,7.0,93,3.88,Beneficial
18,Male,High School,Snapchat,5.4,2.2,Smartphone,5.8,2,True,Never,18.0,77,3.45,Beneficial
19,Female,High School,Instagram,9.4,1.1,Smartphone,6.4,2,False,Sometimes,22.0,73,2.87,Neutral
21,Male,Undergraduate,Snapchat,6.7,1.4,Smartphone,6.6,2,False,Sometimes,21.0,83,3.58,Beneficial
16,Female,High School,Instagram,3.7,1.7,Smartphone,7.5,3,False,Sometimes,10.0,96,3.27,Beneficial
24,Male,Postgraduate,LinkedIn,3.2,2.3,Smartphone,7.0,3,True,Sometimes,11.0,86,3.59,Beneficial
19,Female,Undergraduate,YouTube,4.8,1.9,Smartphone,6.0,2,False,Sometimes,16.0,82,3.54,Beneficial
19,Male,Undergraduate,TikTok,7.4,0.9,Smartphone,6.8,3,True,Rarely,17.0,74,2.59,Neutral
19,Female,Undergraduate,Instagram,3.4,1.3,Laptop/PC,7.8,3,True,Frequently,16.0,77,3.66,Beneficial
19,Female,Undergraduate,Snapchat,3.7,1.4,Smartphone,7.5,3,False,Frequently,9.0,82,3.56,Beneficial
18,Male,High School,TikTok,4.0,2.4,Tablet,6.7,3,True,Frequently,9.0,98,3.48,Beneficial
16,Male,High School,TikTok,3.4,1.5,Smartphone,7.8,3,True,Frequently,15.0,98,3.95,Beneficial
16,Non-Binary,High School,TikTok,3.6,1.0,Smartphone,6.4,3,False,Sometimes,19.0,86,3.69,Beneficial
17,Male,High School,TikTok,3.7,2.0,Smartphone,6.6,1,False,Always,5.0,79,3.57,Beneficial
16,Female,High School,TikTok,3.4,0.8,Smartphone,6.1,2,False,Never,14.0,86,3.78,Beneficial
16,Female,High School,Instagram,5.7,1.6,Smartphone,6.6,2,True,Sometimes,4.0,91,3.39,Beneficial
16,Female,High School,TikTok,6.8,1.2,Smartphone,4.6,1,True,Sometimes,16.0,79,3.13,Beneficial
16,Male,High School,TikTok,5.9,1.8,Laptop/PC,6.3,1,True,Sometimes,16.0,66,3.36,Beneficial
18,Male,Undergraduate,Instagram,3.0,1.8,Smartphone,8.8,4,True,Never,9.0,94,4.0,Beneficial
17,Male,High School,TikTok,8.6,2.0,Laptop/PC,6.3,2,True,Sometimes,21.0,61,3.25,Neutral
20,Female,Undergraduate,TikTok,4.0,1.1,Laptop/PC,7.3,3,False,Frequently,5.0,83,3.63,Beneficial
15,Male,High School,Instagram,3.2,1.4,Laptop/PC,7.2,2,False,Rarely,14.0,96,3.51,Beneficial
22,Male,Postgraduate,Instagram,5.7,1.5,Smartphone,6.6,2,True,Never,13.0,84,3.55,Beneficial
16,Male,High School,YouTube,7.6,2.3,Tablet,6.1,2,True,Sometimes,16.0,82,3.13,Beneficial
19,Female,Undergraduate,YouTube,7.3,2.5,Smartphone,6.0,2,True,Frequently,13.0,72,3.2,Beneficial
18,Female,Undergraduate,TikTok,8.3,1.3,Smartphone,6.4,2,True,Sometimes,23.0,61,2.81,Neutral
20,Male,Undergraduate,Instagram,8.0,1.7,Smartphone,5.0,2,True,Frequently,18.0,66,2.75,Neutral
17,Male,High School,TikTok,3.8,2.3,Smartphone,8.6,2,False,Rarely,10.0,81,3.3,Beneficial
19,Female,Undergraduate,Instagram,4.8,2.8,Smartphone,5.9,3,True,Sometimes,10.0,76,2.95,Beneficial
15,Female,High School,YouTube,3.4,0.7,Smartphone,6.8,1,False,Frequently,9.0,89,3.46,Beneficial
22,Male,Undergraduate,YouTube,5.6,2.4,Laptop/PC,4.8,2,True,Sometimes,18.0,73,3.46,Beneficial
19,Female,Undergraduate,TikTok,3.6,2.4,Smartphone,8.2,4,False,Frequently,14.0,83,3.6,Beneficial
17,Male,High School,YouTube,7.7,2.7,Smartphone,6.0,1,True,Sometimes,10.0,68,2.98,Beneficial
22,Female,Postgraduate,TikTok,8.6,2.3,Laptop/PC,4.5,1,True,Sometimes,26.0,57,3.46,Neutral
17,Non-Binary,High School,Instagram,7.5,1.7,Smartphone,6.5,2,True,Frequently,13.0,75,3.17,Beneficial
16,Male,High School,YouTube,2.5,1.9,Smartphone,7.1,4,False,Sometimes,8.0,88,3.31,Beneficial
20,Female,Undergraduate,YouTube,2.4,2.6,Smartphone,8.1,3,True,Frequently,8.0,92,3.82,Beneficial
18,Male,Undergraduate,Instagram,3.3,1.8,Smartphone,8.0,3,False,Sometimes,12.0,94,3.05,Beneficial
21,Male,Undergraduate,TikTok,2.4,2.2,Smartphone,7.2,3,True,Always,8.0,89,3.89,Beneficial
21,Female,Undergraduate,TikTok,13.1,0.9,Smartphone,3.0,1,True,Frequently,33.0,37,2.92,Negative
26,Male,Postgraduate,TikTok,3.6,2.9,Smartphone,8.7,4,False,Sometimes,0.0,98,4.0,Beneficial
19,Male,Undergraduate,Instagram,5.1,2.1,Smartphone,6.6,2,True,Rarely,16.0,85,3.56,Beneficial
18,Male,Undergraduate,Instagram,2.7,1.8,Smartphone,8.1,4,False,Sometimes,4.0,88,3.85,Beneficial
17,Female,High School,TikTok,3.5,2.5,Laptop/PC,6.3,3,False,Rarely,14.0,78,3.32,Beneficial
19,Female,Undergraduate,Instagram,7.5,1.7,Smartphone,6.6,2,True,Frequently,10.0,65,2.98,Beneficial
18,Male,Undergraduate,Instagram,2.1,1.4,Smartphone,7.5,4,False,Sometimes,6.0,94,3.97,Beneficial
21,Female,Undergraduate,Instagram,6.4,1.4,Smartphone,7.8,2,True,Sometimes,15.0,86,2.93,Beneficial
17,Male,High School,Instagram,6.9,1.5,Laptop/PC,5.5,1,True,Always,27.0,66,2.92,Neutral
22,Female,Postgraduate,Snapchat,7.3,1.8,Smartphone,5.4,1,False,Sometimes,19.0,72,3.4,Beneficial
18,Female,Undergraduate,Instagram,2.3,2.1,Smartphone,9.1,4,False,Sometimes,7.0,98,3.68,Beneficial
24,Male,Postgraduate,LinkedIn,4.4,2.8,Tablet,6.6,2,False,Frequently,9.0,75,3.48,Beneficial
17,Male,High School,TikTok,3.7,1.7,Smartphone,7.6,3,False,Rarely,13.0,86,4.0,Beneficial
18,Male,Undergraduate,Instagram,3.5,2.8,Smartphone,7.9,4,True,Sometimes,8.0,83,3.63,Beneficial
18,Female,Undergraduate,TikTok,5.6,2.0,Laptop/PC,6.2,2,True,Frequently,16.0,80,3.34,Beneficial
21,Prefer not to say,Undergraduate,Instagram,6.5,2.2,Laptop/PC,7.2,3,False,Never,19.0,61,3.42,Neutral
20,Female,Undergraduate,Snapchat,5.5,2.1,Smartphone,5.7,3,True,Sometimes,20.0,78,3.46,Beneficial
21,Female,Undergraduate,Snapchat,3.3,2.4,Smartphone,6.3,3,True,Sometimes,8.0,78,3.72,Beneficial
15,Female,High School,YouTube,7.1,1.2,Smartphone,7.1,3,True,Sometimes,20.0,69,3.08,Neutral
19,Male,Undergraduate,TikTok,8.3,3.0,Smartphone,7.0,2,True,Rarely,18.0,71,3.32,Beneficial
17,Female,High School,Instagram,5.5,0.8,Smartphone,7.7,1,False,Sometimes,4.0,89,3.46,Beneficial
20,Male,Undergraduate,LinkedIn,4.6,1.1,Smartphone,7.8,3,True,Always,7.0,89,3.37,Beneficial
19,Female,Undergraduate,Instagram,2.7,1.5,Tablet,7.3,3,False,Rarely,17.0,84,3.92,Beneficial
19,Female,Undergraduate,X (Twitter),2.3,1.0,Smartphone,7.4,3,False,Sometimes,7.0,98,4.0,Beneficial
17,Male,High School,Snapchat,4.9,1.5,Smartphone,7.7,4,False,Sometimes,18.0,84,3.52,Beneficial
17,Female,High School,Instagram,3.3,2.1,Smartphone,7.4,4,False,Always,11.0,79,3.44,Beneficial
18,Male,Undergraduate,YouTube,6.5,1.0,Smartphone,5.3,2,False,Frequently,20.0,68,3.14,Neutral
21,Female,Undergraduate,X (Twitter),4.6,2.0,Smartphone,5.9,3,True,Sometimes,10.0,78,3.4,Beneficial
16,Male,High School,YouTube,6.0,2.0,Smartphone,5.0,1,True,Sometimes,19.0,80,3.12,Beneficial
19,Female,Undergraduate,Instagram,5.7,0.8,Smartphone,9.3,3,False,Rarely,14.0,92,4.0,Beneficial
17,Male,High School,YouTube,4.3,2.3,Smartphone,7.2,3,True,Frequently,14.0,92,3.62,Beneficial
21,Male,High School,TikTok,3.7,1.2,Smartphone,7.3,2,True,Always,11.0,85,3.81,Beneficial
20,Female,Undergraduate,Snapchat,2.9,2.1,Smartphone,6.1,4,False,Frequently,18.0,82,3.07,Beneficial
20,Male,Undergraduate,YouTube,4.6,2.2,Smartphone,7.3,3,False,Always,15.0,82,3.76,Beneficial
17,Female,High School,Reddit,4.9,0.8,Smartphone,6.7,3,False,Sometimes,23.0,82,3.19,Beneficial
20,Male,Undergraduate,TikTok,4.2,3.1,Smartphone,6.2,2,False,Sometimes,14.0,89,3.18,Beneficial
20,Male,Undergraduate,TikTok,3.9,2.1,Smartphone,6.4,2,False,Frequently,11.0,87,2.82,Beneficial
15,Male,High School,Instagram,4.6,2.6,Laptop/PC,6.4,3,True,Sometimes,15.0,78,3.66,Beneficial
19,Male,Undergraduate,Reddit,6.6,2.8,Smartphone,6.8,3,True,Sometimes,14.0,81,3.08,Beneficial
19,Female,Undergraduate,YouTube,7.0,2.1,Laptop/PC,6.4,3,True,Frequently,11.0,72,3.49,Beneficial
17,Male,High School,Instagram,7.0,0.8,Smartphone,6.7,2,True,Frequently,21.0,68,3.55,Beneficial
16,Male,High School,YouTube,2.1,3.3,Smartphone,7.1,2,False,Never,0.0,98,4.0,Beneficial
17,Non-Binary,High School,Reddit,8.9,0.9,Smartphone,5.8,1,False,Always,15.0,72,3.17,Beneficial
18,Female,Undergraduate,TikTok,3.3,1.8,Smartphone,9.0,3,False,Sometimes,15.0,95,3.37,Beneficial
20,Female,Undergraduate,YouTube,2.6,2.0,Smartphone,8.7,4,True,Sometimes,5.0,94,3.72,Beneficial
17,Male,High School,YouTube,3.8,1.5,Smartphone,6.8,3,False,Frequently,11.0,78,3.84,Beneficial
20,Male,Undergraduate,TikTok,7.5,1.7,Laptop/PC,5.4,1,True,Always,18.0,69,2.89,Neutral
18,Male,Undergraduate,Instagram,5.0,0.4,Smartphone,7.1,2,False,Rarely,2.0,80,4.0,Beneficial
18,Male,Undergraduate,YouTube,5.8,1.6,Smartphone,6.9,2,True,Sometimes,13.0,83,3.39,Beneficial
20,Male,Undergraduate,TikTok,14.0,1.8,Smartphone,3.7,1,True,Sometimes,35.0,51,2.69,Negative
19,Male,Undergraduate,YouTube,4.0,1.7,Smartphone,6.5,3,False,Sometimes,11.0,79,3.28,Beneficial
18,Female,Undergraduate,X (Twitter),4.0,2.6,Smartphone,7.4,4,False,Frequently,15.0,83,3.12,Beneficial
19,Male,Undergraduate,YouTube,3.7,1.8,Laptop/PC,6.8,4,False,Sometimes,13.0,89,3.73,Beneficial
17,Female,High School,Instagram,11.1,1.3,Smartphone,3.2,1,False,Rarely,29.0,46,2.91,Negative
18,Female,Undergraduate,YouTube,3.2,2.1,Smartphone,8.7,3,False,Sometimes,4.0,98,3.87,Beneficial
21,Female,Undergraduate,Instagram,4.3,0.0,Smartphone,9.2,2,False,Rarely,4.0,98,3.83,Beneficial
16,Non-Binary,High School,Instagram,2.5,0.8,Smartphone,7.2,2,True,Rarely,13.0,89,3.41,Beneficial
19,Female,Undergraduate,Instagram,8.3,1.7,Smartphone,5.7,3,True,Frequently,13.0,68,2.94,Beneficial
15,Female,High School,Reddit,4.3,1.8,Smartphone,7.4,2,True,Frequently,11.0,87,3.63,Beneficial
18,Female,High School,Instagram,10.0,1.1,Smartphone,5.6,1,False,Frequently,24.0,51,3.09,Neutral
17,Female,High School,YouTube,3.2,2.6,Laptop/PC,8.9,4,True,Frequently,7.0,98,4.0,Beneficial
18,Male,Undergraduate,TikTok,8.7,2.8,Smartphone,6.4,1,True,Always,16.0,58,3.21,Neutral
20,Male,Undergraduate,TikTok,5.6,2.9,Smartphone,7.9,4,True,Sometimes,11.0,74,3.51,Beneficial
17,Female,High School,X (Twitter),2.6,3.0,Smartphone,7.0,3,False,Frequently,0.0,93,3.47,Beneficial
19,Male,Undergraduate,Instagram,3.3,1.8,Tablet,6.5,2,False,Sometimes,12.0,81,3.71,Beneficial
17,Male,High School,TikTok,4.1,2.1,Smartphone,5.9,3,True,Sometimes,15.0,86,3.56,Beneficial
21,Female,Undergraduate,X (Twitter),11.4,2.6,Smartphone,5.1,1,True,Frequently,23.0,61,2.73,Neutral
18,Female,Undergraduate,Instagram,5.9,0.8,Smartphone,5.8,1,True,Never,13.0,82,3.7,Beneficial
17,Male,High School,Instagram,4.9,1.2,Smartphone,7.0,2,True,Sometimes,12.0,95,3.31,Beneficial
18,Prefer not to say,Undergraduate,LinkedIn,4.9,2.4,Smartphone,7.6,3,False,Never,8.0,98,4.0,Beneficial
18,Male,Undergraduate,Instagram,4.4,1.5,Smartphone,8.3,3,False,Always,12.0,87,3.43,Beneficial
19,Male,Undergraduate,TikTok,5.8,1.3,Smartphone,6.1,2,False,Frequently,20.0,72,3.69,Beneficial
16,Female,High School,Instagram,3.7,1.7,Laptop/PC,7.7,2,False,Frequently,6.0,86,3.63,Beneficial
21,Male,Undergraduate,TikTok,2.0,0.7,Tablet,7.2,3,True,Sometimes,0.0,98,3.46,Beneficial
18,Female,Undergraduate,TikTok,6.4,2.0,Smartphone,6.4,1,False,Rarely,15.0,77,3.07,Beneficial
17,Female,High School,YouTube,4.2,1.8,Smartphone,6.5,3,False,Frequently,11.0,80,4.0,Beneficial
16,Non-Binary,High School,Instagram,9.8,1.9,Smartphone,4.8,1,True,Sometimes,17.0,60,3.02,Neutral
19,Male,Undergraduate,TikTok,5.0,1.9,Smartphone,6.1,2,True,Rarely,8.0,86,3.46,Beneficial
19,Male,Undergraduate,X (Twitter),1.3,2.9,Smartphone,8.2,5,True,Frequently,0.0,95,4.0,Beneficial
18,Female,High School,Instagram,5.3,1.9,Smartphone,8.1,3,True,Sometimes,12.0,80,3.88,Beneficial
16,Male,High School,X (Twitter),4.8,1.3,Smartphone,7.8,3,True,Frequently,10.0,91,3.8,Beneficial
18,Male,Undergraduate,TikTok,6.1,0.6,Smartphone,5.7,2,True,Frequently,8.0,84,3.47,Beneficial
20,Female,Undergraduate,Instagram,4.6,3.0,Smartphone,6.1,2,False,Sometimes,10.0,86,3.71,Beneficial
17,Female,High School,TikTok,4.0,1.7,Smartphone,8.1,3,True,Sometimes,15.0,82,3.46,Beneficial
18,Male,Undergraduate,Instagram,2.1,0.1,Smartphone,8.1,4,False,Rarely,8.0,98,4.0,Beneficial
19,Male,Undergraduate,Instagram,2.3,2.7,Smartphone,7.6,4,False,Always,9.0,86,3.62,Beneficial
16,Male,High School,TikTok,2.3,2.2,Smartphone,7.2,4,False,Sometimes,7.0,86,3.28,Beneficial
21,Female,Undergraduate,Instagram,6.8,1.7,Smartphone,7.6,2,True,Sometimes,15.0,78,3.62,Beneficial
17,Male,High School,Snapchat,4.6,0.8,Smartphone,7.7,3,True,Never,18.0,86,3.09,Beneficial
19,Male,Undergraduate,YouTube,5.0,2.4,Smartphone,6.2,1,True,Always,22.0,68,3.25,Neutral
19,Male,Undergraduate,YouTube,4.6,1.6,Smartphone,8.4,3,True,Sometimes,8.0,83,4.0,Beneficial
21,Female,Undergraduate,Reddit,2.9,1.1,Smartphone,6.7,3,True,Rarely,11.0,76,3.36,Beneficial
15,Female,High School,YouTube,4.4,0.9,Smartphone,6.6,3,False,Always,11.0,86,4.0,Beneficial
17,Female,High School,Snapchat,4.0,1.6,Smartphone,6.8,2,True,Rarely,16.0,80,3.73,Beneficial
20,Female,Undergraduate,TikTok,5.2,1.6,Smartphone,7.5,3,True,Sometimes,18.0,87,3.4,Beneficial
20,Female,Undergraduate,Instagram,5.1,1.4,Laptop/PC,6.3,3,False,Never,15.0,82,3.53,Beneficial
16,Male,High School,TikTok,2.3,1.3,Smartphone,9.1,4,False,Frequently,9.0,98,4.0,Beneficial
17,Male,High School,TikTok,4.7,1.3,Smartphone,6.1,2,False,Frequently,8.0,86,3.33,Beneficial
16,Male,High School,X (Twitter),4.3,0.6,Laptop/PC,7.0,3,False,Sometimes,10.0,81,3.06,Beneficial
17,Female,High School,Instagram,5.3,1.0,Smartphone,6.6,3,False,Frequently,11.0,80,3.02,Beneficial
17,Female,High School,Reddit,5.2,1.9,Smartphone,7.7,3,True,Never,9.0,89,3.84,Beneficial
19,Non-Binary,Undergraduate,TikTok,10.0,2.4,Smartphone,3.9,1,True,Frequently,30.0,47,3.35,Neutral
21,Male,Undergraduate,X (Twitter),2.9,2.1,Smartphone,7.2,3,True,Sometimes,9.0,86,3.92,Beneficial
21,Male,Undergraduate,Reddit,5.2,3.0,Laptop/PC,8.0,3,True,Sometimes,9.0,89,4.0,Beneficial
17,Male,High School,Snapchat,3.1,2.1,Laptop/PC,7.5,3,True,Rarely,9.0,96,3.02,Beneficial
20,Male,Undergraduate,TikTok,5.1,2.6,Smartphone,6.3,2,True,Rarely,11.0,82,3.59,Beneficial
17,Female,High School,Instagram,5.5,2.1,Smartphone,6.6,3,True,Frequently,8.0,77,3.43,Beneficial
18,Female,Undergraduate,TikTok,7.1,1.4,Smartphone,4.9,2,True,Never,17.0,60,3.74,Beneficial
17,Female,High School,TikTok,10.2,0.2,Smartphone,5.2,1,True,Sometimes,19.0,59,3.34,Neutral
17,Male,High School,YouTube,4.3,3.1,Smartphone,8.2,4,False,Rarely,12.0,91,3.71,Beneficial
19,Male,Undergraduate,Snapchat,3.8,1.2,Smartphone,7.1,3,False,Sometimes,10.0,81,2.96,Beneficial
21,Male,Undergraduate,TikTok,7.0,2.1,Smartphone,6.9,1,True,Rarely,17.0,68,3.73,Beneficial
15,Female,High School,Snapchat,6.6,1.1,Smartphone,5.3,2,True,Rarely,21.0,65,3.32,Neutral
18,Female,Undergraduate,TikTok,4.8,1.8,Smartphone,6.6,3,False,Frequently,12.0,79,3.22,Beneficial
18,Female,Undergraduate,YouTube,6.4,2.6,Smartphone,6.2,2,True,Frequently,23.0,74,2.65,Neutral
19,Female,Undergraduate,Instagram,4.6,3.4,Smartphone,7.7,3,False,Frequently,9.0,90,3.5,Beneficial
19,Male,Undergraduate,Instagram,9.9,2.0,Smartphone,3.9,1,True,Sometimes,30.0,48,3.1,Negative
21,Female,Undergraduate,Instagram,6.1,2.4,Smartphone,7.2,2,True,Frequently,15.0,71,3.8,Beneficial
21,Female,Undergraduate,YouTube,1.9,2.3,Smartphone,7.0,4,False,Frequently,11.0,88,3.72,Beneficial
18,Female,Undergraduate,Instagram,8.0,3.2,Smartphone,6.2,1,True,Rarely,20.0,76,3.25,Beneficial
18,Female,Undergraduate,YouTube,11.7,2.0,Laptop/PC,5.0,1,True,Frequently,34.0,45,2.38,Negative
18,Female,Undergraduate,Instagram,1.4,1.9,Smartphone,8.4,4,False,Frequently,0.0,96,4.0,Beneficial
18,Female,Undergraduate,TikTok,1.8,2.5,Laptop/PC,8.4,4,False,Always,7.0,88,4.0,Beneficial
18,Male,Undergraduate,Instagram,3.2,0.3,Smartphone,7.3,3,False,Sometimes,11.0,89,3.46,Beneficial
17,Female,High School,YouTube,8.2,2.5,Smartphone,5.3,1,True,Sometimes,19.0,66,3.16,Neutral
20,Male,Undergraduate,TikTok,7.1,1.8,Smartphone,6.6,2,True,Frequently,10.0,72,3.71,Beneficial
20,Non-Binary,High School,Instagram,9.2,2.5,Smartphone,5.7,2,False,Sometimes,20.0,78,2.38,Neutral
18,Female,Undergraduate,YouTube,6.8,0.8,Smartphone,6.7,3,True,Frequently,11.0,77,3.57,Beneficial
18,Male,High School,Snapchat,5.1,1.4,Smartphone,5.4,1,True,Frequently,22.0,73,3.29,Neutral
16,Female,High School,Instagram,5.6,3.4,Smartphone,5.9,2,True,Sometimes,16.0,76,3.13,Beneficial
24,Female,Undergraduate,Instagram,2.6,2.4,Smartphone,6.9,3,False,Frequently,6.0,97,3.73,Beneficial
19,Male,Undergraduate,YouTube,4.9,1.1,Smartphone,5.8,2,False,Frequently,11.0,76,2.93,Beneficial
15,Female,High School,Instagram,5.1,1.9,Smartphone,6.3,2,True,Sometimes,10.0,81,3.07,Beneficial
16,Female,High School,TikTok,6.0,2.0,Smartphone,4.8,1,True,Frequently,13.0,76,3.4,Beneficial
20,Female,Undergraduate,Instagram,7.7,0.9,Smartphone,6.1,1,False,Rarely,22.0,70,3.16,Neutral
19,Male,Undergraduate,YouTube,4.2,1.3,Smartphone,7.0,3,False,Frequently,13.0,84,3.9,Beneficial
20,Female,Undergraduate,Instagram,5.0,2.3,Laptop/PC,5.9,2,True,Rarely,18.0,71,3.47,Beneficial
18,Male,Undergraduate,Instagram,8.6,1.4,Smartphone,6.5,1,True,Sometimes,25.0,64,2.71,Neutral
20,Male,High School,Instagram,4.9,1.8,Smartphone,5.6,2,True,Frequently,16.0,78,3.62,Beneficial
19,Male,Undergraduate,YouTube,7.8,1.6,Smartphone,5.5,1,True,Frequently,24.0,69,2.86,Neutral
18,Female,Undergraduate,Instagram,4.0,1.9,Smartphone,7.5,3,True,Rarely,9.0,97,4.0,Beneficial
20,Male,Undergraduate,YouTube,10.0,1.4,Smartphone,6.9,2,True,Sometimes,21.0,80,3.11,Beneficial
18,Female,Undergraduate,Instagram,2.1,1.4,Laptop/PC,8.5,5,False,Frequently,3.0,93,4.0,Beneficial
21,Female,High School,TikTok,2.3,0.7,Smartphone,7.4,4,False,Sometimes,7.0,97,4.0,Beneficial
20,Female,Undergraduate,X (Twitter),8.7,2.0,Smartphone,6.9,2,True,Frequently,23.0,76,2.45,Neutral
21,Male,Undergraduate,Instagram,3.6,2.9,Laptop/PC,7.4,2,False,Frequently,8.0,81,3.49,Beneficial
19,Female,Undergraduate,X (Twitter),3.4,2.4,Laptop/PC,6.9,2,False,Frequently,6.0,85,3.94,Beneficial
21,Female,Undergraduate,YouTube,3.3,1.6,Smartphone,7.1,3,False,Sometimes,7.0,93,3.3,Beneficial
17,Male,High School,TikTok,2.4,1.0,Smartphone,8.6,4,True,Frequently,10.0,85,3.35,Beneficial
17,Male,High School,TikTok,5.5,2.0,Laptop/PC,7.3,3,True,Frequently,13.0,82,3.04,Beneficial
22,Female,Undergraduate,X (Twitter),2.5,1.4,Smartphone,7.8,3,True,Sometimes,12.0,88,3.87,Beneficial
18,Non-Binary,Undergraduate,Instagram,4.4,0.9,Smartphone,6.3,1,True,Frequently,9.0,86,4.0,Beneficial
15,Male,High School,YouTube,4.1,1.3,Smartphone,7.4,2,False,Sometimes,13.0,86,3.46,Beneficial
23,Female,Postgraduate,YouTube,6.8,1.9,Smartphone,6.2,2,True,Frequently,19.0,75,3.25,Beneficial
16,Female,High School,Instagram,9.2,1.2,Smartphone,5.1,1,True,Never,15.0,69,3.36,Beneficial
18,Non-Binary,Undergraduate,Instagram,14.0,2.7,Laptop/PC,5.0,1,True,Frequently,31.0,38,2.98,Negative
24,Female,Undergraduate,Instagram,8.2,1.3,Smartphone,5.9,2,True,Sometimes,14.0,77,3.3,Beneficial
18,Male,Undergraduate,YouTube,7.6,2.4,Smartphone,5.6,1,False,Frequently,15.0,73,3.3,Beneficial
21,Female,Undergraduate,TikTok,2.1,2.1,Smartphone,6.9,3,False,Sometimes,6.0,88,3.81,Beneficial
18,Male,Undergraduate,Instagram,3.0,2.3,Smartphone,8.2,4,False,Sometimes,9.0,87,3.57,Beneficial
19,Male,Undergraduate,Instagram,1.9,1.8,Smartphone,9.3,4,False,Sometimes,10.0,98,3.46,Beneficial
19,Male,Undergraduate,Instagram,8.3,1.3,Smartphone,6.7,2,True,Rarely,21.0,67,3.38,Neutral
24,Male,Postgraduate,Reddit,4.8,2.8,Smartphone,7.6,3,False,Sometimes,0.0,98,3.63,Beneficial
21,Male,Undergraduate,TikTok,2.3,2.1,Laptop/PC,8.9,4,True,Frequently,7.0,96,3.59,Beneficial
18,Male,Undergraduate,TikTok,6.5,1.5,Smartphone,5.7,2,False,Always,13.0,74,3.34,Beneficial
20,Male,Undergraduate,Snapchat,6.2,0.0,Smartphone,5.0,1,True,Always,23.0,72,2.9,Neutral
18,Male,Undergraduate,YouTube,5.9,1.1,Smartphone,7.9,2,True,Frequently,12.0,80,3.42,Beneficial
19,Female,Undergraduate,TikTok,5.1,1.0,Smartphone,6.9,3,True,Sometimes,13.0,75,3.76,Beneficial
22,Female,Undergraduate,TikTok,4.1,1.7,Smartphone,7.7,3,False,Always,2.0,98,3.14,Beneficial
15,Male,High School,Reddit,2.3,3.3,Laptop/PC,6.3,3,False,Rarely,11.0,82,3.94,Beneficial
23,Male,Postgraduate,TikTok,2.7,3.2,Smartphone,7.3,3,False,Sometimes,9.0,96,3.4,Beneficial
19,Female,Undergraduate,TikTok,3.7,2.6,Laptop/PC,7.5,2,False,Frequently,12.0,87,3.18,Beneficial
19,Male,Undergraduate,YouTube,4.2,2.8,Smartphone,6.9,3,False,Frequently,9.0,95,3.33,Beneficial
15,Male,High School,YouTube,1.8,1.9,Smartphone,7.4,3,False,Frequently,8.0,98,3.93,Beneficial
18,Male,Undergraduate,YouTube,4.0,0.9,Smartphone,8.6,4,True,Frequently,10.0,91,4.0,Beneficial
17,Male,High School,Instagram,2.3,2.3,Smartphone,5.0,1,True,Sometimes,14.0,79,3.75,Beneficial
19,Male,Undergraduate,Instagram,5.8,1.5,Laptop/PC,7.1,2,True,Frequently,15.0,73,3.53,Beneficial
18,Female,Undergraduate,Instagram,4.2,1.3,Smartphone,8.0,4,False,Rarely,8.0,87,3.53,Beneficial
18,Male,Undergraduate,Instagram,5.9,2.7,Tablet,7.1,3,True,Rarely,18.0,77,3.34,Beneficial
20,Female,Undergraduate,X (Twitter),2.7,1.9,Smartphone,7.7,3,True,Sometimes,7.0,92,3.35,Beneficial
18,Male,Undergraduate,Instagram,3.5,3.0,Smartphone,7.3,3,False,Frequently,6.0,88,3.41,Beneficial
19,Male,Undergraduate,TikTok,6.7,2.5,Smartphone,5.8,2,True,Rarely,17.0,68,3.22,Beneficial
19,Female,Undergraduate,YouTube,5.3,1.9,Tablet,7.5,3,False,Always,6.0,84,3.91,Beneficial
16,Female,High School,TikTok,9.3,0.3,Smartphone,6.4,1,True,Sometimes,23.0,63,2.94,Neutral
20,Male,Undergraduate,YouTube,4.4,1.6,Smartphone,6.2,2,True,Frequently,17.0,82,3.61,Beneficial
16,Female,High School,TikTok,6.1,1.4,Smartphone,6.7,3,True,Rarely,19.0,83,3.34,Beneficial
15,Female,High School,TikTok,8.7,2.7,Smartphone,6.9,2,True,Sometimes,15.0,81,3.06,Beneficial
22,Female,Undergraduate,LinkedIn,3.9,2.2,Laptop/PC,8.3,3,False,Sometimes,13.0,80,3.92,Beneficial
17,Non-Binary,High School,YouTube,12.5,3.3,Smartphone,4.7,1,True,Frequently,21.0,54,2.57,Neutral
22,Female,Postgraduate,TikTok,4.7,0.4,Smartphone,7.4,3,False,Sometimes,15.0,82,3.24,Beneficial
17,Male,High School,TikTok,8.9,1.4,Smartphone,5.3,1,True,Sometimes,26.0,76,2.93,Neutral
20,Male,Undergraduate,TikTok,4.2,2.3,Smartphone,6.2,3,False,Rarely,16.0,87,3.23,Beneficial
17,Male,High School,Instagram,3.1,2.7,Smartphone,8.3,3,False,Rarely,10.0,93,3.53,Beneficial
19,Male,Undergraduate,Snapchat,2.7,2.4,Smartphone,8.1,4,True,Rarely,7.0,96,3.9,Beneficial
17,Female,High School,TikTok,4.3,3.0,Smartphone,6.6,3,False,Never,7.0,96,3.81,Beneficial
23,Male,Postgraduate,Instagram,4.9,1.6,Smartphone,7.1,3,True,Always,9.0,82,3.19,Beneficial
17,Male,High School,Instagram,3.0,1.9,Smartphone,6.7,3,True,Frequently,15.0,83,3.96,Beneficial
17,Female,High School,Instagram,4.7,2.4,Smartphone,6.5,2,True,Frequently,22.0,67,3.13,Neutral
18,Female,Undergraduate,YouTube,4.0,3.3,Smartphone,6.9,3,False,Sometimes,7.0,92,3.91,Beneficial
18,Female,Undergraduate,X (Twitter),4.1,1.7,Smartphone,7.5,4,False,Never,0.0,98,3.86,Beneficial
20,Male,Undergraduate,Instagram,5.4,2.2,Smartphone,6.1,2,True,Rarely,14.0,77,3.51,Beneficial
19,Female,Undergraduate,Instagram,6.7,1.6,Smartphone,8.4,3,True,Always,19.0,77,3.14,Beneficial
20,Female,Undergraduate,Instagram,3.4,1.7,Smartphone,8.0,3,False,Frequently,14.0,87,3.65,Beneficial
19,Female,Undergraduate,Reddit,4.3,2.3,Smartphone,7.9,2,False,Frequently,9.0,85,3.41,Beneficial
19,Male,Undergraduate,Instagram,2.7,2.1,Smartphone,6.8,4,True,Frequently,7.0,86,3.84,Beneficial
17,Female,High School,YouTube,14.0,1.9,Smartphone,3.6,1,True,Always,36.0,34,2.49,Negative
20,Female,Undergraduate,TikTok,5.6,1.5,Tablet,5.9,1,False,Sometimes,14.0,85,3.38,Beneficial
21,Female,Undergraduate,YouTube,11.7,1.8,Smartphone,4.1,1,True,Never,30.0,60,2.67,Negative
16,Female,High School,TikTok,5.0,1.7,Smartphone,7.6,2,False,Sometimes,5.0,88,3.46,Beneficial
18,Female,Undergraduate,YouTube,5.1,1.1,Smartphone,6.6,2,False,Never,16.0,80,3.64,Beneficial
16,Male,High School,Instagram,2.9,1.4,Smartphone,7.5,3,False,Always,5.0,97,3.47,Beneficial
16,Female,High School,YouTube,5.4,1.6,Smartphone,7.9,3,True,Sometimes,11.0,82,3.34,Beneficial
19,Male,Undergraduate,YouTube,2.8,3.0,Smartphone,7.8,5,False,Sometimes,9.0,86,3.78,Beneficial
21,Male,Undergraduate,Instagram,7.1,2.0,Smartphone,6.4,1,True,Frequently,17.0,75,3.36,Beneficial
19,Non-Binary,Undergraduate,Instagram,9.8,1.8,Laptop/PC,5.9,2,False,Sometimes,25.0,71,2.73,Neutral
19,Female,Undergraduate,Snapchat,4.7,2.3,Smartphone,5.8,2,True,Frequently,13.0,90,3.51,Beneficial
21,Male,Undergraduate,Instagram,5.1,0.3,Smartphone,7.3,3,True,Frequently,15.0,82,3.24,Beneficial
20,Male,Undergraduate,TikTok,10.9,2.1,Smartphone,4.2,1,True,Sometimes,27.0,58,3.02,Neutral
20,Male,Undergraduate,TikTok,7.3,1.8,Smartphone,7.2,2,True,Always,10.0,85,3.62,Beneficial
22,Male,Postgraduate,TikTok,3.0,2.6,Laptop/PC,6.7,3,False,Never,8.0,84,3.56,Beneficial
18,Female,Undergraduate,Instagram,8.3,0.5,Smartphone,4.7,2,True,Always,18.0,70,3.03,Beneficial
18,Male,High School,YouTube,8.3,2.3,Tablet,5.0,1,False,Sometimes,13.0,62,3.09,Beneficial
19,Female,Undergraduate,YouTube,4.0,0.8,Smartphone,6.0,2,False,Rarely,14.0,77,3.16,Beneficial
20,Male,Undergraduate,YouTube,4.9,1.0,Smartphone,9.1,3,True,Always,18.0,92,3.56,Beneficial
18,Male,Undergraduate,TikTok,2.1,2.8,Smartphone,8.1,3,False,Frequently,4.0,98,3.6,Beneficial
21,Prefer not to say,Undergraduate,Instagram,2.3,1.5,Smartphone,8.2,3,False,Sometimes,0.0,98,4.0,Beneficial
17,Male,High School,Instagram,4.0,1.5,Smartphone,7.0,3,False,Frequently,20.0,76,3.51,Beneficial
18,Female,Undergraduate,Snapchat,11.0,1.2,Smartphone,5.6,1,True,Frequently,25.0,62,3.65,Neutral
18,Female,Undergraduate,Instagram,7.4,0.3,Smartphone,5.7,2,True,Frequently,16.0,80,3.14,Beneficial
20,Male,Undergraduate,Instagram,8.7,1.8,Smartphone,4.5,1,False,Sometimes,18.0,57,2.93,Neutral
18,Female,Undergraduate,Instagram,6.8,2.0,Smartphone,6.1,2,True,Sometimes,19.0,79,3.5,Beneficial
20,Female,Undergraduate,Instagram,2.3,2.1,Laptop/PC,7.5,3,True,Frequently,5.0,98,3.39,Beneficial
17,Female,High School,Instagram,4.9,2.0,Smartphone,6.2,2,True,Always,10.0,81,3.23,Beneficial
16,Female,High School,Instagram,6.3,1.5,Smartphone,4.7,2,True,Sometimes,24.0,57,2.52,Neutral
17,Male,High School,TikTok,2.9,0.9,Smartphone,7.5,3,True,Frequently,4.0,91,3.93,Beneficial
21,Male,Undergraduate,X (Twitter),5.3,3.4,Smartphone,6.8,2,False,Frequently,9.0,82,3.57,Beneficial
21,Female,Undergraduate,Instagram,5.6,1.3,Smartphone,5.7,1,True,Always,18.0,74,3.71,Beneficial
17,Male,High School,TikTok,2.7,1.5,Smartphone,8.2,4,False,Frequently,3.0,91,4.0,Beneficial
17,Male,High School,Reddit,5.2,1.1,Smartphone,5.9,3,True,Frequently,16.0,72,3.46,Beneficial
22,Female,Undergraduate,TikTok,2.7,1.8,Tablet,8.2,4,True,Sometimes,4.0,98,4.0,Beneficial
16,Female,High School,Instagram,2.9,1.2,Smartphone,8.6,3,True,Sometimes,11.0,84,3.52,Beneficial
23,Female,Postgraduate,YouTube,5.1,2.9,Laptop/PC,6.7,2,True,Frequently,19.0,87,3.62,Beneficial
18,Female,Undergraduate,Instagram,3.7,2.1,Smartphone,6.9,2,False,Frequently,12.0,73,3.55,Beneficial
18,Male,Undergraduate,TikTok,5.1,1.1,Smartphone,6.3,2,True,Never,11.0,79,2.95,Beneficial
18,Male,Undergraduate,TikTok,3.4,1.4,Smartphone,7.9,4,False,Rarely,6.0,85,3.96,Beneficial
21,Male,Undergraduate,Snapchat,14.0,0.0,Smartphone,3.1,1,True,Rarely,35.0,38,2.58,Negative
17,Female,High School,YouTube,5.1,1.6,Smartphone,6.0,2,True,Sometimes,18.0,78,3.68,Beneficial
18,Female,Undergraduate,Instagram,9.8,1.8,Tablet,5.9,1,True,Frequently,14.0,63,3.43,Beneficial
22,Male,Postgraduate,Snapchat,3.4,2.4,Smartphone,7.0,4,False,Sometimes,12.0,79,3.58,Beneficial
16,Male,High School,YouTube,8.5,1.6,Smartphone,5.1,2,True,Sometimes,22.0,71,3.09,Neutral
17,Female,High School,TikTok,4.2,1.8,Laptop/PC,6.6,3,True,Rarely,14.0,79,3.3,Beneficial
25,Female,Undergraduate,X (Twitter),1.9,3.7,Smartphone,7.0,3,True,Sometimes,8.0,81,3.75,Beneficial
21,Female,Undergraduate,Instagram,3.7,1.3,Smartphone,6.5,3,True,Frequently,12.0,73,3.2,Beneficial
20,Male,Undergraduate,Snapchat,5.7,1.5,Smartphone,5.3,1,True,Sometimes,12.0,72,3.14,Beneficial
15,Male,High School,TikTok,5.5,0.8,Smartphone,7.9,3,True,Sometimes,15.0,91,3.77,Beneficial
18,Female,Undergraduate,Snapchat,6.0,1.8,Smartphone,6.4,1,True,Sometimes,19.0,68,2.85,Neutral
17,Male,High School,Snapchat,4.7,1.3,Smartphone,6.1,2,False,Sometimes,9.0,87,4.0,Beneficial
18,Male,Undergraduate,X (Twitter),5.3,2.3,Smartphone,6.8,2,True,Rarely,11.0,86,3.22,Beneficial
17,Female,High School,Reddit,2.8,1.3,Smartphone,5.3,2,True,Never,9.0,71,4.0,Beneficial
18,Male,Undergraduate,YouTube,1.7,0.0,Smartphone,7.5,4,False,Sometimes,14.0,95,3.51,Beneficial
23,Male,Postgraduate,TikTok,5.4,1.3,Smartphone,6.3,2,True,Sometimes,5.0,85,3.44,Beneficial
16,Male,High School,YouTube,7.5,2.3,Smartphone,6.4,1,True,Frequently,22.0,66,3.34,Neutral
20,Female,Undergraduate,YouTube,10.4,2.0,Smartphone,4.1,1,True,Sometimes,32.0,53,2.53,Negative
19,Male,Undergraduate,YouTube,10.8,0.8,Smartphone,4.5,1,True,Frequently,32.0,41,3.46,Negative
17,Male,High School,TikTok,7.4,1.8,Smartphone,6.2,2,True,Frequently,20.0,73,2.74,Neutral
18,Male,Undergraduate,YouTube,10.5,2.0,Smartphone,5.8,1,True,Frequently,22.0,65,2.72,Neutral
20,Male,High School,YouTube,4.9,2.1,Smartphone,7.9,2,True,Sometimes,10.0,87,3.48,Beneficial
18,Male,High School,TikTok,10.7,1.9,Smartphone,3.7,1,False,Frequently,21.0,61,3.47,Neutral
18,Female,Undergraduate,Instagram,5.4,2.2,Smartphone,7.6,3,True,Never,15.0,83,3.32,Beneficial
20,Female,Undergraduate,TikTok,3.7,1.5,Smartphone,8.7,3,False,Rarely,7.0,86,3.76,Beneficial
23,Male,Postgraduate,Instagram,11.3,1.5,Smartphone,4.4,1,True,Rarely,30.0,56,2.59,Negative
17,Male,High School,TikTok,6.2,0.9,Smartphone,7.5,3,True,Always,17.0,76,3.25,Beneficial
18,Male,Undergraduate,Reddit,6.0,2.0,Smartphone,5.7,2,True,Frequently,17.0,72,3.45,Beneficial
16,Male,High School,TikTok,6.0,0.6,Smartphone,7.3,2,True,Frequently,15.0,77,3.46,Beneficial
15,Female,High School,TikTok,4.3,1.7,Smartphone,6.4,2,True,Frequently,12.0,82,2.87,Beneficial
18,Male,Undergraduate,TikTok,6.8,1.3,Laptop/PC,6.0,2,True,Frequently,17.0,62,2.89,Neutral
17,Female,High School,X (Twitter),3.2,1.8,Smartphone,7.7,3,True,Sometimes,13.0,87,3.88,Beneficial
19,Male,High School,Instagram,3.6,0.4,Smartphone,7.2,4,False,Frequently,14.0,92,3.88,Beneficial
18,Non-Binary,High School,TikTok,1.4,2.8,Smartphone,7.9,4,True,Sometimes,1.0,87,3.99,Beneficial
17,Female,High School,Snapchat,8.0,2.0,Smartphone,7.7,2,True,Sometimes,14.0,80,3.22,Beneficial
22,Male,Postgraduate,TikTok,8.1,2.7,Smartphone,6.0,2,True,Sometimes,16.0,76,3.2,Beneficial
20,Male,Undergraduate,Reddit,3.2,1.7,Smartphone,5.9,1,True,Sometimes,7.0,84,3.46,Beneficial
21,Female,Undergraduate,TikTok,2.6,1.8,Smartphone,6.5,3,False,Never,13.0,92,3.75,Beneficial
17,Male,High School,Instagram,6.2,2.0,Laptop/PC,7.5,1,True,Sometimes,2.0,75,3.88,Beneficial
20,Male,High School,TikTok,4.9,2.5,Smartphone,7.3,3,False,Never,17.0,73,3.65,Beneficial
23,Female,Undergraduate,Reddit,6.4,1.6,Laptop/PC,4.8,1,True,Sometimes,9.0,75,3.13,Beneficial
23,Male,Postgraduate,TikTok,3.1,1.3,Laptop/PC,6.6,3,True,Sometimes,18.0,89,3.29,Beneficial
19,Female,Undergraduate,Snapchat,4.6,1.5,Smartphone,7.9,4,False,Frequently,4.0,84,3.48,Beneficial
19,Male,Undergraduate,TikTok,2.9,1.1,Smartphone,7.7,4,True,Frequently,8.0,94,3.73,Beneficial
17,Male,High School,X (Twitter),4.1,1.2,Smartphone,7.1,3,True,Frequently,6.0,93,3.75,Beneficial
17,Male,High School,TikTok,5.6,3.6,Laptop/PC,7.9,3,True,Sometimes,11.0,78,3.33,Beneficial
21,Female,Undergraduate,X (Twitter),4.3,1.1,Smartphone,7.3,4,False,Never,12.0,84,3.32,Beneficial
21,Non-Binary,Undergraduate,Instagram,4.6,1.5,Laptop/PC,8.3,4,False,Sometimes,9.0,89,4.0,Beneficial
17,Female,High School,Instagram,3.7,0.8,Tablet,7.9,4,False,Sometimes,6.0,96,3.38,Beneficial
19,Female,Undergraduate,Instagram,2.4,1.3,Smartphone,6.5,3,True,Sometimes,1.0,91,3.8,Beneficial
19,Male,Undergraduate,TikTok,2.8,0.8,Smartphone,6.4,2,False,Always,14.0,98,3.51,Beneficial
20,Female,Undergraduate,TikTok,2.6,2.3,Smartphone,7.5,5,True,Rarely,14.0,90,3.73,Beneficial
22,Male,Undergraduate,Instagram,6.5,2.8,Smartphone,6.6,3,False,Rarely,20.0,80,3.34,Beneficial
20,Female,Undergraduate,Snapchat,5.6,2.2,Laptop/PC,6.5,2,True,Frequently,12.0,84,3.69,Beneficial
20,Female,Undergraduate,Snapchat,3.7,1.2,Smartphone,8.4,3,True,Frequently,0.0,92,3.74,Beneficial
20,Male,Undergraduate,TikTok,2.5,0.9,Smartphone,6.0,1,False,Sometimes,11.0,87,3.48,Beneficial
18,Female,Undergraduate,YouTube,2.4,2.4,Laptop/PC,8.4,4,True,Rarely,8.0,90,3.57,Beneficial
20,Male,Undergraduate,Snapchat,9.9,2.3,Smartphone,6.6,2,True,Frequently,25.0,72,3.07,Neutral
20,Female,Undergraduate,TikTok,3.1,3.2,Smartphone,7.7,4,True,Frequently,8.0,92,3.43,Beneficial
19,Female,Undergraduate,TikTok,2.8,2.4,Smartphone,7.1,4,False,Frequently,8.0,90,4.0,Beneficial
20,Female,Undergraduate,Instagram,4.6,0.9,Laptop/PC,7.7,2,False,Frequently,8.0,93,3.78,Beneficial
17,Male,High School,Instagram,6.4,1.9,Laptop/PC,7.9,3,True,Frequently,18.0,88,3.12,Beneficial
19,Non-Binary,Undergraduate,Snapchat,5.6,2.3,Smartphone,7.1,3,False,Sometimes,11.0,80,3.49,Beneficial
16,Male,High School,Instagram,5.2,2.4,Smartphone,7.1,3,True,Always,16.0,84,3.27,Beneficial
18,Female,Undergraduate,X (Twitter),4.3,2.5,Smartphone,7.8,3,True,Frequently,17.0,88,3.15,Beneficial
19,Male,High School,Instagram,4.4,1.0,Laptop/PC,8.0,4,False,Rarely,15.0,91,3.06,Beneficial
17,Female,High School,Instagram,5.1,1.4,Smartphone,6.2,2,True,Sometimes,18.0,75,3.51,Beneficial
17,Female,High School,TikTok,5.7,1.5,Smartphone,6.0,2,False,Sometimes,12.0,81,3.75,Beneficial
19,Female,Undergraduate,Instagram,4.3,0.7,Smartphone,7.6,3,False,Frequently,10.0,88,3.94,Beneficial
25,Male,Postgraduate,Instagram,3.8,2.2,Tablet,7.1,2,True,Never,14.0,80,4.0,Beneficial
18,Male,Undergraduate,Instagram,4.0,1.1,Smartphone,7.6,3,True,Frequently,13.0,84,3.74,Beneficial
22,Male,Postgraduate,Instagram,2.9,1.8,Smartphone,7.4,3,False,Sometimes,5.0,85,3.85,Beneficial
20,Male,Undergraduate,YouTube,4.3,2.2,Smartphone,6.8,3,False,Rarely,4.0,85,3.59,Beneficial
20,Male,Undergraduate,Instagram,9.2,3.2,Smartphone,6.4,2,False,Always,21.0,65,2.72,Neutral
17,Male,High School,Instagram,5.9,2.0,Laptop/PC,6.4,2,True,Always,22.0,67,3.19,Neutral
18,Female,Undergraduate,Instagram,2.1,1.9,Tablet,7.1,3,False,Sometimes,4.0,84,3.98,Beneficial
25,Male,Postgraduate,TikTok,2.3,1.7,Smartphone,7.4,3,False,Never,12.0,90,3.58,Beneficial
16,Female,High School,Instagram,14.0,0.9,Tablet,4.6,1,True,Never,35.0,39,1.9,Negative
20,Female,Undergraduate,YouTube,2.9,2.1,Smartphone,7.2,4,True,Frequently,7.0,82,3.9,Beneficial
17,Female,High School,LinkedIn,6.0,2.7,Smartphone,6.8,2,True,Frequently,15.0,76,2.82,Beneficial
19,Male,Undergraduate,TikTok,10.7,1.0,Smartphone,4.5,1,True,Sometimes,23.0,62,3.18,Neutral
20,Male,Undergraduate,Instagram,4.6,1.8,Smartphone,7.0,3,False,Rarely,9.0,87,3.42,Beneficial
25,Male,Postgraduate,Instagram,3.5,2.7,Smartphone,6.3,3,True,Sometimes,10.0,85,3.54,Beneficial
21,Prefer not to say,Undergraduate,Instagram,3.0,1.8,Smartphone,7.8,3,True,Rarely,4.0,93,3.51,Beneficial
16,Female,High School,Instagram,5.3,1.4,Smartphone,5.3,1,False,Sometimes,12.0,65,3.56,Beneficial
20,Female,Undergraduate,Reddit,8.1,0.6,Smartphone,6.7,2,True,Frequently,16.0,82,3.22,Beneficial
18,Male,Undergraduate,Snapchat,3.8,1.4,Smartphone,7.5,2,False,Rarely,1.0,94,3.97,Beneficial
16,Female,High School,Instagram,6.6,2.0,Smartphone,6.5,1,True,Rarely,18.0,83,3.38,Beneficial
16,Female,High School,YouTube,3.0,0.2,Smartphone,6.6,2,True,Sometimes,4.0,93,4.0,Beneficial
19,Female,Undergraduate,Snapchat,4.3,0.8,Laptop/PC,8.1,3,False,Rarely,4.0,88,3.67,Beneficial
18,Female,High School,TikTok,4.4,1.4,Smartphone,7.5,4,True,Frequently,11.0,92,3.37,Beneficial
17,Male,High School,TikTok,3.4,1.6,Smartphone,7.0,4,False,Sometimes,7.0,83,3.93,Beneficial
19,Female,Undergraduate,Instagram,3.1,2.3,Smartphone,7.0,2,False,Rarely,13.0,93,3.56,Beneficial
19,Prefer not to say,Undergraduate,Instagram,2.5,1.6,Smartphone,6.9,3,True,Sometimes,18.0,87,3.73,Beneficial
17,Male,High School,TikTok,5.0,2.1,Smartphone,6.5,1,True,Always,8.0,87,4.0,Beneficial
24,Male,Postgraduate,YouTube,7.1,3.0,Smartphone,6.8,1,True,Rarely,15.0,67,3.18,Beneficial
17,Female,High School,TikTok,6.2,1.4,Smartphone,6.5,2,True,Sometimes,25.0,71,3.23,Neutral
17,Female,High School,YouTube,5.8,1.6,Smartphone,7.9,3,True,Frequently,10.0,85,3.21,Beneficial
16,Male,High School,TikTok,4.6,2.7,Smartphone,7.1,4,True,Rarely,17.0,94,3.46,Beneficial
18,Male,Undergraduate,Instagram,5.0,1.5,Smartphone,7.5,2,False,Frequently,17.0,82,3.73,Beneficial
16,Male,High School,TikTok,2.9,1.4,Smartphone,7.2,4,False,Sometimes,9.0,98,3.71,Beneficial
15,Female,High School,YouTube,3.2,3.3,Smartphone,9.8,5,True,Sometimes,12.0,96,3.27,Beneficial
22,Female,Postgraduate,Snapchat,12.4,0.2,Smartphone,5.7,1,True,Rarely,18.0,59,2.78,Neutral
18,Male,Undergraduate,Instagram,7.7,1.7,Smartphone,5.4,2,True,Rarely,17.0,62,3.07,Neutral
17,Female,High School,Snapchat,4.7,1.6,Smartphone,6.1,2,True,Sometimes,16.0,81,3.55,Beneficial
19,Male,Undergraduate,Snapchat,4.4,2.2,Smartphone,7.3,3,True,Never,14.0,82,3.71,Beneficial
19,Male,Undergraduate,Snapchat,7.8,1.8,Smartphone,4.6,1,True,Rarely,19.0,73,3.44,Beneficial
20,Female,High School,X (Twitter),4.3,2.3,Smartphone,6.8,4,False,Sometimes,13.0,87,2.89,Beneficial
20,Male,Undergraduate,Instagram,6.5,0.6,Smartphone,7.1,2,True,Frequently,12.0,71,3.23,Beneficial
21,Male,Undergraduate,Instagram,3.1,1.5,Tablet,6.3,3,True,Sometimes,8.0,91,3.54,Beneficial
18,Female,Undergraduate,Instagram,8.5,1.7,Smartphone,5.4,1,True,Rarely,19.0,73,2.71,Neutral
20,Female,Undergraduate,Instagram,5.6,1.7,Smartphone,6.5,2,True,Sometimes,11.0,77,3.69,Beneficial
17,Male,High School,Instagram,5.4,2.1,Smartphone,6.7,1,True,Always,9.0,82,3.4,Beneficial
17,Female,High School,TikTok,5.6,2.2,Smartphone,7.7,4,True,Frequently,19.0,83,3.3,Beneficial
18,Male,Undergraduate,TikTok,6.0,2.6,Smartphone,7.4,3,True,Sometimes,16.0,76,3.24,Beneficial
17,Male,High School,TikTok,4.0,2.8,Smartphone,7.4,3,True,Always,12.0,82,3.68,Beneficial
19,Female,Undergraduate,TikTok,3.2,2.5,Smartphone,8.4,4,True,Sometimes,9.0,87,4.0,Beneficial
20,Male,Undergraduate,YouTube,4.9,1.2,Smartphone,6.1,2,False,Sometimes,13.0,75,3.37,Beneficial
17,Female,High School,X (Twitter),11.8,0.5,Smartphone,4.5,1,True,Sometimes,24.0,58,3.26,Neutral
19,Male,High School,TikTok,3.6,1.8,Smartphone,5.4,2,False,Sometimes,21.0,75,2.9,Neutral
20,Male,Undergraduate,YouTube,7.8,1.2,Smartphone,6.3,1,True,Never,15.0,74,3.14,Beneficial
17,Male,High School,Reddit,4.0,1.9,Smartphone,7.1,4,False,Sometimes,11.0,80,3.36,Beneficial
16,Male,High School,YouTube,6.9,2.8,Smartphone,6.2,2,True,Rarely,12.0,78,3.67,Beneficial
22,Female,Postgraduate,Instagram,2.7,2.6,Smartphone,8.8,4,True,Always,6.0,98,3.85,Beneficial
19,Male,Undergraduate,Instagram,3.5,1.8,Smartphone,8.0,4,False,Rarely,13.0,86,3.82,Beneficial
18,Female,High School,TikTok,4.9,2.0,Smartphone,7.2,3,False,Frequently,8.0,83,2.98,Beneficial
15,Female,High School,TikTok,6.1,1.7,Smartphone,6.4,2,False,Sometimes,14.0,67,3.62,Beneficial
18,Male,High School,LinkedIn,3.0,1.5,Smartphone,6.7,3,False,Sometimes,17.0,82,3.23,Beneficial
19,Female,Undergraduate,TikTok,3.1,1.4,Smartphone,7.4,2,False,Frequently,8.0,94,4.0,Beneficial
18,Male,Undergraduate,TikTok,8.3,2.2,Smartphone,4.5,2,False,Frequently,18.0,65,2.75,Neutral
19,Male,Undergraduate,TikTok,6.1,1.2,Smartphone,6.7,3,True,Always,11.0,84,3.74,Beneficial
20,Female,Undergraduate,Instagram,7.3,1.7,Smartphone,4.2,1,True,Sometimes,19.0,64,2.91,Neutral
18,Female,Undergraduate,TikTok,8.7,3.1,Smartphone,4.6,1,True,Frequently,30.0,55,3.14,Neutral
25,Female,Undergraduate,YouTube,2.8,2.7,Smartphone,7.8,4,False,Always,2.0,93,3.77,Beneficial
17,Male,High School,X (Twitter),4.9,1.6,Smartphone,5.8,3,True,Always,16.0,72,3.77,Beneficial
18,Female,Undergraduate,TikTok,3.1,2.5,Smartphone,7.9,3,False,Frequently,15.0,89,3.47,Beneficial
24,Female,Postgraduate,YouTube,2.8,1.1,Smartphone,7.7,4,False,Sometimes,10.0,94,3.55,Beneficial
18,Male,Undergraduate,Snapchat,5.6,2.3,Smartphone,7.4,2,False,Sometimes,18.0,85,4.0,Beneficial
20,Male,High School,X (Twitter),3.5,2.6,Smartphone,6.0,2,False,Frequently,15.0,70,3.79,Beneficial
19,Female,Undergraduate,X (Twitter),2.5,2.6,Smartphone,7.6,4,True,Never,11.0,96,3.69,Beneficial
18,Male,Undergraduate,LinkedIn,6.5,1.0,Smartphone,6.0,2,True,Rarely,12.0,75,3.08,Beneficial
21,Male,Undergraduate,Instagram,2.7,1.5,Smartphone,7.2,4,False,Sometimes,3.0,98,3.63,Beneficial
18,Female,Undergraduate,TikTok,5.6,0.0,Smartphone,7.5,2,True,Always,9.0,94,3.55,Beneficial
18,Prefer not to say,Undergraduate,TikTok,3.1,2.1,Smartphone,8.3,4,False,Frequently,12.0,95,4.0,Beneficial
19,Female,Undergraduate,LinkedIn,5.8,1.2,Smartphone,6.3,2,True,Sometimes,20.0,67,3.24,Neutral
18,Male,Undergraduate,YouTube,2.9,1.4,Smartphone,9.2,3,True,Rarely,2.0,85,3.71,Beneficial
20,Female,Undergraduate,Instagram,3.4,2.6,Laptop/PC,6.3,3,False,Rarely,8.0,72,3.52,Beneficial
15,Male,High School,TikTok,2.5,1.8,Smartphone,6.8,3,False,Sometimes,6.0,83,4.0,Beneficial
20,Male,Undergraduate,YouTube,5.7,0.9,Smartphone,5.7,3,True,Frequently,19.0,80,3.15,Beneficial
19,Male,Undergraduate,TikTok,3.1,2.0,Smartphone,7.4,3,True,Always,17.0,92,3.8,Beneficial
17,Female,High School,Snapchat,3.3,2.3,Smartphone,6.8,3,False,Always,12.0,95,3.7,Beneficial
18,Female,Undergraduate,Instagram,5.0,1.1,Laptop/PC,7.4,3,False,Sometimes,13.0,73,3.31,Beneficial
18,Male,Undergraduate,TikTok,4.6,1.1,Smartphone,7.2,2,False,Frequently,11.0,83,3.38,Beneficial
19,Female,Undergraduate,Snapchat,7.6,1.7,Smartphone,7.4,3,True,Sometimes,21.0,72,2.72,Neutral
18,Male,Undergraduate,YouTube,12.8,3.0,Smartphone,6.1,1,True,Sometimes,16.0,56,3.05,Neutral
19,Male,Undergraduate,TikTok,2.7,1.9,Smartphone,9.0,5,False,Rarely,7.0,98,4.0,Beneficial
16,Female,High School,X (Twitter),4.7,1.7,Smartphone,8.1,3,False,Rarely,18.0,93,3.8,Beneficial
19,Female,Undergraduate,TikTok,4.7,1.2,Laptop/PC,6.8,3,False,Sometimes,13.0,81,3.34,Beneficial
18,Female,Undergraduate,YouTube,3.9,1.1,Tablet,7.8,3,True,Sometimes,9.0,94,3.85,Beneficial
19,Male,Undergraduate,Instagram,4.5,2.3,Smartphone,6.6,2,True,Rarely,24.0,77,3.58,Beneficial
20,Female,Undergraduate,Instagram,6.8,1.7,Smartphone,5.0,2,False,Sometimes,16.0,68,3.16,Beneficial
20,Female,Undergraduate,Instagram,6.3,2.2,Smartphone,7.1,2,True,Sometimes,14.0,80,3.67,Beneficial
19,Male,Undergraduate,Reddit,1.8,1.5,Smartphone,7.4,3,False,Sometimes,8.0,98,4.0,Beneficial
18,Female,Undergraduate,YouTube,2.5,2.6,Laptop/PC,8.9,4,True,Sometimes,8.0,98,3.81,Beneficial
18,Female,Undergraduate,TikTok,9.5,2.2,Smartphone,4.2,1,True,Sometimes,12.0,60,3.32,Beneficial
18,Female,Undergraduate,Instagram,2.2,1.7,Smartphone,6.5,3,True,Frequently,6.0,93,4.0,Beneficial
22,Female,Undergraduate,Instagram,7.9,2.7,Laptop/PC,5.1,1,True,Sometimes,23.0,55,3.41,Neutral
17,Female,High School,X (Twitter),4.4,1.4,Smartphone,7.4,2,False,Sometimes,8.0,98,3.59,Beneficial
21,Female,Undergraduate,TikTok,2.5,2.5,Smartphone,8.6,5,True,Always,0.0,98,3.77,Beneficial
18,Female,Undergraduate,TikTok,7.8,1.7,Smartphone,5.3,1,True,Always,23.0,68,3.65,Neutral
20,Female,Undergraduate,YouTube,14.0,1.0,Smartphone,4.3,1,True,Sometimes,27.0,52,2.21,Negative
17,Female,High School,TikTok,6.8,1.6,Smartphone,6.4,2,False,Rarely,15.0,67,2.71,Neutral
18,Male,Undergraduate,Instagram,7.1,2.3,Smartphone,6.1,1,True,Sometimes,20.0,73,3.46,Neutral
21,Female,High School,TikTok,4.3,1.7,Smartphone,7.4,3,True,Sometimes,10.0,94,3.84,Beneficial
18,Male,Undergraduate,TikTok,5.4,1.8,Tablet,7.0,2,False,Sometimes,16.0,73,3.46,Beneficial
16,Non-Binary,High School,YouTube,3.8,2.6,Smartphone,5.5,2,False,Frequently,8.0,90,3.97,Beneficial
15,Female,High School,Instagram,4.2,2.6,Smartphone,5.5,2,True,Sometimes,17.0,68,3.57,Beneficial
20,Female,Undergraduate,Instagram,2.3,3.5,Smartphone,7.9,4,False,Never,3.0,98,4.0,Beneficial
18,Male,Undergraduate,Instagram,3.9,1.0,Smartphone,6.1,2,False,Always,8.0,77,4.0,Beneficial
21,Male,Undergraduate,Instagram,6.0,0.7,Smartphone,7.0,3,True,Sometimes,9.0,80,3.44,Beneficial
18,Non-Binary,Undergraduate,Instagram,3.9,2.5,Smartphone,8.5,4,True,Rarely,6.0,82,3.48,Beneficial
20,Male,Undergraduate,TikTok,4.0,1.3,Smartphone,7.3,3,True,Sometimes,8.0,85,3.64,Beneficial
18,Male,High School,TikTok,2.6,1.8,Smartphone,6.1,2,False,Sometimes,16.0,85,3.56,Beneficial
19,Female,Undergraduate,Instagram,7.0,2.3,Smartphone,6.3,3,True,Sometimes,13.0,60,3.48,Beneficial
21,Male,Undergraduate,Instagram,3.5,1.6,Smartphone,9.3,4,False,Sometimes,13.0,96,3.87,Beneficial
15,Female,High School,TikTok,4.9,1.3,Laptop/PC,6.5,2,False,Rarely,14.0,73,3.34,Beneficial
17,Female,High School,Instagram,2.1,2.2,Smartphone,7.9,3,True,Always,3.0,98,4.0,Beneficial
15,Female,High School,TikTok,3.6,2.7,Smartphone,9.0,4,False,Frequently,6.0,98,3.65,Beneficial
20,Non-Binary,Undergraduate,Reddit,5.1,1.6,Smartphone,5.4,1,True,Frequently,16.0,82,4.0,Beneficial
21,Female,Undergraduate,Instagram,4.0,1.7,Smartphone,7.8,3,True,Rarely,13.0,84,3.2,Beneficial
16,Male,High School,YouTube,5.8,3.3,Smartphone,7.1,1,False,Sometimes,13.0,78,3.1,Beneficial
26,Male,Undergraduate,TikTok,2.5,2.3,Smartphone,7.0,4,False,Always,4.0,95,3.84,Beneficial
19,Female,Undergraduate,Instagram,2.2,2.3,Smartphone,5.8,3,True,Sometimes,8.0,90,3.78,Beneficial
20,Female,Undergraduate,TikTok,6.0,1.3,Smartphone,7.3,2,True,Frequently,8.0,93,3.58,Beneficial
18,Male,High School,Instagram,13.2,1.7,Smartphone,4.1,1,True,Rarely,30.0,50,3.16,Neutral
17,Female,High School,Instagram,5.3,1.6,Smartphone,7.4,2,True,Frequently,10.0,81,3.25,Beneficial
19,Female,Undergraduate,Snapchat,3.7,2.9,Smartphone,8.0,3,False,Sometimes,4.0,86,3.61,Beneficial
17,Female,High School,Instagram,2.3,1.1,Smartphone,8.0,4,False,Frequently,14.0,97,3.42,Beneficial
18,Male,High School,TikTok,4.6,1.6,Smartphone,7.8,3,False,Sometimes,16.0,85,4.0,Beneficial
18,Male,Undergraduate,TikTok,3.6,3.0,Smartphone,7.4,3,False,Frequently,13.0,92,3.57,Beneficial
18,Female,Undergraduate,Instagram,9.2,2.2,Laptop/PC,5.5,1,True,Rarely,23.0,62,2.97,Neutral
17,Female,High School,Instagram,5.8,3.6,Smartphone,5.9,1,True,Rarely,9.0,83,3.84,Beneficial
17,Female,High School,LinkedIn,5.1,2.0,Smartphone,5.4,1,True,Frequently,18.0,70,3.31,Beneficial
20,Female,Undergraduate,Reddit,7.9,1.1,Smartphone,5.3,1,True,Sometimes,24.0,61,2.94,Neutral
19,Male,Undergraduate,TikTok,5.4,2.6,Smartphone,5.4,3,True,Rarely,19.0,79,3.81,Beneficial
21,Male,Undergraduate,Instagram,5.8,2.6,Smartphone,6.8,2,False,Rarely,13.0,85,3.22,Beneficial
21,Male,Undergraduate,TikTok,9.9,0.6,Smartphone,4.4,1,True,Frequently,30.0,49,2.97,Negative
19,Male,Undergraduate,TikTok,6.0,1.5,Laptop/PC,5.0,1,True,Sometimes,18.0,66,3.22,Beneficial
15,Male,High School,TikTok,7.4,3.1,Smartphone,5.9,1,True,Frequently,25.0,56,3.04,Neutral
20,Male,Undergraduate,Instagram,10.4,2.1,Smartphone,3.8,1,True,Rarely,27.0,47,2.39,Negative
22,Female,Postgraduate,Snapchat,5.3,1.9,Smartphone,6.4,3,False,Frequently,11.0,74,3.72,Beneficial
17,Male,High School,Instagram,6.4,1.1,Smartphone,5.6,1,True,Sometimes,19.0,81,2.55,Neutral
18,Male,High School,X (Twitter),6.6,1.7,Smartphone,6.7,2,True,Sometimes,16.0,72,3.47,Beneficial
17,Male,High School,TikTok,4.9,1.6,Smartphone,6.7,2,False,Sometimes,18.0,80,3.07,Beneficial
15,Male,High School,TikTok,4.9,1.4,Smartphone,7.3,2,True,Rarely,13.0,84,3.87,Beneficial
16,Female,High School,TikTok,8.4,1.8,Smartphone,6.8,2,True,Frequently,18.0,63,2.91,Neutral
18,Male,High School,Instagram,4.3,1.9,Smartphone,7.9,3,False,Rarely,12.0,91,3.34,Beneficial
18,Female,Undergraduate,Reddit,10.9,0.9,Smartphone,4.7,1,True,Sometimes,22.0,67,2.93,Neutral
17,Male,High School,YouTube,7.1,0.4,Smartphone,5.9,1,True,Always,16.0,80,3.23,Beneficial
15,Male,High School,X (Twitter),8.4,1.7,Smartphone,5.4,1,True,Always,14.0,74,3.0,Beneficial
16,Female,High School,Snapchat,4.4,1.3,Smartphone,6.8,3,False,Frequently,6.0,93,3.56,Beneficial
15,Female,High School,Reddit,1.2,2.0,Smartphone,8.8,4,False,Sometimes,15.0,94,3.99,Beneficial
18,Female,Undergraduate,Snapchat,8.0,1.6,Smartphone,6.7,2,True,Frequently,16.0,60,3.24,Neutral
18,Female,Undergraduate,Instagram,3.5,1.4,Smartphone,8.8,3,True,Always,13.0,94,3.66,Beneficial
18,Non-Binary,High School,TikTok,4.9,0.9,Smartphone,7.1,3,False,Rarely,8.0,80,4.0,Beneficial
19,Male,Undergraduate,Instagram,6.3,1.3,Smartphone,4.7,2,True,Always,17.0,75,3.46,Beneficial
21,Male,Undergraduate,YouTube,5.1,2.1,Smartphone,8.9,3,True,Frequently,16.0,90,3.87,Beneficial
17,Female,High School,TikTok,8.7,2.0,Smartphone,4.8,1,True,Frequently,19.0,69,3.59,Beneficial
17,Female,High School,Instagram,2.3,1.5,Smartphone,6.8,3,False,Rarely,21.0,81,3.56,Beneficial
16,Female,High School,YouTube,14.0,1.6,Smartphone,3.7,1,True,Sometimes,35.0,32,2.5,Negative
15,Male,High School,Instagram,12.6,0.9,Smartphone,6.9,1,True,Frequently,18.0,54,2.57,Neutral
16,Female,High School,Instagram,2.9,1.3,Smartphone,7.7,3,False,Sometimes,8.0,91,4.0,Beneficial
20,Male,Undergraduate,YouTube,4.2,1.5,Smartphone,7.1,2,True,Frequently,15.0,87,3.69,Beneficial
17,Female,High School,TikTok,5.8,2.6,Laptop/PC,6.8,3,True,Never,12.0,85,3.48,Beneficial
19,Female,Undergraduate,YouTube,4.6,2.0,Smartphone,4.3,1,True,Sometimes,14.0,68,3.34,Beneficial
17,Female,High School,TikTok,2.8,2.1,Smartphone,7.2,3,True,Rarely,5.0,98,3.48,Beneficial
18,Prefer not to say,Undergraduate,Snapchat,7.9,2.5,Smartphone,4.6,1,True,Frequently,12.0,55,2.76,Neutral
19,Male,Undergraduate,Snapchat,11.2,1.5,Smartphone,5.2,1,True,Frequently,24.0,44,3.08,Neutral
19,Male,Undergraduate,TikTok,2.2,0.8,Laptop/PC,7.4,4,True,Frequently,8.0,98,3.92,Beneficial
17,Male,High School,TikTok,7.3,2.0,Laptop/PC,5.9,1,True,Sometimes,26.0,74,3.46,Neutral
20,Male,Undergraduate,YouTube,7.8,1.5,Smartphone,5.2,1,True,Always,18.0,71,2.96,Neutral
16,Female,High School,TikTok,9.0,0.6,Smartphone,5.0,1,True,Always,19.0,62,3.46,Neutral
18,Female,Undergraduate,Instagram,5.0,0.6,Laptop/PC,8.6,4,False,Always,4.0,98,3.51,Beneficial
17,Female,High School,TikTok,10.8,0.6,Smartphone,5.6,1,True,Rarely,14.0,71,3.04,Beneficial
18,Female,Undergraduate,Instagram,4.0,2.2,Smartphone,6.5,2,False,Frequently,7.0,85,3.35,Beneficial
17,Female,High School,Instagram,7.8,2.4,Smartphone,5.0,2,True,Sometimes,18.0,73,2.81,Neutral
19,Female,Undergraduate,Snapchat,10.4,0.7,Smartphone,4.3,1,True,Sometimes,21.0,55,2.71,Neutral
20,Female,Undergraduate,Snapchat,8.5,2.5,Smartphone,4.3,1,True,Sometimes,17.0,63,3.15,Neutral
22,Female,Postgraduate,Instagram,4.1,0.6,Smartphone,8.4,3,True,Never,8.0,92,3.45,Beneficial
15,Female,High School,Snapchat,11.7,1.5,Laptop/PC,5.6,1,True,Frequently,24.0,58,2.81,Neutral
17,Male,High School,Instagram,6.2,3.5,Laptop/PC,5.4,1,True,Frequently,23.0,69,2.93,Neutral
18,Male,Undergraduate,TikTok,2.4,2.7,Smartphone,8.4,5,True,Frequently,1.0,98,3.63,Beneficial
18,Female,Undergraduate,TikTok,4.7,1.8,Smartphone,7.6,3,False,Sometimes,17.0,83,3.23,Beneficial
18,Female,Undergraduate,Snapchat,3.3,1.3,Smartphone,9.0,5,True,Sometimes,12.0,86,3.93,Beneficial
17,Male,High School,YouTube,2.9,1.2,Tablet,7.3,3,True,Rarely,9.0,86,3.72,Beneficial
18,Female,Undergraduate,TikTok,8.6,2.1,Smartphone,5.1,1,True,Sometimes,17.0,72,2.45,Neutral
21,Female,Undergraduate,Instagram,2.6,1.7,Smartphone,6.6,2,False,Never,11.0,81,3.38,Beneficial
19,Prefer not to say,Undergraduate,Instagram,13.6,2.4,Laptop/PC,4.6,1,True,Always,28.0,44,2.31,Negative
16,Male,High School,YouTube,5.1,1.4,Smartphone,6.5,2,True,Frequently,7.0,80,3.4,Beneficial
20,Female,Undergraduate,Instagram,2.0,3.1,Smartphone,6.7,3,True,Always,2.0,82,3.46,Beneficial
20,Female,Undergraduate,X (Twitter),4.6,4.1,Smartphone,8.1,3,False,Sometimes,5.0,88,3.4,Beneficial
17,Female,High School,Instagram,4.3,1.6,Smartphone,7.2,2,False,Sometimes,17.0,88,3.32,Beneficial
20,Female,Undergraduate,Instagram,12.6,1.8,Smartphone,4.3,1,False,Always,20.0,45,2.58,Neutral
22,Female,Postgraduate,TikTok,5.8,1.1,Smartphone,5.7,3,True,Rarely,18.0,78,3.34,Beneficial
19,Female,Undergraduate,Instagram,2.0,0.8,Smartphone,7.9,3,True,Frequently,2.0,89,3.46,Beneficial
21,Male,Undergraduate,TikTok,2.3,2.7,Smartphone,5.9,1,True,Frequently,14.0,83,3.46,Beneficial
22,Male,Undergraduate,YouTube,6.9,0.5,Tablet,5.5,2,True,Rarely,22.0,67,3.2,Neutral
17,Female,High School,Reddit,4.0,1.6,Smartphone,6.6,2,True,Sometimes,6.0,83,3.59,Beneficial
19,Non-Binary,Undergraduate,Instagram,4.5,2.1,Smartphone,8.2,4,False,Sometimes,12.0,71,3.71,Beneficial
18,Female,Undergraduate,Instagram,5.0,2.3,Smartphone,5.9,3,True,Rarely,16.0,67,3.52,Beneficial
25,Male,Undergraduate,Instagram,2.5,1.9,Laptop/PC,8.6,4,False,Always,7.0,94,3.48,Beneficial
20,Female,Undergraduate,YouTube,2.5,1.2,Smartphone,7.4,3,False,Sometimes,6.0,78,3.78,Beneficial
17,Male,High School,Instagram,2.7,1.9,Smartphone,6.5,3,False,Frequently,10.0,81,4.0,Beneficial
17,Female,High School,Instagram,7.2,2.6,Smartphone,6.2,2,True,Sometimes,20.0,66,3.1,Neutral
17,Female,High School,Reddit,3.9,2.1,Laptop/PC,7.7,3,True,Frequently,10.0,95,3.67,Beneficial
15,Female,High School,YouTube,4.3,2.7,Smartphone,7.9,4,False,Always,8.0,98,3.32,Beneficial
20,Male,Undergraduate,Instagram,4.9,2.5,Smartphone,7.0,3,True,Always,9.0,88,3.48,Beneficial
21,Non-Binary,Undergraduate,Instagram,2.5,1.9,Laptop/PC,7.0,4,True,Always,8.0,85,3.94,Beneficial
19,Female,Undergraduate,YouTube,4.9,3.3,Smartphone,5.9,3,True,Frequently,13.0,81,3.8,Beneficial
20,Female,Undergraduate,YouTube,4.4,1.1,Tablet,6.5,3,False,Always,17.0,77,3.02,Beneficial
18,Male,Undergraduate,X (Twitter),8.9,2.0,Smartphone,5.1,1,True,Rarely,17.0,57,3.05,Neutral
18,Female,Undergraduate,YouTube,2.7,1.9,Smartphone,8.2,4,False,Sometimes,11.0,89,3.93,Beneficial
18,Male,Undergraduate,YouTube,2.9,1.4,Laptop/PC,8.3,4,True,Always,11.0,98,3.43,Beneficial
23,Female,Postgraduate,Instagram,4.4,2.1,Smartphone,6.3,3,True,Sometimes,17.0,92,3.27,Beneficial
17,Female,High School,Snapchat,4.4,1.9,Smartphone,8.1,4,False,Always,6.0,92,3.39,Beneficial
18,Female,Undergraduate,Reddit,4.2,2.1,Smartphone,6.0,1,False,Sometimes,14.0,90,3.25,Beneficial
20,Male,Undergraduate,Snapchat,3.2,1.1,Laptop/PC,6.9,3,False,Never,6.0,91,3.99,Beneficial
19,Female,Undergraduate,Instagram,8.8,1.4,Smartphone,6.7,2,True,Sometimes,19.0,64,3.02,Neutral
21,Male,Undergraduate,YouTube,6.9,1.0,Smartphone,5.4,1,True,Frequently,23.0,68,3.68,Beneficial
20,Male,Undergraduate,Instagram,4.3,2.1,Smartphone,6.8,2,False,Sometimes,11.0,82,3.55,Beneficial
19,Female,Undergraduate,LinkedIn,4.3,1.0,Smartphone,6.8,3,False,Frequently,7.0,94,3.46,Beneficial
18,Male,Undergraduate,YouTube,3.5,2.3,Smartphone,8.2,4,False,Frequently,16.0,98,3.6,Beneficial
20,Male,Undergraduate,Reddit,3.8,3.4,Smartphone,7.0,3,False,Sometimes,12.0,91,4.0,Beneficial
21,Female,Undergraduate,Instagram,10.9,0.5,Smartphone,4.4,1,True,Sometimes,15.0,69,3.23,Beneficial
20,Male,Undergraduate,TikTok,5.3,2.2,Smartphone,6.4,2,True,Sometimes,18.0,81,3.34,Beneficial
16,Male,High School,TikTok,3.5,2.0,Laptop/PC,6.4,3,False,Always,17.0,80,3.12,Beneficial
19,Male,Undergraduate,Instagram,6.9,1.0,Smartphone,8.1,1,True,Sometimes,18.0,77,3.53,Beneficial
18,Male,Undergraduate,Snapchat,13.4,0.1,Smartphone,5.2,1,True,Rarely,25.0,50,2.69,Neutral
20,Female,High School,TikTok,3.3,2.1,Smartphone,7.2,3,False,Rarely,12.0,84,3.64,Beneficial
22,Female,Undergraduate,Instagram,3.6,2.1,Smartphone,7.9,4,True,Sometimes,10.0,89,3.43,Beneficial
20,Female,Undergraduate,Instagram,11.5,1.6,Smartphone,3.0,1,True,Frequently,38.0,53,2.63,Negative
19,Male,Undergraduate,Instagram,3.1,1.5,Laptop/PC,7.6,4,True,Sometimes,10.0,76,3.71,Beneficial
17,Female,High School,TikTok,5.1,0.9,Smartphone,5.8,2,True,Sometimes,25.0,77,3.25,Neutral
18,Male,Undergraduate,TikTok,2.4,0.0,Smartphone,8.6,2,False,Sometimes,7.0,98,3.54,Beneficial
20,Female,High School,Instagram,2.6,1.0,Smartphone,8.1,3,False,Always,8.0,98,3.62,Beneficial
19,Male,Undergraduate,TikTok,3.1,1.8,Laptop/PC,7.5,2,True,Rarely,13.0,83,3.79,Beneficial
18,Female,Undergraduate,TikTok,3.3,1.1,Laptop/PC,8.6,4,False,Sometimes,9.0,89,3.63,Beneficial
17,Male,High School,TikTok,3.3,1.8,Smartphone,6.0,2,False,Sometimes,15.0,80,3.89,Beneficial
21,Male,Undergraduate,Snapchat,4.0,2.8,Smartphone,6.8,2,False,Never,14.0,79,3.81,Beneficial
17,Male,High School,YouTube,11.0,3.0,Smartphone,5.3,1,True,Rarely,33.0,48,2.83,Negative
15,Non-Binary,High School,TikTok,3.0,0.8,Smartphone,6.9,3,False,Rarely,10.0,88,3.88,Beneficial
20,Female,Undergraduate,TikTok,3.2,2.7,Smartphone,7.5,4,False,Never,4.0,98,3.57,Beneficial
15,Female,High School,Reddit,7.3,2.0,Smartphone,7.2,2,True,Frequently,15.0,70,3.03,Beneficial
21,Male,Undergraduate,YouTube,13.1,2.3,Smartphone,3.8,1,True,Sometimes,36.0,43,1.95,Negative
17,Male,High School,YouTube,1.2,1.1,Laptop/PC,8.2,3,False,Always,0.0,98,3.54,Beneficial
16,Male,High School,Snapchat,4.4,2.6,Smartphone,5.5,2,True,Rarely,22.0,76,3.61,Beneficial
23,Female,Postgraduate,TikTok,6.3,2.4,Smartphone,4.3,2,True,Always,22.0,78,3.11,Beneficial
17,Male,High School,Instagram,6.4,1.4,Laptop/PC,5.6,1,True,Sometimes,16.0,66,3.34,Beneficial
18,Male,High School,Instagram,6.8,2.0,Smartphone,6.5,2,True,Sometimes,23.0,68,3.51,Neutral
17,Male,High School,Snapchat,14.0,1.7,Smartphone,3.6,1,True,Rarely,20.0,49,2.52,Neutral
17,Male,High School,YouTube,6.2,2.6,Smartphone,6.6,3,True,Frequently,16.0,87,3.02,Beneficial
18,Female,Undergraduate,Snapchat,7.0,1.3,Smartphone,6.6,1,False,Sometimes,16.0,69,3.43,Beneficial
18,Female,Undergraduate,Reddit,11.0,1.3,Smartphone,4.5,1,True,Frequently,25.0,62,2.58,Neutral
18,Male,Undergraduate,LinkedIn,5.0,1.8,Smartphone,6.0,2,False,Rarely,17.0,70,3.49,Beneficial
16,Male,High School,TikTok,2.4,2.0,Smartphone,7.7,3,False,Frequently,5.0,94,4.0,Beneficial
19,Female,Undergraduate,YouTube,4.5,2.7,Smartphone,7.0,3,False,Frequently,16.0,82,3.67,Beneficial
19,Female,Undergraduate,YouTube,6.6,0.7,Smartphone,6.0,2,True,Always,9.0,83,3.39,Beneficial
20,Female,Undergraduate,X (Twitter),2.1,1.8,Smartphone,7.2,4,True,Frequently,9.0,86,3.55,Beneficial
19,Male,Undergraduate,TikTok,5.4,3.0,Laptop/PC,6.2,2,True,Frequently,5.0,78,3.4,Beneficial
18,Male,Undergraduate,Instagram,3.2,3.4,Smartphone,7.0,2,False,Frequently,15.0,84,3.56,Beneficial
17,Male,High School,Instagram,6.4,2.0,Smartphone,6.0,2,True,Frequently,15.0,75,3.35,Beneficial
16,Male,High School,YouTube,6.3,1.8,Smartphone,6.4,2,True,Frequently,11.0,80,2.99,Beneficial
24,Male,Postgraduate,YouTube,4.2,1.3,Smartphone,6.4,2,True,Sometimes,10.0,95,3.31,Beneficial
21,Male,High School,Instagram,4.3,1.5,Smartphone,6.0,2,True,Sometimes,5.0,90,3.41,Beneficial
20,Prefer not to say,Undergraduate,X (Twitter),8.2,1.6,Smartphone,6.3,2,True,Always,20.0,67,3.58,Beneficial
17,Female,High School,X (Twitter),6.3,1.6,Laptop/PC,5.6,2,True,Always,16.0,68,3.27,Beneficial
18,Male,Undergraduate,TikTok,8.8,1.5,Smartphone,6.3,2,False,Sometimes,15.0,64,3.04,Beneficial
25,Male,Postgraduate,Instagram,4.1,1.8,Smartphone,5.3,2,True,Frequently,11.0,88,3.33,Beneficial
19,Male,Undergraduate,Instagram,3.4,1.5,Smartphone,7.1,4,False,Sometimes,8.0,87,3.49,Beneficial
20,Male,Undergraduate,TikTok,6.1,2.2,Smartphone,6.0,1,True,Frequently,11.0,74,3.01,Beneficial
18,Male,Undergraduate,X (Twitter),3.0,2.9,Smartphone,6.8,3,False,Sometimes,14.0,91,3.25,Beneficial
17,Female,High School,Instagram,5.8,1.9,Smartphone,5.2,2,True,Rarely,27.0,57,3.47,Neutral
21,Female,Undergraduate,TikTok,12.6,1.9,Smartphone,4.1,1,True,Frequently,24.0,53,2.57,Neutral
17,Female,High School,Instagram,3.3,1.6,Smartphone,6.7,3,False,Rarely,10.0,79,3.45,Beneficial
20,Female,Undergraduate,YouTube,3.9,1.4,Smartphone,6.6,2,False,Sometimes,4.0,88,4.0,Beneficial
23,Prefer not to say,Undergraduate,Instagram,2.6,1.7,Smartphone,9.1,3,True,Rarely,1.0,98,3.46,Beneficial
20,Male,Undergraduate,TikTok,10.8,2.2,Smartphone,5.3,1,True,Frequently,25.0,61,2.85,Neutral
20,Female,Undergraduate,Instagram,3.9,1.1,Smartphone,7.2,3,False,Sometimes,15.0,75,3.91,Beneficial
24,Female,Postgraduate,Snapchat,2.8,2.4,Smartphone,6.3,2,True,Sometimes,5.0,98,4.0,Beneficial
17,Female,High School,Instagram,6.7,2.0,Laptop/PC,6.6,2,True,Frequently,11.0,67,3.46,Beneficial
17,Female,High School,YouTube,7.5,0.9,Smartphone,5.7,1,True,Sometimes,15.0,71,3.15,Beneficial
19,Female,High School,Instagram,5.5,1.4,Smartphone,6.3,3,True,Sometimes,16.0,91,3.77,Beneficial
20,Male,Undergraduate,TikTok,10.6,1.9,Smartphone,4.9,1,True,Always,26.0,56,2.4,Negative
21,Female,Undergraduate,TikTok,3.2,1.1,Smartphone,7.1,1,False,Frequently,15.0,87,3.3,Beneficial
16,Male,High School,Instagram,5.0,2.5,Smartphone,6.1,2,False,Sometimes,16.0,66,3.02,Beneficial
16,Female,High School,TikTok,8.2,2.6,Smartphone,7.3,3,True,Sometimes,13.0,74,3.43,Beneficial
26,Male,Postgraduate,Snapchat,3.6,2.0,Smartphone,7.4,2,True,Sometimes,13.0,91,3.6,Beneficial
18,Female,Undergraduate,Snapchat,2.9,2.2,Smartphone,8.1,5,True,Sometimes,15.0,94,3.47,Beneficial
18,Male,Undergraduate,YouTube,6.0,1.5,Smartphone,5.6,2,True,Always,12.0,70,3.51,Beneficial
17,Male,High School,YouTube,5.2,2.6,Tablet,5.6,2,True,Frequently,17.0,77,3.31,Beneficial
19,Non-Binary,High School,TikTok,8.6,1.1,Smartphone,4.7,1,True,Sometimes,20.0,64,3.03,Neutral
19,Male,Undergraduate,YouTube,1.7,1.5,Smartphone,7.9,4,False,Always,14.0,83,3.66,Beneficial
17,Female,High School,Instagram,4.9,1.1,Smartphone,5.9,2,True,Sometimes,14.0,87,3.36,Beneficial
18,Male,Undergraduate,Snapchat,1.8,1.1,Tablet,6.0,3,True,Frequently,10.0,81,3.63,Beneficial
21,Male,Undergraduate,TikTok,3.2,1.0,Smartphone,7.7,3,False,Sometimes,6.0,85,3.86,Beneficial
15,Female,High School,Snapchat,3.9,0.5,Smartphone,7.6,3,False,Frequently,13.0,90,3.58,Beneficial
18,Female,Undergraduate,Instagram,6.7,0.8,Smartphone,6.2,1,True,Rarely,16.0,78,3.72,Beneficial
21,Female,Undergraduate,TikTok,4.2,2.4,Smartphone,6.4,2,True,Frequently,14.0,86,3.35,Beneficial
20,Female,Undergraduate,TikTok,5.7,0.5,Laptop/PC,5.3,2,True,Rarely,10.0,65,3.5,Beneficial
22,Prefer not to say,Undergraduate,TikTok,5.0,1.4,Smartphone,6.5,3,False,Sometimes,13.0,87,3.32,Beneficial
16,Male,High School,YouTube,6.4,2.6,Smartphone,6.8,2,True,Sometimes,19.0,65,3.02,Neutral
19,Female,Undergraduate,YouTube,3.0,1.8,Smartphone,7.3,3,False,Sometimes,4.0,88,4.0,Beneficial
16,Female,High School,Reddit,2.8,2.5,Smartphone,7.8,3,True,Sometimes,8.0,93,3.47,Beneficial
18,Female,High School,TikTok,4.7,2.2,Smartphone,6.7,3,False,Frequently,14.0,70,3.46,Beneficial
23,Female,Postgraduate,Snapchat,8.0,2.3,Laptop/PC,5.8,1,True,Rarely,19.0,73,3.11,Beneficial
19,Male,Undergraduate,Instagram,6.7,2.9,Smartphone,7.0,3,False,Rarely,20.0,74,3.12,Beneficial
17,Male,High School,TikTok,3.5,2.5,Laptop/PC,6.7,3,False,Always,4.0,87,3.87,Beneficial
21,Male,Undergraduate,Reddit,2.5,1.7,Laptop/PC,8.7,3,True,Always,8.0,92,3.84,Beneficial
23,Female,Undergraduate,TikTok,7.0,1.7,Smartphone,6.3,2,False,Always,21.0,71,2.99,Neutral
17,Female,High School,Snapchat,4.7,2.3,Laptop/PC,5.3,2,True,Sometimes,13.0,85,3.74,Beneficial
20,Female,Undergraduate,Reddit,4.5,2.4,Smartphone,7.1,2,False,Always,8.0,92,3.75,Beneficial
17,Female,High School,TikTok,2.9,1.6,Smartphone,6.8,3,True,Rarely,9.0,96,4.0,Beneficial
19,Male,Undergraduate,TikTok,10.1,0.8,Smartphone,5.1,1,True,Rarely,29.0,60,3.05,Neutral
18,Female,High School,Instagram,3.5,1.1,Smartphone,7.9,4,False,Always,11.0,88,3.54,Beneficial
21,Male,Undergraduate,Instagram,3.9,2.0,Smartphone,7.9,3,True,Frequently,6.0,93,3.93,Beneficial
16,Male,High School,X (Twitter),3.8,1.4,Smartphone,6.5,2,True,Frequently,10.0,76,3.33,Beneficial
18,Female,Undergraduate,Instagram,4.6,0.3,Smartphone,7.0,2,True,Rarely,7.0,89,3.92,Beneficial
19,Female,Undergraduate,TikTok,5.3,2.1,Smartphone,6.2,2,True,Sometimes,11.0,73,3.46,Beneficial
15,Female,High School,YouTube,7.7,2.8,Smartphone,6.0,2,True,Frequently,17.0,72,3.59,Beneficial
23,Female,Undergraduate,YouTube,5.6,2.9,Smartphone,4.9,1,True,Always,19.0,69,3.17,Neutral
17,Female,High School,Instagram,2.6,0.5,Smartphone,9.2,4,False,Rarely,9.0,97,4.0,Beneficial
16,Male,High School,Snapchat,3.5,0.9,Smartphone,6.5,3,False,Frequently,0.0,94,3.72,Beneficial
20,Male,Undergraduate,Instagram,2.1,1.8,Smartphone,7.1,3,False,Sometimes,5.0,84,3.98,Beneficial
20,Female,Undergraduate,Instagram,2.6,1.6,Laptop/PC,7.3,3,False,Frequently,4.0,87,3.73,Beneficial
18,Male,Undergraduate,TikTok,4.8,1.6,Smartphone,6.7,2,True,Frequently,12.0,89,2.79,Beneficial
19,Female,Undergraduate,TikTok,5.2,1.7,Smartphone,7.8,3,True,Sometimes,15.0,91,3.15,Beneficial
19,Female,Undergraduate,YouTube,2.7,0.5,Smartphone,7.4,3,True,Never,5.0,93,3.7,Beneficial
17,Female,High School,Instagram,3.1,2.3,Smartphone,8.3,3,False,Frequently,5.0,94,3.43,Beneficial
21,Female,Undergraduate,Snapchat,4.3,1.0,Smartphone,7.2,3,True,Sometimes,12.0,87,3.66,Beneficial
20,Male,Undergraduate,Instagram,2.9,0.4,Smartphone,8.8,4,False,Frequently,0.0,98,4.0,Beneficial
18,Female,Undergraduate,TikTok,4.3,1.1,Smartphone,6.8,3,False,Always,12.0,88,3.53,Beneficial
18,Female,Undergraduate,Instagram,4.4,1.8,Smartphone,6.0,2,False,Frequently,17.0,81,3.76,Beneficial
18,Male,Undergraduate,TikTok,7.0,2.1,Smartphone,6.7,2,True,Frequently,21.0,73,2.88,Neutral
20,Male,High School,TikTok,3.7,1.3,Smartphone,6.8,2,False,Frequently,16.0,86,3.7,Beneficial
16,Male,High School,TikTok,3.8,1.8,Smartphone,7.4,3,False,Sometimes,6.0,93,3.81,Beneficial
19,Male,Undergraduate,TikTok,4.0,2.8,Smartphone,7.6,3,True,Rarely,12.0,89,3.46,Beneficial
18,Male,Undergraduate,YouTube,5.4,2.2,Smartphone,7.7,3,True,Sometimes,22.0,68,3.18,Neutral
18,Non-Binary,Undergraduate,Instagram,10.0,2.0,Tablet,3.9,1,True,Frequently,21.0,53,2.74,Neutral
19,Female,Undergraduate,Instagram,3.6,2.0,Smartphone,8.2,3,False,Rarely,10.0,71,3.31,Beneficial
19,Female,Undergraduate,Instagram,6.1,1.8,Smartphone,6.6,2,True,Sometimes,17.0,75,3.01,Beneficial
19,Prefer not to say,Undergraduate,Instagram,2.2,1.0,Smartphone,8.4,4,True,Rarely,9.0,84,3.33,Beneficial
18,Female,Undergraduate,TikTok,4.4,2.3,Smartphone,7.8,3,False,Always,12.0,91,3.62,Beneficial
19,Male,Undergraduate,Instagram,3.0,2.0,Smartphone,8.5,3,False,Sometimes,7.0,93,3.69,Beneficial
21,Male,Undergraduate,YouTube,2.6,0.1,Smartphone,6.3,3,False,Sometimes,13.0,88,3.71,Beneficial
18,Female,Undergraduate,TikTok,5.8,0.9,Smartphone,5.6,2,True,Sometimes,23.0,70,3.25,Neutral
19,Female,Undergraduate,TikTok,13.3,1.8,Smartphone,3.0,1,False,Sometimes,35.0,45,1.99,Negative
17,Male,High School,Snapchat,6.5,2.1,Smartphone,6.4,2,True,Always,21.0,78,2.93,Neutral
17,Female,High School,TikTok,7.4,2.1,Laptop/PC,5.5,2,True,Always,21.0,63,3.39,Neutral
19,Male,Undergraduate,Instagram,12.4,1.2,Smartphone,5.8,1,True,Frequently,13.0,54,2.8,Neutral
18,Male,Undergraduate,Instagram,4.7,1.3,Smartphone,6.4,2,False,Sometimes,18.0,82,3.2,Beneficial
20,Female,Undergraduate,Instagram,4.9,2.9,Smartphone,6.3,2,False,Always,10.0,79,3.39,Beneficial
18,Female,Undergraduate,YouTube,6.0,1.8,Smartphone,7.0,3,True,Sometimes,12.0,80,3.14,Beneficial
21,Female,Undergraduate,YouTube,6.0,1.0,Laptop/PC,7.2,3,True,Sometimes,17.0,86,3.21,Beneficial
19,Female,Undergraduate,TikTok,11.6,1.0,Laptop/PC,5.2,1,True,Frequently,22.0,65,3.02,Neutral
20,Female,Undergraduate,YouTube,5.0,1.9,Smartphone,7.4,2,False,Rarely,7.0,80,3.76,Beneficial
19,Male,Undergraduate,Instagram,2.6,2.1,Laptop/PC,8.7,5,True,Sometimes,7.0,98,4.0,Beneficial
20,Female,Undergraduate,Snapchat,4.1,2.7,Smartphone,6.6,2,True,Sometimes,14.0,86,3.88,Beneficial
18,Female,Undergraduate,Instagram,2.2,1.8,Smartphone,7.7,4,False,Sometimes,8.0,91,3.5,Beneficial
19,Non-Binary,Undergraduate,Instagram,2.7,1.5,Smartphone,8.4,3,False,Frequently,7.0,98,3.59,Beneficial
18,Female,Undergraduate,Reddit,4.9,2.0,Smartphone,7.3,3,True,Frequently,16.0,79,3.44,Beneficial
18,Male,Undergraduate,TikTok,9.1,1.9,Smartphone,6.6,2,True,Sometimes,19.0,76,3.38,Beneficial
19,Male,Undergraduate,YouTube,9.6,1.4,Smartphone,6.0,2,False,Rarely,19.0,63,3.02,Neutral
18,Female,Undergraduate,Instagram,5.7,2.0,Smartphone,7.2,3,True,Rarely,15.0,70,3.96,Beneficial
21,Male,Undergraduate,Reddit,11.2,2.0,Smartphone,4.8,1,True,Sometimes,25.0,54,2.41,Negative
18,Female,Undergraduate,YouTube,9.2,2.6,Smartphone,5.6,2,True,Sometimes,19.0,61,3.2,Neutral
20,Male,Undergraduate,Reddit,8.4,1.1,Smartphone,5.5,1,True,Sometimes,22.0,55,3.32,Neutral
19,Male,Undergraduate,Instagram,9.5,1.9,Smartphone,5.1,1,True,Never,16.0,70,2.38,Neutral
17,Female,High School,Instagram,3.3,1.7,Smartphone,6.2,4,False,Sometimes,13.0,86,3.82,Beneficial
17,Male,High School,Instagram,4.6,2.3,Smartphone,5.1,1,False,Frequently,17.0,81,3.18,Beneficial
19,Prefer not to say,Undergraduate,Instagram,3.1,2.3,Smartphone,9.0,5,True,Frequently,13.0,78,4.0,Beneficial
22,Female,Undergraduate,YouTube,3.6,2.2,Smartphone,8.7,4,True,Frequently,14.0,82,3.47,Beneficial
16,Male,High School,YouTube,4.7,1.8,Smartphone,6.1,2,False,Rarely,4.0,86,3.72,Beneficial
18,Female,Undergraduate,Snapchat,2.4,1.5,Smartphone,8.7,4,False,Sometimes,6.0,98,3.68,Beneficial
21,Male,Undergraduate,YouTube,9.9,1.7,Smartphone,5.0,1,True,Sometimes,30.0,55,3.3,Neutral
24,Female,Undergraduate,YouTube,6.9,1.5,Tablet,5.2,2,True,Always,16.0,75,3.21,Beneficial
24,Female,Undergraduate,YouTube,3.6,1.4,Laptop/PC,7.7,3,True,Frequently,11.0,92,3.46,Beneficial
18,Female,Undergraduate,Snapchat,9.1,2.4,Smartphone,5.4,3,False,Never,19.0,67,3.25,Neutral
16,Female,High School,Snapchat,4.6,2.2,Smartphone,6.8,2,True,Frequently,14.0,80,3.81,Beneficial
18,Female,Undergraduate,Snapchat,3.2,2.3,Smartphone,7.2,3,True,Sometimes,7.0,90,3.79,Beneficial
19,Female,Undergraduate,YouTube,4.6,2.3,Smartphone,5.8,2,True,Always,16.0,76,3.67,Beneficial
17,Male,High School,Reddit,1.8,1.5,Smartphone,7.6,3,False,Frequently,1.0,96,3.77,Beneficial
21,Female,Undergraduate,Instagram,5.1,2.8,Smartphone,7.3,3,True,Never,8.0,97,3.47,Beneficial
19,Male,Undergraduate,Snapchat,2.9,1.5,Smartphone,7.2,4,False,Rarely,10.0,82,4.0,Beneficial
18,Male,High School,Instagram,4.5,1.4,Smartphone,6.4,1,False,Frequently,15.0,71,3.76,Beneficial
19,Female,Undergraduate,Reddit,7.3,2.2,Smartphone,5.7,1,True,Sometimes,20.0,60,3.19,Neutral
19,Prefer not to say,Undergraduate,Instagram,5.4,1.8,Smartphone,6.2,2,True,Frequently,15.0,80,3.42,Beneficial
19,Male,Undergraduate,Snapchat,2.0,1.3,Smartphone,8.5,3,False,Frequently,5.0,93,4.0,Beneficial
16,Male,High School,TikTok,4.9,0.8,Smartphone,7.5,2,False,Sometimes,14.0,92,3.49,Beneficial
21,Male,Undergraduate,YouTube,7.1,1.8,Smartphone,5.5,1,True,Rarely,11.0,70,3.2,Beneficial
20,Female,Undergraduate,TikTok,3.2,1.9,Smartphone,7.3,3,False,Frequently,4.0,90,3.33,Beneficial
19,Male,Undergraduate,Snapchat,4.9,1.5,Smartphone,7.4,3,False,Rarely,6.0,87,3.51,Beneficial
21,Female,Undergraduate,Snapchat,6.5,2.5,Smartphone,6.5,3,True,Always,16.0,82,3.28,Beneficial
24,Female,Undergraduate,TikTok,5.4,1.0,Laptop/PC,6.3,3,True,Frequently,14.0,77,3.1,Beneficial
17,Female,High School,X (Twitter),1.2,1.7,Smartphone,9.2,4,True,Frequently,2.0,98,3.46,Beneficial
18,Female,Undergraduate,YouTube,4.0,2.2,Smartphone,8.0,3,False,Sometimes,8.0,91,3.43,Beneficial
19,Male,Undergraduate,Reddit,2.3,1.7,Tablet,7.7,2,True,Sometimes,10.0,89,3.49,Beneficial
17,Female,High School,TikTok,2.7,2.6,Smartphone,7.4,3,True,Frequently,6.0,96,3.47,Beneficial
18,Male,Undergraduate,YouTube,1.9,2.2,Laptop/PC,8.8,4,True,Sometimes,3.0,98,3.73,Beneficial
18,Female,High School,TikTok,8.6,1.5,Laptop/PC,6.0,1,True,Sometimes,18.0,63,3.24,Neutral
17,Female,High School,TikTok,11.1,0.7,Smartphone,4.6,1,True,Rarely,32.0,53,2.56,Negative
21,Female,Undergraduate,Instagram,5.0,1.2,Smartphone,7.3,3,True,Sometimes,12.0,83,3.54,Beneficial
21,Female,Undergraduate,TikTok,3.8,2.0,Smartphone,9.1,4,True,Never,20.0,95,3.82,Beneficial
19,Male,Undergraduate,Snapchat,3.4,2.0,Smartphone,8.4,3,True,Always,7.0,87,3.76,Beneficial
15,Female,High School,Instagram,5.0,2.3,Tablet,8.8,4,True,Frequently,13.0,87,3.69,Beneficial
18,Male,Undergraduate,YouTube,2.6,2.2,Smartphone,7.7,3,True,Rarely,10.0,83,3.95,Beneficial
20,Male,Undergraduate,TikTok,4.5,2.0,Smartphone,8.2,4,True,Sometimes,13.0,93,3.24,Beneficial
17,Female,High School,TikTok,5.3,2.2,Smartphone,6.5,3,True,Frequently,13.0,82,3.02,Beneficial
21,Male,Undergraduate,TikTok,7.6,1.0,Smartphone,6.5,1,True,Sometimes,17.0,70,3.49,Beneficial
20,Male,Undergraduate,Instagram,2.5,1.4,Smartphone,8.2,4,False,Always,11.0,88,3.68,Beneficial
20,Female,Undergraduate,TikTok,7.0,1.8,Smartphone,5.4,2,True,Frequently,12.0,75,3.23,Beneficial
17,Prefer not to say,High School,Instagram,8.8,2.5,Smartphone,6.2,1,True,Frequently,21.0,68,3.5,Beneficial
19,Male,High School,Instagram,3.5,3.1,Smartphone,7.2,4,True,Sometimes,7.0,90,3.31,Beneficial
21,Prefer not to say,High School,TikTok,2.8,3.2,Smartphone,7.2,4,True,Rarely,6.0,98,3.86,Beneficial
19,Male,Undergraduate,TikTok,4.0,1.8,Smartphone,6.3,3,False,Sometimes,13.0,74,4.0,Beneficial
18,Female,High School,YouTube,9.7,1.9,Smartphone,4.2,1,True,Sometimes,21.0,63,2.73,Neutral
22,Male,Postgraduate,Snapchat,3.6,2.5,Smartphone,7.0,4,True,Frequently,11.0,92,3.42,Beneficial
18,Female,Undergraduate,YouTube,4.5,2.4,Smartphone,8.2,4,True,Sometimes,0.0,85,3.75,Beneficial
16,Male,High School,YouTube,5.2,1.6,Smartphone,5.7,3,True,Sometimes,24.0,77,3.31,Neutral
16,Male,High School,YouTube,5.8,1.2,Smartphone,7.8,3,True,Sometimes,11.0,79,2.85,Beneficial
19,Female,Undergraduate,LinkedIn,3.8,3.0,Smartphone,6.6,3,False,Frequently,9.0,83,3.37,Beneficial
19,Male,Undergraduate,Instagram,7.7,1.1,Smartphone,6.0,2,True,Frequently,13.0,73,3.16,Beneficial
16,Male,High School,LinkedIn,4.6,3.3,Laptop/PC,7.1,3,False,Sometimes,22.0,87,3.5,Beneficial
24,Male,Undergraduate,Instagram,1.8,2.1,Smartphone,6.8,3,True,Frequently,10.0,98,3.73,Beneficial
