Age,Gender,Academic_Level,Primary_Platform,Daily_Usage_Hours,Weekend_Extra_Hours,Device_Type,Sleep_Duration_Hours,Sleep_Quality_Score,Late_Night_Usage,Social_Comparison_Frequency,Perceived_Stress_Score,Mental_Health_Index,Academic_Performance_GPA,Overall_Impact
19,0,2,3,7.5,1.5,1,5.9,2,1,4,20.0,73,2.73,1
19,0,2,0,4.6,1.3,1,7.9,3,1,2,17.0,90,3.21,2
17,0,0,4,10.9,1.7,1,5.2,1,1,3,18.0,70,3.0,1
16,0,0,6,6.0,2.3,2,7.6,4,1,2,15.0,82,3.42,2
17,1,0,1,3.3,2.6,1,7.6,4,1,0,16.0,84,3.41,2
16,1,0,4,6.2,1.6,1,5.9,1,0,1,10.0,66,3.21,2
20,1,2,4,5.6,1.8,1,8.3,3,0,2,10.0,88,3.72,2
19,0,2,4,1.2,2.4,1,8.1,5,0,4,6.0,95,3.37,2
18,0,2,6,3.3,1.8,1,6.4,2,0,3,23.0,88,3.59,2
18,0,2,2,4.7,1.7,1,7.9,2,0,3,6.0,96,3.66,2
15,0,0,4,4.4,1.9,1,5.8,2,0,3,11.0,83,3.22,2
20,1,2,1,7.8,1.4,1,7.2,2,1,2,17.0,76,3.08,2
19,0,2,4,9.5,0.9,1,5.3,1,1,4,27.0,68,3.14,1
23,2,2,0,1.9,1.2,1,8.9,5,0,2,3.0,95,3.86,2
19,1,2,6,6.6,2.3,2,5.7,3,0,2,17.0,64,2.98,1
19,0,2,0,2.6,1.2,1,7.3,4,0,1,11.0,85,3.57,2
18,1,2,5,2.3,1.8,2,6.4,2,1,2,17.0,84,3.64,2
17,1,0,6,7.2,1.7,1,6.4,2,0,3,12.0,75,3.52,2
19,0,2,0,4.7,1.5,1,6.5,3,0,4,8.0,88,3.47,2
20,0,2,2,4.7,2.3,1,6.9,2,0,2,20.0,82,3.7,2
17,1,0,0,3.5,1.1,1,7.9,3,0,3,2.0,94,3.75,2
16,0,0,0,2.4,2.5,1,7.4,3,1,4,1.0,98,4.0,2
23,1,1,6,7.4,1.3,0,6.3,2,1,2,10.0,68,2.82,2
17,0,0,0,11.2,1.7,1,5.2,2,1,2,22.0,54,2.69,1
18,0,2,6,3.4,1.7,1,8.2,4,0,3,8.0,90,4.0,2
20,0,2,0,3.0,2.0,1,8.8,4,0,2,2.0,94,3.5,2
20,0,2,0,4.3,1.4,1,8.1,3,0,3,2.0,95,3.37,2
19,1,2,3,4.7,2.4,0,8.4,3,1,3,5.0,93,3.81,2
18,0,2,0,3.6,1.8,1,7.5,3,0,1,12.0,94,3.35,2
18,1,2,6,3.8,1.4,1,7.1,2,1,1,14.0,91,3.52,2
18,1,2,6,3.6,2.9,1,6.7,3,1,1,4.0,89,3.76,2
20,1,2,5,8.3,1.8,1,5.6,1,1,1,22.0,64,3.35,1
17,0,0,2,3.4,0.7,1,6.6,2,1,1,4.0,92,3.83,2
18,0,2,6,1.1,1.4,1,7.3,3,0,1,4.0,95,3.73,2
21,0,2,1,4.7,1.1,1,6.8,3,0,2,13.0,84,3.41,2
18,1,2,6,4.8,1.4,1,6.4,2,0,1,12.0,75,3.69,2
20,1,2,6,2.0,1.5,1,7.5,5,0,2,9.0,92,4.0,2
20,1,2,4,7.1,1.4,1,6.2,2,1,1,17.0,65,3.39,2
18,0,2,4,8.0,1.5,1,5.5,1,1,2,21.0,66,2.59,1
17,1,0,4,3.3,1.7,0,6.0,1,0,3,15.0,87,3.46,2
18,1,2,4,5.8,0.8,0,5.7,2,1,1,14.0,79,3.34,2
16,0,0,4,4.3,1.0,1,6.8,4,0,2,17.0,81,3.62,2
19,1,2,6,3.9,1.4,1,6.9,2,0,3,7.0,90,3.44,2
20,1,2,0,8.3,2.2,1,6.3,1,1,2,13.0,76,3.21,2
21,0,2,0,7.6,1.6,1,5.9,1,1,1,25.0,70,3.46,1
17,1,0,4,4.3,2.7,1,5.4,2,0,2,17.0,80,3.45,2
19,0,2,6,4.0,1.7,1,6.5,2,1,4,13.0,78,3.28,2
21,1,2,2,3.5,2.6,1,6.6,3,1,4,10.0,94,4.0,2
17,0,0,0,4.1,1.6,1,5.8,2,1,3,8.0,86,3.11,2
21,0,2,4,5.9,2.9,1,6.5,2,0,2,10.0,69,2.89,2
15,0,0,4,8.6,1.0,1,6.4,1,1,1,11.0,66,3.38,2
19,3,0,5,2.9,1.6,1,6.7,2,1,4,7.0,95,3.57,2
19,0,2,6,5.9,1.4,1,6.2,2,1,2,14.0,64,3.05,2
22,1,1,6,4.9,2.6,0,7.8,3,0,2,9.0,76,3.9,2
17,0,0,0,3.9,1.0,1,7.2,4,0,4,20.0,81,3.56,2
16,0,0,1,6.9,1.8,1,6.7,1,1,3,16.0,78,3.42,2
21,0,2,4,4.0,1.0,1,6.6,2,0,2,15.0,79,3.39,2
21,0,2,4,3.8,2.4,1,6.7,3,0,2,11.0,92,3.48,2
17,1,0,3,2.7,2.0,1,8.7,4,1,4,8.0,98,3.59,2
26,0,2,0,3.1,2.4,1,8.4,4,1,2,5.0,90,4.0,2
18,1,2,4,4.1,2.2,0,6.4,1,0,4,9.0,86,3.95,2
18,1,2,3,5.4,2.1,1,7.8,4,1,4,13.0,87,3.74,2
21,1,2,2,8.0,2.3,1,5.7,2,1,2,18.0,68,3.19,2
21,0,2,6,7.6,4.5,1,6.7,2,1,2,17.0,73,3.34,2
19,1,2,3,2.8,2.5,1,6.6,2,1,4,10.0,71,3.41,2
16,0,0,0,3.0,2.3,1,7.6,4,0,3,16.0,86,3.5,2
19,0,2,5,4.2,2.7,1,7.9,4,0,4,6.0,83,3.6,2
19,0,2,4,2.5,1.9,1,6.9,3,1,3,8.0,83,3.79,2
20,0,2,6,4.6,2.1,1,5.2,2,1,3,17.0,69,3.71,2
18,1,2,6,4.1,1.1,1,7.5,2,1,2,6.0,88,3.66,2
19,0,2,0,4.4,1.1,1,7.1,1,0,2,20.0,91,3.56,2
21,0,2,3,10.2,1.6,1,6.1,1,1,2,18.0,62,2.7,1
18,0,2,0,3.0,1.8,1,7.4,4,0,4,5.0,74,3.6,2
19,1,2,3,6.9,3.4,1,6.0,2,1,2,23.0,79,3.2,2
18,1,2,1,4.0,1.6,1,7.1,3,0,2,8.0,80,3.0,2
19,0,2,2,8.3,0.9,1,7.2,1,1,2,15.0,72,3.53,2
17,0,0,6,6.1,2.4,1,6.0,2,1,1,11.0,70,3.48,2
19,1,2,0,4.8,0.8,1,7.8,4,0,4,14.0,84,3.39,2
21,1,2,6,3.6,1.3,1,7.2,2,1,2,15.0,87,3.67,2
20,3,2,3,6.2,2.2,1,6.8,2,1,1,13.0,82,3.41,2
18,0,2,4,8.5,1.8,1,5.5,1,1,2,24.0,67,2.79,1
18,0,2,4,4.5,3.1,1,8.0,3,0,4,10.0,91,3.69,2
20,1,2,4,3.3,1.7,1,9.7,5,0,3,11.0,89,3.69,2
17,0,0,3,7.6,2.9,1,6.4,2,0,2,24.0,70,3.33,1
19,0,2,5,3.2,2.2,1,6.1,3,1,2,16.0,75,3.38,2
18,1,2,0,3.1,1.1,1,8.5,4,1,2,10.0,88,3.56,2
16,1,0,0,3.2,1.8,0,8.8,5,0,2,2.0,95,3.85,2
18,0,2,6,6.8,2.1,1,6.6,2,1,2,26.0,66,3.03,1
20,1,2,4,3.1,2.7,2,7.1,3,0,1,9.0,89,3.76,2
18,2,2,2,14.0,1.8,1,4.7,1,1,3,35.0,50,2.0,0
18,0,2,1,2.6,2.4,1,7.3,3,1,3,6.0,89,3.75,2
19,1,2,0,5.2,2.4,1,5.6,1,1,2,8.0,89,3.37,2
20,1,2,4,3.0,3.5,1,6.4,3,1,3,8.0,92,3.44,2
18,0,2,4,10.8,1.5,2,5.8,2,0,0,25.0,50,2.32,0
17,0,0,0,8.8,2.0,1,4.3,1,1,1,19.0,68,2.7,1
20,1,2,0,5.8,2.5,1,4.8,1,0,4,9.0,74,3.45,2
21,0,2,0,5.5,1.5,1,6.5,2,1,3,20.0,77,3.11,2
19,0,2,0,3.0,1.4,0,9.6,4,0,3,4.0,98,4.0,2
19,0,2,5,3.5,0.6,1,8.7,4,1,2,19.0,80,3.65,2
17,1,0,4,6.6,1.4,1,7.3,4,1,2,10.0,85,3.22,2
19,1,2,3,6.4,2.7,0,5.4,1,1,2,16.0,67,3.46,2
21,1,2,6,6.2,1.6,0,6.9,3,1,2,13.0,76,3.99,2
21,2,2,5,3.1,1.6,1,7.7,3,0,3,4.0,98,3.67,2
23,1,1,1,4.7,1.0,1,7.4,3,1,3,14.0,84,3.82,2
20,1,2,6,3.2,3.0,1,6.4,2,0,1,11.0,74,3.46,2
17,0,0,2,12.3,1.6,2,4.8,1,1,3,28.0,56,2.88,1
19,2,2,3,4.4,1.9,1,8.3,3,0,3,11.0,97,3.58,2
18,0,2,0,5.7,0.0,0,6.0,3,1,4,19.0,72,3.42,2
19,1,2,3,3.2,0.3,1,7.4,4,0,2,11.0,78,3.74,2
17,1,0,4,2.0,2.1,1,7.7,3,0,3,10.0,93,4.0,2
18,0,2,6,6.3,2.4,1,3.7,1,1,2,20.0,65,3.52,2
20,0,2,6,6.9,2.5,1,7.2,1,1,2,18.0,79,3.22,2
22,0,1,5,4.3,1.5,1,7.1,3,1,2,11.0,86,3.45,2
16,0,0,0,6.6,2.2,1,6.8,2,0,3,13.0,85,3.48,2
22,1,2,0,5.3,2.0,1,5.8,2,1,3,13.0,76,3.38,2
20,0,2,0,5.9,2.8,1,7.1,3,1,1,13.0,83,3.31,2
18,1,0,4,11.6,0.9,1,5.1,1,1,3,20.0,68,2.85,1
18,0,0,4,6.6,0.2,1,6.2,1,1,3,13.0,80,3.82,2
18,0,2,6,7.0,1.6,1,7.2,3,1,4,19.0,83,3.21,2
17,1,0,4,2.8,2.3,1,8.5,4,0,1,11.0,97,3.99,2
21,2,2,0,4.2,2.7,1,6.6,3,1,2,17.0,76,3.44,2
20,0,2,0,4.5,2.1,1,7.9,2,0,2,11.0,91,3.62,2
20,1,2,3,4.1,1.6,1,6.9,3,1,4,14.0,90,3.79,2
21,0,2,0,4.4,1.2,1,6.1,2,0,1,10.0,87,3.44,2
19,1,2,2,4.6,2.4,0,6.9,3,0,2,16.0,81,3.5,2
18,1,0,6,3.2,1.2,1,6.9,2,1,2,12.0,88,3.88,2
17,0,0,0,4.2,1.2,1,7.1,3,0,0,19.0,74,3.42,2
22,1,1,0,6.1,2.1,1,7.5,2,0,3,10.0,78,3.31,2
18,0,2,0,5.5,2.3,1,8.1,3,1,3,12.0,89,4.0,2
18,0,2,4,4.5,0.7,1,5.1,1,1,3,21.0,69,3.4,1
18,0,2,5,5.7,2.6,2,7.0,3,1,2,15.0,84,3.58,2
22,0,1,4,1.2,1.1,1,8.9,3,1,2,5.0,96,3.75,2
17,0,0,0,5.8,1.1,1,5.2,1,1,3,21.0,70,3.08,1
17,0,0,0,1.7,1.3,1,7.3,4,0,3,7.0,78,4.0,2
18,0,2,0,9.0,3.0,1,5.4,1,1,4,25.0,57,2.72,1
21,0,2,2,6.1,1.7,1,6.3,2,1,1,12.0,72,2.84,2
21,1,2,0,4.1,1.8,1,7.2,2,1,0,13.0,98,3.9,2
17,0,0,6,5.7,1.7,1,6.4,2,1,1,18.0,80,3.07,2
19,0,2,0,4.2,1.6,1,7.6,3,0,4,3.0,98,3.78,2
17,1,0,0,6.5,1.4,1,4.8,1,1,4,14.0,62,3.3,2
21,0,2,0,2.1,2.1,0,7.2,3,0,2,11.0,90,3.69,2
18,0,2,3,7.2,2.0,1,6.3,3,0,1,20.0,71,3.24,2
20,1,2,5,7.3,1.8,1,5.8,2,1,4,17.0,75,3.0,2
19,0,2,6,2.8,1.3,1,7.0,2,0,3,4.0,84,3.49,2
19,1,2,2,8.0,2.9,1,5.1,2,0,2,28.0,68,3.64,1
22,1,1,0,4.9,0.2,1,8.2,3,0,4,14.0,89,3.42,2
17,1,0,6,6.3,0.8,1,7.4,2,1,4,20.0,83,3.12,2
18,3,2,0,1.8,1.9,1,7.3,3,0,2,6.0,97,3.92,2
19,0,2,6,10.3,1.7,1,5.7,2,1,1,23.0,53,3.11,1
18,0,2,0,4.9,2.9,1,8.4,3,0,2,12.0,86,4.0,2
17,1,0,0,6.2,2.7,1,6.3,2,1,4,17.0,70,3.46,2
21,1,2,2,3.7,0.7,1,6.8,3,1,2,7.0,70,3.18,2
18,0,2,4,5.7,0.3,1,6.7,3,1,3,12.0,76,3.5,2
19,1,2,4,3.8,2.8,0,7.3,3,0,1,9.0,80,3.47,2
17,1,0,6,4.3,2.1,1,7.8,3,1,2,8.0,86,3.97,2
15,0,0,4,4.7,1.6,1,8.5,3,1,1,7.0,94,4.0,2
18,0,2,0,5.5,2.0,1,6.1,2,0,2,19.0,79,3.36,2
16,0,0,4,10.0,1.5,1,5.5,1,1,4,23.0,63,3.46,1
19,1,0,4,4.3,2.3,1,5.7,2,1,1,15.0,74,3.48,2
18,0,2,6,2.9,1.8,1,6.6,3,1,4,13.0,88,3.8,2
18,1,2,3,4.5,1.9,1,7.1,3,0,1,14.0,74,3.77,2
20,0,2,0,4.3,1.9,1,8.0,4,0,2,6.0,98,3.8,2
15,1,0,4,4.5,2.6,1,7.6,4,1,2,14.0,88,3.61,2
19,0,2,0,4.2,2.3,1,7.2,3,0,3,10.0,80,3.41,2
19,0,0,5,2.7,2.5,1,5.8,2,1,0,10.0,82,3.3,2
20,1,2,4,4.6,1.0,1,7.8,4,1,4,15.0,92,3.67,2
19,3,2,4,4.7,1.9,1,5.7,1,1,0,9.0,86,3.45,2
26,2,1,0,4.7,1.0,1,7.0,3,0,3,11.0,82,3.74,2
19,1,2,4,5.2,2.5,0,5.9,2,0,4,16.0,85,3.68,2
19,0,2,0,6.0,1.5,1,6.0,3,1,0,11.0,75,3.08,2
18,1,2,0,2.7,2.1,0,6.7,2,1,2,9.0,86,3.86,2
17,0,0,3,9.2,2.3,1,5.4,1,1,3,32.0,60,2.97,1
20,0,2,0,7.4,2.4,2,6.1,1,1,2,8.0,78,3.3,2
21,1,2,0,7.8,2.4,1,5.7,2,1,4,22.0,65,3.22,1
18,0,2,6,13.6,1.7,1,4.5,1,0,2,35.0,41,2.51,0
22,0,1,4,7.9,2.1,1,5.5,1,1,2,20.0,67,3.45,2
19,1,0,0,4.8,1.6,1,6.3,3,0,4,18.0,91,3.55,2
20,0,2,3,8.5,0.5,1,6.1,1,1,2,20.0,64,2.54,1
19,0,2,4,7.3,3.3,1,4.5,1,1,2,17.0,69,3.39,2
21,1,2,0,6.6,1.4,1,6.2,2,1,4,23.0,68,2.89,1
21,0,2,0,5.7,0.0,1,5.3,1,0,4,25.0,72,3.26,1
21,3,2,4,5.7,1.7,1,6.4,2,1,2,17.0,68,3.71,2
16,2,0,4,2.2,2.4,1,7.9,3,1,1,5.0,88,4.0,2
20,0,2,3,7.9,2.5,1,6.4,2,1,1,24.0,76,3.24,1
25,1,1,0,4.9,2.9,1,5.7,3,1,2,0.0,78,4.0,2
17,1,0,6,5.8,1.1,1,5.2,2,1,3,23.0,71,3.01,1
17,1,0,0,4.4,1.9,1,8.2,3,0,3,11.0,98,3.58,2
16,0,0,4,14.0,2.3,1,5.2,1,1,3,29.0,42,2.19,0
18,0,2,6,7.9,2.2,1,5.6,1,1,1,16.0,58,2.98,1
20,0,2,0,3.8,2.3,1,8.3,3,0,3,7.0,91,4.0,2
19,0,2,0,3.3,0.6,0,6.2,3,0,4,17.0,80,3.94,2
20,0,2,4,7.4,1.6,0,5.1,1,1,2,19.0,87,3.42,2
17,1,0,6,4.4,2.3,1,8.1,4,1,3,17.0,89,3.18,2
19,1,2,0,3.6,0.3,1,8.2,3,0,2,11.0,93,3.31,2
22,1,1,1,7.0,2.6,0,4.4,1,0,0,19.0,57,3.32,1
20,1,2,4,2.0,2.1,1,7.6,3,1,4,11.0,87,3.45,2
18,1,2,0,2.4,3.2,1,6.4,2,0,2,14.0,83,3.41,2
18,0,2,0,5.1,2.8,1,7.8,3,1,1,15.0,95,2.89,2
17,1,0,4,4.1,2.9,0,6.0,2,0,2,4.0,90,3.46,2
21,1,2,4,3.9,1.0,1,8.2,4,0,3,8.0,93,3.46,2
18,0,2,4,6.9,1.3,1,5.5,1,1,3,21.0,72,2.63,1
20,0,2,0,2.8,1.1,1,7.0,2,0,2,3.0,97,3.84,2
17,1,0,6,4.4,2.3,1,5.8,1,0,0,12.0,77,3.62,2
15,0,0,6,14.0,1.9,1,4.8,1,1,3,24.0,46,3.14,1
21,1,2,4,4.1,2.0,1,7.1,2,0,2,4.0,77,3.57,2
21,1,2,6,5.4,1.3,1,7.4,3,0,1,15.0,90,3.37,2
19,0,2,4,3.5,1.7,1,8.5,4,1,3,7.0,92,3.71,2
16,1,0,4,9.4,2.6,1,5.4,1,1,3,18.0,74,3.04,2
19,1,2,4,1.4,1.4,1,7.9,3,0,4,11.0,89,4.0,2
18,1,2,3,5.3,2.5,1,7.4,3,1,2,13.0,83,3.77,2
18,0,2,3,6.2,2.7,1,6.6,2,1,2,4.0,80,3.23,2
20,0,2,0,8.9,1.3,1,5.3,1,1,3,22.0,63,2.96,1
22,0,1,4,6.7,1.9,1,6.0,1,1,2,18.0,66,3.46,2
18,0,2,4,4.2,1.1,1,8.6,4,1,3,6.0,89,3.52,2
19,1,0,4,8.8,1.9,1,6.5,2,1,3,20.0,69,3.36,2
26,1,2,2,6.6,1.0,1,5.7,3,1,2,24.0,61,2.92,1
20,0,2,1,11.8,1.7,1,4.7,1,1,1,24.0,58,2.51,1
21,1,2,4,2.4,2.6,1,7.7,4,0,3,4.0,92,4.0,2
22,1,1,4,2.2,1.9,0,7.2,3,1,0,8.0,93,3.56,2
18,1,2,0,3.1,1.0,1,7.1,4,0,1,13.0,89,3.34,2
16,0,0,3,2.7,0.0,1,7.9,2,1,3,4.0,98,3.65,2
20,1,2,3,3.7,1.3,1,7.0,3,0,1,9.0,86,3.46,2
20,0,2,3,4.2,2.3,1,6.9,1,0,4,17.0,86,3.29,2
18,0,2,4,4.9,0.7,1,7.6,3,0,0,15.0,92,3.49,2
17,1,0,5,2.1,1.4,1,7.1,3,0,4,9.0,98,3.53,2
21,0,2,4,8.6,1.5,1,4.8,1,0,2,18.0,53,3.25,1
18,1,2,6,2.5,1.0,1,7.7,3,0,4,5.0,90,3.41,2
17,1,0,3,6.6,1.4,0,6.8,3,1,1,11.0,78,3.34,2
16,1,0,4,6.5,1.9,1,7.5,2,1,1,11.0,77,3.26,2
17,1,0,2,2.7,0.4,1,7.8,3,0,2,7.0,92,3.46,2
20,0,2,4,1.1,2.7,1,7.6,4,0,2,4.0,90,4.0,2
22,1,1,4,4.2,2.0,1,8.0,3,0,2,14.0,86,3.95,2
16,0,0,0,5.1,1.9,1,6.3,2,1,3,13.0,88,3.71,2
18,0,2,3,2.2,2.3,1,7.1,2,0,3,9.0,79,3.8,2
21,0,2,4,5.5,3.7,1,7.0,3,1,3,14.0,80,3.48,2
18,0,2,4,4.6,1.3,0,7.1,2,0,1,18.0,63,3.34,1
20,1,2,3,2.8,1.5,2,7.5,4,0,0,8.0,80,4.0,2
18,1,2,3,4.1,1.7,1,6.7,2,1,2,14.0,85,3.2,2
18,1,2,0,4.4,2.6,2,7.1,2,0,2,14.0,82,3.32,2
20,1,2,5,6.4,2.4,1,5.9,3,1,3,15.0,75,3.14,2
19,0,2,4,4.9,2.5,1,6.9,3,1,2,16.0,76,3.18,2
18,1,0,0,6.2,1.1,1,6.4,3,1,3,17.0,78,2.96,2
18,0,2,4,10.0,1.4,1,5.4,1,1,3,25.0,56,3.31,1
18,0,2,1,7.2,1.2,1,6.9,3,0,2,20.0,62,3.3,1
19,1,2,0,3.5,1.6,0,6.8,3,1,2,4.0,86,4.0,2
19,0,2,0,8.1,1.9,1,5.1,2,1,3,20.0,59,3.25,1
22,1,2,4,9.7,2.3,1,6.7,3,1,2,23.0,66,3.09,1
20,0,0,4,4.3,2.5,1,6.3,3,1,2,12.0,73,3.71,2
21,1,2,6,4.0,2.5,1,6.0,3,0,0,9.0,79,3.69,2
17,1,0,0,2.8,1.9,1,7.8,2,1,3,12.0,90,3.76,2
15,1,0,4,5.9,1.8,1,5.7,3,1,0,14.0,80,2.91,2
16,0,0,0,2.4,2.1,1,6.2,2,0,3,12.0,91,3.5,2
21,1,2,4,4.0,2.6,1,8.1,3,0,3,15.0,90,4.0,2
18,0,2,6,13.4,2.0,1,4.0,1,0,1,25.0,48,2.5,0
18,1,2,0,5.2,1.6,1,6.1,2,1,2,13.0,80,3.2,2
19,2,2,0,5.5,1.6,1,5.7,2,0,3,17.0,73,3.76,2
17,0,0,3,5.4,1.2,1,7.5,3,1,3,12.0,71,4.0,2
19,2,2,6,2.1,2.1,1,7.3,3,0,3,5.0,98,4.0,2
18,0,2,5,6.4,2.9,1,5.9,1,1,3,17.0,68,3.26,2
19,0,2,0,8.4,1.1,1,5.9,1,1,3,26.0,65,3.46,1
17,1,0,3,4.6,3.1,1,5.9,3,1,2,14.0,72,3.68,2
21,0,2,4,1.9,1.6,1,7.0,3,0,4,1.0,98,3.88,2
17,1,0,0,4.9,1.2,1,6.6,3,1,2,12.0,81,3.06,2
18,1,2,6,4.2,2.8,1,6.8,2,1,2,6.0,88,3.3,2
18,0,2,4,2.3,1.3,1,8.1,3,0,4,8.0,98,3.73,2
17,0,0,0,5.7,1.1,1,5.4,2,1,3,21.0,81,3.42,2
19,1,2,0,3.3,1.2,1,7.8,3,0,2,11.0,98,3.64,2
18,0,2,0,6.6,1.0,0,6.4,2,1,0,14.0,70,3.06,2
22,0,1,0,12.4,1.3,1,3.5,2,1,0,33.0,44,2.59,0
18,1,2,1,3.8,1.2,0,6.7,2,0,1,19.0,98,2.96,2
18,1,2,4,9.3,2.0,1,6.0,1,1,3,24.0,67,2.87,1
18,0,2,4,3.9,2.1,1,7.5,3,1,0,14.0,85,3.11,2
19,0,2,4,5.8,2.9,1,7.1,2,1,1,16.0,72,3.28,2
16,0,0,4,5.9,0.6,2,5.8,3,1,2,13.0,78,3.63,2
17,0,0,6,4.7,2.6,1,6.7,3,0,4,9.0,88,3.42,2
18,0,2,6,4.1,1.8,1,7.1,4,0,1,6.0,92,3.34,2
18,0,2,0,7.6,2.8,1,6.3,2,1,0,22.0,73,3.28,1
15,0,0,4,2.7,2.4,1,8.1,4,1,1,15.0,94,3.77,2
16,1,0,0,8.2,3.5,1,5.7,2,0,2,20.0,69,3.21,1
20,0,2,6,7.2,1.1,1,6.3,2,1,1,17.0,75,2.83,2
17,1,0,4,6.9,1.0,1,5.8,2,0,2,13.0,78,2.75,2
18,0,0,5,2.9,1.7,1,7.9,4,0,4,2.0,89,3.19,2
17,0,0,0,2.6,1.9,1,8.9,4,0,3,5.0,93,3.41,2
17,0,0,6,2.3,2.6,1,7.4,3,0,4,1.0,88,3.52,2
19,1,2,0,4.4,2.8,1,8.4,3,0,2,0.0,85,3.83,2
17,1,0,0,5.7,2.0,1,6.5,2,1,0,18.0,84,3.06,2
20,1,2,4,9.0,1.4,2,5.4,1,1,2,23.0,70,3.05,1
16,0,0,6,5.3,3.1,1,6.9,3,0,2,15.0,89,3.99,2
19,1,2,3,9.1,2.6,1,5.9,1,1,1,22.0,62,2.94,1
20,1,2,4,3.6,2.1,1,7.5,4,0,0,7.0,89,4.0,2
19,0,2,0,7.9,2.3,1,6.2,1,1,3,26.0,54,3.31,1
18,0,2,4,6.6,1.9,1,5.5,1,1,4,11.0,73,3.37,2
18,1,2,0,2.8,2.3,1,7.7,4,0,3,12.0,88,4.0,2
16,0,0,0,3.1,0.9,1,7.0,3,0,2,9.0,85,3.53,2
19,2,2,0,1.0,3.0,1,9.2,4,1,3,0.0,98,4.0,2
21,1,2,4,4.9,2.6,1,5.5,2,1,4,12.0,77,3.27,2
15,0,0,0,4.5,1.7,1,7.6,3,1,0,9.0,87,3.05,2
20,0,0,4,4.8,0.9,1,5.9,1,1,2,16.0,75,3.69,2
23,1,1,0,5.5,1.8,0,8.1,4,1,4,10.0,87,3.43,2
20,1,2,4,1.7,2.0,1,7.6,2,1,2,10.0,93,3.45,2
17,1,0,2,5.0,1.9,1,7.6,3,1,4,15.0,84,3.49,2
17,1,0,2,6.8,1.8,1,6.7,2,1,3,17.0,76,3.85,2
17,0,0,6,5.3,1.8,1,5.3,1,1,1,12.0,71,3.57,2
19,1,2,3,4.5,2.3,1,7.1,3,0,2,6.0,83,3.8,2
21,0,2,2,2.2,1.7,1,7.9,3,0,1,1.0,89,3.78,2
18,0,2,1,5.8,2.5,1,7.2,4,0,3,19.0,84,3.96,2
16,1,0,4,3.8,2.3,1,6.9,3,0,4,7.0,82,3.26,2
20,1,2,5,8.0,2.5,0,4.7,2,1,3,21.0,53,3.19,1
18,1,2,0,6.6,1.7,1,5.6,2,1,2,9.0,79,2.89,2
16,2,0,6,4.3,1.5,1,7.0,2,0,1,15.0,88,3.22,2
19,1,2,4,1.4,1.6,1,7.8,4,0,2,7.0,98,4.0,2
19,0,0,3,2.9,0.4,1,7.6,2,1,2,2.0,96,4.0,2
18,3,2,0,5.1,1.5,1,7.2,2,1,4,6.0,86,3.31,2
18,1,2,0,6.9,1.1,1,5.3,1,1,3,25.0,63,2.97,1
18,0,2,0,4.8,2.1,1,6.2,3,0,1,9.0,79,3.84,2
17,0,0,6,5.5,2.2,1,7.5,2,1,0,13.0,77,3.31,2
19,0,2,6,5.3,1.3,0,6.7,3,0,2,23.0,61,2.86,1
20,0,2,4,2.9,1.6,1,7.7,3,0,1,11.0,85,3.41,2
16,0,0,4,4.9,2.6,1,7.0,1,0,2,26.0,85,3.45,2
20,0,2,5,2.1,1.6,1,7.2,4,0,4,11.0,78,3.45,2
16,0,0,0,8.6,2.3,1,4.5,1,1,4,22.0,58,2.77,1
18,1,2,0,8.9,2.0,1,6.4,2,0,0,18.0,59,3.66,2
16,1,0,0,4.7,1.8,1,5.5,2,1,2,8.0,72,4.0,2
21,0,2,0,3.8,1.7,1,7.2,3,0,1,9.0,79,3.84,2
20,0,2,6,6.2,1.0,1,7.5,2,1,2,11.0,71,3.54,2
21,0,0,0,5.0,2.9,1,7.1,3,0,2,13.0,81,4.0,2
17,0,0,6,6.0,2.6,1,7.2,2,1,2,9.0,79,3.89,2
15,1,0,6,1.9,1.8,0,7.1,3,0,3,6.0,97,3.42,2
18,0,2,6,5.0,0.3,1,5.8,2,1,2,10.0,92,3.09,2
20,1,2,0,5.0,1.2,2,6.4,3,1,1,6.0,73,3.99,2
21,1,2,2,7.3,3.4,1,6.1,1,1,2,15.0,83,3.26,2
17,1,0,4,12.2,3.0,0,5.9,1,1,3,30.0,49,2.88,0
19,0,2,0,3.3,0.9,1,7.4,3,0,1,6.0,87,3.49,2
16,0,0,4,5.0,1.1,1,6.4,3,0,1,12.0,69,3.46,2
17,0,0,3,4.5,1.4,1,6.6,3,0,4,11.0,81,3.77,2
17,0,0,6,4.6,0.6,1,7.2,3,0,3,10.0,88,3.55,2
18,0,2,3,6.8,1.9,1,5.9,2,1,2,17.0,70,2.64,1
17,0,0,3,3.5,2.0,1,7.2,2,1,4,13.0,85,3.97,2
18,0,2,0,5.0,1.4,0,7.0,2,0,4,7.0,90,3.4,2
19,1,2,5,3.9,2.2,1,7.9,3,0,4,8.0,87,3.16,2
21,0,0,0,11.1,1.9,1,3.1,1,1,1,32.0,49,2.67,0
15,1,0,4,3.9,1.7,1,7.1,3,1,1,9.0,78,3.74,2
19,0,0,6,5.3,1.6,1,6.4,2,1,2,9.0,86,3.7,2
16,1,0,0,10.0,2.2,1,4.1,1,1,1,32.0,53,2.95,0
16,0,0,4,3.4,2.1,1,6.8,3,0,4,15.0,98,4.0,2
19,1,2,0,6.1,1.7,1,7.0,3,1,3,5.0,85,3.55,2
17,1,0,6,3.1,2.1,1,7.7,3,1,1,1.0,93,3.93,2
17,0,0,4,2.8,0.5,1,7.8,4,0,1,8.0,87,3.52,2
17,0,0,6,5.7,1.4,1,6.7,2,1,1,12.0,68,3.21,2
18,1,2,0,9.0,3.1,1,6.9,2,1,3,19.0,72,3.08,2
17,0,0,3,8.6,1.4,0,4.9,2,1,2,26.0,58,3.1,1
20,1,2,4,4.9,1.3,1,7.9,3,0,2,14.0,86,3.86,2
16,0,0,6,6.5,1.8,0,6.0,1,1,1,17.0,70,2.84,1
20,1,2,0,3.1,2.3,1,7.3,4,0,3,1.0,90,3.84,2
17,1,0,6,3.5,3.9,1,8.2,4,1,2,5.0,80,3.71,2
19,1,2,4,4.1,2.2,1,6.6,3,1,1,13.0,84,3.83,2
19,1,2,0,5.0,2.1,1,7.4,3,1,3,8.0,92,3.44,2
21,0,0,0,2.1,1.8,1,8.4,4,1,3,5.0,98,3.64,2
18,0,2,0,5.8,2.9,1,6.6,2,0,2,14.0,87,3.64,2
17,0,0,0,3.8,1.8,1,8.3,4,0,2,14.0,85,3.78,2
19,2,2,0,5.1,0.7,1,7.8,3,1,1,16.0,81,3.55,2
26,0,1,6,1.9,1.7,1,9.1,4,1,4,5.0,91,3.83,2
21,0,2,3,4.9,1.4,1,7.1,1,0,0,11.0,93,3.35,2
16,1,0,4,5.5,2.6,1,5.9,2,1,3,11.0,76,3.76,2
18,1,2,4,3.0,2.7,1,7.7,3,0,0,8.0,88,3.74,2
18,0,2,0,6.0,1.5,1,7.8,3,1,2,13.0,81,3.44,2
21,1,2,0,7.8,1.8,1,5.9,1,1,4,19.0,74,3.32,2
17,0,0,0,2.0,1.6,1,7.1,3,0,1,9.0,98,3.68,2
26,0,1,4,3.9,1.7,1,6.6,1,1,0,11.0,73,3.26,2
18,1,2,3,3.9,1.1,1,8.5,3,0,3,13.0,97,3.52,2
18,0,0,0,7.9,0.3,1,5.0,1,1,2,17.0,60,3.41,2
18,1,2,4,6.9,1.8,1,6.2,2,1,4,14.0,70,3.29,2
15,1,0,5,1.5,1.7,1,8.6,4,1,2,6.0,94,3.81,2
18,3,2,5,9.3,2.0,1,5.8,1,1,1,19.0,73,2.96,1
20,0,2,4,3.7,3.0,1,9.0,3,0,2,11.0,85,3.97,2
20,1,2,4,9.4,1.6,1,6.0,1,1,4,16.0,65,3.03,1
17,3,0,0,6.2,2.0,1,6.6,3,1,3,18.0,81,3.45,2
19,1,0,4,4.5,1.5,1,6.6,2,0,4,8.0,88,3.64,2
20,1,2,6,3.0,2.7,1,7.5,3,1,3,13.0,90,3.54,2
18,1,2,3,4.5,2.6,1,7.2,3,0,1,9.0,90,4.0,2
16,0,0,5,2.9,0.9,1,8.2,4,0,4,9.0,93,3.17,2
19,0,0,2,3.5,2.4,0,8.2,3,0,2,19.0,90,3.73,2
18,2,2,6,8.8,1.9,1,5.2,1,1,3,29.0,60,3.39,1
18,0,2,6,3.2,0.0,1,6.3,2,0,2,10.0,88,3.14,2
19,1,2,5,3.2,1.9,1,8.0,3,0,2,16.0,90,3.58,2
19,0,2,3,4.4,0.8,1,6.2,2,0,4,14.0,81,3.6,2
19,0,2,4,4.7,1.2,1,6.1,2,0,2,8.0,78,3.64,2
24,0,1,0,3.7,1.7,1,7.5,4,0,4,8.0,95,3.35,2
18,0,2,2,3.6,2.4,1,7.8,2,1,0,6.0,93,3.51,2
16,0,0,0,9.6,1.8,1,5.1,1,1,2,19.0,68,3.7,2
17,0,0,3,6.0,1.4,1,7.7,3,1,2,17.0,78,3.35,2
19,1,2,4,2.8,0.9,1,7.3,3,0,3,7.0,97,3.5,2
19,0,2,6,2.6,2.2,1,6.8,2,1,3,8.0,87,3.48,2
22,0,2,4,2.6,0.6,1,7.1,3,0,1,4.0,96,3.8,2
19,0,2,1,2.7,2.3,1,7.8,4,1,2,9.0,90,4.0,2
17,0,0,4,2.9,1.2,1,8.6,3,0,3,2.0,95,3.9,2
17,0,0,2,3.2,1.6,2,7.8,3,0,2,13.0,92,3.81,2
22,3,1,0,5.7,0.7,1,5.9,3,0,1,7.0,72,3.48,2
18,1,2,5,4.0,1.8,1,7.2,3,0,1,11.0,86,3.71,2
20,0,2,4,4.0,1.1,1,6.1,2,1,2,11.0,80,4.0,2
19,2,2,3,5.5,1.8,0,6.4,3,1,2,9.0,82,2.94,2
18,1,2,3,3.6,1.7,0,7.9,2,0,3,13.0,89,3.85,2
20,0,2,0,4.1,0.0,1,6.7,4,0,1,16.0,84,3.78,2
18,2,2,5,3.5,2.4,1,7.1,4,0,2,13.0,81,3.8,2
20,1,2,1,5.1,2.0,1,5.5,1,1,2,21.0,77,3.26,2
18,1,2,3,8.4,1.1,1,5.4,1,1,2,25.0,63,3.21,1
16,1,0,4,8.5,2.2,1,4.9,1,1,3,18.0,66,3.37,2
18,3,2,5,2.3,1.4,1,9.3,4,1,3,5.0,96,4.0,2
17,0,0,0,7.2,1.6,1,7.4,2,1,1,14.0,90,3.37,2
21,0,2,3,5.5,1.7,1,5.2,2,1,2,5.0,73,3.72,2
18,1,0,0,9.0,1.9,1,6.4,1,1,3,18.0,72,3.01,2
17,0,0,4,14.0,1.4,0,3.9,1,0,2,26.0,53,2.48,0
18,0,2,3,5.4,1.8,1,6.8,2,1,3,17.0,84,3.44,2
18,0,2,3,8.4,1.3,1,4.3,1,1,4,29.0,73,2.86,1
19,1,2,6,3.1,2.2,1,8.4,2,0,4,6.0,91,4.0,2
23,1,2,4,4.1,2.5,1,6.0,2,1,4,15.0,73,3.6,2
18,0,0,4,7.8,1.3,1,5.5,1,0,2,21.0,67,3.53,2
19,0,2,2,8.7,2.2,1,4.8,1,1,1,27.0,54,2.57,0
20,0,0,6,5.8,0.8,1,5.8,1,1,3,16.0,78,3.25,2
22,0,1,0,4.0,2.4,2,6.6,4,0,4,15.0,84,2.83,2
16,0,0,3,3.2,1.6,1,8.7,4,1,1,6.0,98,3.55,2
18,3,2,3,5.9,2.5,1,6.9,2,1,2,11.0,71,3.68,2
17,1,0,4,5.2,2.1,1,8.2,3,1,0,17.0,82,3.11,2
16,1,0,4,3.6,2.6,1,7.9,2,1,2,5.0,98,4.0,2
20,0,2,0,12.0,1.3,0,3.3,1,1,4,13.0,48,2.45,0
20,1,2,6,3.3,3.1,1,8.2,4,0,3,12.0,86,4.0,2
19,1,0,0,2.4,2.2,1,7.5,3,1,4,4.0,96,3.89,2
19,1,2,0,12.5,1.6,1,3.6,1,1,3,32.0,49,2.59,0
24,1,1,4,2.1,2.0,1,7.7,3,0,2,0.0,97,4.0,2
18,0,2,0,5.0,0.5,1,6.7,3,0,2,10.0,72,3.46,2
18,0,2,2,6.0,1.9,1,6.3,1,1,2,19.0,62,3.51,2
20,0,2,0,4.3,1.8,2,6.4,3,0,3,14.0,81,3.63,2
18,0,2,3,3.1,0.9,1,6.9,2,1,2,6.0,84,3.42,2
21,1,2,0,3.0,2.2,1,7.2,2,0,2,9.0,82,3.57,2
17,0,0,6,3.9,1.9,1,8.1,3,0,2,11.0,98,3.73,2
19,1,2,0,5.6,2.6,1,7.1,3,1,2,17.0,74,3.25,2
20,1,2,4,2.6,0.6,1,8.5,5,0,1,9.0,93,3.35,2
18,0,2,0,2.8,2.6,1,8.4,3,0,3,6.0,92,4.0,2
18,1,2,0,6.1,0.8,1,7.8,4,1,2,18.0,88,3.59,2
18,0,2,6,10.6,1.3,0,6.4,2,1,3,27.0,56,2.71,1
18,1,2,5,3.9,1.8,1,5.9,3,1,3,19.0,76,3.52,2
15,1,0,3,5.1,1.3,1,6.8,2,1,4,10.0,77,3.16,2
16,0,0,6,2.1,2.2,1,8.2,4,0,1,12.0,98,4.0,2
19,1,2,4,1.7,1.1,1,8.4,4,0,2,6.0,98,3.92,2
20,0,2,0,2.3,1.5,1,7.6,3,1,1,4.0,98,3.7,2
18,0,2,4,6.3,2.5,1,6.7,3,1,2,3.0,83,3.28,2
19,0,2,4,4.0,1.6,1,5.8,2,1,1,26.0,81,3.46,1
22,1,2,4,4.5,1.7,2,6.8,3,0,2,19.0,76,3.81,2
18,1,2,4,8.5,2.9,1,5.4,1,1,3,24.0,67,2.8,1
18,0,2,2,2.8,2.1,1,8.1,4,0,4,8.0,91,3.73,2
18,0,2,3,2.0,3.4,1,7.1,4,1,4,9.0,84,3.48,2
19,1,2,0,5.1,3.2,0,6.5,2,1,1,13.0,68,3.32,2
20,1,2,6,3.1,1.1,1,6.9,2,0,3,6.0,91,3.73,2
18,0,2,4,11.6,1.2,1,6.2,1,1,3,20.0,64,2.96,1
20,0,2,3,5.9,2.5,1,6.7,2,0,2,11.0,76,3.56,2
20,0,2,5,9.9,0.8,0,5.3,1,0,3,20.0,64,2.64,1
19,1,2,0,3.2,2.6,1,8.5,4,0,2,4.0,91,3.75,2
17,0,0,0,4.4,2.2,1,6.4,3,0,4,12.0,79,3.36,2
19,1,2,0,3.7,2.6,1,7.0,2,0,4,14.0,86,3.65,2
18,0,2,0,4.5,2.3,2,6.0,2,0,3,15.0,93,3.8,2
21,0,2,4,9.6,2.3,0,5.4,1,0,4,19.0,62,3.0,1
19,0,0,4,6.3,1.3,0,6.5,3,1,2,8.0,81,3.78,2
20,1,2,0,5.4,2.0,1,5.0,1,1,2,14.0,79,3.18,2
19,0,2,1,1.5,2.3,1,8.2,5,0,4,6.0,98,3.71,2
17,1,0,0,14.0,1.4,1,5.5,1,1,4,33.0,47,2.72,0
19,0,2,0,4.6,1.2,2,7.5,3,0,2,10.0,86,3.63,2
19,0,2,6,2.8,1.5,1,6.6,4,0,3,9.0,74,4.0,2
18,1,2,2,11.2,2.4,1,3.7,1,1,3,33.0,50,2.4,0
15,0,0,0,4.5,3.2,1,7.3,4,1,0,14.0,88,3.35,2
20,0,2,5,5.4,0.5,1,6.0,1,1,2,14.0,70,3.24,2
24,1,1,0,4.2,0.6,1,7.1,3,0,1,12.0,87,3.1,2
21,0,2,2,2.3,1.6,1,8.6,3,0,1,0.0,94,3.51,2
19,0,0,6,3.5,2.1,1,5.8,2,1,4,12.0,94,3.37,2
18,1,2,6,4.3,1.9,0,6.0,2,0,3,13.0,83,3.48,2
19,1,2,4,1.9,0.9,1,7.3,3,1,2,10.0,95,4.0,2
21,3,2,0,9.4,1.6,1,4.9,1,1,2,12.0,63,3.46,2
18,0,2,4,4.7,3.0,1,5.8,2,1,1,14.0,87,3.4,2
20,1,0,0,5.6,3.1,1,6.1,3,0,2,17.0,71,3.13,2
18,1,2,0,11.3,2.3,1,3.5,1,0,1,33.0,47,2.72,0
18,0,2,6,3.0,3.2,0,6.7,4,0,1,0.0,98,3.47,2
18,1,2,4,3.9,2.0,1,7.2,3,1,4,11.0,88,3.63,2
19,0,2,0,9.7,2.3,1,6.2,1,0,2,22.0,66,3.06,1
22,1,2,0,3.8,2.1,1,6.7,4,0,3,11.0,74,3.58,2
18,0,2,0,2.8,1.6,1,7.4,3,0,2,13.0,87,3.38,2
16,0,0,4,4.4,0.6,0,6.3,1,0,2,7.0,81,3.63,2
16,1,0,4,6.8,1.9,1,5.5,1,1,4,16.0,69,2.61,1
19,1,2,6,4.6,1.2,1,6.9,3,0,2,10.0,82,3.03,2
17,1,0,5,3.3,2.0,1,7.6,4,0,2,8.0,94,3.64,2
18,0,2,4,6.7,1.7,1,6.2,1,1,3,17.0,66,3.8,2
22,1,2,0,2.9,0.9,1,6.4,3,1,1,16.0,78,3.9,2
18,0,2,4,7.7,1.4,1,6.2,2,1,2,13.0,80,2.76,2
19,0,2,5,9.3,2.5,1,3.6,1,1,4,23.0,62,2.94,1
15,1,0,0,5.5,2.1,1,6.4,1,0,2,19.0,81,3.37,2
20,1,2,3,8.4,3.2,1,5.1,2,1,3,12.0,68,3.47,2
18,1,2,3,13.5,1.7,1,3.8,1,1,4,31.0,33,3.18,0
22,1,1,4,2.8,1.3,1,7.1,4,0,3,12.0,92,3.76,2
17,0,0,1,5.1,1.4,1,7.7,3,1,4,11.0,81,3.54,2
20,0,2,6,4.2,1.9,1,6.2,3,0,2,18.0,74,3.28,2
20,0,2,0,6.2,1.4,1,5.6,2,0,2,13.0,79,4.0,2
20,1,2,3,4.3,1.2,1,7.5,4,0,3,8.0,91,3.49,2
18,1,2,3,4.5,1.2,1,7.0,3,0,2,17.0,82,3.44,2
18,1,2,0,11.2,1.1,1,5.7,1,1,2,19.0,64,2.97,1
19,0,2,1,5.4,2.8,1,7.1,3,1,1,17.0,78,3.37,2
17,1,0,4,2.6,1.6,1,7.1,4,0,3,8.0,98,3.96,2
21,1,2,0,2.3,1.1,1,7.2,2,0,2,6.0,93,3.66,2
19,1,2,3,5.0,0.3,1,6.8,2,1,3,15.0,69,3.48,2
19,1,2,6,5.4,3.1,1,7.8,3,1,4,9.0,86,3.87,2
20,0,2,0,6.7,2.0,1,7.1,3,1,0,17.0,80,3.28,2
21,1,2,6,6.6,1.6,1,5.8,1,1,3,25.0,62,2.47,1
20,0,2,0,2.6,2.4,1,7.1,3,0,3,14.0,76,3.42,2
18,0,2,1,1.8,1.2,1,8.8,5,1,1,10.0,90,3.7,2
19,0,2,0,4.5,2.2,1,6.8,2,1,0,10.0,88,3.5,2
17,0,0,4,2.8,1.3,1,6.3,3,0,0,4.0,91,3.76,2
18,0,2,0,3.8,3.0,1,6.5,2,0,2,10.0,81,3.54,2
19,1,2,6,2.2,1.1,1,8.2,4,0,3,0.0,88,3.56,2
19,0,2,6,4.3,2.4,1,6.8,2,0,2,6.0,73,4.0,2
18,1,2,3,5.6,2.8,1,7.9,2,1,4,14.0,79,3.06,2
18,1,2,2,2.9,2.1,1,7.8,5,1,3,9.0,98,4.0,2
18,1,2,2,10.7,2.6,1,4.9,1,1,2,25.0,54,2.81,1
17,0,0,6,6.0,1.6,2,5.5,2,1,4,24.0,66,2.99,1
16,1,0,0,11.8,2.8,0,3.7,1,1,4,40.0,38,1.99,0
17,0,0,4,4.1,2.6,0,8.4,3,0,0,8.0,90,3.38,2
19,0,2,6,3.3,2.9,0,8.5,3,0,1,7.0,93,3.19,2
19,0,2,3,4.2,1.8,1,6.6,3,1,2,13.0,75,4.0,2
18,0,2,6,8.1,2.4,1,5.7,2,1,1,27.0,64,3.44,1
20,0,2,5,1.9,2.6,1,8.3,4,0,0,7.0,89,4.0,2
16,1,0,6,5.2,0.0,1,7.1,3,1,2,17.0,79,3.65,2
17,0,0,4,5.4,2.7,1,6.7,3,1,4,11.0,80,3.61,2
17,0,0,0,3.9,2.4,1,6.8,4,0,4,2.0,92,3.99,2
23,1,2,6,3.3,0.9,1,6.8,4,1,2,10.0,86,3.75,2
16,1,0,0,3.8,1.6,1,7.1,3,0,2,12.0,80,4.0,2
20,0,0,0,4.3,3.0,1,7.9,3,0,2,11.0,83,3.46,2
21,1,2,2,3.5,2.7,1,7.8,4,0,4,19.0,84,3.15,2
22,0,1,4,3.6,0.7,1,7.1,4,1,3,13.0,88,3.79,2
19,1,0,0,4.7,1.3,1,7.4,3,1,2,21.0,85,3.72,2
18,0,2,6,3.7,2.0,1,8.7,3,1,3,8.0,98,3.75,2
23,1,1,4,3.7,2.6,1,6.9,4,0,1,13.0,82,3.23,2
20,0,2,0,3.2,1.3,1,7.7,2,0,3,10.0,92,4.0,2
18,0,2,5,2.8,2.4,0,7.4,3,0,1,4.0,85,3.73,2
22,2,1,0,9.1,1.3,1,4.5,1,1,3,22.0,55,3.28,1
21,0,2,6,2.6,1.9,1,6.7,3,0,2,15.0,98,3.9,2
18,1,0,2,3.6,3.0,1,6.0,1,0,2,13.0,95,3.67,2
17,0,0,1,6.5,1.8,1,5.1,1,1,3,16.0,69,3.18,2
17,1,0,0,5.8,1.9,1,7.7,3,1,4,11.0,67,3.68,2
20,0,2,4,7.7,2.7,1,4.4,1,0,2,26.0,61,3.23,1
18,0,2,0,3.1,2.7,1,7.7,3,0,4,3.0,87,3.86,2
22,0,1,6,3.2,0.4,1,8.1,4,0,3,6.0,98,3.88,2
19,0,2,1,9.2,0.5,1,4.3,1,0,2,14.0,73,3.22,2
17,1,0,6,3.2,1.7,1,6.6,2,0,4,7.0,95,3.85,2
22,1,2,6,2.3,1.8,1,6.9,4,0,4,10.0,83,3.62,2
18,1,2,4,14.0,2.4,1,3.8,1,0,3,26.0,44,2.89,0
20,1,2,0,2.7,2.2,0,9.8,4,0,2,1.0,96,3.64,2
18,1,2,4,2.6,2.0,2,8.2,4,0,1,4.0,98,3.45,2
18,0,2,0,3.9,1.4,1,8.0,2,0,3,1.0,98,3.88,2
19,1,2,0,5.0,1.2,1,6.8,3,1,4,9.0,73,3.46,2
18,2,2,4,5.6,2.6,1,6.3,3,0,2,19.0,86,3.73,2
20,1,2,3,2.3,2.4,1,6.7,3,0,2,13.0,77,3.68,2
19,0,2,4,2.8,2.8,1,6.9,3,0,2,15.0,79,3.89,2
17,0,0,6,5.1,0.6,1,7.2,3,1,4,15.0,81,3.41,2
18,0,2,0,3.9,0.9,1,8.0,3,0,4,14.0,81,3.47,2
20,1,0,4,8.8,1.4,1,4.2,1,1,4,19.0,58,3.07,1
17,0,0,3,2.4,2.4,1,7.9,4,0,3,9.0,98,3.7,2
17,0,0,4,5.5,2.0,1,6.9,3,1,2,6.0,76,3.67,2
17,0,0,6,5.2,3.2,1,6.4,2,0,1,14.0,81,3.4,2
16,0,0,0,7.5,3.1,0,6.7,2,1,4,23.0,82,2.92,1
21,1,0,6,3.4,2.2,1,6.4,2,1,2,8.0,88,2.97,2
19,0,2,0,5.8,1.4,1,6.4,3,1,3,10.0,82,3.09,2
17,1,0,4,2.4,1.6,1,7.2,3,0,2,5.0,89,4.0,2
18,1,2,4,6.0,2.0,1,5.9,2,1,2,15.0,78,3.32,2
22,3,2,4,6.9,2.5,1,5.2,1,1,4,28.0,50,3.17,1
24,1,1,2,5.8,2.1,2,6.7,2,1,1,18.0,71,3.46,2
19,1,2,4,3.3,1.7,1,7.8,4,0,2,2.0,96,4.0,2
15,0,0,6,7.7,2.2,1,6.2,1,1,4,18.0,68,3.28,2
20,1,2,5,6.4,1.9,1,6.3,3,0,2,14.0,76,3.26,2
18,0,2,6,2.7,2.4,0,9.0,4,0,1,11.0,93,3.65,2
18,0,2,4,2.0,1.0,1,7.2,3,0,3,4.0,85,3.58,2
19,1,2,0,6.0,0.6,0,7.8,3,1,0,16.0,77,2.88,2
20,0,2,2,6.9,1.7,2,5.8,2,1,4,16.0,66,3.57,2
17,1,0,4,1.4,2.4,1,8.5,3,0,2,6.0,98,3.78,2
18,1,2,6,6.9,1.7,1,6.2,1,0,2,13.0,73,2.88,2
20,1,2,4,5.1,2.5,1,7.0,3,1,3,16.0,76,3.62,2
19,1,0,0,5.0,2.2,1,7.2,2,0,1,12.0,89,3.14,2
18,1,2,6,2.9,0.8,1,6.4,3,0,4,9.0,84,4.0,2
16,1,0,5,3.3,0.4,1,6.9,4,0,1,14.0,83,2.88,2
17,0,0,0,1.5,1.7,1,7.0,4,1,2,7.0,85,3.52,2
19,1,2,4,7.3,2.1,1,5.8,1,1,3,20.0,65,3.04,1
24,0,1,0,4.3,2.3,1,5.5,1,1,2,13.0,78,3.89,2
16,0,0,4,2.9,0.9,1,7.6,2,0,1,0.0,98,3.61,2
19,1,2,4,2.9,3.1,1,6.7,3,1,2,19.0,80,3.62,2
19,1,2,0,3.8,2.5,1,6.2,3,0,0,12.0,77,3.75,2
17,1,0,4,9.5,1.2,1,4.3,1,1,4,27.0,47,2.77,0
16,1,0,0,3.2,3.5,1,7.7,3,1,1,13.0,95,3.7,2
19,1,2,0,6.3,2.5,1,5.8,2,1,2,17.0,71,3.47,2
18,1,0,4,6.8,1.3,1,6.0,2,1,2,9.0,85,3.39,2
22,0,2,0,2.4,2.1,1,7.7,3,1,1,5.0,93,4.0,2
17,1,0,0,14.0,1.1,1,4.3,1,0,3,32.0,38,2.38,0
19,0,2,6,3.5,1.3,1,8.3,3,0,3,6.0,98,3.54,2
18,0,2,6,6.5,1.8,1,5.8,1,1,0,11.0,64,3.64,2
19,2,2,0,6.9,1.0,1,6.4,3,1,2,14.0,83,3.48,2
20,0,2,4,3.6,1.7,1,6.4,2,0,1,8.0,82,3.63,2
20,1,2,0,6.5,0.6,1,6.0,1,1,1,19.0,76,2.74,1
18,1,2,0,4.5,1.5,1,6.9,2,1,2,9.0,82,3.77,2
17,1,0,0,4.9,2.0,1,7.2,2,1,0,19.0,77,3.28,2
18,0,2,5,2.2,2.4,1,8.6,4,1,0,13.0,91,4.0,2
16,1,0,4,5.3,1.5,1,7.2,3,1,2,2.0,87,4.0,2
19,0,2,4,5.3,1.0,1,7.3,2,1,4,10.0,89,3.52,2
19,3,2,6,7.1,1.7,0,5.4,2,1,0,13.0,68,3.31,2
18,0,2,0,8.9,1.3,1,4.1,1,1,0,18.0,57,2.93,1
17,0,0,4,9.6,2.3,1,5.5,1,0,2,14.0,55,3.04,1
18,0,2,0,4.5,2.5,1,6.8,2,0,3,10.0,81,3.58,2
17,1,0,4,2.8,2.2,1,8.5,4,0,3,6.0,98,3.53,2
19,1,0,0,4.0,1.6,1,7.0,4,0,2,3.0,88,3.33,2
18,0,0,0,6.0,3.0,2,6.8,3,1,0,15.0,83,3.39,2
19,1,2,5,2.5,0.6,1,7.8,4,0,2,1.0,96,3.57,2
21,0,2,5,11.6,1.5,0,4.4,1,1,1,25.0,50,2.43,0
20,1,0,0,3.8,3.2,1,7.7,3,0,1,11.0,88,3.62,2
19,1,2,6,8.1,0.7,1,7.4,2,1,4,32.0,81,3.32,1
23,0,1,6,10.2,2.9,1,5.3,1,1,2,18.0,62,2.84,1
19,1,2,0,11.7,0.6,1,4.7,1,0,3,17.0,51,2.69,1
17,1,0,0,4.3,1.4,1,8.1,3,0,3,11.0,89,3.62,2
20,1,2,6,5.8,2.1,0,7.6,3,0,4,20.0,76,3.4,2
19,0,2,4,3.8,1.6,1,7.6,4,0,3,7.0,98,3.38,2
18,1,2,3,5.1,2.3,0,6.7,2,1,3,10.0,87,3.44,2
15,0,0,0,3.4,2.9,0,6.8,2,0,3,12.0,85,3.96,2
19,0,2,3,6.0,2.7,2,5.7,2,1,2,16.0,70,3.38,2
20,0,2,4,8.8,1.8,1,4.8,1,1,2,13.0,74,2.93,2
18,0,0,6,2.6,3.1,1,9.2,4,1,1,2.0,98,3.46,2
19,1,2,4,3.9,1.1,1,6.5,2,0,3,16.0,84,3.19,2
20,1,2,6,9.4,1.9,1,5.0,1,1,4,28.0,46,2.48,0
18,0,2,3,5.4,1.4,1,6.6,2,1,1,16.0,71,3.6,2
19,1,2,3,7.5,1.6,1,5.3,1,1,3,20.0,79,2.95,2
19,1,2,4,6.1,2.8,1,5.9,1,0,3,11.0,74,3.16,2
18,1,2,4,3.1,0.5,1,7.8,4,0,2,3.0,95,4.0,2
15,1,0,0,14.0,1.2,1,5.3,1,1,2,34.0,54,2.74,0
18,0,2,0,14.0,1.8,1,4.2,1,1,3,32.0,44,2.41,0
18,1,2,0,6.1,1.5,0,6.0,2,1,4,19.0,70,3.38,2
21,0,2,4,7.0,0.4,1,6.9,2,1,2,16.0,81,3.08,2
20,1,0,3,4.2,3.7,1,7.5,3,0,1,7.0,91,4.0,2
17,1,0,4,4.6,2.4,1,6.2,3,1,1,16.0,76,3.8,2
20,1,2,3,12.3,1.1,1,4.8,1,0,2,39.0,60,2.34,0
17,0,0,4,2.0,2.1,0,8.0,2,1,3,4.0,97,3.42,2
18,0,0,6,3.8,1.3,1,6.8,2,0,1,15.0,74,3.26,2
17,0,0,4,4.9,2.8,1,7.2,3,1,4,14.0,93,3.55,2
17,1,0,0,4.5,1.8,1,8.3,4,1,4,9.0,81,4.0,2
19,1,2,4,4.1,2.5,1,6.7,2,0,3,22.0,76,3.52,2
17,1,0,6,7.3,1.7,1,6.1,2,1,3,20.0,69,2.95,1
19,0,2,0,3.1,1.7,1,6.4,2,0,3,11.0,74,3.99,2
19,0,2,4,6.0,2.1,1,6.4,2,1,3,12.0,82,3.21,2
17,0,0,4,2.6,0.0,1,6.3,2,1,2,15.0,97,2.91,2
19,1,2,6,5.9,2.1,1,7.7,1,1,2,10.0,80,3.2,2
18,0,2,0,2.9,2.2,1,5.5,2,1,1,19.0,81,3.36,2
15,1,0,6,4.1,2.1,1,7.8,4,0,2,12.0,84,3.56,2
21,1,2,6,5.3,1.4,0,5.8,2,1,2,16.0,78,3.48,2
22,1,2,6,11.1,2.3,1,4.8,1,1,1,24.0,64,3.09,1
17,0,0,6,5.0,1.7,0,7.0,3,0,2,9.0,84,3.31,2
16,0,0,4,4.9,2.7,1,6.8,4,0,4,22.0,75,3.77,2
20,0,2,0,9.8,0.8,1,5.8,1,1,3,19.0,61,3.03,1
17,0,0,4,4.1,1.7,1,6.7,4,0,2,16.0,84,3.84,2
17,1,0,6,13.5,2.6,1,5.4,1,1,2,31.0,44,2.25,0
20,1,2,0,5.1,1.4,1,6.4,2,0,3,5.0,82,3.51,2
19,1,2,6,4.5,1.5,1,6.2,3,0,3,11.0,76,3.68,2
19,0,2,4,5.9,1.0,1,6.6,3,1,3,12.0,78,3.3,2
20,1,2,4,9.6,2.6,1,7.4,2,1,0,12.0,81,3.35,2
20,1,2,6,9.4,2.7,1,4.2,1,1,2,23.0,60,2.67,1
19,0,2,5,2.5,1.2,1,8.0,2,1,2,4.0,98,3.48,2
17,0,0,4,7.9,1.1,1,6.2,2,1,2,12.0,63,3.54,2
16,1,0,0,3.8,2.2,1,7.5,3,1,2,11.0,74,3.95,2
17,0,0,0,2.2,1.4,1,5.9,3,0,1,8.0,92,3.58,2
18,1,2,2,12.0,0.9,1,5.0,1,1,0,31.0,53,2.57,0
23,0,1,0,2.9,1.0,1,7.0,3,1,2,7.0,94,3.48,2
19,1,0,4,6.8,2.4,1,6.9,1,1,1,9.0,74,3.12,2
19,1,2,4,3.2,1.3,1,7.9,3,0,4,0.0,92,3.23,2
18,0,2,0,3.1,1.8,1,6.7,3,1,3,9.0,89,3.52,2
20,0,2,4,5.4,0.8,1,5.4,2,1,2,22.0,66,3.06,1
19,1,0,4,11.0,1.5,0,4.2,1,1,2,28.0,56,2.93,1
20,1,2,0,3.3,2.4,0,7.1,3,0,2,4.0,91,3.87,2
18,1,0,0,8.7,2.8,1,3.9,1,1,3,15.0,70,2.96,2
21,1,0,0,2.5,1.5,1,8.4,3,1,2,0.0,92,3.87,2
19,0,2,4,4.0,1.3,1,6.7,3,0,3,10.0,90,3.44,2
19,0,2,6,5.1,2.1,0,5.8,2,1,2,16.0,75,3.93,2
20,0,2,0,2.7,2.0,1,8.6,4,0,2,8.0,98,4.0,2
18,1,2,0,8.7,1.7,1,6.0,1,1,3,19.0,66,2.98,1
17,0,0,0,3.6,2.5,1,7.9,3,0,1,16.0,89,3.8,2
17,1,0,0,2.9,2.1,2,7.6,3,0,2,6.0,93,3.65,2
17,1,0,4,7.6,3.3,1,6.7,2,0,2,16.0,79,3.2,2
19,0,2,6,2.7,1.4,1,8.2,3,0,2,3.0,98,4.0,2
19,1,2,0,5.8,1.4,1,5.8,2,1,2,14.0,79,3.41,2
16,1,0,0,8.1,1.4,1,6.0,2,0,2,18.0,69,3.25,2
20,0,2,0,4.7,1.8,1,6.0,3,0,3,5.0,86,3.55,2
18,1,2,6,5.0,2.3,1,5.6,1,1,3,7.0,81,3.42,2
21,0,2,0,7.5,0.9,1,6.8,2,1,4,20.0,72,2.94,1
18,1,2,0,2.3,1.4,1,8.2,5,1,3,8.0,96,3.88,2
18,0,2,0,4.1,2.5,1,7.3,3,1,1,13.0,80,3.1,2
17,1,0,4,4.8,1.9,1,5.6,1,1,3,15.0,79,3.07,2
18,1,2,6,4.4,3.1,1,6.9,4,1,2,18.0,81,2.86,2
19,0,2,4,6.4,2.4,1,5.9,2,0,2,18.0,70,3.21,2
17,0,0,4,6.1,1.8,1,7.7,2,0,4,11.0,85,4.0,2
20,1,2,4,2.2,1.6,1,6.6,3,0,2,5.0,93,3.82,2
18,0,2,6,2.9,2.4,2,7.0,3,1,2,11.0,91,3.3,2
18,0,2,0,3.1,2.8,1,7.0,2,0,4,15.0,94,3.56,2
17,3,0,3,4.9,2.2,1,7.0,4,1,3,12.0,81,3.91,2
19,0,2,4,2.0,1.0,1,6.8,3,0,4,6.0,81,3.46,2
20,0,2,4,3.7,1.5,1,6.3,3,0,1,3.0,90,3.52,2
18,0,2,0,5.3,2.7,1,7.7,3,1,2,5.0,97,4.0,2
19,0,2,0,6.1,1.7,1,5.7,3,1,2,16.0,83,3.67,2
21,0,2,0,5.6,2.2,1,6.5,1,1,0,20.0,74,2.68,1
16,0,0,6,4.2,1.4,1,5.8,2,1,2,11.0,78,3.71,2
22,1,1,6,5.1,2.1,1,6.4,2,1,2,14.0,81,2.91,2
15,1,0,0,3.6,2.4,1,7.5,3,0,2,14.0,83,3.68,2
21,0,2,4,6.0,1.3,1,6.6,2,1,4,9.0,95,3.65,2
20,0,0,6,9.9,3.2,1,4.5,1,1,3,22.0,69,2.71,1
23,0,1,4,4.4,0.8,1,6.8,3,1,1,13.0,82,3.43,2
20,0,2,6,5.1,1.6,1,6.5,3,1,2,13.0,74,3.27,2
16,0,0,6,9.3,1.7,1,5.8,2,1,4,31.0,65,2.58,0
18,0,2,0,2.6,1.4,1,7.4,2,1,0,0.0,89,3.85,2
15,1,0,4,4.8,2.1,1,8.2,3,1,3,11.0,79,3.4,2
17,0,0,0,6.9,2.3,1,5.7,2,1,2,23.0,68,2.78,1
20,0,2,6,4.4,2.8,1,6.3,3,1,4,12.0,85,3.87,2
19,2,2,4,3.6,1.6,0,6.5,4,1,2,12.0,86,3.61,2
19,0,2,4,4.2,1.7,2,6.8,2,0,2,2.0,83,3.87,2
23,0,2,4,10.0,2.4,1,5.1,1,1,4,27.0,63,2.97,1
21,0,2,0,3.4,0.6,1,7.2,3,0,4,4.0,93,4.0,2
17,0,0,4,7.3,1.5,0,7.5,2,1,3,24.0,76,3.21,1
18,1,2,6,4.6,1.5,1,7.8,3,1,3,3.0,80,3.84,2
19,1,0,4,2.5,1.6,1,8.2,4,1,3,12.0,96,3.63,2
21,1,2,6,2.4,1.0,1,7.8,3,0,2,17.0,89,3.68,2
21,0,2,3,6.0,1.7,1,5.1,2,1,4,18.0,71,3.4,2
16,0,0,4,2.6,1.2,1,8.5,4,1,2,6.0,93,4.0,2
17,0,0,4,7.4,0.2,1,5.7,1,0,1,10.0,68,2.94,2
18,2,2,3,5.1,0.9,1,7.2,3,1,4,18.0,87,3.35,2
19,0,2,4,3.7,2.2,1,6.8,2,0,3,16.0,80,2.98,2
19,1,2,6,14.0,1.9,1,4.1,1,1,1,27.0,53,2.47,0
23,1,2,0,2.6,2.7,1,9.0,4,0,3,3.0,98,4.0,2
20,0,2,2,6.3,2.9,1,6.4,2,1,0,8.0,76,3.45,2
17,0,0,4,6.3,1.9,1,7.0,2,1,1,3.0,90,3.55,2
19,1,2,6,4.1,1.4,1,6.3,2,1,2,14.0,85,3.5,2
20,0,2,2,2.2,2.2,1,8.2,5,1,4,12.0,93,3.52,2
20,1,0,4,4.6,0.6,1,7.4,3,0,2,14.0,89,3.73,2
21,1,2,2,7.3,1.8,1,7.4,3,1,3,16.0,74,3.47,2
17,0,0,1,4.0,1.3,1,7.0,3,1,1,11.0,85,3.9,2
21,0,2,0,3.7,1.5,1,6.4,1,0,3,14.0,89,3.8,2
19,0,2,4,3.6,2.3,0,7.4,3,1,3,11.0,88,3.83,2
18,0,2,5,4.7,1.6,1,6.7,2,1,2,14.0,87,3.6,2
19,0,2,4,8.0,0.6,1,7.3,1,1,4,12.0,80,3.7,2
21,1,2,4,3.7,2.5,1,6.7,3,0,3,16.0,91,3.59,2
22,1,1,6,10.1,1.1,0,4.5,1,1,2,28.0,54,2.85,1
17,0,0,6,7.4,3.0,1,6.0,2,1,3,21.0,69,2.76,1
18,0,2,0,3.6,1.6,1,6.7,3,1,2,14.0,84,3.74,2
17,3,0,6,3.3,2.0,2,7.3,3,0,4,3.0,92,3.72,2
19,1,2,3,2.8,2.3,1,8.4,3,1,1,10.0,98,3.69,2
18,1,2,6,5.7,1.5,1,5.1,1,1,4,19.0,77,3.18,2
16,1,0,4,5.2,1.5,1,6.4,2,1,0,17.0,85,3.54,2
18,1,2,1,6.5,1.3,1,6.2,1,0,3,12.0,72,3.33,2
17,0,0,6,7.5,1.6,1,5.5,1,1,4,26.0,70,3.32,1
18,1,0,4,4.8,2.0,1,6.8,2,0,2,15.0,83,2.93,2
19,0,2,4,2.4,1.1,1,9.6,3,0,2,2.0,97,4.0,2
17,0,0,4,6.6,1.7,1,8.2,3,1,2,9.0,88,3.29,2
20,2,0,4,4.4,1.0,1,6.8,3,1,4,7.0,87,3.88,2
17,0,0,6,4.9,3.1,1,6.9,2,0,3,26.0,73,3.16,1
21,1,2,4,3.8,0.8,1,6.0,3,0,3,13.0,84,3.61,2
19,1,2,4,5.9,3.1,1,6.6,3,1,4,20.0,76,3.29,2
19,0,2,0,4.2,1.9,1,6.8,3,0,1,9.0,74,3.49,2
18,1,2,0,3.7,1.6,1,6.7,3,0,4,17.0,79,3.85,2
20,1,2,0,4.9,1.8,0,7.8,3,1,3,17.0,96,3.42,2
17,1,0,4,2.0,1.7,0,8.9,5,0,2,0.0,97,4.0,2
17,0,0,4,5.5,2.9,0,7.0,2,1,3,13.0,78,3.65,2
19,0,2,4,10.1,1.7,1,5.5,1,1,1,17.0,66,3.06,1
18,0,2,3,2.2,2.5,1,5.9,3,1,1,13.0,88,4.0,2
21,1,2,6,5.8,2.7,1,5.9,2,0,1,9.0,81,3.19,2
19,0,2,0,9.8,2.9,1,4.8,1,1,3,24.0,60,3.32,1
17,0,0,0,2.3,1.1,1,7.3,2,0,0,10.0,84,3.86,2
20,1,0,0,3.6,1.6,1,8.1,4,1,2,8.0,95,3.82,2
18,1,2,0,6.1,2.6,1,4.5,1,1,2,9.0,81,3.0,2
17,1,0,6,5.0,1.9,1,8.5,4,1,3,12.0,95,3.22,2
17,0,0,5,7.1,0.9,1,7.2,2,1,3,13.0,81,3.62,2
18,1,2,0,2.7,2.2,1,5.4,2,0,1,19.0,87,3.78,2
19,1,2,4,12.7,2.0,1,4.2,1,1,4,34.0,44,2.35,0
18,1,0,6,3.2,1.9,0,6.8,3,1,2,13.0,94,3.66,2
19,0,2,6,8.7,2.0,2,7.2,3,0,0,15.0,79,3.54,2
20,1,0,3,5.0,1.2,1,5.6,2,1,1,15.0,64,3.41,2
19,0,2,3,8.9,2.1,1,4.6,1,1,2,27.0,57,2.65,1
19,1,2,4,1.7,0.2,1,7.1,4,1,3,0.0,95,3.61,2
17,0,0,2,4.1,2.1,1,6.8,2,1,3,15.0,83,3.3,2
16,0,0,4,2.9,2.0,0,8.4,4,1,4,10.0,84,3.76,2
17,1,0,6,3.5,2.2,1,5.9,2,1,3,7.0,87,3.46,2
15,1,0,3,6.3,1.3,1,6.3,1,1,3,18.0,79,3.35,2
17,0,0,0,8.8,1.2,0,6.3,1,1,1,23.0,63,3.55,1
21,0,2,3,3.4,1.8,1,8.6,5,0,2,7.0,98,4.0,2
18,0,2,0,3.3,2.4,0,7.2,3,0,1,3.0,80,3.59,2
19,1,2,6,5.0,1.6,1,6.4,3,0,3,8.0,78,3.49,2
22,0,1,4,4.0,1.9,0,6.9,3,1,3,7.0,81,3.69,2
20,0,2,0,5.0,2.1,1,6.6,1,1,4,16.0,84,3.19,2
16,1,0,3,4.4,1.4,1,8.0,3,0,2,3.0,93,3.18,2
19,1,2,6,2.2,1.5,1,7.6,3,1,3,13.0,93,3.63,2
19,2,2,2,2.5,2.6,1,8.0,2,0,3,10.0,89,4.0,2
22,0,2,3,8.3,2.2,1,4.9,1,0,3,21.0,57,2.91,1
21,0,2,0,4.9,2.1,1,7.7,3,0,2,15.0,93,3.35,2
17,0,0,0,4.8,1.7,0,6.3,3,1,2,15.0,81,3.6,2
18,0,2,0,6.4,2.1,1,7.2,2,1,4,12.0,80,2.83,2
19,0,2,0,5.7,2.4,1,5.4,2,1,4,17.0,75,2.73,2
16,1,0,3,6.4,1.5,1,7.7,3,1,3,17.0,72,3.71,2
16,3,0,2,6.1,0.9,1,5.6,1,1,3,14.0,81,3.74,2
18,0,2,0,1.4,1.8,1,7.8,4,1,2,7.0,98,4.0,2
17,0,0,4,4.1,1.9,0,7.0,3,1,3,10.0,81,3.59,2
16,1,0,6,2.3,2.3,1,8.9,4,1,3,10.0,95,3.22,2
17,0,0,3,5.7,1.8,1,6.3,2,0,2,15.0,79,3.27,2
18,0,2,0,3.9,1.0,1,8.1,4,1,2,15.0,87,4.0,2
18,0,2,0,3.0,1.6,1,7.3,3,0,2,14.0,86,3.96,2
19,1,2,3,2.3,1.8,1,5.8,2,1,2,16.0,81,3.49,2
18,0,2,0,10.8,1.3,1,5.4,1,1,2,30.0,51,2.74,0
20,1,2,6,2.5,2.9,1,7.9,3,0,3,0.0,98,4.0,2
19,3,2,6,2.8,2.3,1,7.7,3,1,1,2.0,98,4.0,2
19,0,2,6,8.9,1.7,1,5.6,1,1,3,15.0,64,3.06,2
17,1,0,0,4.9,1.2,1,4.9,2,1,3,21.0,62,3.56,1
17,2,0,3,5.0,2.4,1,6.6,3,1,3,14.0,83,3.6,2
22,0,2,4,2.1,1.9,0,7.6,3,0,3,13.0,97,4.0,2
16,0,0,0,2.8,1.2,1,7.9,4,0,1,3.0,98,3.77,2
19,1,2,6,7.4,1.8,1,5.8,1,0,2,15.0,78,3.39,2
18,0,2,4,10.0,2.5,1,6.5,1,1,2,23.0,65,2.98,1
17,0,0,4,2.4,2.2,0,7.9,4,1,3,7.0,95,4.0,2
15,1,0,0,2.7,1.2,1,7.7,3,0,1,15.0,84,3.77,2
18,0,2,4,2.3,0.7,1,7.3,3,0,2,6.0,98,4.0,2
17,0,0,4,10.5,1.5,1,5.7,1,1,3,26.0,60,2.27,1
22,1,1,6,4.2,1.3,1,7.1,3,1,2,15.0,79,3.59,2
21,1,2,3,5.2,0.5,1,7.2,2,1,3,20.0,78,3.09,2
20,1,2,4,6.2,2.5,1,5.7,2,0,1,17.0,75,3.39,2
23,0,1,0,6.8,2.4,1,5.9,3,1,3,17.0,58,3.31,1
19,0,2,0,3.0,1.5,1,7.9,3,0,3,8.0,94,3.78,2
18,0,2,3,4.1,1.2,1,6.0,3,1,2,6.0,82,3.38,2
20,1,2,6,4.4,1.4,1,7.2,3,0,1,12.0,79,3.18,2
20,0,2,3,4.5,1.0,1,7.5,4,0,2,8.0,91,3.46,2
20,0,2,4,4.5,2.1,1,6.6,2,0,3,8.0,83,3.31,2
16,1,0,3,5.2,2.9,1,6.4,2,1,2,6.0,79,4.0,2
19,0,2,0,5.8,1.5,1,6.2,3,1,3,14.0,79,3.48,2
20,1,2,3,2.3,1.4,0,8.6,4,1,4,9.0,88,3.98,2
21,0,2,4,2.6,2.4,1,8.6,4,1,2,8.0,88,3.59,2
22,1,2,0,5.0,2.6,0,8.0,4,1,3,17.0,81,3.65,2
24,0,2,6,2.5,0.5,1,8.6,4,1,2,0.0,98,3.8,2
17,0,0,0,5.1,1.2,1,7.2,4,1,0,14.0,71,3.07,2
18,1,0,0,8.2,2.3,1,5.1,2,1,2,20.0,61,3.23,1
17,0,0,6,3.7,1.5,1,7.9,2,1,3,13.0,83,3.88,2
23,0,1,4,7.3,0.4,0,5.7,2,1,2,20.0,69,3.07,1
17,3,0,4,4.0,3.0,1,6.0,3,0,1,9.0,71,3.23,2
21,0,2,0,5.4,0.8,1,5.7,1,1,2,15.0,84,3.61,2
18,1,2,5,7.8,2.1,1,4.8,1,1,3,20.0,63,2.7,1
21,1,2,0,6.2,0.4,1,7.2,2,1,1,12.0,80,3.35,2
18,0,2,4,4.2,1.4,1,8.2,4,0,2,6.0,97,3.95,2
17,1,0,0,4.4,3.4,0,7.2,3,0,3,8.0,86,3.49,2
18,0,2,4,7.0,2.7,1,6.3,1,1,2,18.0,68,3.68,2
20,0,2,4,9.7,2.2,1,5.6,1,0,3,26.0,60,3.03,1
18,1,2,4,3.2,0.7,0,7.7,5,1,2,3.0,96,3.66,2
18,0,2,4,9.7,2.7,1,5.6,1,1,2,19.0,52,3.18,1
23,0,2,5,6.6,2.3,1,7.3,2,1,2,14.0,77,3.24,2
18,0,2,6,3.8,1.7,1,6.7,2,0,3,18.0,80,3.74,2
17,0,0,6,11.4,0.7,1,5.1,1,1,1,26.0,59,2.75,1
20,1,2,2,3.8,2.1,1,7.6,2,0,2,15.0,92,3.22,2
20,0,2,0,7.9,1.3,1,4.7,2,1,2,29.0,59,3.45,1
19,0,2,6,7.0,1.3,1,6.9,2,1,4,17.0,78,2.97,2
17,0,0,6,2.6,1.9,1,7.2,3,0,2,3.0,93,3.79,2
21,1,2,6,1.4,0.4,1,8.0,4,0,3,7.0,88,3.82,2
17,0,0,0,3.6,2.2,1,9.2,4,1,3,13.0,89,3.83,2
19,0,2,0,5.5,1.9,1,6.8,2,1,3,12.0,79,3.3,2
18,1,2,6,7.5,0.8,1,5.5,1,1,1,23.0,61,3.0,1
18,0,2,3,5.4,0.7,1,7.2,3,1,1,8.0,91,3.36,2
20,1,0,0,3.8,0.6,1,6.6,2,1,1,3.0,96,3.91,2
18,1,2,0,9.5,1.2,1,5.1,1,1,4,23.0,60,3.21,1
16,0,0,4,9.4,1.3,1,6.3,1,1,4,13.0,66,3.23,2
16,2,0,3,7.8,0.3,1,4.2,1,1,1,27.0,64,3.27,1
20,0,2,5,3.2,2.1,1,8.3,3,1,1,12.0,86,3.7,2
16,1,0,0,3.8,1.9,1,9.4,5,0,2,8.0,98,4.0,2
17,0,0,2,1.8,1.3,1,7.4,3,0,1,13.0,98,3.86,2
24,1,1,4,5.3,2.0,0,6.1,1,0,3,11.0,85,3.63,2
18,0,2,3,8.6,2.8,1,4.3,1,1,1,28.0,68,2.61,1
21,1,0,0,3.3,2.1,1,7.9,4,0,1,7.0,95,3.31,2
18,1,2,0,3.8,2.2,1,9.3,4,0,3,9.0,82,3.93,2
18,3,2,0,6.1,2.8,1,6.0,1,1,0,21.0,69,3.42,2
20,1,2,6,2.8,2.1,1,6.8,4,0,3,13.0,94,4.0,2
17,0,0,1,8.8,2.2,1,4.6,1,1,1,18.0,67,3.15,1
18,0,0,0,3.6,1.7,1,8.7,3,0,3,11.0,92,4.0,2
20,0,2,4,6.3,1.6,1,7.5,3,1,3,8.0,90,3.12,2
20,0,2,6,3.7,2.8,1,7.2,3,1,2,9.0,92,3.4,2
23,1,1,1,10.0,1.4,1,3.3,1,0,0,29.0,44,3.28,0
17,1,0,2,3.3,1.7,1,7.2,3,0,2,18.0,82,3.43,2
17,0,0,4,3.5,2.3,1,7.8,3,0,3,11.0,83,3.5,2
19,1,2,4,2.5,2.0,1,6.0,2,1,0,0.0,95,3.53,2
20,0,2,6,5.1,0.7,1,6.7,3,1,3,8.0,82,3.74,2
16,1,0,0,8.2,2.0,1,5.6,1,1,2,25.0,64,3.22,1
18,0,2,4,9.4,2.6,1,4.9,1,1,3,20.0,69,2.91,1
23,0,1,0,8.2,2.2,1,5.8,2,1,2,21.0,59,3.25,1
17,1,0,0,7.6,2.2,1,4.5,2,1,3,21.0,70,3.12,1
20,1,0,6,2.4,1.6,0,6.6,2,1,0,15.0,79,3.16,2
18,1,2,2,4.0,2.6,1,7.3,4,1,2,17.0,85,3.43,2
19,0,2,0,2.1,2.4,1,9.1,4,0,4,0.0,98,4.0,2
21,0,2,3,3.3,0.2,1,8.6,3,1,3,4.0,82,3.77,2
18,0,2,3,7.8,1.4,1,5.0,1,1,4,11.0,69,3.22,2
19,1,2,4,4.2,1.9,1,6.0,3,0,2,9.0,93,3.66,2
18,1,2,0,10.4,3.0,1,5.1,1,1,1,23.0,51,3.29,1
22,0,1,2,4.6,1.3,0,6.9,2,0,3,5.0,83,3.85,2
18,0,2,5,3.3,1.7,1,6.6,2,1,4,10.0,79,3.67,2
17,0,0,4,4.0,1.8,1,6.9,2,1,4,11.0,87,3.54,2
19,0,2,5,3.3,1.3,1,4.3,3,0,2,4.0,70,4.0,2
21,1,2,4,4.2,2.2,1,6.9,3,0,2,11.0,80,3.64,2
20,0,2,3,3.4,0.8,1,6.7,2,0,1,11.0,88,3.94,2
19,1,2,0,4.3,0.5,1,6.9,2,0,2,8.0,89,3.33,2
17,1,0,6,2.0,1.7,1,7.3,3,0,2,10.0,90,4.0,2
17,0,0,0,4.4,3.2,1,7.0,4,0,2,6.0,84,3.23,2
18,0,0,2,6.3,1.7,1,7.0,1,1,3,14.0,85,3.23,2
18,1,2,4,7.8,0.6,1,3.7,1,1,2,27.0,60,2.82,1
19,0,2,2,7.6,1.6,1,6.0,2,0,1,26.0,62,3.17,1
20,0,2,0,4.0,3.3,1,7.7,3,0,4,11.0,87,3.51,2
21,0,2,6,7.9,1.2,1,6.6,2,1,0,18.0,76,3.31,2
20,1,2,6,2.8,1.1,1,7.1,3,1,2,10.0,85,3.77,2
22,1,2,0,3.6,2.7,1,8.1,1,0,2,10.0,91,3.76,2
19,1,2,3,6.4,2.2,1,6.1,2,1,1,16.0,82,3.45,2
19,0,2,6,3.7,2.8,1,6.1,2,0,3,17.0,77,3.44,2
22,0,1,4,8.9,1.7,1,5.8,2,1,1,19.0,66,3.0,1
22,1,1,4,8.9,1.3,1,5.6,2,1,2,19.0,56,2.65,1
22,1,1,3,3.8,2.1,1,6.9,2,1,3,12.0,89,3.92,2
16,2,0,0,10.2,1.4,1,6.7,1,1,2,24.0,66,3.47,1
20,0,2,4,5.2,1.6,1,7.3,3,0,3,14.0,87,3.08,2
16,0,0,3,9.0,2.1,1,5.7,1,1,4,13.0,63,3.05,1
21,1,2,5,2.0,1.3,1,7.5,4,0,2,3.0,84,3.83,2
17,1,0,0,5.0,1.7,1,6.3,2,0,4,8.0,81,3.69,2
17,0,0,6,3.5,1.7,1,9.1,4,1,2,6.0,97,3.6,2
18,2,2,0,10.1,1.3,1,3.4,1,0,2,35.0,56,3.13,0
16,0,0,6,4.2,1.2,1,6.4,2,0,4,14.0,83,3.37,2
22,0,1,4,2.4,0.1,1,6.8,4,0,3,4.0,93,3.65,2
17,1,0,0,8.7,2.0,0,5.3,2,1,2,15.0,66,2.61,1
19,1,2,0,5.5,1.9,1,6.1,2,1,1,18.0,74,3.88,2
20,0,2,0,4.6,1.5,1,8.6,3,1,2,3.0,92,3.84,2
21,1,0,4,3.7,1.0,0,5.5,2,0,1,11.0,77,3.51,2
18,0,0,3,3.9,2.0,1,7.1,3,0,1,11.0,77,3.59,2
20,1,2,4,3.8,1.5,1,6.6,2,0,3,19.0,92,3.08,2
21,0,2,0,3.0,2.4,1,7.2,3,1,3,12.0,79,3.4,2
19,1,2,0,4.5,1.5,1,6.1,2,1,4,5.0,96,3.72,2
22,0,2,0,2.5,0.6,0,7.4,4,0,3,1.0,80,3.96,2
19,1,2,0,6.6,1.0,1,5.6,3,1,3,15.0,60,2.95,1
19,1,0,6,3.2,2.5,1,8.3,4,0,2,18.0,98,3.21,2
19,0,2,4,5.7,1.9,1,5.8,1,1,0,18.0,81,3.02,2
19,0,2,1,10.5,1.2,1,5.7,1,0,1,19.0,57,2.43,1
22,1,1,2,1.4,1.9,1,7.6,4,0,3,6.0,92,3.84,2
18,1,2,3,8.7,2.1,1,6.5,3,1,4,20.0,73,2.95,1
19,0,2,1,4.8,1.8,1,5.8,3,0,3,20.0,69,3.11,1
17,0,0,0,1.8,1.3,1,8.2,4,0,3,4.0,98,3.88,2
19,1,2,3,4.0,0.7,1,6.4,3,1,4,8.0,83,4.0,2
19,0,2,4,5.4,1.5,1,5.9,2,1,2,10.0,84,3.34,2
15,1,0,4,4.2,2.3,1,6.3,2,0,1,6.0,85,3.36,2
20,1,2,3,6.0,1.6,0,7.2,2,0,1,18.0,66,3.05,1
20,0,2,4,3.9,1.1,1,7.1,3,0,2,10.0,76,3.5,2
18,1,2,2,2.8,1.2,1,7.1,2,1,2,8.0,83,3.55,2
16,0,0,4,3.2,2.5,1,7.8,3,0,0,10.0,85,3.86,2
20,0,2,6,10.8,1.2,1,5.2,1,1,2,22.0,62,2.57,1
18,3,2,6,11.1,3.0,1,5.1,1,0,1,29.0,52,2.3,0
18,1,0,3,4.1,1.3,1,8.0,3,0,3,15.0,79,3.7,2
16,1,0,2,4.8,2.7,1,7.5,3,0,3,12.0,75,3.14,2
20,0,2,0,8.6,2.3,1,5.5,3,1,3,23.0,57,3.06,1
20,2,2,6,5.8,0.4,1,5.6,2,1,2,15.0,69,3.47,2
18,0,2,3,6.2,1.6,1,6.4,2,1,3,20.0,76,3.45,2
18,0,2,0,5.4,1.4,1,6.6,2,0,4,6.0,97,3.46,2
19,0,2,3,3.7,1.7,1,7.5,3,0,2,10.0,92,3.21,2
17,0,0,4,5.3,2.4,0,8.2,3,1,2,21.0,89,3.51,2
17,1,0,3,3.8,1.1,1,7.9,4,0,2,11.0,90,4.0,2
17,1,0,4,7.5,1.8,0,6.4,3,1,2,16.0,69,3.63,2
18,1,2,4,2.0,2.6,0,8.8,5,0,2,9.0,98,3.63,2
18,1,2,0,5.0,0.6,1,7.8,4,1,1,9.0,74,3.95,2
18,0,2,3,9.5,2.4,1,6.5,2,0,3,17.0,68,2.95,1
19,1,2,0,13.0,2.1,1,3.7,1,1,3,32.0,41,2.38,0
17,3,0,6,3.3,2.2,1,5.3,3,0,2,13.0,78,3.54,2
19,0,2,6,8.5,0.8,0,3.8,1,1,3,21.0,57,3.31,1
19,0,2,4,6.2,2.2,0,6.1,1,1,2,15.0,79,3.47,2
17,1,0,6,5.5,1.8,1,6.4,2,1,4,19.0,83,3.02,2
21,0,0,0,3.3,1.7,2,7.4,4,0,1,13.0,90,3.15,2
17,0,0,6,2.2,1.6,1,7.7,4,0,2,6.0,98,4.0,2
19,1,2,0,8.9,1.6,1,7.5,2,1,3,19.0,71,3.26,2
20,0,2,0,5.3,1.5,1,6.3,3,0,2,13.0,80,3.38,2
19,0,2,6,3.1,2.4,1,7.3,2,0,4,13.0,85,3.45,2
15,1,0,0,3.4,3.0,1,6.2,3,0,2,15.0,86,3.64,2
19,0,2,2,2.4,0.8,1,8.0,3,0,4,7.0,91,4.0,2
19,1,2,0,5.7,1.5,1,7.1,2,1,3,18.0,79,2.89,2
22,0,1,0,4.5,1.0,1,7.0,2,1,3,13.0,81,3.89,2
21,1,2,0,8.8,1.8,1,6.2,2,0,3,17.0,76,2.85,2
17,1,0,3,4.2,1.7,1,7.8,2,1,3,16.0,76,3.4,2
18,1,2,0,9.7,1.5,0,5.6,1,0,1,14.0,61,3.16,2
21,0,2,6,4.8,1.6,1,7.2,3,0,4,11.0,90,3.46,2
16,0,0,0,6.6,2.7,1,6.6,3,0,0,7.0,77,3.74,2
18,2,2,4,5.7,1.2,1,5.7,3,1,3,8.0,80,3.24,2
21,0,2,4,4.9,1.6,1,8.3,4,1,4,3.0,88,3.5,2
17,0,0,0,5.8,2.6,1,6.1,2,1,0,21.0,67,3.23,1
18,1,0,6,6.1,0.4,1,6.7,3,1,3,24.0,76,3.61,2
17,1,0,4,7.2,1.7,1,7.2,2,1,3,9.0,82,3.4,2
19,0,2,0,2.6,2.7,1,7.4,3,1,2,14.0,98,3.19,2
16,0,0,6,2.2,1.9,0,7.6,3,0,3,4.0,98,3.85,2
19,0,2,5,6.8,1.6,0,5.8,2,1,4,17.0,73,3.62,2
20,0,2,0,3.8,0.7,1,7.3,3,1,2,8.0,93,3.62,2
18,0,2,6,7.5,1.4,1,5.3,1,1,3,25.0,63,2.66,1
21,0,2,5,6.2,2.7,2,6.7,2,1,3,18.0,71,2.89,1
19,1,2,6,4.2,2.1,1,6.8,3,1,2,17.0,79,3.21,2
17,1,0,4,6.9,2.4,1,4.9,1,1,3,13.0,72,2.98,2
19,0,2,0,2.7,0.7,1,6.5,3,1,2,13.0,86,3.67,2
18,0,2,0,3.5,1.9,1,8.4,3,0,1,13.0,94,3.48,2
17,1,0,4,4.6,1.6,0,6.7,4,0,2,4.0,84,3.89,2
18,0,2,4,4.0,2.2,1,7.0,3,0,1,9.0,84,3.46,2
16,0,0,3,4.5,2.4,1,8.4,3,0,4,14.0,91,2.67,2
18,1,2,6,2.9,2.2,1,7.3,3,0,2,16.0,76,3.39,2
22,0,1,0,4.9,1.5,1,7.0,2,0,1,14.0,70,3.89,2
19,1,2,6,2.7,1.0,1,8.2,4,1,2,8.0,93,3.33,2
25,0,1,0,3.4,1.9,1,8.5,4,0,2,9.0,97,4.0,2
20,0,0,4,1.6,1.4,1,9.7,5,1,3,2.0,98,3.91,2
18,0,2,0,3.7,1.6,0,7.5,2,1,3,8.0,84,3.86,2
20,1,2,2,6.2,0.6,1,8.1,2,1,3,12.0,81,3.98,2
23,0,2,0,8.2,0.8,1,4.6,2,1,4,28.0,59,2.67,1
20,1,2,4,4.8,2.6,1,6.1,1,0,4,16.0,82,3.33,2
20,1,2,4,7.0,2.8,1,5.2,1,0,2,13.0,70,3.29,2
17,1,0,0,3.7,1.4,1,7.2,4,0,1,19.0,76,3.85,2
19,2,2,0,5.5,1.8,1,6.8,3,1,2,13.0,75,3.55,2
16,1,0,3,4.8,0.7,1,7.4,3,0,3,16.0,92,3.47,2
22,1,2,6,2.2,1.2,1,8.2,5,1,1,5.0,98,3.86,2
18,1,2,4,8.9,1.3,1,6.8,2,0,1,28.0,62,2.29,0
18,1,2,6,3.6,1.3,1,7.9,3,0,0,10.0,84,3.58,2
20,0,2,0,6.6,1.2,1,6.4,2,1,2,21.0,65,3.01,1
16,1,0,4,4.4,1.9,1,7.6,3,1,4,15.0,92,3.86,2
24,1,1,6,4.8,3.1,0,10.0,5,0,2,13.0,98,2.84,2
18,3,2,6,6.2,1.3,1,7.3,2,1,3,13.0,63,2.71,1
16,1,0,0,3.4,2.0,1,7.6,3,1,2,13.0,78,3.36,2
23,0,1,4,5.4,0.9,1,6.1,3,0,3,19.0,64,3.16,1
17,0,0,0,6.2,1.3,1,6.2,2,1,2,8.0,85,3.44,2
18,1,2,4,4.0,1.6,2,7.7,3,0,2,9.0,86,3.46,2
19,1,2,6,2.1,1.6,1,7.9,3,0,1,8.0,98,3.65,2
19,1,0,3,2.0,1.9,0,8.9,4,0,3,6.0,98,3.36,2
20,0,2,4,3.7,1.6,1,7.0,3,1,3,11.0,78,3.48,2
19,0,0,4,5.6,1.5,0,6.2,2,0,2,17.0,72,3.31,2
19,1,0,0,3.8,0.8,2,7.4,3,1,2,15.0,92,3.06,2
18,0,2,0,4.0,2.2,1,6.1,2,1,3,19.0,81,3.1,2
23,0,1,0,1.9,1.4,1,8.7,4,0,4,0.0,96,4.0,2
18,1,2,4,1.3,1.2,0,7.5,4,0,1,1.0,98,4.0,2
19,0,2,2,6.3,2.6,1,6.2,2,0,2,16.0,72,3.59,2
18,0,2,4,12.7,1.9,2,4.3,1,1,3,27.0,55,2.24,0
21,0,2,3,3.5,1.4,1,6.7,3,0,3,6.0,76,3.7,2
18,1,2,6,4.3,1.7,1,7.8,2,1,2,14.0,80,3.47,2
21,0,2,4,6.3,2.4,1,4.9,1,1,0,20.0,69,3.55,2
19,2,2,5,10.4,1.0,1,4.4,1,1,3,30.0,55,2.12,0
18,1,2,6,6.2,1.4,0,5.5,1,1,4,15.0,78,3.16,2
19,1,2,6,2.8,1.6,1,6.7,4,1,3,4.0,95,3.81,2
18,1,2,4,3.5,2.1,1,8.5,3,0,0,9.0,98,3.91,2
16,0,0,4,4.9,1.6,1,7.1,3,0,3,14.0,78,3.34,2
17,0,0,0,4.0,2.7,1,7.0,4,1,1,15.0,84,3.66,2
21,1,2,3,4.3,2.2,0,8.1,3,0,2,12.0,90,3.81,2
21,1,2,0,1.2,1.2,1,7.0,3,0,0,5.0,95,3.47,2
16,1,0,6,5.2,1.5,0,6.6,3,1,3,10.0,75,3.2,2
17,1,0,0,4.4,1.0,1,7.4,4,0,4,7.0,83,3.51,2
21,0,2,4,5.9,2.2,1,7.9,3,1,4,13.0,72,3.28,2
18,0,2,0,5.1,1.8,1,7.4,2,1,2,13.0,79,3.37,2
18,1,2,4,5.5,2.6,1,6.9,2,1,3,5.0,83,3.65,2
21,0,2,0,3.0,2.4,1,6.0,2,0,4,12.0,87,3.63,2
20,0,2,0,5.7,2.9,1,7.6,3,1,4,14.0,89,2.97,2
15,1,0,2,2.3,2.2,0,7.3,2,0,2,8.0,87,3.65,2
17,1,0,6,3.0,0.7,1,6.3,2,1,4,20.0,82,3.53,2
20,0,2,6,7.3,1.9,1,5.5,2,1,4,17.0,64,3.13,1
19,0,2,0,3.4,2.2,0,5.8,2,0,4,2.0,90,3.76,2
21,1,2,3,7.0,2.3,2,6.9,2,1,4,12.0,84,3.54,2
17,1,0,2,8.2,2.9,1,5.4,2,1,1,24.0,59,2.95,1
23,2,1,4,5.1,1.1,1,7.3,2,1,4,9.0,93,3.33,2
20,0,2,0,6.6,1.8,0,6.6,1,1,4,27.0,73,3.46,1
22,1,2,0,3.1,1.0,1,8.3,4,1,1,10.0,97,3.5,2
18,0,2,6,5.9,1.9,1,5.1,1,0,2,23.0,77,3.88,2
16,0,0,2,1.9,2.4,1,8.3,3,0,2,4.0,98,3.62,2
19,0,2,1,2.3,1.2,1,7.2,3,0,4,5.0,98,4.0,2
23,1,1,2,9.6,1.8,1,5.0,1,1,2,23.0,61,3.25,1
18,0,0,6,10.1,2.1,1,5.4,1,0,3,24.0,71,2.94,1
19,1,2,4,5.7,1.5,1,6.5,2,1,2,21.0,74,3.92,2
18,1,2,4,8.5,2.9,1,6.8,1,1,2,22.0,64,3.42,1
19,1,0,6,5.8,1.8,0,6.5,2,1,4,16.0,84,3.05,2
17,0,0,0,5.0,2.3,1,5.2,2,1,2,25.0,74,2.75,1
21,0,2,3,2.1,2.2,1,8.4,3,1,0,14.0,95,3.9,2
18,1,2,1,7.1,1.9,1,6.5,1,1,1,20.0,81,3.25,2
22,1,1,6,5.7,2.2,1,6.9,1,1,3,4.0,83,3.17,2
22,0,1,0,2.1,2.4,1,8.6,4,1,2,3.0,93,3.61,2
22,0,2,4,3.6,1.8,2,6.2,2,1,3,12.0,98,3.39,2
19,0,2,6,3.5,1.8,1,7.7,3,1,3,9.0,88,3.69,2
22,1,1,4,7.9,2.5,1,5.8,2,1,1,20.0,55,3.1,1
18,0,2,2,6.0,2.4,1,5.4,2,1,2,12.0,73,3.41,2
17,2,0,0,2.8,1.6,2,7.1,2,0,2,10.0,98,3.82,2
25,0,2,0,4.9,3.0,1,5.9,1,1,3,13.0,78,3.05,2
16,0,0,0,2.9,2.2,1,8.5,3,0,2,4.0,91,3.72,2
17,1,0,4,6.2,1.6,0,7.8,4,0,2,19.0,77,3.06,2
19,0,2,0,8.2,0.8,0,5.5,1,1,1,19.0,60,2.96,1
19,1,2,3,10.6,2.4,1,6.3,2,1,1,21.0,53,3.35,1
18,1,2,1,5.1,1.7,0,5.8,2,1,4,20.0,71,3.72,2
19,0,2,4,4.8,1.6,1,6.1,1,0,4,15.0,77,3.54,2
21,1,0,3,8.5,2.6,0,6.8,2,1,2,24.0,67,3.12,1
19,0,0,6,2.0,3.0,2,8.6,5,0,3,6.0,95,3.82,2
21,1,2,5,4.4,2.3,0,6.5,2,0,3,15.0,88,3.46,2
17,3,0,4,4.0,1.8,0,6.8,2,1,4,9.0,92,2.98,2
18,0,0,5,14.0,2.9,1,3.0,1,1,3,28.0,43,2.46,0
17,1,0,0,5.2,1.9,1,8.1,3,1,4,15.0,81,3.53,2
17,3,0,0,5.1,1.8,1,6.1,2,1,2,7.0,76,3.25,2
21,0,2,0,5.0,2.9,1,7.4,3,0,4,8.0,95,3.77,2
18,1,2,6,6.2,0.5,1,6.3,2,1,1,21.0,70,3.3,1
20,0,2,0,2.4,2.6,1,7.0,2,0,3,3.0,91,3.82,2
21,0,2,6,5.1,2.4,1,7.2,3,0,3,14.0,87,3.28,2
20,1,2,0,3.6,2.5,1,6.3,2,0,3,10.0,78,3.81,2
20,0,2,3,2.0,2.1,1,8.8,4,1,2,14.0,97,3.47,2
19,0,0,4,10.7,1.8,1,5.3,1,1,1,22.0,61,2.73,1
21,0,0,6,3.4,2.4,1,7.9,4,0,2,10.0,92,3.54,2
26,0,2,4,8.0,1.8,1,4.7,1,0,4,19.0,52,3.17,1
21,1,2,5,14.0,0.6,1,4.3,1,0,4,24.0,50,2.31,0
17,1,0,4,2.6,2.5,1,9.0,4,1,2,7.0,98,3.63,2
23,1,1,4,3.7,1.8,1,7.9,3,0,2,11.0,83,3.84,2
20,0,2,6,5.7,1.5,1,7.4,3,1,2,12.0,82,3.52,2
19,0,2,0,7.8,1.9,1,6.5,1,0,1,12.0,77,2.92,2
21,1,2,4,9.1,1.8,1,6.2,1,1,2,25.0,63,2.99,1
15,1,0,5,7.8,1.7,1,5.3,1,1,3,22.0,65,3.46,1
21,0,0,5,10.5,0.5,1,5.5,1,1,2,25.0,53,2.83,1
16,1,0,6,5.3,0.7,1,6.6,2,0,1,6.0,96,3.93,2
22,0,2,4,7.1,2.1,1,6.0,2,1,4,18.0,73,2.74,1
18,1,0,0,3.5,0.9,1,6.8,2,0,4,11.0,81,3.56,2
20,0,2,5,4.4,2.8,1,8.1,4,0,4,7.0,83,4.0,2
18,0,2,4,9.3,0.8,1,5.3,1,1,3,23.0,65,2.67,1
19,0,2,0,3.2,2.4,1,7.8,2,1,4,18.0,96,4.0,2
18,0,2,4,11.4,2.1,1,3.5,1,1,2,29.0,40,2.93,0
17,1,0,6,7.5,1.8,1,6.7,2,0,3,16.0,68,3.2,2
18,0,2,1,7.6,2.8,1,4.5,1,1,2,24.0,69,3.52,1
15,1,0,0,9.0,1.7,1,5.8,1,1,3,14.0,65,2.82,2
21,1,2,3,4.5,1.7,1,6.6,3,0,2,12.0,88,3.17,2
19,0,2,4,3.7,1.6,1,7.6,3,1,2,6.0,86,3.89,2
20,0,2,3,4.2,1.8,1,7.2,3,0,3,10.0,81,3.54,2
19,1,2,4,2.9,1.3,0,5.7,2,0,1,0.0,81,3.81,2
20,0,2,6,7.9,1.3,1,5.9,2,1,3,18.0,69,3.25,2
19,0,2,0,5.6,2.7,1,5.0,1,1,3,23.0,69,3.14,1
18,0,2,4,7.0,2.4,1,6.5,2,0,2,14.0,65,3.09,2
15,0,0,6,4.2,0.6,1,6.9,2,1,1,13.0,88,3.31,2
17,0,0,6,2.3,2.0,1,8.1,3,0,2,4.0,84,3.21,2
17,0,0,0,6.3,1.5,1,5.4,1,0,2,8.0,74,3.62,2
17,0,0,0,5.0,1.1,1,7.0,3,1,2,12.0,62,2.84,2
19,0,2,4,6.0,1.4,0,7.7,2,1,2,11.0,74,3.16,2
20,0,2,6,2.8,3.2,2,8.1,3,1,3,9.0,80,4.0,2
17,0,0,0,9.8,2.2,2,7.1,2,1,3,24.0,65,2.97,1
19,1,2,5,7.3,1.3,2,7.1,2,1,4,18.0,68,2.99,1
18,1,0,3,3.2,2.9,0,7.3,4,1,1,10.0,98,3.36,2
17,1,0,4,5.3,1.8,1,8.3,3,1,1,9.0,90,3.79,2
19,1,2,6,5.4,2.2,1,5.0,2,0,0,15.0,78,3.28,2
17,1,0,0,4.7,1.5,1,6.9,3,0,2,9.0,92,3.46,2
22,1,2,2,6.3,1.8,1,6.6,2,1,2,9.0,70,3.52,2
19,0,2,6,3.0,2.1,0,7.9,3,0,4,13.0,90,3.34,2
19,0,2,0,6.6,1.2,1,6.8,1,0,4,15.0,70,3.23,2
15,1,0,3,3.5,2.3,1,8.9,4,1,2,8.0,98,3.93,2
19,1,2,0,9.7,1.4,1,5.7,1,0,4,26.0,65,2.99,1
18,0,2,2,3.9,2.1,0,7.8,3,0,3,9.0,92,4.0,2
16,1,0,0,5.7,2.0,1,6.3,1,1,1,20.0,78,3.35,2
18,3,2,6,5.1,3.2,1,6.9,3,1,2,20.0,84,3.4,2
18,0,2,4,6.5,1.5,2,7.5,2,1,3,13.0,88,3.49,2
20,0,2,0,7.4,2.6,1,5.8,1,1,3,19.0,64,3.37,1
19,1,2,6,3.9,0.7,1,8.1,4,0,0,4.0,89,4.0,2
17,0,0,6,7.9,2.0,1,5.3,1,1,1,23.0,66,2.2,1
20,1,2,4,6.1,2.3,1,5.2,1,1,2,12.0,66,3.14,2
17,1,0,0,5.5,2.0,1,8.0,3,1,2,7.0,98,2.96,2
20,1,2,4,4.0,1.2,1,7.6,3,0,3,5.0,88,3.84,2
20,0,2,6,6.6,2.2,1,5.2,2,1,4,24.0,68,3.34,1
19,1,0,2,2.5,1.4,1,7.6,2,0,1,11.0,94,3.14,2
20,0,2,4,3.8,1.4,1,6.8,3,0,3,10.0,92,4.0,2
23,1,2,4,4.7,2.4,1,6.4,2,0,2,15.0,88,3.27,2
15,0,0,4,2.1,2.5,1,7.4,4,0,3,13.0,90,3.7,2
22,1,1,0,4.9,1.3,1,8.0,3,0,2,6.0,98,3.84,2
20,0,2,4,10.0,1.6,1,5.3,1,0,2,27.0,67,2.82,1
19,0,2,0,5.0,2.2,1,7.2,3,0,1,3.0,81,3.74,2
21,1,2,4,4.1,2.0,1,6.7,3,1,1,9.0,92,3.83,2
19,1,2,0,4.5,2.3,2,7.2,3,1,1,11.0,79,3.0,2
20,0,2,4,4.3,0.9,1,7.8,4,0,4,12.0,88,3.83,2
18,0,2,3,3.9,2.2,0,7.8,4,0,2,13.0,83,3.57,2
18,1,2,3,2.2,0.0,1,7.7,4,1,4,7.0,98,3.99,2
21,0,2,4,5.2,2.1,1,6.5,2,1,4,12.0,86,3.96,2
17,0,0,0,9.7,1.3,0,5.6,1,0,3,21.0,61,2.97,1
18,1,2,6,5.6,2.2,0,7.4,3,1,4,15.0,74,3.13,2
20,0,2,2,6.0,2.3,1,5.9,2,1,0,17.0,77,3.79,2
16,0,0,4,5.8,0.7,1,5.6,2,1,2,13.0,68,2.98,2
19,1,2,4,8.5,2.5,1,4.8,1,1,4,18.0,51,3.1,1
16,1,0,3,1.9,1.0,0,7.7,3,1,1,6.0,89,3.75,2
21,1,2,0,9.1,1.4,1,5.6,1,1,3,21.0,64,2.55,1
18,0,2,6,3.5,1.8,1,6.4,3,0,3,11.0,74,3.65,2
19,0,2,0,9.9,0.7,1,6.1,1,1,3,32.0,60,2.75,0
17,0,0,4,4.1,2.3,1,5.9,3,1,2,14.0,84,3.01,2
18,0,2,0,1.7,1.6,1,6.0,3,0,2,5.0,87,3.96,2
18,0,2,3,4.6,3.0,1,7.4,2,0,3,11.0,87,3.76,2
19,1,2,0,5.7,2.5,1,5.5,2,1,4,22.0,67,3.32,1
26,1,2,4,5.1,0.7,1,7.2,4,1,3,7.0,85,4.0,2
19,1,2,4,3.9,1.5,1,8.1,3,1,0,10.0,89,3.36,2
20,1,2,5,2.5,2.3,1,8.4,3,0,2,11.0,91,3.56,2
16,1,0,6,6.7,1.3,1,5.7,2,1,2,12.0,77,3.13,2
19,1,2,4,4.3,3.0,1,9.3,4,0,3,6.0,98,3.79,2
19,1,2,4,3.7,2.1,1,7.6,4,0,2,15.0,91,3.27,2
19,1,2,3,5.8,2.4,1,5.3,1,1,4,14.0,78,3.51,2
20,0,2,3,5.7,1.6,0,5.5,2,1,4,17.0,74,3.53,2
19,1,2,0,8.8,3.4,1,5.9,2,1,2,24.0,73,3.25,1
20,0,2,4,4.6,1.4,1,7.4,3,1,4,21.0,86,3.29,2
20,0,2,0,2.5,1.7,1,9.6,4,1,3,0.0,98,4.0,2
18,1,2,6,2.2,0.6,1,8.0,3,0,3,5.0,97,4.0,2
18,1,2,6,7.6,1.6,0,7.4,3,1,2,17.0,84,3.46,2
18,0,2,5,5.9,2.4,1,6.4,1,1,2,20.0,78,2.99,2
19,0,2,6,5.3,2.4,0,6.8,3,1,2,13.0,91,3.32,2
19,0,2,0,7.6,2.3,1,6.5,3,1,4,19.0,69,3.37,2
19,3,2,6,5.3,0.4,1,5.5,2,0,2,14.0,82,2.98,2
16,0,0,0,5.1,2.8,1,5.5,2,0,1,14.0,78,3.62,2
19,1,2,2,7.2,2.3,1,7.4,3,1,3,11.0,85,3.68,2
17,0,0,0,5.1,1.1,1,5.7,3,1,2,17.0,74,3.66,2
17,0,0,0,4.1,0.4,1,5.5,3,1,2,11.0,75,3.38,2
23,0,1,4,3.7,3.4,1,5.9,2,1,2,14.0,83,3.84,2
23,1,1,0,12.4,2.5,1,4.6,1,1,2,19.0,51,3.51,1
23,2,2,6,3.9,1.2,1,5.8,2,1,2,10.0,68,3.23,2
20,0,2,0,5.0,1.5,1,8.2,2,0,1,12.0,92,3.99,2
17,0,0,0,3.8,0.5,1,7.9,3,0,3,7.0,89,3.69,2
20,0,2,3,3.3,1.3,1,8.5,4,0,2,12.0,89,3.57,2
16,3,0,5,3.2,3.0,1,7.0,2,0,1,10.0,86,3.37,2
17,1,0,4,2.7,0.4,1,6.4,2,0,2,9.0,98,3.89,2
17,1,0,4,4.6,2.3,1,7.7,1,1,4,20.0,82,3.11,2
18,0,2,0,4.0,1.6,1,8.4,3,0,2,7.0,89,3.8,2
19,2,2,6,3.7,0.5,1,8.1,3,1,3,7.0,91,3.29,2
18,2,2,3,5.0,2.8,0,5.6,3,1,0,10.0,73,4.0,2
17,1,0,1,6.4,1.3,0,6.9,3,1,2,21.0,67,3.02,1
19,1,2,4,6.8,2.4,0,5.6,2,1,1,15.0,73,3.47,2
19,1,2,2,9.4,2.9,1,5.6,2,1,4,21.0,64,2.82,1
17,1,0,0,2.9,2.0,0,8.2,3,0,2,8.0,86,3.53,2
19,0,2,5,2.8,2.8,1,6.9,3,0,2,9.0,83,3.25,2
17,1,0,0,10.0,1.4,1,5.8,1,0,3,19.0,61,2.83,1
16,0,0,0,3.0,2.0,1,7.2,2,1,4,10.0,88,3.98,2
19,0,2,3,6.6,1.0,1,6.8,4,0,1,12.0,83,3.36,2
19,1,2,0,4.5,2.4,1,7.2,3,0,4,15.0,83,3.66,2
17,0,0,6,2.9,1.7,1,7.4,4,0,2,14.0,84,3.44,2
19,1,2,4,5.6,1.0,1,7.1,3,1,2,12.0,91,3.67,2
18,0,0,3,3.1,1.8,1,6.8,3,0,1,10.0,89,3.78,2
20,0,2,0,6.9,2.0,0,4.9,1,1,3,13.0,69,3.04,1
19,0,2,0,3.0,1.6,1,6.7,2,0,2,16.0,88,3.29,2
21,0,0,0,4.6,3.2,2,7.3,3,1,3,0.0,81,3.53,2
16,0,0,0,6.4,1.9,1,6.7,2,1,2,12.0,78,3.52,2
21,1,2,0,4.3,1.0,1,6.5,3,1,2,8.0,89,3.57,2
17,1,0,6,11.6,1.4,1,3.9,1,1,2,21.0,53,3.32,1
18,0,2,2,3.7,2.4,1,6.1,4,1,3,12.0,77,3.81,2
22,1,1,4,3.2,2.6,1,8.6,4,0,2,13.0,98,3.6,2
18,0,2,0,1.4,2.3,0,8.3,5,0,2,0.0,98,4.0,2
19,0,2,5,3.5,1.9,1,8.0,3,1,2,15.0,91,3.67,2
20,1,2,4,7.9,0.6,1,6.5,2,1,2,24.0,75,3.3,1
26,1,1,6,9.2,1.5,1,4.8,1,1,2,13.0,68,2.83,1
19,1,0,0,5.4,2.8,1,5.9,1,1,3,15.0,79,3.57,2
17,0,0,4,3.4,2.6,1,7.9,2,0,2,9.0,77,3.32,2
17,0,0,0,3.7,2.5,0,6.8,2,0,3,6.0,93,3.87,2
18,1,2,4,4.6,1.0,1,7.4,3,0,3,6.0,92,3.78,2
25,1,1,4,2.0,1.2,1,8.2,3,0,0,2.0,98,3.84,2
22,1,1,0,5.3,2.0,1,5.8,2,1,2,9.0,80,3.14,2
19,0,0,6,5.2,2.0,1,6.8,3,1,4,11.0,72,3.42,2
19,0,2,3,11.1,1.1,0,4.0,1,1,3,22.0,52,2.56,1
20,1,2,4,5.7,1.7,0,6.8,4,1,3,18.0,79,3.29,2
19,0,2,6,5.1,1.6,1,6.2,2,1,2,21.0,78,3.34,2
19,0,2,3,4.6,2.9,1,7.3,3,1,2,5.0,79,3.4,2
18,0,2,5,5.4,1.8,1,7.3,3,1,4,12.0,91,3.49,2
17,1,0,3,6.7,1.8,0,6.5,2,1,2,12.0,89,3.32,2
20,0,2,4,5.4,0.9,1,7.8,3,1,2,12.0,82,3.08,2
26,0,1,0,8.6,1.4,1,5.7,2,1,2,9.0,73,3.34,2
17,1,0,3,6.5,0.8,1,6.2,2,1,4,12.0,76,3.1,2
18,0,2,5,2.6,1.1,1,7.6,3,1,3,1.0,86,3.87,2
20,1,0,0,4.4,2.9,1,6.5,2,0,2,13.0,82,3.26,2
20,0,2,2,4.3,3.0,1,7.0,3,0,0,12.0,83,3.42,2
21,0,2,0,2.0,1.7,1,8.5,4,0,3,9.0,98,4.0,2
17,0,0,6,4.5,1.1,1,7.0,2,1,3,13.0,76,3.59,2
18,1,2,4,2.5,0.9,1,7.6,3,1,1,10.0,92,3.13,2
20,1,2,6,1.7,0.9,1,9.1,4,1,2,1.0,98,3.89,2
18,3,2,4,8.2,2.2,1,6.6,2,1,1,20.0,65,2.92,1
16,1,0,6,2.2,1.4,0,7.3,4,0,2,7.0,94,3.26,2
21,0,2,6,4.0,2.4,0,6.5,3,0,2,18.0,74,3.42,2
23,1,2,4,13.5,1.3,1,3.6,1,0,1,36.0,36,2.66,0
17,0,0,0,8.5,2.0,1,6.7,1,1,2,14.0,72,3.28,2
17,1,0,4,5.6,1.9,1,7.0,3,1,2,13.0,84,2.92,2
17,1,0,0,8.5,2.0,1,6.7,2,1,4,23.0,69,3.49,1
16,1,0,3,4.8,1.0,1,6.9,3,0,2,12.0,76,3.32,2
20,0,2,3,5.6,0.0,1,4.8,2,1,4,13.0,82,3.13,2
18,1,2,4,6.5,2.0,1,7.5,2,1,3,6.0,82,3.88,2
20,1,2,4,12.2,1.9,1,3.9,1,1,1,27.0,53,2.29,0
19,2,0,3,3.2,2.0,0,7.5,3,1,1,7.0,84,3.86,2
25,0,1,4,2.8,0.9,0,8.1,4,1,3,0.0,98,3.66,2
16,0,0,0,3.3,0.5,1,6.6,2,0,2,9.0,81,3.38,2
16,1,0,0,2.2,0.7,1,8.2,3,0,1,10.0,91,4.0,2
15,0,0,4,4.4,1.2,1,7.0,2,0,2,12.0,80,3.46,2
17,1,0,6,5.6,1.5,1,7.6,2,0,1,13.0,81,3.53,2
20,0,2,0,4.4,2.4,1,8.1,4,1,2,18.0,92,3.42,2
17,2,0,0,6.6,1.9,1,5.1,1,0,3,16.0,78,3.79,2
15,0,0,6,2.7,3.3,1,7.1,4,0,3,7.0,98,3.35,2
18,1,2,6,2.7,1.5,1,8.3,4,0,3,0.0,92,3.71,2
18,0,2,0,3.1,1.7,1,6.6,2,0,3,7.0,92,3.37,2
18,1,2,3,11.1,1.2,1,5.0,1,1,3,25.0,45,2.95,1
18,0,2,2,3.3,1.4,0,6.7,2,0,3,2.0,90,3.5,2
20,0,2,4,4.9,1.6,1,6.3,3,0,1,9.0,89,3.61,2
21,1,2,0,3.2,1.9,1,7.6,2,0,2,6.0,98,3.69,2
18,0,2,6,6.1,3.7,1,7.0,3,1,4,17.0,86,3.22,2
15,2,0,0,4.7,0.4,1,7.8,2,1,2,9.0,79,3.63,2
17,1,0,4,2.3,2.9,1,8.2,3,1,2,0.0,98,4.0,2
18,1,2,0,4.7,1.8,1,6.9,2,1,1,12.0,83,3.46,2
15,0,0,4,6.5,1.5,1,7.0,3,1,2,12.0,85,2.98,2
19,1,0,4,4.1,2.4,1,6.3,3,0,2,8.0,92,3.58,2
19,1,2,4,7.1,0.8,1,4.7,1,0,1,17.0,67,3.02,1
21,0,2,4,2.3,1.9,0,7.0,4,0,4,10.0,85,3.44,2
17,0,0,6,7.8,1.7,1,6.0,1,1,2,30.0,67,2.45,1
19,0,2,4,3.1,3.0,1,8.2,4,0,3,16.0,89,3.45,2
24,1,1,6,2.3,1.2,1,7.6,4,0,2,2.0,98,4.0,2
19,0,2,4,5.6,1.2,1,6.9,3,0,1,14.0,81,3.3,2
19,0,2,4,2.7,1.1,1,8.0,3,1,2,20.0,95,3.26,2
17,1,0,3,3.7,2.0,1,7.0,2,0,1,11.0,79,3.56,2
20,0,2,4,4.1,3.4,0,7.1,3,1,1,19.0,76,3.38,2
19,1,0,4,3.7,2.7,1,8.0,4,0,2,14.0,97,3.67,2
17,1,0,6,2.3,2.9,1,7.2,3,0,1,12.0,78,3.65,2
18,0,2,3,3.6,2.9,1,6.4,2,0,3,9.0,82,3.74,2
21,1,2,4,2.8,1.7,1,8.6,3,1,2,6.0,87,3.44,2
18,1,2,3,4.9,2.4,1,6.7,2,0,2,10.0,86,3.41,2
19,0,2,5,6.1,1.7,1,7.6,2,1,2,5.0,80,3.42,2
23,0,1,0,6.6,1.7,1,5.9,1,1,3,11.0,78,3.4,2
16,0,0,2,3.4,2.4,1,8.4,4,1,2,10.0,92,3.4,2
15,0,0,4,2.8,3.4,1,6.3,3,0,3,7.0,83,3.58,2
19,0,2,6,3.1,2.3,1,8.1,3,1,1,7.0,96,3.38,2
18,1,2,0,2.3,1.6,1,9.1,5,0,2,8.0,94,4.0,2
17,1,0,6,6.8,3.0,1,7.1,2,1,2,8.0,81,2.93,2
20,0,2,6,2.7,1.6,1,7.4,4,1,3,0.0,98,4.0,2
16,1,0,4,7.7,2.7,1,6.5,2,1,1,20.0,60,3.84,2
22,2,2,0,5.8,2.4,1,6.8,3,1,1,11.0,74,2.93,2
17,0,0,2,8.3,1.4,1,4.4,1,1,3,8.0,74,2.66,2
18,1,2,4,5.6,2.3,1,7.6,3,1,1,11.0,91,3.17,2
17,1,0,6,4.5,0.9,1,7.9,3,1,2,2.0,94,3.52,2
17,1,0,4,3.7,1.8,1,6.7,2,1,0,13.0,92,3.76,2
17,0,0,0,7.9,2.6,1,5.6,2,1,1,25.0,70,2.79,1
17,1,0,4,3.8,2.1,1,7.7,2,1,3,4.0,90,4.0,2
17,1,0,6,3.9,1.8,1,7.6,3,1,1,11.0,84,3.89,2
15,0,0,0,6.6,0.7,1,7.1,2,1,1,11.0,70,3.46,2
19,1,2,5,5.1,2.6,1,8.2,3,1,2,9.0,87,4.0,2
17,0,0,6,5.2,2.3,1,7.4,3,1,1,5.0,86,3.67,2
22,0,1,0,3.5,2.6,1,7.1,3,0,0,16.0,87,3.97,2
16,0,0,4,4.0,1.0,1,8.6,3,0,0,7.0,96,3.55,2
19,1,2,5,11.7,1.2,1,4.7,1,1,2,24.0,54,2.64,1
18,0,2,3,5.1,2.0,1,4.4,1,0,0,19.0,86,3.44,2
18,1,2,3,5.0,3.2,0,7.1,1,0,1,7.0,70,3.77,2
18,0,2,4,3.9,0.7,1,5.5,1,1,2,7.0,89,3.33,2
15,0,0,6,3.0,2.6,1,6.0,3,1,2,5.0,85,3.48,2
18,0,2,0,4.4,2.5,1,8.0,5,0,2,12.0,91,3.12,2
23,0,1,2,4.4,1.8,0,9.1,3,0,3,19.0,87,3.91,2
16,1,0,0,3.6,1.8,0,5.0,2,1,3,18.0,71,2.92,1
18,1,2,6,8.9,1.5,2,5.4,1,1,3,19.0,62,3.16,1
18,0,2,0,1.8,1.6,1,7.6,3,0,2,13.0,94,3.99,2
19,1,2,6,3.8,2.0,0,7.5,3,0,4,13.0,83,3.46,2
18,1,2,6,2.9,1.4,2,7.0,3,0,3,13.0,90,3.64,2
16,1,0,4,4.3,2.2,1,7.0,2,1,3,13.0,92,3.58,2
18,0,2,4,3.6,2.0,1,7.0,2,0,4,8.0,81,3.38,2
22,1,1,0,4.9,2.9,1,7.6,3,0,0,9.0,83,3.26,2
18,0,0,0,4.6,0.9,1,6.0,2,1,3,27.0,81,3.84,2
18,0,0,0,4.6,1.0,1,7.3,3,0,2,12.0,85,3.81,2
24,1,2,4,3.7,1.5,1,7.5,5,1,3,13.0,91,3.17,2
19,0,2,4,7.9,2.9,1,4.9,2,1,1,24.0,72,2.94,1
18,1,2,4,2.9,2.3,1,7.6,3,0,1,2.0,98,3.63,2
18,1,2,4,7.7,0.7,1,6.9,2,1,2,16.0,74,3.46,2
18,1,2,4,4.4,1.8,1,7.1,3,0,3,15.0,82,3.4,2
18,1,2,0,5.1,1.8,1,5.6,2,1,1,19.0,73,3.37,2
18,1,2,6,8.7,2.7,1,7.2,3,1,1,26.0,62,2.86,1
18,0,2,0,7.6,1.7,0,5.4,1,1,1,18.0,64,3.12,1
18,1,2,4,5.6,1.9,1,8.0,2,1,4,12.0,83,3.4,2
16,2,0,6,4.0,2.2,1,5.9,3,1,3,16.0,73,3.41,2
21,1,2,3,3.1,2.1,1,6.7,3,1,4,10.0,92,3.18,2
21,1,2,4,4.6,2.9,0,8.3,5,0,3,17.0,82,3.64,2
16,1,0,0,1.7,1.9,1,8.2,3,0,4,6.0,98,3.45,2
17,1,0,0,2.5,0.0,1,6.8,3,1,3,4.0,89,3.62,2
21,1,2,6,1.9,1.8,1,8.8,5,0,2,7.0,98,3.49,2
17,0,0,6,4.2,1.1,1,5.8,2,1,2,11.0,80,3.89,2
18,1,0,4,3.9,2.3,1,6.1,2,0,0,24.0,81,3.21,2
22,0,1,0,5.7,1.9,1,6.3,2,1,4,16.0,70,3.43,2
18,1,2,6,4.4,2.1,1,6.3,2,0,2,14.0,80,3.32,2
17,1,0,2,6.9,1.5,1,6.7,1,1,3,16.0,74,3.33,2
17,0,0,0,3.6,1.0,1,8.1,5,0,2,10.0,85,3.42,2
18,1,2,4,4.8,2.3,1,6.9,3,0,3,15.0,73,3.69,2
23,0,2,0,7.3,1.5,1,6.7,2,1,1,14.0,69,3.09,2
17,1,0,4,6.4,2.0,1,6.7,3,1,1,19.0,79,3.02,2
16,0,0,0,4.3,2.4,0,8.4,4,1,3,13.0,94,3.72,2
16,0,0,6,4.2,2.1,1,8.3,4,0,2,12.0,94,3.56,2
18,1,0,5,5.7,1.2,1,6.7,3,1,2,9.0,80,3.2,2
17,0,0,4,6.4,1.8,1,5.6,2,1,2,20.0,73,3.38,2
19,1,2,6,3.0,1.6,0,7.7,4,0,2,9.0,96,4.0,2
18,1,2,4,10.4,1.9,1,4.8,1,0,2,29.0,56,2.37,0
21,0,2,0,8.1,2.0,1,6.5,2,1,2,21.0,69,2.91,1
19,0,2,0,6.3,1.8,1,6.8,2,1,3,13.0,85,3.08,2
18,0,2,2,2.8,3.1,1,7.3,3,0,3,10.0,98,3.76,2
20,1,2,0,4.7,1.5,1,7.5,3,0,2,7.0,93,3.36,2
22,1,1,2,4.6,0.0,1,7.0,3,1,0,12.0,78,3.61,2
17,0,0,0,4.4,0.9,1,6.0,3,0,3,11.0,86,3.44,2
18,0,2,3,5.4,2.7,1,7.3,3,1,2,2.0,78,3.82,2
17,1,0,5,3.5,1.7,1,7.9,4,1,1,18.0,84,3.53,2
20,1,2,0,10.1,2.5,1,4.8,1,1,1,25.0,53,2.94,1
18,1,2,4,2.9,1.7,1,8.0,4,1,2,16.0,68,3.16,2
18,1,2,6,5.1,2.0,1,5.3,1,0,4,18.0,67,3.2,2
20,1,2,2,3.3,2.3,1,7.9,4,0,4,7.0,91,3.79,2
17,0,0,6,2.1,1.7,0,7.7,3,0,2,3.0,98,3.76,2
17,0,0,4,4.8,2.4,1,8.1,3,1,3,11.0,88,3.68,2
18,0,2,4,2.2,2.2,0,8.2,4,0,3,4.0,85,3.56,2
20,0,2,4,3.8,1.5,1,6.8,2,0,1,11.0,74,3.31,2
19,0,2,6,7.5,2.0,1,6.8,2,0,2,12.0,71,3.37,2
20,1,2,4,5.0,2.3,1,7.2,3,1,4,15.0,98,3.46,2
21,0,2,4,5.7,1.1,1,4.7,2,1,2,24.0,61,2.61,1
16,0,0,0,4.6,1.3,1,7.2,3,0,3,7.0,82,3.34,2
19,1,2,4,6.6,2.4,1,5.9,1,1,1,13.0,82,3.4,2
21,0,2,6,3.2,1.7,1,7.3,3,1,3,7.0,79,3.82,2
21,0,2,0,10.0,1.4,1,3.8,1,1,1,36.0,34,2.65,0
20,1,2,3,2.2,2.3,0,8.6,4,1,2,2.0,93,3.33,2
18,1,2,0,2.4,2.2,1,7.9,3,0,2,5.0,91,4.0,2
19,0,2,6,4.5,1.7,1,6.0,3,0,4,15.0,74,3.23,2
22,1,1,4,11.3,0.8,1,5.5,1,1,3,20.0,55,3.04,1
18,0,2,0,6.1,2.2,1,5.9,3,1,1,10.0,79,3.39,2
17,0,0,3,8.3,2.3,1,5.5,1,1,2,12.0,62,2.71,1
21,2,2,4,4.6,1.5,1,7.1,2,0,3,5.0,95,3.44,2
19,0,2,5,6.7,2.2,0,5.5,2,1,3,11.0,73,3.45,2
22,1,2,0,4.8,2.7,1,6.1,1,1,0,14.0,86,3.21,2
16,0,0,0,4.0,2.0,1,5.8,2,1,3,4.0,87,3.52,2
18,1,2,0,3.8,1.9,1,7.1,3,0,3,3.0,96,3.8,2
22,1,2,4,7.5,2.0,1,5.1,2,1,3,15.0,63,3.43,2
21,0,2,4,3.8,1.1,1,6.3,2,1,2,9.0,81,3.94,2
19,0,2,6,9.3,0.4,1,5.1,1,1,2,23.0,62,3.04,1
17,0,0,0,4.8,2.2,0,5.8,1,1,3,8.0,78,3.9,2
15,1,0,5,4.2,1.2,1,8.0,4,1,4,8.0,87,3.99,2
17,1,0,0,3.8,1.6,0,6.6,3,1,3,5.0,89,4.0,2
26,0,1,0,3.9,1.4,0,8.3,3,0,1,9.0,87,3.84,2
16,0,0,4,3.7,2.8,1,6.8,3,0,2,5.0,95,3.44,2
18,0,2,4,4.0,4.0,1,7.7,5,1,4,16.0,84,3.48,2
19,1,2,3,2.9,2.3,1,7.1,4,1,0,6.0,95,3.94,2
18,0,2,5,8.8,1.9,1,6.0,1,1,2,14.0,68,2.85,2
20,1,2,0,6.1,1.0,1,6.8,1,1,4,17.0,75,3.26,2
21,1,2,0,2.3,0.6,1,8.1,5,0,3,11.0,98,3.57,2
20,0,2,6,5.2,1.7,1,7.0,3,1,4,12.0,85,3.69,2
17,1,0,0,2.9,0.8,1,7.4,3,0,1,5.0,97,3.62,2
19,1,2,4,6.1,3.1,0,7.6,3,1,2,14.0,83,3.09,2
17,0,0,3,9.4,0.3,1,4.9,1,1,4,16.0,77,3.42,2
20,0,2,4,8.8,1.6,1,4.9,1,0,2,27.0,69,3.1,1
17,0,0,6,4.4,2.6,1,6.2,2,0,2,14.0,88,3.06,2
19,0,2,6,7.7,0.6,0,5.0,1,1,3,13.0,76,3.38,2
15,0,0,3,3.6,0.2,1,5.8,1,0,2,12.0,81,3.43,2
22,1,1,6,6.9,2.7,1,6.8,1,1,1,15.0,64,3.35,2
17,0,0,0,2.7,0.4,1,7.5,3,0,3,0.0,89,4.0,2
18,0,2,0,4.3,1.3,1,7.8,3,0,2,8.0,86,3.77,2
16,1,0,4,4.6,1.4,1,7.5,3,1,2,9.0,78,3.84,2
18,1,2,0,1.3,2.5,1,8.1,4,0,0,1.0,98,4.0,2
17,0,0,4,3.5,2.1,1,6.7,2,1,2,8.0,98,3.74,2
15,1,0,4,4.4,1.8,0,6.1,2,0,3,13.0,79,3.48,2
17,1,0,4,10.9,1.3,1,4.8,1,1,3,28.0,63,2.98,1
15,1,0,6,4.3,2.5,1,7.4,2,0,0,12.0,93,3.51,2
22,0,1,6,6.7,2.5,1,6.3,2,1,4,18.0,71,3.01,2
20,1,2,0,4.8,0.7,1,5.9,3,0,3,15.0,74,3.89,2
17,0,0,6,5.2,2.0,1,5.7,2,1,3,24.0,79,3.32,2
18,1,2,0,2.1,1.5,1,7.2,4,0,1,5.0,98,3.75,2
26,1,1,3,5.8,1.9,1,7.2,3,0,3,14.0,85,3.48,2
18,0,2,3,5.4,0.9,1,6.6,3,1,0,17.0,72,3.1,2
19,2,2,3,4.2,1.3,1,6.5,2,0,1,18.0,89,3.33,2
18,0,2,4,6.6,0.7,1,5.8,3,1,2,14.0,73,3.61,2
18,0,2,0,3.6,2.1,0,8.0,4,1,2,8.0,86,3.71,2
16,0,0,6,8.9,1.5,1,5.0,1,1,3,21.0,54,2.91,1
17,0,0,4,3.9,1.7,1,8.1,3,0,3,8.0,90,3.96,2
18,0,2,4,3.1,2.8,1,6.9,2,0,2,16.0,82,3.04,2
18,0,2,0,5.9,1.8,1,6.4,1,1,3,11.0,76,3.41,2
18,1,2,4,5.7,1.5,0,6.4,2,1,1,18.0,70,2.94,1
20,0,2,6,6.0,0.2,1,5.8,2,0,2,12.0,80,3.5,2
18,0,0,0,5.0,1.5,1,7.9,4,0,1,6.0,88,3.54,2
18,0,2,6,3.5,2.3,1,6.4,3,0,2,11.0,86,3.47,2
22,0,1,4,5.6,1.1,1,7.7,4,1,4,13.0,82,3.12,2
21,0,2,0,6.1,2.4,0,6.4,2,0,2,8.0,79,3.34,2
19,1,0,4,5.8,1.6,1,7.5,2,1,0,20.0,80,2.93,2
20,1,2,6,1.6,1.4,0,8.5,4,0,2,3.0,98,3.84,2
18,1,2,0,5.9,1.6,0,5.8,3,1,3,23.0,70,3.27,1
16,1,0,4,10.6,3.7,1,4.9,1,1,2,26.0,60,3.46,1
22,3,1,0,1.9,1.9,1,8.8,4,1,3,0.0,98,3.89,2
17,3,0,0,7.6,1.0,0,6.2,1,0,4,26.0,60,3.04,1
21,1,2,0,5.1,2.6,2,5.5,2,0,4,16.0,84,4.0,2
20,0,2,4,12.4,1.1,1,3.3,1,0,0,22.0,47,2.57,1
17,0,0,6,3.8,2.4,0,8.4,3,1,4,14.0,92,3.49,2
23,1,1,0,12.0,1.2,1,4.8,1,1,3,37.0,48,2.93,0
17,1,0,3,1.8,2.3,0,5.9,3,1,4,5.0,81,3.31,2
15,0,0,6,1.0,1.1,1,8.2,4,1,1,0.0,98,3.64,2
17,1,0,0,7.2,2.3,1,6.5,2,1,0,17.0,82,3.75,2
16,0,0,6,2.9,1.4,1,7.5,3,0,1,10.0,93,2.98,2
18,0,2,0,5.5,2.0,1,6.5,4,1,3,18.0,83,3.59,2
19,1,2,0,4.0,1.7,1,7.3,3,0,2,10.0,86,4.0,2
15,1,0,2,2.1,1.4,1,7.1,3,1,3,7.0,89,3.68,2
18,0,2,4,5.1,1.5,1,6.7,3,1,3,18.0,86,3.63,2
20,0,2,2,3.8,0.8,0,6.2,3,1,3,11.0,89,3.46,2
20,1,2,4,7.0,1.5,0,5.5,1,1,2,17.0,66,2.89,1
18,1,0,4,2.5,2.1,1,7.7,3,0,3,6.0,93,3.8,2
18,1,2,3,3.7,1.3,1,6.0,2,0,2,21.0,78,3.9,2
19,0,2,4,2.3,2.4,1,7.4,3,0,2,0.0,95,3.7,2
21,1,2,4,1.9,1.9,0,8.4,4,1,3,8.0,97,3.39,2
20,0,0,3,2.1,1.2,1,8.0,3,1,2,8.0,96,4.0,2
18,0,2,0,7.7,1.8,1,5.5,1,1,2,23.0,66,3.35,1
17,0,0,5,6.9,1.2,1,6.3,2,0,1,17.0,68,3.41,2
20,1,2,4,2.2,1.4,1,7.1,3,1,3,7.0,78,3.61,2
19,0,2,0,4.9,2.4,0,6.6,3,0,0,16.0,80,3.72,2
17,0,0,3,6.5,1.5,1,5.1,2,1,2,11.0,69,3.21,2
21,1,2,4,3.1,2.2,1,5.4,3,0,2,10.0,82,3.46,2
17,3,0,0,4.7,1.3,1,7.4,3,0,4,13.0,86,3.86,2
20,0,2,4,5.2,1.9,1,6.3,3,1,3,13.0,89,3.63,2
19,1,2,4,5.6,1.5,1,5.3,1,1,2,24.0,68,3.07,1
19,0,2,4,4.1,1.1,1,8.5,3,0,2,16.0,86,3.52,2
19,1,2,3,4.4,2.1,0,6.1,2,1,2,20.0,87,3.08,2
15,0,0,0,4.8,2.3,1,5.9,3,1,2,14.0,81,2.71,2
16,0,0,4,4.1,2.2,1,6.1,2,0,3,16.0,82,3.43,2
19,1,2,4,9.0,2.7,1,4.7,1,1,2,27.0,63,2.97,1
17,0,0,3,6.8,1.6,1,5.9,1,0,2,15.0,89,3.73,2
26,1,1,2,6.4,1.4,0,4.7,1,1,0,15.0,72,3.9,2
19,0,0,5,3.1,1.9,1,7.9,3,0,1,1.0,98,4.0,2
21,0,2,0,4.8,2.8,0,9.0,3,1,2,14.0,78,3.54,2
20,1,2,0,4.7,2.2,1,8.0,2,1,3,13.0,87,3.77,2
19,1,2,0,2.7,0.4,1,7.4,1,1,3,9.0,85,3.19,2
21,1,2,3,2.4,1.8,1,7.3,3,0,1,11.0,94,3.57,2
18,0,2,6,2.6,1.3,1,5.7,3,1,4,16.0,84,3.52,2
18,1,2,4,6.1,2.1,1,6.1,3,1,2,20.0,70,2.86,1
20,3,2,2,14.0,2.4,1,3.7,1,1,2,36.0,47,2.99,0
18,1,0,3,3.1,2.0,1,6.9,3,0,4,8.0,91,3.85,2
19,1,2,4,11.5,2.0,0,4.7,1,0,3,31.0,58,3.15,1
18,1,2,4,2.0,1.4,1,7.2,3,0,4,8.0,94,3.86,2
22,1,1,4,3.9,1.1,0,7.2,3,0,3,11.0,92,3.56,2
17,0,0,0,3.5,2.6,1,6.6,2,1,3,13.0,86,3.49,2
19,1,2,0,4.5,1.6,1,7.4,5,0,0,7.0,89,3.97,2
18,1,2,0,2.6,2.0,2,6.5,3,1,3,10.0,98,3.54,2
19,0,2,5,6.2,0.3,2,8.4,3,0,3,11.0,88,3.51,2
19,3,2,0,5.7,1.5,1,6.9,2,1,3,13.0,89,3.12,2
16,0,0,6,7.0,1.6,1,5.3,1,1,2,2.0,74,4.0,2
20,0,2,0,4.9,1.1,1,7.6,4,0,3,16.0,81,3.44,2
17,1,0,4,10.5,2.4,1,7.4,2,1,2,25.0,75,3.3,1
21,1,2,0,9.3,2.6,1,5.1,1,1,1,27.0,64,3.42,1
18,0,2,4,9.2,1.4,1,5.1,1,1,1,23.0,58,2.97,1
19,1,2,6,1.6,1.9,1,7.2,3,0,4,10.0,90,3.61,2
21,1,2,0,3.5,1.8,1,7.0,4,1,2,9.0,86,3.53,2
19,1,2,6,6.3,2.2,1,5.4,2,1,4,18.0,73,3.38,2
20,0,2,0,3.9,2.0,1,5.8,2,1,3,15.0,78,3.16,2
19,1,0,4,6.3,2.4,1,7.0,2,1,2,23.0,71,3.52,1
17,1,0,4,3.2,1.3,1,7.7,4,0,3,11.0,89,3.89,2
20,1,2,2,3.8,2.0,1,6.7,4,1,2,15.0,87,3.37,2
21,1,2,6,7.9,2.2,1,6.0,2,1,2,20.0,79,2.99,2
20,1,2,3,5.3,0.4,1,7.1,3,0,2,20.0,71,3.78,2
15,0,0,0,3.7,2.0,1,6.2,3,1,3,5.0,84,3.68,2
19,1,2,4,10.5,1.2,1,4.8,1,1,2,29.0,48,3.28,1
18,1,2,0,5.8,1.9,1,7.2,2,1,1,13.0,81,3.82,2
16,0,0,6,3.9,1.0,1,7.8,3,0,1,3.0,90,3.28,2
16,1,0,0,5.8,2.6,1,6.9,4,0,3,11.0,86,2.89,2
20,1,2,2,11.7,2.1,1,4.8,1,1,3,27.0,57,2.84,1
19,1,2,4,1.9,1.7,1,7.1,4,0,2,0.0,90,3.9,2
21,0,2,4,6.7,2.1,1,6.3,3,1,4,13.0,81,3.56,2
19,1,0,4,5.0,2.1,1,6.5,2,1,3,21.0,74,3.54,2
17,0,0,0,4.9,2.4,0,6.0,2,0,3,11.0,87,3.36,2
18,0,2,2,5.0,1.6,1,6.7,2,1,2,11.0,90,2.96,2
19,1,2,4,3.8,0.6,1,7.2,2,0,2,8.0,89,3.11,2
20,0,2,0,3.3,2.6,1,8.2,3,0,3,14.0,83,3.73,2
18,1,2,6,2.6,2.2,1,8.3,3,0,3,7.0,98,3.74,2
24,0,1,5,6.8,0.0,1,6.4,2,1,0,10.0,82,3.48,2
19,0,2,1,2.1,1.2,1,8.0,3,0,1,2.0,91,3.85,2
15,0,0,4,2.3,1.5,1,7.3,3,1,2,4.0,98,3.88,2
15,0,0,6,4.2,1.7,0,7.2,3,0,2,10.0,84,3.41,2
20,0,2,3,4.9,3.3,1,6.4,2,0,3,6.0,77,3.37,2
19,0,2,0,6.8,0.7,1,5.8,3,0,2,15.0,75,2.8,2
20,1,2,4,2.7,1.4,0,7.2,3,1,2,5.0,84,3.49,2
21,1,2,4,4.3,1.3,1,8.1,3,0,1,14.0,94,3.46,2
19,1,2,3,2.7,1.8,1,7.3,4,0,3,10.0,85,3.85,2
19,1,2,4,1.4,0.5,0,6.9,4,1,2,7.0,96,3.4,2
17,0,0,4,3.7,2.0,1,8.1,3,0,1,8.0,98,3.49,2
19,0,2,4,3.9,3.6,2,7.4,3,0,3,12.0,81,3.51,2
21,1,2,4,3.4,1.9,1,7.2,3,0,4,0.0,80,3.36,2
20,0,2,6,4.5,1.0,1,7.0,3,1,0,16.0,90,3.56,2
16,0,0,5,4.9,1.2,1,6.7,2,0,2,10.0,86,4.0,2
21,0,2,0,8.0,2.0,1,5.8,2,1,3,19.0,60,2.71,1
18,0,2,6,11.2,2.5,1,6.0,1,0,3,29.0,65,2.48,1
19,0,2,0,2.8,2.7,1,6.4,3,0,2,13.0,90,3.73,2
21,1,2,4,3.1,1.5,1,8.9,4,1,1,7.0,98,4.0,2
22,1,1,5,4.5,0.9,0,7.5,3,0,2,21.0,80,3.2,2
20,1,2,4,14.0,2.2,1,4.4,1,0,2,24.0,45,2.83,1
16,0,0,4,7.1,1.7,0,7.2,2,1,1,11.0,66,3.54,2
17,0,0,4,5.2,1.1,1,7.6,3,1,4,14.0,82,3.37,2
18,1,2,6,5.0,2.8,1,6.9,2,0,2,16.0,72,3.64,2
18,2,2,2,9.5,2.0,1,4.1,1,1,2,26.0,60,2.7,1
18,0,2,4,3.2,1.5,1,7.2,4,1,0,7.0,80,3.79,2
17,1,0,5,7.2,1.8,1,5.9,2,1,1,17.0,74,3.41,2
20,1,2,6,2.4,2.6,1,9.2,4,1,3,0.0,98,3.62,2
18,0,2,0,3.5,2.9,1,6.9,2,1,2,10.0,85,3.26,2
19,1,0,6,4.4,2.0,1,7.2,3,0,3,8.0,98,3.46,2
19,3,2,4,1.8,2.1,1,8.9,4,0,3,0.0,98,4.0,2
19,1,2,0,6.8,2.3,1,6.0,1,0,2,18.0,80,3.14,2
16,1,0,0,5.5,2.7,1,6.3,2,1,3,19.0,63,3.63,2
18,1,2,1,3.9,2.8,1,8.3,3,0,4,3.0,93,3.65,2
21,0,2,6,1.2,1.7,1,6.1,3,0,3,8.0,83,3.91,2
18,1,2,1,5.9,2.1,1,6.8,3,1,2,15.0,77,3.47,2
18,0,2,4,1.6,1.2,1,8.2,4,0,2,12.0,85,3.74,2
15,1,0,0,2.8,1.6,0,6.2,2,1,0,8.0,93,4.0,2
20,1,2,3,3.9,2.4,1,6.3,2,1,1,15.0,81,3.56,2
18,0,2,4,3.5,1.6,1,7.4,3,1,3,18.0,79,3.94,2
15,1,0,6,14.0,2.4,1,3.0,1,1,0,26.0,51,2.11,0
18,0,2,0,3.5,1.8,0,6.4,3,0,3,8.0,89,3.6,2
18,0,2,0,9.2,1.4,1,5.2,1,1,3,24.0,68,2.63,1
19,1,2,4,3.2,0.9,1,7.2,3,1,3,9.0,92,3.83,2
16,1,0,0,3.2,1.8,0,7.9,4,1,2,9.0,94,3.76,2
17,1,0,0,9.5,1.9,1,4.5,1,1,3,25.0,62,2.54,1
20,1,2,5,7.0,2.3,1,7.4,2,1,2,15.0,74,3.49,2
18,1,2,0,2.2,1.8,1,7.6,5,0,3,8.0,89,4.0,2
17,0,0,6,8.9,2.4,1,5.1,1,1,2,18.0,70,3.15,2
21,0,2,5,6.9,1.0,0,6.3,1,1,3,18.0,74,3.22,2
22,1,1,0,11.5,0.9,0,4.0,1,1,3,33.0,51,2.7,0
18,1,2,2,7.7,0.6,1,4.8,1,0,0,29.0,65,2.58,1
21,0,2,4,6.0,2.4,1,6.1,2,1,2,20.0,83,3.34,2
15,0,0,0,7.4,1.6,1,4.8,1,1,2,20.0,68,2.86,1
17,1,0,4,2.9,1.8,1,6.8,3,1,1,13.0,91,3.2,2
16,3,0,0,3.1,0.9,1,6.6,2,0,2,9.0,80,3.45,2
18,1,0,0,9.5,1.7,2,6.1,2,1,2,15.0,75,3.13,2
19,1,2,6,5.3,0.8,1,6.2,3,1,1,20.0,77,3.26,2
17,1,0,0,10.0,1.6,1,4.8,1,1,2,21.0,57,3.15,1
19,1,2,0,4.2,1.0,1,6.6,3,0,3,8.0,73,3.45,2
15,0,0,6,2.5,1.6,1,6.0,2,1,3,14.0,85,3.89,2
17,1,0,1,4.5,0.6,1,7.2,3,1,2,18.0,88,3.59,2
18,1,2,4,8.3,3.0,1,5.6,2,0,1,22.0,69,3.31,1
17,1,0,4,4.2,1.1,1,7.9,5,0,2,9.0,90,4.0,2
20,1,2,0,3.7,1.3,0,7.2,4,1,1,11.0,93,3.7,2
22,0,1,1,3.8,2.3,0,7.2,3,0,3,15.0,77,3.76,2
21,0,2,3,4.1,0.8,1,6.4,3,0,3,6.0,74,3.39,2
16,1,0,0,10.3,1.7,1,4.1,1,1,2,20.0,52,2.36,1
21,0,2,6,5.2,2.3,1,6.1,2,1,1,16.0,72,3.4,2
19,0,2,5,8.0,2.0,1,5.9,1,1,2,16.0,68,3.29,2
17,0,0,4,2.5,1.2,1,7.2,3,0,2,2.0,98,3.9,2
26,0,1,4,1.1,1.5,1,8.3,4,1,3,4.0,94,4.0,2
19,1,2,3,4.8,2.5,0,7.0,2,1,3,9.0,86,3.66,2
20,1,2,0,12.8,1.4,1,3.4,1,1,2,35.0,39,2.47,0
19,0,2,6,11.3,1.1,1,4.0,1,0,2,20.0,58,2.98,1
19,0,2,0,5.7,1.7,1,6.6,2,1,2,16.0,89,3.46,2
20,0,2,0,8.1,2.0,1,5.1,1,1,2,15.0,66,3.2,2
17,1,0,0,3.3,1.6,1,7.4,3,0,3,16.0,86,3.6,2
15,0,0,4,3.1,1.8,1,7.1,3,0,2,1.0,96,3.08,2
18,1,2,0,6.2,2.8,1,6.4,3,1,4,11.0,87,3.1,2
17,0,0,4,4.7,1.8,1,6.2,2,1,2,9.0,86,4.0,2
16,1,0,4,3.3,1.8,0,6.8,2,0,2,17.0,87,3.39,2
18,1,2,4,5.1,1.1,1,6.7,2,1,3,13.0,73,3.16,2
17,1,0,0,7.9,1.5,0,5.2,1,0,3,28.0,60,3.45,1
18,0,2,6,7.4,1.6,1,6.5,3,1,0,22.0,73,4.0,2
18,1,2,5,4.0,2.0,1,7.6,4,0,4,1.0,92,3.93,2
18,0,2,0,1.3,1.9,1,10.5,5,1,4,5.0,98,3.8,2
18,0,0,4,5.6,1.2,1,7.6,3,1,1,17.0,81,3.8,2
19,0,2,2,2.9,2.9,1,8.0,5,1,1,7.0,98,3.64,2
15,0,0,6,3.0,1.3,1,6.1,2,1,3,9.0,72,3.24,2
20,0,2,3,8.7,2.1,1,4.9,1,1,3,13.0,66,3.0,2
15,0,0,4,4.8,2.3,1,7.7,2,1,2,10.0,79,2.96,2
16,0,0,5,4.7,1.1,1,8.2,2,0,3,4.0,92,3.32,2
19,0,2,0,4.0,1.6,1,7.2,2,0,3,1.0,85,3.62,2
21,1,2,5,5.2,0.8,1,7.4,2,1,4,12.0,73,3.71,2
24,1,1,0,9.1,3.1,1,5.4,1,1,3,20.0,70,3.41,2
25,0,1,0,6.8,1.5,1,7.9,3,1,4,12.0,83,3.75,2
19,1,2,3,5.1,1.6,1,8.1,3,1,2,14.0,90,3.06,2
20,1,2,6,9.4,2.0,0,6.3,1,1,2,20.0,70,2.39,1
21,1,2,4,8.4,0.4,1,6.3,2,1,3,22.0,63,3.05,1
20,0,2,3,3.9,0.6,1,8.5,4,1,1,13.0,92,4.0,2
19,0,2,4,3.4,0.7,1,7.4,4,0,1,4.0,86,3.84,2
20,1,2,0,2.7,0.8,1,6.5,4,0,2,9.0,93,3.27,2
19,1,2,0,7.2,0.0,1,6.3,2,1,3,17.0,78,2.93,2
19,0,2,3,4.6,0.7,1,6.4,2,0,3,19.0,72,2.99,1
19,0,2,6,5.4,1.4,1,7.1,3,0,2,17.0,77,3.63,2
22,1,1,6,5.7,2.7,1,5.4,1,0,3,15.0,86,3.36,2
19,1,2,0,2.8,1.1,1,7.7,4,0,1,5.0,86,3.64,2
18,1,2,0,3.3,1.7,1,7.4,4,0,2,7.0,77,3.14,2
17,0,0,2,5.2,0.7,1,7.4,2,1,3,10.0,93,3.67,2
19,1,2,6,3.7,1.8,1,7.6,4,1,4,9.0,82,3.85,2
17,1,0,0,4.0,2.2,1,7.6,2,1,4,9.0,87,3.6,2
16,0,0,0,10.0,0.6,1,6.1,1,0,4,17.0,64,3.15,1
22,0,1,5,2.8,0.0,1,7.9,4,1,2,5.0,94,3.17,2
21,1,2,4,1.9,2.9,1,7.4,3,0,2,7.0,97,3.93,2
20,0,0,4,5.1,2.5,0,7.8,3,1,2,10.0,84,3.16,2
19,0,2,3,5.2,2.0,1,8.4,3,1,3,3.0,89,3.29,2
19,1,0,4,3.9,0.0,1,5.2,2,1,3,15.0,69,3.55,2
18,1,2,0,11.1,1.4,0,5.8,1,1,4,16.0,82,3.29,2
20,0,2,6,5.7,0.7,1,5.4,2,1,2,16.0,74,3.07,2
20,0,2,0,3.8,1.8,1,7.4,3,0,1,11.0,92,3.7,2
19,1,2,4,6.9,0.9,1,5.9,2,0,3,30.0,59,3.28,1
21,0,2,4,11.9,1.1,1,3.0,1,1,3,40.0,51,2.08,0
19,1,2,0,3.5,2.7,1,7.4,2,0,1,14.0,82,3.58,2
19,0,2,5,5.3,1.3,1,5.8,1,1,3,17.0,89,3.09,2
22,1,2,4,7.0,1.8,1,7.1,1,1,0,28.0,76,3.46,1
19,0,2,4,1.6,1.8,1,7.8,3,0,3,5.0,86,3.85,2
17,2,0,4,8.6,1.9,1,5.3,1,1,2,24.0,58,3.2,1
16,1,0,6,12.6,1.9,1,3.8,1,1,2,29.0,39,2.66,0
21,0,2,4,1.6,2.8,1,8.9,4,1,2,8.0,98,3.39,2
19,1,2,0,2.7,2.2,1,7.4,3,1,2,9.0,98,4.0,2
19,0,2,4,6.8,2.9,1,7.3,3,1,2,19.0,76,3.62,2
17,0,0,1,2.5,1.2,1,7.5,4,0,3,0.0,98,3.44,2
18,0,2,0,10.1,1.9,1,5.4,1,1,2,21.0,58,2.92,1
19,0,2,0,3.4,1.8,1,6.0,3,0,3,5.0,80,3.8,2
17,0,0,6,3.6,3.2,1,5.5,3,1,2,19.0,82,3.47,2
19,0,2,5,4.8,1.1,1,7.8,3,0,3,8.0,87,3.45,2
19,2,2,6,6.0,2.3,1,6.8,2,1,0,26.0,75,3.2,1
17,1,0,2,3.5,1.4,1,4.9,3,1,3,10.0,87,3.7,2
20,0,0,5,3.3,1.1,1,8.0,3,0,4,10.0,98,3.47,2
17,1,0,0,3.7,2.2,1,7.2,3,0,2,14.0,89,3.93,2
19,0,2,3,2.0,1.2,1,8.0,5,1,1,6.0,89,3.82,2
19,1,2,1,2.9,1.5,1,8.0,2,1,2,13.0,85,3.55,2
18,1,2,4,6.7,0.8,1,6.0,1,1,3,11.0,80,3.25,2
18,1,2,3,4.3,1.1,0,6.4,3,1,1,20.0,79,3.6,2
17,1,0,0,8.5,2.0,1,5.6,1,1,2,18.0,72,2.73,1
19,1,2,5,7.0,2.4,1,6.3,1,1,4,13.0,73,3.16,2
15,0,0,6,11.1,3.0,0,4.8,1,0,3,17.0,58,2.67,1
21,1,2,4,3.7,1.3,1,6.4,3,1,0,16.0,80,3.16,2
21,1,2,3,5.1,1.9,1,7.6,3,0,2,16.0,78,3.36,2
17,0,0,6,3.3,1.2,0,9.2,3,1,3,12.0,94,3.87,2
18,1,2,4,3.9,1.6,1,7.2,3,1,2,14.0,85,3.21,2
18,0,2,3,3.5,0.9,1,8.6,5,0,1,11.0,86,3.35,2
18,1,2,2,5.4,1.7,1,6.1,2,1,2,16.0,74,3.02,2
20,0,0,6,2.9,1.4,0,6.1,3,0,3,9.0,85,3.54,2
17,1,0,4,3.3,1.8,1,8.0,4,0,1,5.0,94,3.93,2
24,2,1,3,2.3,2.9,1,8.5,4,1,1,6.0,90,3.72,2
19,1,2,5,6.1,2.6,1,5.1,2,0,3,19.0,70,3.37,2
15,0,0,0,2.6,0.8,1,7.2,3,1,4,10.0,76,3.48,2
23,0,2,4,2.6,2.2,1,6.4,2,1,3,10.0,88,3.9,2
19,2,0,4,4.7,1.3,1,7.3,4,1,3,8.0,85,3.6,2
16,0,0,4,5.4,1.4,1,6.2,2,1,0,17.0,85,3.83,2
17,0,0,4,2.3,1.4,1,7.1,3,0,4,1.0,98,4.0,2
24,0,2,6,4.8,1.7,0,7.4,3,1,3,11.0,78,3.24,2
18,1,0,1,3.3,2.3,0,6.4,3,0,1,2.0,86,3.66,2
17,3,0,0,8.0,1.3,1,5.9,2,1,3,19.0,75,3.16,2
17,0,0,4,3.3,1.4,1,6.8,3,1,2,11.0,85,3.78,2
17,0,0,0,3.4,1.4,1,7.5,3,0,2,2.0,92,3.93,2
18,1,2,0,8.0,2.6,1,6.4,2,1,3,28.0,62,3.26,1
18,0,2,3,8.8,1.6,1,5.0,1,1,1,18.0,53,3.08,1
17,0,0,1,8.3,1.7,1,5.4,1,1,1,20.0,62,3.21,1
18,2,2,0,3.5,1.6,1,7.9,3,1,1,7.0,87,3.82,2
15,1,0,6,2.7,1.9,0,7.1,3,0,4,9.0,76,4.0,2
18,1,2,4,8.2,2.1,1,6.0,2,0,3,21.0,70,3.17,1
18,1,0,4,3.4,0.4,1,7.3,2,0,1,7.0,92,3.61,2
21,0,2,4,3.4,2.1,1,7.9,3,0,2,8.0,88,3.54,2
18,0,2,6,7.2,1.1,0,6.4,2,1,0,13.0,78,3.54,2
18,1,2,4,2.5,1.9,1,7.1,4,1,1,10.0,88,3.69,2
18,0,2,4,3.8,2.2,1,8.3,3,0,2,8.0,91,3.92,2
21,0,2,6,3.2,2.4,1,9.2,5,0,2,1.0,97,4.0,2
19,0,2,6,6.7,0.4,1,7.6,3,1,2,9.0,81,3.41,2
20,0,2,4,5.2,1.5,1,7.5,4,1,3,14.0,83,3.45,2
22,0,2,4,5.8,2.0,0,5.8,2,1,2,17.0,75,3.14,2
18,0,2,3,10.4,2.5,1,4.7,1,1,4,25.0,60,2.87,1
20,1,2,0,1.5,1.0,1,8.4,3,0,3,2.0,98,3.7,2
20,0,2,5,4.5,2.0,1,6.0,2,0,3,18.0,79,3.46,2
26,1,1,0,3.4,1.0,1,8.1,4,1,2,3.0,98,3.97,2
20,1,2,0,5.6,0.5,1,7.1,2,1,3,11.0,83,3.73,2
17,2,0,2,8.4,2.1,1,5.2,1,1,3,26.0,75,3.59,1
17,1,0,0,3.5,2.4,1,6.3,3,1,2,5.0,92,3.91,2
19,1,2,4,3.0,1.9,2,6.4,4,0,3,7.0,87,3.33,2
20,1,2,6,3.9,1.5,1,7.0,3,1,1,13.0,83,4.0,2
18,1,2,6,4.5,1.7,1,7.6,3,1,2,12.0,86,3.74,2
20,0,2,4,7.0,2.3,1,5.1,2,0,2,21.0,71,3.13,1
16,1,0,4,14.0,2.4,1,4.5,1,0,2,40.0,45,2.73,0
20,1,2,6,4.8,2.8,1,8.1,3,1,3,6.0,78,3.13,2
18,1,2,4,2.7,1.8,1,9.0,4,0,2,6.0,98,3.46,2
18,1,2,6,5.1,2.0,1,6.7,2,1,1,14.0,80,4.0,2
22,1,1,6,4.3,1.2,1,7.8,4,0,3,0.0,94,3.76,2
19,1,2,0,5.1,1.4,1,6.2,3,1,3,14.0,78,3.68,2
19,0,2,0,3.7,2.5,1,8.2,3,1,2,0.0,89,4.0,2
18,1,2,6,4.6,3.0,1,7.0,3,1,3,17.0,83,3.3,2
21,0,2,4,7.2,2.7,0,6.3,2,1,0,8.0,63,3.45,2
20,0,0,4,8.5,3.7,1,6.3,3,1,3,21.0,84,2.67,1
19,1,2,0,6.1,2.0,1,5.9,1,1,2,10.0,71,3.66,2
19,1,2,6,9.8,2.8,0,4.8,1,1,2,31.0,62,2.74,1
16,1,0,4,9.4,1.6,0,4.4,1,1,2,19.0,67,3.32,2
19,0,2,0,9.2,1.3,1,5.3,2,1,0,20.0,67,2.8,1
17,2,0,3,4.4,1.7,1,7.0,3,0,1,16.0,82,3.21,2
24,1,1,4,6.7,1.8,1,4.5,1,1,1,20.0,60,2.9,1
19,0,2,0,6.7,1.3,1,7.6,3,1,1,18.0,74,3.42,2
19,0,2,3,10.7,2.2,1,4.3,1,1,1,29.0,33,2.39,0
26,0,1,6,7.1,1.5,1,5.7,1,1,2,13.0,71,3.62,2
16,0,0,6,4.4,1.5,1,5.4,2,0,2,24.0,71,3.59,1
18,1,2,6,4.4,1.5,1,7.3,3,1,3,14.0,84,3.55,2
21,1,2,6,2.7,1.3,1,8.5,3,0,1,1.0,93,3.89,2
20,1,2,1,9.2,1.4,1,4.9,1,1,2,25.0,67,3.23,1
15,0,0,6,5.1,1.5,1,6.9,2,1,3,11.0,80,3.34,2
17,0,0,4,7.3,2.5,1,6.0,2,1,2,14.0,78,3.28,2
18,1,2,4,2.3,1.9,1,9.2,5,0,2,5.0,98,4.0,2
19,1,2,3,4.5,1.3,1,7.6,3,0,1,19.0,87,3.14,2
20,1,2,2,4.8,1.7,0,7.6,3,0,2,7.0,88,4.0,2
19,0,2,0,4.7,1.1,1,5.9,2,1,4,10.0,75,2.93,2
18,0,2,6,6.5,2.7,1,6.2,2,1,2,17.0,75,3.31,2
18,1,2,2,4.3,1.7,1,7.3,2,0,1,2.0,88,3.95,2
17,0,0,6,3.1,1.3,1,8.3,4,0,2,9.0,87,3.54,2
20,1,2,6,7.4,1.1,1,4.9,1,1,3,18.0,72,3.02,2
20,0,2,4,4.5,3.0,1,6.8,2,1,1,9.0,76,4.0,2
20,0,2,3,4.6,2.6,1,5.1,1,1,3,12.0,72,3.6,2
21,0,2,4,5.0,0.5,1,7.4,3,1,2,18.0,83,3.29,2
16,0,0,0,4.0,1.1,1,7.3,3,1,4,19.0,88,3.19,2
17,1,0,3,8.9,1.4,0,5.9,1,1,1,32.0,62,2.8,0
17,0,0,0,6.5,1.9,1,5.7,1,1,2,24.0,61,3.4,1
18,1,0,2,5.6,2.1,1,6.3,2,1,3,17.0,76,3.32,2
15,1,0,2,3.9,1.9,1,6.1,2,1,2,13.0,74,3.47,2
21,1,2,3,9.1,3.3,1,5.9,1,1,3,21.0,69,3.46,1
18,1,2,0,5.7,1.7,1,6.4,2,1,1,13.0,78,3.71,2
22,0,2,4,7.4,2.4,1,4.1,1,1,2,14.0,64,3.57,2
17,1,0,0,3.0,2.0,1,6.3,3,1,4,14.0,88,3.54,2
23,0,2,0,3.8,2.6,1,7.0,2,1,3,14.0,82,3.41,2
18,1,2,4,3.9,1.6,1,7.9,3,0,4,14.0,88,4.0,2
18,0,2,0,2.7,2.1,1,6.1,2,1,4,9.0,90,3.2,2
17,0,0,0,4.1,2.3,0,6.0,3,0,3,17.0,80,3.14,2
19,1,2,4,6.4,2.2,1,7.7,4,1,2,11.0,79,3.22,2
18,0,2,4,4.8,2.7,1,8.0,3,0,3,11.0,73,3.61,2
17,0,0,0,3.2,1.1,1,8.3,3,1,2,11.0,98,3.44,2
21,1,2,3,3.0,3.3,1,7.7,3,0,3,3.0,98,3.64,2
22,0,1,3,3.8,2.8,1,6.6,3,0,2,15.0,85,3.52,2
18,1,2,6,5.2,1.9,1,6.9,1,1,2,21.0,75,3.44,2
20,0,2,4,6.8,2.0,1,6.0,2,1,3,20.0,69,3.69,2
19,0,2,6,12.0,1.2,1,3.9,1,0,2,32.0,51,2.44,0
15,1,0,4,1.5,3.5,1,8.5,4,1,3,5.0,98,3.46,2
19,0,2,4,2.9,1.2,1,6.8,2,0,2,7.0,79,3.6,2
18,0,2,3,3.1,1.3,1,8.2,3,0,0,9.0,87,3.87,2
17,0,0,4,3.3,2.3,1,8.3,3,0,2,6.0,89,3.22,2
19,1,2,0,6.8,0.7,1,7.5,2,1,4,19.0,79,3.22,2
18,1,2,3,6.2,0.8,1,7.9,3,1,1,12.0,85,3.43,2
20,0,2,0,6.3,2.1,1,7.7,2,1,0,16.0,81,3.86,2
22,1,2,4,11.5,1.5,1,4.6,1,0,4,33.0,55,2.35,0
18,0,2,0,11.1,2.0,1,4.9,1,1,3,28.0,47,2.49,0
21,0,0,0,2.9,1.3,1,8.4,3,0,2,9.0,88,3.46,2
19,0,2,0,6.8,0.0,1,5.7,1,1,2,19.0,79,3.48,2
17,1,0,0,6.0,0.2,0,6.2,2,1,3,13.0,89,3.97,2
18,0,2,4,5.1,0.6,1,6.8,2,0,4,17.0,67,3.81,2
18,0,2,0,5.2,2.0,1,5.8,2,1,3,12.0,80,3.48,2
18,0,2,4,5.4,1.7,1,5.5,2,1,2,16.0,74,3.46,2
17,0,0,4,5.8,0.9,1,7.1,3,1,3,21.0,71,3.31,1
17,0,0,6,5.9,1.2,2,6.0,2,1,1,12.0,74,3.56,2
20,0,0,0,4.5,1.3,1,7.7,2,0,1,12.0,85,3.52,2
19,0,0,6,2.7,1.3,1,6.8,3,1,2,6.0,93,3.72,2
22,1,1,0,7.5,1.9,1,5.4,2,1,3,29.0,64,2.68,1
20,1,2,1,4.4,1.2,1,7.1,2,0,2,14.0,80,3.6,2
23,0,1,0,2.4,2.4,0,8.1,4,0,4,10.0,83,3.85,2
18,0,2,6,7.0,1.7,1,7.7,3,1,3,17.0,90,3.07,2
21,1,2,4,2.4,1.6,0,8.5,4,1,2,1.0,85,3.9,2
19,0,0,3,3.5,2.1,0,7.4,3,0,1,20.0,88,3.11,2
18,1,2,3,6.4,1.5,1,6.7,2,1,2,22.0,75,2.98,1
18,1,2,4,3.8,1.1,1,6.7,3,0,2,10.0,92,3.17,2
17,1,0,0,2.4,2.5,1,8.1,3,0,4,8.0,89,3.94,2
19,0,2,3,14.0,2.1,1,3.8,1,1,2,37.0,39,2.86,0
21,0,2,0,4.5,2.1,0,6.9,2,0,3,9.0,88,2.95,2
16,0,0,0,7.1,1.9,1,5.7,2,1,1,18.0,81,3.34,2
18,0,2,1,4.2,2.8,1,8.1,3,1,4,12.0,82,3.53,2
18,0,0,1,7.5,0.7,2,6.1,2,1,4,13.0,77,2.86,2
20,1,2,4,4.2,1.3,0,5.8,2,1,1,17.0,77,3.36,2
24,2,2,3,4.9,2.0,1,8.0,3,1,1,14.0,82,3.6,2
18,0,2,4,5.5,2.1,1,6.2,2,1,1,17.0,72,3.29,2
18,0,2,0,2.8,1.6,1,6.9,3,0,2,7.0,87,3.82,2
16,1,0,0,1.3,1.3,1,10.0,5,1,2,3.0,98,4.0,2
21,1,2,2,1.8,0.7,1,7.0,3,0,3,9.0,94,4.0,2
18,1,2,0,4.4,1.2,1,7.3,3,1,2,19.0,78,2.88,2
17,1,0,0,4.6,2.1,0,7.9,4,0,2,5.0,89,3.57,2
18,1,2,4,2.5,0.3,1,8.3,3,1,4,4.0,98,3.88,2
19,0,2,2,2.5,2.3,1,7.5,4,0,2,8.0,73,3.45,2
21,0,2,4,6.2,0.4,1,6.5,1,1,2,15.0,70,3.52,2
19,1,2,2,1.2,2.1,1,9.1,4,0,1,5.0,98,3.71,2
19,1,2,0,14.0,1.9,1,3.3,1,1,3,37.0,35,2.31,0
16,1,0,6,4.8,1.6,1,7.0,3,0,2,10.0,87,3.68,2
26,0,2,0,7.5,1.9,1,5.4,1,1,3,16.0,68,3.04,2
18,0,2,4,8.7,1.5,0,5.1,1,1,4,16.0,73,2.97,2
19,1,2,0,1.7,2.0,1,8.0,4,0,1,2.0,98,4.0,2
19,1,2,0,7.1,2.1,1,5.7,1,1,4,15.0,62,3.08,2
19,0,2,0,7.2,2.2,1,5.9,2,1,1,12.0,76,3.62,2
16,1,0,0,5.8,2.1,1,7.5,2,1,1,16.0,72,3.35,2
16,0,0,0,7.1,2.6,1,5.8,1,1,2,9.0,64,2.97,2
18,0,2,6,5.8,1.7,1,6.3,3,0,1,16.0,67,3.17,2
22,0,1,6,4.1,1.0,1,6.6,2,0,3,15.0,74,4.0,2
19,0,2,0,4.3,1.1,1,7.1,3,1,4,14.0,79,3.55,2
17,0,0,4,3.1,1.7,1,8.4,4,0,3,4.0,92,3.22,2
16,1,0,4,3.2,1.5,1,8.0,4,0,1,0.0,89,3.85,2
18,1,2,0,5.6,1.5,1,7.0,2,1,2,17.0,87,3.58,2
19,1,2,4,4.7,2.1,0,6.1,2,1,2,15.0,80,3.13,2
18,0,2,0,5.2,1.9,1,6.2,1,0,1,12.0,87,3.36,2
16,1,0,3,6.1,0.9,1,6.4,1,1,3,12.0,75,3.36,2
22,0,2,0,4.7,1.3,1,6.0,2,0,2,16.0,77,3.66,2
22,1,1,5,7.1,3.3,1,5.8,1,0,4,18.0,66,3.48,2
17,1,0,2,4.5,3.2,0,6.5,2,0,3,10.0,80,3.46,2
19,1,2,3,3.0,1.9,1,7.9,3,1,2,5.0,94,3.45,2
16,1,0,0,6.6,2.3,2,6.2,2,1,4,23.0,67,3.46,1
18,1,2,0,3.8,1.2,1,5.5,2,1,1,19.0,70,3.57,2
19,0,2,0,4.4,2.3,1,6.9,2,0,2,23.0,74,2.97,1
18,0,2,2,8.3,1.7,1,6.6,2,1,0,17.0,66,3.51,2
24,0,2,6,3.9,2.3,1,6.7,3,0,4,10.0,81,3.02,2
18,1,2,0,5.9,2.0,2,5.5,2,1,1,13.0,81,3.41,2
19,0,2,6,5.0,0.7,1,7.1,3,0,4,10.0,86,3.25,2
18,0,2,4,3.1,1.2,1,5.4,2,1,2,8.0,89,3.76,2
17,1,0,4,8.3,0.8,1,6.3,1,0,1,16.0,75,3.39,2
19,1,2,0,5.5,2.0,1,7.5,2,1,2,3.0,87,3.38,2
20,0,2,0,3.2,1.8,1,8.2,3,1,2,0.0,98,3.78,2
19,2,2,4,3.0,2.2,0,6.9,3,0,1,10.0,90,4.0,2
22,1,2,4,2.8,2.4,1,7.6,3,0,2,10.0,98,3.82,2
18,0,2,0,5.2,1.5,0,6.3,2,1,2,8.0,88,3.92,2
18,2,2,0,4.8,1.1,1,5.6,1,1,3,14.0,70,3.38,2
19,0,2,0,3.0,1.3,1,6.7,2,1,0,7.0,98,3.44,2
15,1,0,2,4.8,1.6,1,6.0,1,0,3,10.0,86,3.56,2
17,0,0,0,4.2,2.8,1,6.9,4,0,1,7.0,83,3.01,2
18,1,2,6,4.7,1.8,1,6.8,3,0,2,7.0,81,3.61,2
24,1,1,6,3.8,1.6,1,7.2,3,1,4,9.0,93,3.5,2
18,1,2,4,3.1,2.6,1,8.1,3,0,1,14.0,89,3.03,2
19,0,2,0,3.7,0.4,1,8.1,3,0,4,11.0,83,3.84,2
19,0,2,1,4.6,1.3,0,8.6,3,0,3,10.0,88,4.0,2
19,0,2,6,4.8,2.1,2,7.0,3,0,2,9.0,85,3.4,2
18,0,2,4,4.1,2.1,1,8.7,3,1,3,8.0,94,3.47,2
19,1,2,4,3.8,1.9,1,7.2,2,1,1,14.0,91,3.69,2
24,0,1,4,4.1,1.5,1,7.2,3,1,1,18.0,84,3.71,2
17,2,0,0,1.7,2.8,1,8.6,4,0,4,5.0,98,3.78,2
18,1,2,3,7.3,0.0,1,4.7,1,1,2,22.0,67,3.71,2
18,0,2,1,3.5,1.6,1,6.8,2,1,2,18.0,79,3.48,2
19,1,2,4,2.1,0.5,2,7.1,4,1,2,10.0,95,3.61,2
18,0,2,6,3.9,2.0,1,6.4,2,1,3,11.0,84,3.46,2
19,1,0,0,5.1,0.3,1,7.3,1,0,3,15.0,82,3.93,2
16,1,0,6,4.5,1.6,0,5.7,1,1,1,11.0,88,3.43,2
17,0,0,0,10.7,0.2,0,5.2,1,1,2,32.0,57,2.14,0
18,0,2,0,4.1,0.9,1,6.4,2,0,1,12.0,85,3.59,2
16,1,0,0,2.8,1.8,1,6.1,2,1,3,9.0,92,3.98,2
20,0,2,5,2.7,2.5,1,6.5,2,0,2,10.0,92,3.94,2
17,0,0,4,4.9,1.6,1,7.7,2,0,1,17.0,71,3.67,2
21,0,2,1,7.6,1.3,1,6.0,1,1,2,22.0,71,3.14,1
16,0,0,4,3.4,1.6,0,8.0,3,0,4,18.0,91,3.59,2
17,0,0,6,2.7,1.7,1,9.1,5,0,4,1.0,98,4.0,2
19,1,2,3,3.7,1.8,1,7.9,4,1,3,10.0,95,3.36,2
18,0,2,0,6.1,2.0,1,5.9,2,1,4,9.0,75,3.62,2
17,0,0,2,6.4,1.0,1,7.0,2,1,2,15.0,74,3.16,2
19,0,2,5,2.8,1.2,1,9.5,4,0,4,4.0,97,3.16,2
17,1,0,0,4.2,3.0,0,7.0,3,0,3,7.0,89,3.72,2
20,1,2,3,3.9,2.0,1,7.8,3,0,2,8.0,89,3.42,2
17,1,0,0,3.2,2.1,1,8.1,3,1,2,5.0,90,3.97,2
21,0,2,4,6.5,0.7,1,5.7,2,1,2,17.0,73,3.02,2
17,0,0,4,4.2,2.5,1,6.3,2,0,1,9.0,81,3.2,2
19,0,2,4,7.4,1.7,1,5.9,1,1,3,18.0,78,3.16,2
20,1,2,4,14.0,2.5,0,4.4,1,1,1,30.0,43,2.97,0
16,0,0,4,3.2,1.5,1,8.0,3,1,2,8.0,80,3.78,2
18,0,2,4,4.0,1.1,0,8.4,3,0,3,5.0,89,3.88,2
20,1,2,6,2.3,1.6,1,7.4,3,0,1,10.0,84,3.78,2
22,2,1,0,2.7,3.0,1,6.7,2,0,3,8.0,84,3.2,2
16,0,0,4,10.2,2.3,1,5.5,1,1,3,19.0,55,2.81,1
17,1,0,4,10.3,0.9,1,5.7,2,1,4,25.0,58,2.92,1
20,0,2,4,3.4,1.8,0,6.5,3,0,3,19.0,84,3.2,2
16,0,0,0,5.5,0.9,0,7.3,3,1,3,17.0,81,4.0,2
20,1,2,0,5.6,2.0,1,6.8,3,1,2,15.0,82,3.51,2
20,0,2,6,4.5,0.8,1,7.0,3,1,1,11.0,96,3.33,2
18,0,2,0,4.3,1.0,2,5.6,2,0,2,13.0,79,3.41,2
19,0,2,3,10.8,3.0,1,4.1,1,1,3,25.0,63,2.82,1
16,0,0,0,3.5,1.5,1,7.6,3,0,4,15.0,89,3.46,2
20,1,2,6,4.1,1.6,0,8.2,2,0,1,3.0,85,3.94,2
17,0,0,0,2.6,3.1,0,8.6,2,1,2,1.0,83,4.0,2
18,0,2,6,2.1,2.0,1,6.8,3,1,3,11.0,88,3.8,2
20,1,2,0,6.1,1.9,1,6.7,1,0,3,16.0,77,2.74,2
18,0,2,0,3.1,1.3,1,7.5,2,1,2,10.0,82,3.83,2
19,2,2,0,8.9,0.9,0,5.3,1,1,2,18.0,65,2.82,1
18,1,2,4,2.6,2.0,0,6.7,2,0,3,10.0,81,3.27,2
17,1,0,4,7.5,1.9,1,6.1,3,1,1,20.0,77,3.23,2
18,1,2,6,5.8,2.3,0,6.8,3,1,3,10.0,82,3.46,2
26,0,2,6,3.6,1.2,1,7.5,3,0,4,10.0,90,3.97,2
21,2,2,4,4.3,2.4,1,7.0,4,0,1,13.0,87,3.61,2
20,0,2,4,4.4,2.9,1,7.4,3,0,1,15.0,83,3.74,2
17,1,0,3,1.5,2.2,2,7.7,3,0,3,8.0,94,3.96,2
17,1,0,6,8.7,2.5,1,5.2,1,1,4,24.0,60,2.87,1
19,0,2,0,4.2,1.2,0,7.2,2,0,2,17.0,93,3.84,2
20,1,2,4,6.7,0.9,1,5.8,2,1,1,15.0,73,3.14,2
17,1,0,3,6.0,1.7,1,5.7,2,1,1,21.0,73,3.23,2
19,0,2,6,4.9,0.4,0,7.3,4,1,4,9.0,93,3.57,2
18,0,2,4,5.5,1.4,1,5.9,1,1,1,18.0,75,3.37,2
18,0,2,4,4.2,1.4,1,7.6,3,1,4,9.0,86,3.61,2
18,1,2,1,2.8,1.8,1,8.6,4,1,2,7.0,98,3.77,2
17,0,0,3,2.9,1.9,1,8.5,5,0,1,11.0,98,2.95,2
17,0,0,4,6.9,1.1,1,4.7,1,1,3,18.0,70,3.39,2
17,1,0,0,1.8,1.0,1,7.9,4,0,0,6.0,97,4.0,2
20,0,2,6,8.1,3.8,1,5.6,1,1,4,23.0,72,2.72,1
19,1,2,5,2.1,2.0,0,7.6,3,1,1,6.0,98,3.94,2
17,0,0,4,11.5,2.2,1,4.8,1,1,4,23.0,53,2.94,1
19,1,2,0,2.4,1.6,1,7.9,4,0,4,12.0,95,3.37,2
18,0,2,0,8.0,0.6,1,5.8,2,1,3,19.0,62,3.46,1
20,1,2,0,5.9,2.8,1,7.7,3,1,1,10.0,94,3.71,2
19,0,0,0,7.5,1.9,1,5.9,2,1,1,13.0,82,2.91,2
19,0,2,0,4.2,1.7,1,6.6,3,1,2,5.0,88,3.91,2
17,0,0,5,1.9,1.6,1,7.9,3,0,3,8.0,93,3.82,2
18,0,2,4,3.4,1.2,0,8.1,3,0,2,4.0,94,3.8,2
19,1,2,6,3.2,0.8,1,6.5,2,1,3,10.0,87,3.51,2
18,0,2,2,3.8,2.1,1,6.7,3,0,2,18.0,70,3.56,2
19,1,2,4,5.4,1.5,1,7.2,4,1,3,18.0,73,3.85,2
16,1,0,6,4.8,2.2,1,4.6,2,1,3,24.0,69,3.19,1
22,0,1,3,3.5,1.5,1,7.5,3,0,0,8.0,96,3.48,2
19,0,2,3,3.5,2.5,1,7.5,3,0,3,8.0,83,3.78,2
19,0,0,6,4.2,1.9,0,6.9,2,0,4,16.0,78,3.46,2
19,1,2,4,3.5,1.7,1,7.8,3,1,4,15.0,90,3.81,2
18,1,2,6,1.5,2.7,0,7.7,4,0,3,8.0,97,3.33,2
18,0,2,0,8.1,1.7,1,4.7,1,1,3,20.0,63,3.02,1
20,0,2,6,6.2,1.9,1,6.7,3,1,3,16.0,81,3.13,2
18,0,2,6,5.5,1.7,1,7.2,3,0,2,16.0,80,2.68,2
19,1,2,0,4.1,2.8,1,8.7,4,1,3,16.0,81,3.82,2
18,0,2,4,9.8,0.6,0,5.7,1,1,1,19.0,74,3.21,2
22,1,1,4,3.3,2.0,2,8.0,3,1,1,10.0,95,3.31,2
22,0,1,0,11.2,2.6,0,5.7,1,1,3,28.0,65,2.82,1
17,1,0,6,4.5,2.5,1,7.0,2,1,2,4.0,85,3.71,2
16,0,0,4,7.2,2.6,0,6.7,2,1,2,14.0,81,3.55,2
18,0,2,0,4.4,1.3,1,7.7,3,0,1,3.0,86,3.29,2
18,1,2,3,4.4,1.1,1,7.0,3,1,2,7.0,81,3.79,2
20,1,2,0,10.0,2.7,1,4.3,1,1,1,25.0,58,2.66,1
19,0,2,4,2.5,2.0,1,6.8,3,0,1,5.0,80,3.47,2
16,0,0,0,4.8,1.7,1,7.3,2,0,1,10.0,87,3.67,2
18,3,2,4,1.6,1.2,1,7.3,4,0,3,10.0,94,3.28,2
18,0,2,0,2.0,2.0,1,9.4,4,0,2,1.0,98,4.0,2
16,0,0,4,4.8,1.7,1,6.5,2,0,4,13.0,80,3.52,2
17,1,0,4,4.3,0.8,1,5.5,1,1,1,16.0,79,3.26,2
19,0,2,4,5.7,2.8,1,6.3,2,1,2,12.0,84,3.04,2
20,0,2,6,3.2,2.2,1,6.6,2,0,1,10.0,88,4.0,2
19,0,2,4,3.6,1.3,1,6.8,2,0,2,0.0,87,3.84,2
18,1,2,0,14.0,2.0,1,4.5,1,1,2,25.0,53,2.55,1
18,1,0,0,2.2,1.0,1,7.4,4,0,3,10.0,83,3.73,2
19,1,2,2,7.2,2.5,1,6.5,2,1,3,15.0,75,2.93,2
24,0,1,1,3.4,2.2,1,7.5,4,0,3,12.0,80,4.0,2
19,1,2,0,4.6,3.4,2,6.3,3,0,4,9.0,87,3.34,2
17,1,0,0,8.1,1.5,1,6.2,2,1,3,16.0,80,3.13,2
20,1,2,4,5.9,2.0,1,7.4,3,0,2,12.0,85,3.61,2
17,1,0,4,2.8,2.5,1,7.8,3,0,4,7.0,93,3.96,2
21,1,2,4,3.8,0.6,0,5.8,3,0,2,15.0,80,2.96,2
17,0,0,4,8.8,2.7,1,3.4,1,1,0,30.0,54,2.74,0
15,1,0,0,3.3,1.8,1,6.9,2,0,2,13.0,82,3.87,2
18,0,2,0,9.2,2.6,1,4.9,1,1,2,18.0,60,3.21,1
21,1,2,1,10.2,1.2,1,4.1,1,1,3,27.0,56,3.22,1
19,1,2,2,5.9,1.9,1,7.2,3,1,1,14.0,86,2.92,2
18,1,2,3,5.4,1.5,1,6.2,4,1,1,9.0,83,2.99,2
19,1,2,0,2.1,2.2,1,8.6,4,1,1,4.0,98,3.72,2
21,0,2,0,3.6,2.2,0,7.4,3,0,3,7.0,95,3.69,2
19,1,2,0,6.5,1.4,1,6.1,1,1,2,16.0,70,2.85,2
18,1,2,4,11.6,1.6,1,4.3,1,1,4,23.0,45,2.7,1
19,1,2,6,4.7,3.0,1,6.1,2,1,2,8.0,77,3.27,2
18,1,0,0,4.5,1.9,1,7.1,3,0,2,14.0,84,3.68,2
19,0,2,4,2.5,0.9,1,8.5,4,0,3,7.0,87,3.54,2
20,1,2,4,2.9,1.3,1,7.5,3,1,2,7.0,91,4.0,2
15,1,0,0,2.5,2.2,0,6.3,3,0,2,6.0,91,3.66,2
18,0,2,5,5.1,2.1,1,4.9,1,1,2,21.0,61,2.85,1
19,0,2,6,4.2,1.8,1,6.7,2,1,3,16.0,82,3.47,2
18,0,2,6,4.5,1.8,1,7.6,3,0,4,12.0,83,3.65,2
21,1,2,6,4.8,2.5,1,6.1,2,0,1,8.0,87,2.99,2
18,0,2,4,5.2,1.8,1,8.1,3,0,3,14.0,71,3.88,2
21,0,2,4,6.0,2.1,1,7.2,2,0,2,13.0,76,3.11,2
19,1,2,0,3.2,1.5,1,7.2,2,0,2,6.0,89,3.46,2
18,1,2,6,14.0,1.0,1,3.2,1,1,2,40.0,37,2.58,0
21,0,2,6,3.7,1.6,1,7.0,3,0,2,13.0,96,3.62,2
21,1,2,4,5.2,1.9,1,7.2,3,1,4,7.0,77,3.53,2
17,0,0,2,2.5,2.6,1,7.5,3,1,1,5.0,98,4.0,2
21,1,2,6,7.2,1.2,1,5.7,2,0,3,15.0,72,3.36,2
18,1,2,0,5.4,1.5,1,7.0,2,1,3,13.0,92,3.33,2
18,1,2,4,11.2,1.6,1,4.5,1,0,2,28.0,60,2.74,1
17,0,0,1,5.8,1.7,1,6.8,2,1,2,8.0,83,3.76,2
17,0,0,4,6.4,2.7,1,6.8,3,1,2,20.0,74,3.37,2
18,1,2,5,3.0,1.3,1,6.4,2,1,1,13.0,98,3.7,2
18,0,2,5,4.1,1.5,1,7.6,3,1,1,15.0,85,3.67,2
16,1,0,0,3.2,1.5,0,8.0,3,1,2,16.0,90,3.69,2
21,1,2,0,2.8,1.5,1,7.2,4,0,1,10.0,93,3.92,2
16,1,0,3,13.1,3.0,0,4.4,1,0,2,28.0,54,2.81,1
19,1,2,5,8.6,1.9,1,4.8,1,0,1,14.0,63,3.14,2
17,1,0,2,4.5,2.5,0,6.3,3,1,2,4.0,81,3.53,2
20,0,2,0,5.6,1.4,1,7.1,2,1,2,14.0,70,3.33,2
18,0,2,3,6.2,1.0,1,5.5,1,1,3,19.0,63,3.49,2
20,0,2,6,6.2,1.2,1,6.3,2,0,1,16.0,91,2.9,2
19,1,2,6,5.1,3.2,0,7.7,3,1,1,12.0,88,3.2,2
20,0,2,0,6.3,1.6,2,7.5,3,1,2,17.0,74,4.0,2
17,1,0,6,3.6,1.5,1,7.6,3,0,1,4.0,98,4.0,2
20,0,2,1,8.8,1.9,1,4.9,1,1,2,27.0,61,2.59,1
15,1,0,6,9.9,1.2,0,3.3,1,1,4,31.0,44,2.47,0
20,0,2,4,5.6,2.5,1,8.2,3,1,2,17.0,81,2.96,2
18,0,2,0,3.9,2.2,1,7.2,3,0,2,12.0,79,3.25,2
17,0,0,3,3.1,2.7,1,8.9,4,0,2,3.0,95,4.0,2
25,0,1,3,9.8,0.7,1,5.1,1,0,1,15.0,60,3.61,2
19,0,2,0,6.1,1.5,1,7.5,2,1,3,13.0,81,3.36,2
16,0,0,2,7.3,1.3,1,6.2,2,1,4,20.0,72,3.07,1
19,0,2,0,3.8,1.2,0,8.6,5,1,2,0.0,93,4.0,2
18,1,2,0,2.0,1.4,1,7.3,4,1,4,16.0,95,3.75,2
18,0,2,4,4.7,1.7,1,8.0,3,1,2,15.0,84,3.33,2
20,0,2,4,5.7,3.2,1,7.5,3,0,1,9.0,82,3.93,2
20,1,2,0,6.1,1.9,1,7.6,3,1,3,14.0,79,3.65,2
20,0,2,4,9.3,1.2,1,5.3,1,1,2,24.0,61,2.93,1
18,0,2,6,1.6,2.1,2,7.9,3,0,4,12.0,98,3.56,2
20,1,2,0,2.8,2.3,1,7.7,3,1,3,13.0,87,3.83,2
18,0,0,5,6.2,1.1,1,5.8,2,1,0,13.0,76,3.1,2
20,1,2,4,7.5,2.1,1,5.3,1,0,2,19.0,73,2.83,1
20,1,2,3,3.4,1.2,1,4.9,2,0,0,14.0,66,3.97,2
16,1,0,6,6.2,1.0,1,7.2,4,1,2,18.0,80,3.54,2
18,0,2,2,4.2,2.3,1,6.3,3,1,1,10.0,82,3.45,2
23,0,1,6,5.3,2.4,1,5.1,1,0,3,13.0,59,3.52,2
19,1,2,6,4.6,2.5,1,6.2,3,1,2,12.0,90,3.35,2
18,0,2,6,8.0,1.9,1,6.2,1,1,3,22.0,67,2.85,1
18,1,2,0,5.1,1.5,1,6.8,3,1,3,4.0,96,3.75,2
18,1,2,4,2.5,2.4,1,8.6,4,0,2,4.0,97,3.96,2
17,0,0,4,9.8,2.6,1,5.5,1,1,3,28.0,55,2.88,1
20,1,2,4,10.3,2.4,1,6.2,1,0,2,26.0,64,2.61,1
22,0,1,4,3.6,1.9,0,6.8,2,0,2,13.0,89,3.73,2
20,0,2,0,3.7,1.7,1,7.8,4,0,4,11.0,88,3.51,2
16,1,0,2,8.8,2.3,1,5.0,2,1,2,14.0,66,3.34,2
16,0,0,3,4.6,1.6,1,7.6,3,0,1,12.0,93,3.35,2
20,2,2,4,7.0,1.7,1,5.7,1,1,4,16.0,75,3.34,2
21,0,0,0,6.5,1.3,1,5.6,2,1,1,19.0,70,3.26,2
18,1,2,0,6.8,1.2,0,5.3,2,1,3,16.0,66,2.97,1
20,0,2,6,2.2,0.8,1,6.6,4,0,0,2.0,96,3.27,2
19,1,2,2,2.4,0.8,0,8.2,3,0,2,8.0,95,4.0,2
19,1,2,4,4.7,1.4,1,4.9,2,1,4,15.0,80,3.29,2
17,0,0,4,3.4,2.6,1,8.5,3,0,0,8.0,89,3.79,2
18,0,2,2,2.3,0.7,1,8.1,4,1,4,5.0,98,3.75,2
17,0,0,0,7.6,3.4,1,6.5,3,1,3,14.0,82,3.08,2
20,1,0,4,5.3,2.5,1,6.5,2,1,2,16.0,88,3.47,2
17,1,0,3,14.0,1.0,1,4.1,1,1,3,31.0,42,2.77,0
17,0,0,4,6.9,1.2,1,6.0,1,1,4,11.0,76,3.49,2
19,0,2,0,2.8,1.2,0,6.8,4,1,3,10.0,92,3.59,2
15,1,0,5,10.5,1.4,1,5.7,1,1,1,20.0,67,3.08,1
16,0,0,6,3.5,1.3,1,6.2,4,0,1,15.0,77,3.44,2
18,1,2,6,4.8,2.7,1,6.9,2,0,3,9.0,86,3.14,2
18,1,2,0,8.3,1.8,1,6.5,2,0,3,34.0,74,2.9,1
17,0,0,4,3.7,1.9,1,7.1,3,1,4,7.0,95,3.93,2
17,1,0,0,4.6,2.0,1,6.8,5,0,1,15.0,74,3.49,2
19,0,2,6,5.3,2.1,1,6.2,2,1,2,15.0,78,3.25,2
18,0,0,4,4.4,1.9,0,7.1,3,0,2,8.0,92,3.7,2
18,1,2,2,9.0,1.0,0,3.8,1,1,4,25.0,70,2.64,1
25,0,1,5,3.3,0.4,1,6.9,3,0,2,7.0,80,3.57,2
19,1,2,2,6.3,2.9,0,8.5,3,0,1,10.0,82,3.96,2
20,2,2,4,5.5,1.8,0,6.7,3,1,0,13.0,82,3.46,2
19,1,2,2,2.9,2.3,1,6.9,2,0,3,17.0,89,3.53,2
21,1,2,4,5.1,2.4,1,7.1,3,1,2,12.0,88,3.5,2
18,1,2,2,6.9,1.9,1,4.7,1,1,3,14.0,70,3.14,2
18,0,2,4,5.4,1.1,1,7.3,3,0,1,7.0,84,3.4,2
19,2,2,3,7.3,1.2,1,5.7,1,1,2,8.0,82,3.1,2
19,0,2,4,4.7,2.0,1,7.4,2,1,1,3.0,90,3.81,2
20,0,2,6,2.5,1.9,1,8.3,3,0,3,8.0,98,3.49,2
19,0,2,4,8.2,1.7,1,5.0,1,1,1,24.0,54,2.99,1
20,1,0,0,6.0,2.7,1,3.7,1,1,1,16.0,70,2.77,1
20,1,2,4,3.9,1.0,1,6.4,2,1,3,15.0,84,3.08,2
15,1,0,0,2.6,1.9,0,7.6,3,1,2,10.0,88,3.7,2
15,0,0,4,7.1,1.0,0,7.0,2,1,0,15.0,72,3.17,2
19,1,2,3,5.9,2.0,1,5.2,2,1,3,18.0,69,3.37,2
19,0,2,6,4.1,2.3,1,6.3,3,1,1,11.0,79,3.66,2
20,0,2,0,6.5,1.6,1,6.3,2,1,4,17.0,78,3.66,2
17,1,0,0,3.8,1.2,1,7.7,4,0,2,18.0,92,3.82,2
18,1,2,3,6.5,2.2,1,6.8,2,0,2,18.0,76,3.02,2
21,1,2,4,3.0,2.1,1,7.8,3,0,2,9.0,95,3.75,2
19,1,2,0,1.1,2.8,1,8.0,3,1,3,2.0,96,4.0,2
19,0,2,3,6.3,2.1,1,6.1,1,1,1,17.0,77,3.83,2
18,0,2,0,4.3,2.2,0,5.1,2,1,2,19.0,73,3.72,2
17,1,0,4,3.7,2.3,1,7.9,3,1,4,3.0,90,3.37,2
18,0,2,4,4.8,1.2,1,6.9,3,0,0,14.0,84,3.13,2
19,0,2,0,8.9,1.9,1,4.1,1,1,1,13.0,52,2.72,1
19,0,2,0,7.1,1.8,1,5.4,1,1,2,15.0,74,3.36,2
17,0,0,3,7.7,2.8,1,6.1,3,1,3,24.0,69,2.95,1
19,1,2,4,2.8,1.4,1,7.9,4,0,3,3.0,98,3.82,2
26,0,1,6,3.5,1.5,1,6.4,1,1,2,18.0,78,3.81,2
21,0,2,3,5.2,2.0,1,5.9,3,1,3,15.0,69,3.36,2
19,1,2,0,2.8,2.5,1,7.7,2,0,2,8.0,98,3.63,2
19,0,2,4,5.4,1.7,0,6.9,3,1,4,13.0,79,3.49,2
20,0,2,6,5.2,2.1,1,6.8,3,1,1,10.0,85,3.49,2
18,0,2,4,2.9,1.9,1,7.5,3,0,0,12.0,88,3.63,2
18,1,2,2,7.4,2.8,1,4.6,1,1,3,15.0,68,3.64,2
22,1,1,4,9.8,2.6,1,4.5,1,1,3,25.0,52,3.4,1
18,0,2,0,2.4,1.4,0,8.3,4,1,1,6.0,98,3.48,2
20,1,2,0,4.5,2.0,1,6.2,1,1,1,15.0,87,3.71,2
18,0,2,0,9.7,2.8,0,5.4,1,1,3,17.0,54,3.44,1
20,0,2,3,3.1,1.6,1,7.8,3,0,2,8.0,94,4.0,2
18,1,2,4,2.7,1.7,0,7.5,4,0,3,12.0,88,3.48,2
19,0,2,4,2.1,1.0,1,7.1,4,0,4,7.0,94,4.0,2
25,0,1,0,2.2,0.9,1,7.2,3,0,3,7.0,97,4.0,2
19,2,2,4,4.2,1.5,1,8.7,3,1,2,8.0,84,3.79,2
17,0,0,5,5.2,2.2,1,6.4,3,1,3,19.0,82,2.61,2
18,2,2,0,6.6,2.4,1,6.2,2,1,3,20.0,70,3.15,1
19,1,2,0,2.5,2.0,1,7.9,4,0,2,7.0,95,3.68,2
20,0,2,0,6.3,3.2,1,5.3,2,1,2,16.0,69,3.88,2
17,0,0,0,3.6,1.5,1,5.1,3,1,4,18.0,87,3.5,2
18,1,2,6,7.3,1.4,0,6.9,2,0,3,13.0,81,3.21,2
26,0,1,1,4.4,1.1,1,7.0,2,0,4,14.0,73,3.5,2
24,0,1,6,9.7,1.6,1,5.4,1,1,1,24.0,68,3.15,1
20,1,2,5,2.3,2.7,1,7.0,4,0,3,13.0,89,4.0,2
19,0,2,4,6.8,0.0,1,5.3,2,0,2,10.0,83,3.57,2
19,0,2,4,4.9,1.8,1,6.2,3,0,1,11.0,71,2.72,2
19,1,2,6,8.0,1.3,1,6.6,3,0,2,19.0,76,3.53,2
17,1,0,3,5.1,2.3,1,6.3,1,1,3,8.0,91,3.4,2
17,1,0,3,3.3,0.3,1,9.6,4,0,2,4.0,98,3.78,2
21,0,2,6,2.2,0.6,1,9.0,4,0,1,4.0,98,3.76,2
19,1,0,4,4.0,2.4,1,7.3,3,0,3,7.0,89,3.46,2
19,3,2,0,9.0,1.7,0,5.4,1,1,1,30.0,53,2.87,0
19,0,2,4,2.5,0.6,1,8.1,4,0,2,6.0,93,3.51,2
15,0,0,2,6.8,1.9,1,5.0,1,1,1,23.0,66,2.88,1
16,0,0,4,9.0,1.5,0,6.2,2,1,4,25.0,64,3.55,1
20,1,2,1,3.9,1.7,1,7.0,3,0,1,14.0,83,3.3,2
20,1,2,4,7.7,1.6,1,4.8,1,0,4,27.0,58,3.2,1
20,1,2,6,8.8,2.6,1,5.8,1,1,2,22.0,63,3.33,1
19,3,2,0,2.0,1.6,1,8.9,2,0,3,2.0,97,3.9,2
19,0,2,6,7.7,0.9,1,6.5,2,0,1,22.0,71,2.87,1
21,1,2,0,5.2,1.0,1,5.5,2,1,0,15.0,90,3.13,2
22,0,1,6,1.6,2.2,1,7.1,3,0,2,6.0,98,3.57,2
19,0,2,0,8.0,1.4,1,4.8,1,1,2,24.0,62,2.76,1
18,0,2,4,3.3,2.2,1,7.9,3,0,3,0.0,94,4.0,2
17,1,0,6,7.3,1.6,1,4.9,1,1,2,17.0,65,3.03,1
19,1,0,4,4.7,1.2,1,7.5,3,1,3,13.0,80,3.93,2
20,3,2,6,2.3,1.9,1,7.5,3,1,0,3.0,94,4.0,2
20,0,2,0,6.6,1.2,1,7.1,2,1,2,19.0,88,3.33,2
18,1,2,0,12.4,2.8,1,4.7,1,1,3,26.0,51,3.46,1
25,0,1,0,3.8,2.8,1,6.7,2,0,2,18.0,89,3.42,2
19,0,2,4,5.4,1.0,1,5.6,1,0,1,10.0,71,2.99,2
18,1,2,3,4.5,1.9,1,7.0,2,0,2,7.0,90,3.41,2
19,1,2,3,9.4,1.5,1,5.6,1,1,4,25.0,62,3.05,1
23,0,1,0,5.9,1.6,1,6.8,3,1,2,17.0,79,2.53,2
20,1,0,6,3.9,1.7,1,8.7,3,0,1,14.0,85,3.69,2
18,0,2,0,5.4,1.0,1,8.2,3,1,2,11.0,75,3.97,2
21,0,2,6,4.3,1.9,1,6.6,3,0,3,12.0,85,3.31,2
17,1,0,3,2.3,1.2,2,6.3,3,0,1,16.0,78,3.69,2
22,1,1,0,2.5,3.6,1,6.4,3,0,1,10.0,90,4.0,2
18,3,2,4,3.7,1.2,1,7.7,3,0,2,15.0,83,3.86,2
22,0,1,2,2.4,2.4,1,8.1,3,0,2,0.0,98,3.99,2
23,0,1,6,6.7,0.2,1,6.8,3,0,2,11.0,76,3.73,2
20,1,2,2,3.4,1.5,1,7.0,3,0,2,8.0,76,3.57,2
17,1,0,6,5.3,1.6,1,5.6,1,0,4,13.0,81,3.52,2
18,0,2,0,9.3,1.2,1,5.8,1,0,2,25.0,66,3.01,1
21,0,2,3,2.5,2.1,1,8.2,4,1,3,7.0,88,3.58,2
19,1,2,0,8.8,1.6,1,5.4,1,1,3,21.0,71,3.17,1
17,1,0,4,6.8,1.2,1,6.7,2,1,2,21.0,71,3.06,1
18,1,2,4,4.7,2.2,1,7.0,2,0,4,14.0,80,3.41,2
21,0,2,0,5.5,1.2,1,6.4,2,1,2,15.0,74,3.69,2
23,0,1,4,4.0,2.9,1,7.6,3,1,0,7.0,96,3.54,2
17,0,0,6,3.9,2.8,1,7.4,3,1,2,14.0,91,3.48,2
19,3,2,4,6.0,1.2,2,5.6,1,1,1,13.0,88,3.12,2
18,1,2,4,4.0,2.1,1,7.9,3,0,0,7.0,90,3.63,2
20,1,0,2,2.9,1.8,1,8.1,5,1,2,2.0,98,4.0,2
17,1,0,0,6.0,1.2,1,5.7,2,1,3,21.0,67,2.73,1
16,0,0,0,4.4,2.9,1,6.9,3,0,2,11.0,84,3.82,2
19,0,2,4,4.0,3.0,1,5.2,1,1,2,18.0,77,3.85,2
19,0,2,0,8.6,2.1,1,5.1,1,1,2,15.0,66,2.72,1
20,1,2,4,9.3,2.1,0,4.7,1,0,1,21.0,65,2.99,1
23,1,1,0,6.4,1.6,1,6.1,2,1,2,25.0,69,3.45,1
24,1,1,6,7.4,1.2,1,5.9,2,1,4,19.0,71,3.21,2
21,1,2,0,4.5,2.1,1,7.6,3,1,3,8.0,80,3.93,2
18,0,2,0,2.7,2.0,0,8.1,4,0,3,14.0,98,3.46,2
19,1,2,0,3.3,0.9,1,6.8,3,0,4,7.0,81,3.27,2
18,0,2,0,3.2,1.0,1,8.2,5,0,2,16.0,85,3.31,2
20,3,2,0,6.8,2.5,1,7.0,3,1,3,18.0,71,2.86,1
17,1,0,6,11.2,3.0,1,3.2,1,1,1,26.0,43,2.51,0
18,0,2,3,4.8,0.9,1,6.5,1,1,1,11.0,73,3.66,2
18,0,2,0,8.2,1.9,1,5.1,2,1,3,16.0,68,3.44,2
20,0,2,3,2.6,2.0,1,8.1,4,0,3,12.0,98,3.17,2
20,1,2,0,3.8,0.3,0,7.9,4,1,2,5.0,82,3.44,2
21,1,2,0,3.8,1.9,1,6.3,2,0,4,14.0,71,3.88,2
21,0,2,6,2.9,0.0,1,7.6,4,1,2,5.0,88,3.91,2
20,1,2,4,8.6,2.1,1,6.6,2,1,3,15.0,74,2.98,2
16,1,0,6,3.9,1.1,1,7.9,3,0,2,15.0,89,3.43,2
19,0,2,4,3.0,1.1,2,7.7,3,0,4,9.0,94,3.63,2
19,0,2,4,4.2,1.7,1,6.2,3,0,4,8.0,78,3.35,2
17,0,0,5,6.0,1.6,0,7.5,2,1,4,14.0,81,3.51,2
15,0,0,0,7.0,1.5,1,5.8,2,1,1,20.0,65,3.12,1
18,0,2,6,6.5,0.8,1,6.1,1,1,2,17.0,80,3.55,2
17,0,0,0,7.5,2.4,1,5.9,1,0,1,10.0,74,3.25,2
18,0,2,4,14.0,3.4,1,4.0,1,1,1,30.0,46,2.43,0
16,1,0,0,4.9,0.3,1,6.5,2,0,2,6.0,82,3.47,2
17,0,0,4,6.7,1.7,1,5.9,2,1,3,8.0,72,3.19,2
19,1,2,4,11.5,2.5,0,5.0,1,1,1,32.0,41,2.8,0
23,1,1,4,9.8,1.3,1,4.2,1,0,0,24.0,68,3.28,1
18,1,2,0,11.5,2.7,1,5.0,1,1,1,33.0,54,2.64,0
22,0,1,0,6.2,1.9,1,6.5,2,1,3,12.0,94,3.24,2
18,0,2,0,2.7,2.0,0,8.0,4,1,2,3.0,98,3.82,2
26,3,2,0,5.1,2.7,1,6.7,3,1,1,13.0,76,3.56,2
20,1,2,0,5.2,1.4,1,7.7,3,1,4,17.0,80,3.52,2
18,0,2,0,4.2,1.3,1,8.0,3,0,3,1.0,98,3.52,2
17,0,0,4,14.0,0.6,1,4.2,1,1,4,22.0,45,2.91,1
18,1,2,4,4.8,2.7,0,7.5,2,1,2,14.0,83,3.45,2
23,1,1,4,7.1,2.0,0,6.6,2,0,3,17.0,80,3.68,2
23,1,2,0,6.6,2.1,1,6.9,3,1,3,18.0,80,3.42,2
18,0,2,6,2.9,2.4,1,5.5,1,1,3,15.0,75,3.96,2
19,1,2,6,3.8,1.6,1,7.1,2,0,4,6.0,84,3.46,2
19,0,2,4,6.7,3.0,1,5.6,2,0,4,18.0,72,3.37,2
21,1,2,6,2.0,1.8,1,7.3,3,1,1,8.0,86,3.74,2
16,0,0,4,5.8,1.5,1,7.0,3,1,2,10.0,86,3.6,2
19,1,2,4,7.2,3.0,1,6.7,2,1,1,9.0,80,3.36,2
21,0,0,6,4.2,1.2,0,6.5,2,0,2,13.0,72,3.05,2
18,0,2,4,5.6,1.9,1,6.4,3,1,1,18.0,76,3.32,2
17,1,0,0,3.1,1.3,1,8.7,4,0,3,2.0,86,4.0,2
18,0,2,6,4.0,3.6,2,6.9,3,0,3,15.0,88,3.4,2
17,1,0,0,2.2,1.9,0,7.5,2,1,4,13.0,89,3.43,2
16,0,0,0,5.3,1.9,1,7.5,2,1,3,11.0,89,3.47,2
19,0,2,0,2.9,2.2,1,6.8,4,0,3,15.0,86,3.92,2
21,0,2,6,2.1,0.2,1,8.3,4,1,0,12.0,94,3.49,2
19,0,2,0,11.3,1.9,1,4.1,1,1,3,26.0,56,2.21,0
17,1,0,0,6.1,1.3,1,6.7,2,1,2,10.0,83,3.5,2
21,0,2,4,7.9,2.9,1,6.8,2,0,2,15.0,69,3.49,2
18,0,2,4,3.2,2.8,1,7.9,3,0,2,17.0,87,3.77,2
20,0,2,0,3.2,2.0,1,6.6,4,0,1,15.0,86,3.58,2
17,1,0,4,1.9,0.7,1,7.1,4,1,2,0.0,96,4.0,2
19,1,2,3,8.0,0.5,1,5.3,1,1,2,17.0,67,3.46,2
18,1,2,0,4.8,1.7,0,6.5,2,0,1,13.0,81,3.63,2
23,1,1,5,2.6,1.8,1,8.5,4,0,3,6.0,92,4.0,2
19,0,2,0,7.5,2.9,1,7.7,4,0,4,17.0,70,3.48,2
15,1,0,3,3.7,2.4,1,8.3,4,0,4,6.0,89,4.0,2
18,0,2,2,10.6,0.7,1,5.7,1,0,2,21.0,54,2.87,1
22,0,1,4,2.5,2.3,1,7.2,3,0,1,8.0,90,4.0,2
17,0,0,0,3.0,1.8,1,8.8,4,0,2,8.0,84,3.83,2
19,1,2,0,4.2,0.2,1,6.9,2,0,3,19.0,80,4.0,2
21,1,2,6,5.2,2.5,1,6.6,2,1,2,8.0,79,3.4,2
19,0,2,6,1.7,0.6,1,6.8,3,0,2,10.0,86,3.42,2
16,1,0,0,12.6,0.5,1,3.3,1,0,1,31.0,45,2.67,0
22,1,1,5,6.4,2.0,1,7.2,3,1,3,17.0,90,2.98,2
21,1,2,0,3.8,1.1,1,6.7,2,0,3,8.0,96,3.23,2
21,0,2,6,10.9,0.0,1,4.0,1,0,3,22.0,64,2.67,1
20,0,2,0,3.4,1.6,1,7.3,4,0,1,5.0,98,3.98,2
17,1,0,0,5.8,3.1,2,5.5,2,1,2,13.0,74,3.46,2
19,0,2,4,3.7,1.0,1,6.4,3,1,3,14.0,74,3.5,2
19,0,2,0,5.7,1.6,0,5.9,1,1,4,10.0,83,3.19,2
18,0,2,0,11.5,1.5,0,3.6,1,0,3,21.0,47,3.08,1
20,0,2,4,8.0,1.5,1,4.8,1,1,1,28.0,75,3.21,1
18,0,2,1,5.3,1.5,1,6.7,3,1,2,19.0,81,3.26,2
18,1,2,4,3.2,0.8,1,7.9,3,0,4,7.0,89,3.98,2
17,0,0,0,4.2,2.0,1,6.5,2,1,4,13.0,76,3.69,2
19,1,2,6,5.0,0.9,1,5.6,3,1,3,16.0,80,3.29,2
18,0,2,4,6.2,2.7,1,6.5,2,1,2,10.0,78,3.08,2
18,0,2,0,6.3,1.2,1,7.0,4,1,1,10.0,81,3.46,2
22,0,1,0,8.3,2.1,1,5.5,2,1,2,24.0,59,2.4,1
23,1,1,6,4.0,0.8,0,8.3,2,0,4,6.0,95,3.61,2
17,1,0,0,9.8,2.8,1,4.7,1,1,2,24.0,57,2.76,1
19,0,2,6,2.9,1.4,1,9.4,4,0,1,4.0,97,3.84,2
16,1,0,4,4.7,1.3,1,7.0,3,0,2,8.0,85,3.19,2
21,0,2,4,3.2,2.3,1,5.6,1,1,1,18.0,81,3.6,2
19,0,2,6,8.0,2.0,1,6.6,2,1,2,20.0,73,3.2,2
20,0,2,1,2.6,1.6,1,7.6,4,1,1,5.0,89,3.73,2
19,0,2,0,2.3,2.1,1,9.5,4,0,4,8.0,88,3.74,2
19,0,2,6,6.1,0.8,1,7.3,3,1,2,10.0,68,3.41,2
20,1,2,4,4.7,0.3,1,8.2,3,0,2,2.0,90,3.82,2
17,1,0,4,3.1,2.5,1,7.5,2,0,3,10.0,92,3.79,2
16,1,0,0,3.9,1.4,1,6.4,2,0,3,17.0,82,3.41,2
19,0,2,0,3.9,1.5,1,7.2,3,1,2,6.0,86,3.84,2
19,1,2,0,3.1,2.0,1,7.5,3,1,3,15.0,91,3.72,2
19,1,2,4,1.7,2.1,1,8.9,5,0,3,6.0,98,3.95,2
16,1,0,0,9.5,2.1,0,4.8,1,1,3,29.0,59,2.48,0
18,0,2,5,3.8,1.4,1,6.7,2,0,2,5.0,84,3.41,2
19,0,2,6,7.8,1.8,1,5.4,1,1,3,18.0,64,3.32,2
17,0,0,0,14.0,2.2,1,3.9,1,1,3,32.0,45,2.58,0
21,0,2,0,4.0,2.1,1,7.4,4,0,3,9.0,94,3.64,2
21,0,2,0,10.5,2.2,1,4.8,1,1,2,28.0,48,2.17,0
18,1,2,4,5.3,0.7,1,6.0,3,1,1,19.0,79,3.44,2
18,1,2,4,4.2,0.8,1,6.4,3,1,1,12.0,69,3.53,2
22,0,1,0,1.3,3.1,1,7.6,5,0,2,0.0,98,4.0,2
17,1,0,1,5.4,1.8,1,6.4,2,1,4,15.0,85,3.33,2
19,1,2,5,4.6,3.6,1,7.2,2,1,3,2.0,87,3.68,2
19,0,0,4,3.0,2.6,1,8.1,3,0,4,4.0,97,3.61,2
20,0,2,0,4.6,1.3,1,7.5,3,1,2,14.0,83,3.74,2
19,0,0,4,1.7,2.7,1,8.0,4,0,3,3.0,93,3.8,2
15,0,0,3,8.9,1.4,2,5.7,1,1,2,24.0,61,3.32,1
18,1,2,4,5.3,2.3,1,7.3,3,1,0,14.0,85,3.45,2
24,0,1,5,2.5,1.2,1,7.1,3,1,0,16.0,89,3.32,2
17,0,0,0,6.7,1.5,0,4.4,1,0,2,23.0,58,3.26,1
17,1,0,0,4.4,2.0,1,6.4,1,0,4,12.0,80,3.47,2
18,0,0,0,9.8,1.2,1,5.1,3,1,3,25.0,49,2.95,1
17,1,0,3,5.5,2.6,0,7.1,3,1,3,13.0,78,3.68,2
19,0,2,0,3.4,2.6,1,7.2,3,1,2,11.0,85,3.01,2
18,1,2,0,5.9,0.8,0,6.8,3,1,4,7.0,82,2.89,2
18,0,2,3,3.6,2.0,1,6.9,3,1,2,6.0,85,3.95,2
17,0,0,4,4.9,1.4,1,6.8,3,0,3,12.0,88,3.16,2
16,0,0,0,7.3,1.0,1,6.2,2,1,1,18.0,60,2.89,1
16,0,0,4,9.8,1.8,1,4.4,1,1,1,25.0,54,2.47,1
17,1,0,0,5.2,0.9,1,8.4,4,1,4,6.0,92,3.5,2
19,1,2,6,4.9,1.2,1,6.1,2,0,2,12.0,86,3.85,2
16,1,0,0,7.9,1.9,1,6.4,3,1,3,26.0,58,2.85,1
18,0,2,0,11.8,1.8,1,3.8,1,0,3,20.0,56,2.75,1
15,0,0,4,3.8,1.0,1,8.9,4,1,2,1.0,98,3.67,2
21,1,2,0,2.4,1.7,1,7.5,3,1,1,10.0,98,3.56,2
19,1,2,3,4.3,2.4,1,7.6,4,0,4,7.0,89,3.81,2
20,0,2,3,5.3,1.0,1,6.0,2,1,2,15.0,71,3.25,2
19,0,2,4,6.4,2.1,1,5.8,2,1,3,8.0,73,3.49,2
18,0,2,6,6.9,1.2,1,6.6,2,1,2,18.0,81,3.64,2
18,0,2,0,4.1,1.6,1,8.7,4,1,2,6.0,90,3.97,2
18,1,2,4,4.7,1.5,0,6.2,1,0,2,14.0,71,3.64,2
19,1,2,0,5.1,1.6,1,7.3,2,0,3,8.0,85,3.61,2
18,1,2,6,4.5,2.7,1,8.1,2,1,2,11.0,85,3.7,2
18,1,2,0,5.2,1.7,0,7.1,2,1,2,14.0,81,3.19,2
21,1,2,0,2.4,3.1,1,7.8,3,1,3,3.0,89,3.85,2
18,1,2,1,2.5,1.4,1,7.3,3,1,2,3.0,86,3.97,2
19,1,2,3,10.8,1.4,1,5.2,1,0,1,29.0,55,3.1,1
18,0,0,6,4.3,1.6,1,7.0,4,1,2,6.0,85,3.42,2
19,1,2,6,8.5,1.4,1,5.5,1,1,2,17.0,68,3.19,2
18,1,2,4,5.9,2.7,1,4.1,1,1,2,18.0,73,3.23,2
19,1,2,0,3.1,0.3,1,5.6,2,1,2,12.0,74,2.99,2
18,0,0,4,5.4,1.8,0,5.8,2,1,1,19.0,75,4.0,2
15,1,0,2,6.2,1.0,1,5.8,3,1,2,21.0,71,2.84,1
21,0,2,0,3.0,1.9,1,7.0,3,1,1,7.0,72,3.57,2
19,1,2,6,2.3,2.6,1,9.0,3,0,1,7.0,98,4.0,2
20,2,2,0,3.9,1.6,1,7.8,2,1,2,11.0,98,3.49,2
19,2,2,0,5.6,1.2,1,6.0,3,1,3,22.0,67,3.29,1
19,0,2,6,6.4,1.8,0,5.1,2,0,3,22.0,66,3.23,1
16,1,0,0,3.6,1.2,1,8.0,3,0,4,12.0,98,3.81,2
18,0,2,0,5.4,1.7,1,7.0,4,1,3,6.0,82,3.43,2
20,0,2,4,6.4,1.5,1,5.6,1,1,3,19.0,72,3.28,2
17,1,0,0,2.5,0.9,1,7.2,3,0,0,10.0,85,4.0,2
22,1,2,3,3.2,2.4,1,8.2,3,0,3,10.0,90,3.95,2
20,3,2,0,5.8,1.1,1,7.2,3,1,2,15.0,77,3.43,2
17,1,0,0,11.0,2.6,1,3.7,1,1,3,20.0,47,2.3,1
22,0,1,0,4.6,1.6,1,6.1,2,0,4,14.0,84,3.45,2
17,1,0,6,4.4,2.3,1,8.2,3,1,2,9.0,93,3.82,2
18,0,2,6,5.9,0.8,1,6.1,3,1,2,10.0,77,3.48,2
18,1,2,5,2.8,1.8,1,8.6,5,0,2,13.0,87,3.5,2
19,1,2,6,5.5,1.8,1,7.4,2,1,2,10.0,74,3.7,2
20,1,2,2,1.7,1.9,1,5.7,3,0,3,10.0,85,3.97,2
17,1,0,3,5.5,1.1,1,6.0,2,1,3,19.0,73,3.41,2
18,0,2,2,4.9,2.4,1,6.0,2,1,3,2.0,87,4.0,2
19,1,2,4,5.7,1.2,0,6.1,2,0,3,11.0,88,3.19,2
19,1,2,4,3.2,2.0,1,7.2,4,0,0,9.0,80,3.83,2
17,1,0,0,7.2,1.6,1,5.5,1,0,1,3.0,73,3.73,2
15,1,0,0,3.5,1.6,1,8.0,4,1,4,7.0,98,4.0,2
19,1,0,0,4.7,2.5,1,5.7,1,1,2,12.0,76,3.4,2
16,1,0,0,2.7,1.2,1,8.5,3,0,2,10.0,83,3.92,2
18,1,2,2,5.7,2.0,1,7.0,3,1,3,21.0,68,3.54,2
18,1,0,6,9.0,1.0,0,4.7,1,1,1,20.0,60,3.16,1
20,0,2,0,2.8,1.7,1,8.6,4,1,2,9.0,89,3.14,2
17,1,0,0,7.8,1.6,1,6.5,1,1,3,13.0,83,3.52,2
20,0,2,4,11.3,3.3,1,4.3,1,1,3,30.0,53,2.44,0
20,0,2,6,4.3,1.4,1,7.6,3,0,0,3.0,95,3.56,2
20,1,2,2,7.0,1.8,1,7.0,3,0,3,19.0,72,3.07,2
18,0,2,4,1.9,2.7,1,6.6,2,1,3,2.0,98,4.0,2
21,3,2,1,3.3,1.6,1,6.3,2,1,4,16.0,95,3.68,2
20,0,2,6,4.7,2.4,1,6.7,1,0,4,20.0,75,3.32,2
20,1,2,5,7.2,2.1,1,7.6,2,1,4,4.0,86,3.14,2
19,0,2,6,3.1,2.7,1,7.7,4,0,2,10.0,78,3.91,2
17,3,0,5,7.7,2.4,1,5.7,1,1,2,19.0,55,3.81,1
20,0,2,0,4.1,2.8,0,8.1,3,0,1,12.0,85,3.8,2
15,0,0,0,4.8,2.2,1,5.7,1,1,3,12.0,77,3.15,2
17,1,0,0,4.5,1.5,1,6.9,3,0,1,10.0,81,3.18,2
18,0,2,0,3.7,1.5,1,6.5,2,1,3,10.0,85,3.21,2
18,1,2,3,7.8,1.6,1,5.0,2,1,3,21.0,68,2.75,1
18,1,2,6,2.9,1.1,1,8.2,4,1,2,12.0,98,3.13,2
17,1,0,4,2.4,2.1,0,7.9,3,0,2,8.0,92,3.72,2
20,0,2,6,5.0,1.4,0,5.5,2,0,4,8.0,89,3.16,2
16,1,0,0,1.5,2.0,0,9.3,4,0,0,2.0,98,3.73,2
17,1,0,6,4.2,1.7,1,6.2,3,0,4,5.0,81,3.5,2
18,1,2,4,6.2,2.4,1,7.0,3,0,3,10.0,80,3.99,2
19,2,2,4,10.3,1.8,1,4.0,1,1,2,32.0,54,2.8,0
20,0,2,3,8.3,0.9,1,5.2,1,1,2,12.0,71,3.25,2
18,0,2,0,3.2,3.6,1,8.5,2,0,3,8.0,98,3.87,2
17,1,0,6,3.7,1.8,1,8.0,4,0,3,5.0,88,3.36,2
18,1,2,0,2.4,1.4,1,8.2,4,1,2,8.0,98,3.63,2
18,0,2,5,3.3,1.8,1,6.6,3,1,2,4.0,87,4.0,2
18,2,2,0,4.4,2.5,1,6.5,3,1,4,10.0,73,3.41,2
17,1,0,4,2.8,2.3,1,7.6,3,0,1,3.0,94,3.57,2
16,0,0,4,4.9,3.2,2,7.8,3,1,0,14.0,83,3.77,2
20,1,2,0,4.6,1.1,1,6.4,2,1,1,14.0,88,3.82,2
22,0,1,0,2.5,0.2,1,6.1,2,0,2,11.0,94,3.16,2
17,0,0,6,2.6,2.4,0,7.7,3,1,3,9.0,88,3.69,2
17,0,0,5,5.9,2.7,1,7.1,2,1,1,19.0,82,3.1,2
17,1,0,0,4.0,1.6,2,5.9,2,1,4,13.0,81,3.22,2
18,1,2,0,3.4,1.0,1,8.0,4,1,2,17.0,86,3.73,2
22,0,1,5,3.8,0.8,1,7.9,2,0,2,11.0,85,3.76,2
19,0,2,4,4.6,2.0,0,7.5,4,0,2,9.0,88,3.61,2
18,2,2,3,4.5,0.9,1,7.9,3,1,2,3.0,84,3.92,2
16,0,0,0,2.2,1.5,1,6.1,2,1,1,5.0,86,3.53,2
19,1,2,0,12.2,1.5,0,4.0,1,1,3,28.0,52,2.97,1
18,0,2,3,4.4,2.3,1,7.1,3,0,1,18.0,87,3.55,2
18,1,2,2,7.4,1.8,1,6.3,3,1,2,13.0,72,3.37,2
18,0,2,0,4.0,0.9,1,5.6,3,1,2,7.0,94,3.54,2
24,0,1,4,2.7,2.6,1,8.6,3,1,1,0.0,90,4.0,2
17,0,0,4,6.2,3.3,0,6.2,2,1,0,20.0,59,3.31,1
22,1,1,0,4.3,1.2,1,6.9,3,0,3,15.0,76,3.18,2
17,2,0,4,11.1,2.1,1,6.1,1,1,0,26.0,57,2.88,1
23,0,1,6,4.5,1.4,0,6.6,2,1,2,14.0,78,4.0,2
17,1,0,6,6.0,2.1,1,7.1,3,1,3,14.0,80,3.27,2
15,0,0,3,7.1,1.2,1,5.7,2,1,4,15.0,70,3.22,2
18,0,2,0,4.2,0.5,0,6.9,4,0,4,4.0,84,3.63,2
21,1,2,0,5.9,1.6,1,6.5,3,1,2,17.0,80,3.78,2
18,1,2,0,5.6,1.3,1,7.5,3,0,3,14.0,80,3.61,2
22,1,2,3,5.5,1.1,1,6.5,2,0,1,15.0,77,3.28,2
17,0,0,4,3.1,1.8,1,7.1,3,1,2,11.0,81,4.0,2
17,1,0,3,6.9,1.4,1,6.3,2,1,2,10.0,70,3.78,2
22,1,1,0,6.6,1.8,0,6.2,2,1,3,17.0,69,3.62,2
19,0,2,0,2.6,1.4,1,6.6,3,0,2,12.0,86,3.32,2
18,0,2,6,0.9,2.4,1,7.6,5,0,3,9.0,93,3.59,2
16,0,0,3,7.0,1.9,1,6.1,1,1,2,21.0,72,3.32,2
19,0,2,0,2.5,1.5,1,7.1,3,0,3,6.0,91,3.46,2
17,2,0,4,5.7,2.8,1,5.3,2,1,1,9.0,76,3.42,2
21,1,2,0,3.8,1.7,1,6.3,2,1,1,13.0,85,3.43,2
17,1,0,0,2.5,2.2,1,7.4,3,1,3,6.0,93,3.65,2
16,1,0,4,4.2,2.6,2,6.0,1,0,2,15.0,82,3.28,2
21,0,2,4,11.8,1.8,1,4.7,1,1,0,25.0,43,3.24,1
17,2,0,3,4.7,2.7,1,6.7,2,0,2,11.0,66,4.0,2
17,1,0,6,1.3,2.5,1,9.2,4,0,1,1.0,98,3.6,2
17,1,0,5,6.2,0.1,1,6.3,3,0,1,17.0,84,3.84,2
19,3,2,3,3.5,1.6,1,8.4,3,0,2,14.0,88,3.89,2
18,0,2,4,3.2,1.3,1,7.2,3,0,3,15.0,80,3.69,2
17,1,0,0,7.9,1.9,1,7.1,4,1,1,21.0,77,3.18,2
22,0,2,3,3.9,1.6,1,8.0,3,0,2,12.0,89,4.0,2
20,1,2,6,3.1,1.5,1,7.4,3,0,4,13.0,98,3.99,2
21,0,2,0,5.6,1.0,1,5.6,1,1,1,11.0,72,3.17,2
19,0,2,3,3.8,2.2,1,5.9,3,1,3,14.0,74,3.8,2
19,1,2,0,5.0,0.2,1,7.4,3,0,3,6.0,84,3.35,2
18,1,2,0,3.2,2.0,0,7.0,4,0,1,11.0,92,3.99,2
22,0,1,0,12.6,2.2,1,3.5,1,1,2,40.0,37,2.68,0
20,1,0,4,14.0,1.9,1,3.0,1,1,1,34.0,36,1.97,0
18,0,0,0,6.4,1.4,1,5.8,2,0,2,14.0,72,3.11,2
22,0,2,4,4.4,1.6,0,7.6,3,1,0,12.0,87,3.23,2
18,1,2,4,2.1,2.2,1,8.6,4,1,2,5.0,93,3.61,2
18,0,2,0,4.4,1.9,1,7.9,2,1,1,9.0,82,3.55,2
17,0,0,6,8.1,2.4,0,6.3,1,1,4,14.0,66,3.91,2
19,0,2,6,2.4,2.3,1,8.0,3,1,3,11.0,90,3.86,2
20,1,2,4,4.0,1.8,1,5.8,2,1,3,9.0,84,3.67,2
18,1,2,0,7.6,3.2,1,6.7,2,1,2,24.0,69,3.09,1
19,0,2,0,3.9,2.5,1,6.9,2,0,0,15.0,86,3.32,2
19,2,2,3,9.9,1.8,1,6.1,1,1,4,27.0,57,2.85,1
25,1,2,4,12.7,2.1,2,4.4,1,0,1,25.0,46,2.63,0
18,1,2,0,1.6,1.9,1,7.8,3,0,3,9.0,89,4.0,2
20,1,2,6,3.2,2.0,1,5.6,3,1,4,19.0,74,3.25,2
15,1,0,0,5.4,0.3,1,5.3,1,1,4,10.0,73,3.63,2
17,1,0,4,6.7,1.6,1,8.0,3,1,3,15.0,87,3.39,2
17,0,0,5,3.5,2.0,1,6.1,4,0,2,12.0,79,3.62,2
17,0,0,0,2.3,2.4,1,7.6,3,1,2,15.0,80,3.6,2
17,0,0,6,6.8,1.3,1,5.8,1,1,2,13.0,65,2.81,1
20,0,2,6,4.0,2.0,1,7.1,2,0,0,9.0,82,2.96,2
19,1,2,5,4.2,0.6,1,7.2,3,1,3,9.0,83,3.49,2
18,1,2,3,5.1,0.9,1,6.1,2,1,3,10.0,85,3.27,2
17,0,0,6,2.6,2.0,1,7.5,2,1,1,6.0,93,3.53,2
22,1,1,0,6.9,1.8,1,4.9,2,1,1,15.0,79,3.53,2
17,0,0,0,4.6,1.6,2,6.9,3,1,3,9.0,71,3.84,2
18,0,2,0,5.0,2.0,2,7.7,3,0,2,13.0,81,3.55,2
18,1,2,2,1.7,3.5,1,8.1,4,0,0,12.0,94,4.0,2
19,0,0,0,5.3,1.3,1,5.9,1,1,1,22.0,82,2.84,1
18,1,2,6,6.1,2.3,1,6.4,2,1,2,9.0,74,3.13,2
18,0,2,3,2.4,1.5,1,8.6,4,0,2,6.0,98,4.0,2
21,1,2,0,5.7,1.5,2,6.2,2,0,1,13.0,79,3.42,2
21,1,2,0,5.7,2.8,1,7.6,3,1,1,10.0,79,4.0,2
22,0,1,0,3.8,1.6,0,8.5,3,0,2,6.0,95,3.79,2
15,1,0,4,3.0,2.4,0,8.3,4,0,1,8.0,97,3.81,2
16,1,0,6,4.0,1.9,1,7.4,3,1,1,12.0,93,3.78,2
22,0,1,0,6.7,2.2,1,7.2,2,0,3,23.0,80,2.96,1
20,0,2,4,2.8,1.7,0,7.5,3,1,3,13.0,87,3.5,2
18,0,2,0,4.8,2.6,0,6.8,2,0,2,9.0,78,3.69,2
16,1,0,6,7.5,3.7,1,6.6,2,0,1,16.0,78,3.2,2
17,3,0,4,2.8,2.7,1,7.1,3,0,0,11.0,95,3.57,2
18,0,0,4,3.0,0.9,1,8.6,3,1,2,8.0,98,3.48,2
19,1,2,3,3.6,1.5,1,7.8,3,0,2,14.0,71,3.25,2
20,0,2,4,3.2,3.7,1,6.3,3,1,1,11.0,81,3.43,2
23,0,2,0,5.9,1.5,1,7.1,3,1,1,19.0,76,3.52,2
18,3,2,6,5.5,2.1,1,5.3,2,1,3,18.0,73,3.5,2
23,0,2,0,5.3,2.0,0,6.5,2,1,3,15.0,72,3.1,2
21,0,2,6,2.3,3.1,0,6.4,3,0,2,8.0,94,4.0,2
19,1,2,2,2.9,3.0,1,8.6,5,0,2,13.0,88,3.34,2
18,1,2,4,4.0,1.5,1,6.6,3,1,1,10.0,78,3.84,2
17,0,0,0,2.9,2.7,1,7.1,3,0,2,19.0,95,3.39,2
19,0,2,4,10.1,1.4,1,5.7,2,1,2,24.0,54,3.24,1
21,0,2,4,5.3,1.9,0,6.4,3,1,1,18.0,86,3.02,2
17,1,0,1,4.6,0.9,1,8.0,3,1,3,13.0,90,3.31,2
24,0,2,4,7.1,2.5,1,6.6,2,1,1,19.0,74,3.3,2
19,0,2,4,1.3,1.4,0,6.5,2,1,2,10.0,91,4.0,2
18,0,2,4,5.3,1.3,1,6.5,2,0,3,21.0,77,3.07,2
17,1,0,3,2.8,1.5,0,7.8,4,1,1,17.0,88,3.77,2
16,0,0,4,8.0,3.2,1,6.3,1,1,1,22.0,59,3.03,1
17,1,0,0,3.3,2.1,1,7.4,3,0,3,4.0,97,4.0,2
18,1,2,6,3.7,1.3,1,7.4,3,0,2,2.0,83,3.49,2
18,1,2,6,3.8,2.1,1,7.8,4,1,2,6.0,80,3.44,2
19,1,2,4,4.7,1.4,2,6.7,1,1,4,10.0,87,3.39,2
19,0,2,0,8.1,1.0,0,5.5,2,1,2,23.0,58,2.62,1
18,0,2,0,4.7,1.9,0,6.7,3,0,3,8.0,82,3.35,2
16,0,0,4,9.6,1.9,1,5.1,1,1,4,26.0,56,3.26,1
19,1,2,0,5.8,2.6,1,5.9,3,1,1,20.0,68,2.97,1
15,0,0,0,6.8,2.0,1,6.4,3,1,3,17.0,82,3.29,2
22,0,1,3,3.8,1.5,1,7.0,3,1,1,15.0,83,3.19,2
19,1,2,3,7.5,1.7,1,6.2,2,1,4,17.0,75,2.88,2
20,0,0,4,2.7,2.4,1,8.4,3,0,2,0.0,84,3.29,2
18,0,2,0,6.0,1.6,1,8.2,3,0,2,8.0,87,3.58,2
20,0,2,0,6.2,2.4,0,6.7,4,0,4,21.0,79,3.36,2
18,1,2,3,1.3,1.5,0,7.9,4,1,3,0.0,98,3.97,2
16,3,0,0,4.9,1.0,1,6.8,3,0,2,16.0,89,3.62,2
18,0,2,2,3.0,1.3,1,8.3,4,0,1,2.0,97,3.58,2
18,3,2,4,2.1,1.5,0,7.1,3,1,2,2.0,94,3.94,2
16,0,0,5,6.8,2.1,1,7.1,2,1,1,17.0,83,2.93,2
17,1,0,0,7.0,1.4,1,6.0,1,1,3,25.0,73,3.11,1
16,0,0,4,5.4,2.7,1,6.8,2,1,1,9.0,90,4.0,2
17,1,0,4,4.1,2.0,1,6.2,3,0,2,5.0,86,3.38,2
18,0,2,0,5.9,2.0,1,5.9,2,1,0,17.0,71,3.49,2
17,0,0,0,1.9,2.6,0,8.5,4,1,1,13.0,97,3.96,2
19,1,2,4,4.9,3.2,1,6.2,4,1,3,13.0,77,3.76,2
22,1,1,6,5.8,2.4,1,7.3,3,1,3,11.0,78,3.53,2
17,0,0,0,4.3,1.4,1,7.8,4,1,2,7.0,90,3.35,2
20,0,2,4,2.9,1.1,1,8.1,3,1,2,2.0,98,3.9,2
19,0,2,6,4.1,1.6,1,7.1,3,1,3,6.0,85,3.31,2
17,3,0,6,8.9,0.7,1,5.8,2,1,3,17.0,69,2.86,1
17,0,0,2,3.2,1.9,0,8.6,5,0,3,9.0,91,3.52,2
17,1,0,6,6.2,2.1,0,6.8,2,1,2,14.0,86,3.35,2
16,1,0,1,2.5,1.8,1,9.5,5,1,4,1.0,94,3.46,2
17,1,0,4,3.5,2.0,1,8.0,3,1,3,6.0,82,3.64,2
22,0,1,6,2.4,1.8,1,7.4,4,1,4,2.0,87,3.72,2
19,0,2,4,8.4,1.7,1,5.0,1,1,3,26.0,50,3.03,1
15,1,0,5,5.5,1.5,0,6.2,3,1,2,8.0,88,3.48,2
23,0,1,0,4.4,2.9,1,6.3,2,0,3,17.0,91,3.69,2
20,0,2,4,3.0,1.4,1,9.2,5,0,2,13.0,98,3.42,2
17,0,0,0,3.9,0.9,1,7.5,3,1,0,15.0,80,3.68,2
17,1,0,2,7.4,1.3,0,4.6,1,1,1,17.0,71,3.1,2
21,0,2,4,4.0,1.7,0,7.8,3,0,2,10.0,93,3.36,2
19,0,2,4,5.7,1.3,1,6.2,2,1,2,10.0,81,3.26,2
20,1,2,0,6.1,2.6,1,6.5,3,1,4,8.0,83,3.68,2
18,0,2,0,2.9,0.4,1,6.8,3,1,3,21.0,89,3.46,2
19,0,2,3,6.1,1.0,1,7.3,2,1,1,11.0,76,3.21,2
18,1,2,3,2.7,1.8,1,7.4,4,0,3,0.0,87,3.83,2
16,0,0,6,3.4,2.0,1,7.4,3,1,3,8.0,91,4.0,2
16,1,0,4,1.9,2.8,1,7.4,3,0,4,10.0,88,3.97,2
19,1,0,0,7.6,1.9,1,6.0,2,1,2,10.0,73,3.25,2
19,2,2,6,4.9,1.6,1,7.4,3,0,3,14.0,80,3.57,2
19,2,2,6,5.5,0.7,1,6.7,3,0,4,13.0,71,2.69,2
19,0,2,0,5.4,2.9,1,6.5,2,0,3,12.0,83,3.61,2
18,1,2,0,8.1,1.3,1,5.6,1,1,2,23.0,69,3.11,1
20,0,0,4,5.9,1.9,1,7.0,2,1,2,17.0,84,3.32,2
20,1,2,0,3.9,2.2,1,8.3,3,0,2,4.0,89,3.65,2
17,0,0,6,12.5,2.2,1,4.0,1,0,2,31.0,36,2.96,0
18,1,2,3,6.0,2.3,1,5.7,1,1,2,16.0,69,3.48,2
18,1,2,0,2.3,2.0,1,7.6,2,1,3,5.0,89,4.0,2
20,0,2,0,1.7,0.9,1,8.8,5,1,3,19.0,98,3.66,2
19,1,2,1,3.0,0.9,1,8.4,3,0,4,2.0,96,4.0,2
19,1,2,6,6.0,2.3,1,6.2,2,0,3,14.0,76,2.94,2
18,1,2,0,6.7,1.5,1,5.9,2,1,3,9.0,76,3.09,2
21,1,0,4,4.3,1.1,1,6.0,2,1,3,14.0,79,3.6,2
16,1,0,0,3.6,2.5,1,6.0,2,1,4,7.0,83,3.4,2
16,0,0,4,3.9,0.9,0,7.1,3,0,3,17.0,91,4.0,2
22,0,1,0,3.5,1.5,1,6.8,3,0,1,15.0,90,3.18,2
21,1,2,4,2.0,1.3,1,9.4,4,1,4,0.0,98,4.0,2
23,0,1,6,2.7,1.9,1,8.0,3,0,2,16.0,98,4.0,2
18,1,2,4,3.8,1.5,1,7.2,3,0,3,11.0,81,3.48,2
21,0,2,0,4.9,1.5,1,8.3,2,0,2,3.0,83,3.95,2
21,1,2,0,3.5,2.0,1,8.2,4,0,3,10.0,92,3.32,2
19,0,2,0,4.7,1.5,1,6.1,2,1,0,16.0,83,3.33,2
19,1,2,0,7.1,1.9,1,7.0,3,0,2,17.0,82,3.06,2
19,3,2,3,6.0,1.1,1,6.8,2,0,1,11.0,80,3.1,2
17,0,0,3,4.6,1.8,1,6.0,2,0,3,19.0,81,3.66,2
18,1,2,0,2.7,1.5,1,6.7,3,0,1,9.0,70,4.0,2
20,1,2,2,3.8,3.0,0,7.4,2,0,3,22.0,83,3.18,2
17,0,0,6,5.1,0.6,1,8.1,2,1,2,5.0,81,3.69,2
19,1,2,0,3.4,1.0,1,9.0,4,1,1,4.0,98,4.0,2
18,0,2,4,2.5,2.0,1,5.7,3,1,4,16.0,92,3.34,2
20,1,2,3,2.9,2.6,0,7.7,3,0,2,9.0,98,3.62,2
20,0,2,0,3.3,1.4,1,7.1,3,0,2,10.0,87,3.54,2
17,1,0,6,13.9,1.6,1,3.6,1,1,2,28.0,41,2.57,0
20,0,2,0,4.0,2.2,1,7.0,3,1,2,6.0,91,3.94,2
16,0,0,4,4.1,2.6,1,5.4,3,1,4,15.0,78,3.78,2
21,3,2,2,2.5,2.3,1,7.0,2,0,4,10.0,90,3.86,2
18,0,2,0,2.9,1.4,1,7.1,2,1,3,11.0,85,3.59,2
18,1,2,6,6.0,1.2,1,5.7,1,1,3,16.0,67,2.98,2
19,1,2,3,2.6,2.8,1,7.7,3,0,2,11.0,82,3.76,2
17,0,0,2,6.7,1.5,1,5.4,2,1,1,13.0,74,3.14,2
18,1,2,5,9.5,3.0,0,6.0,2,1,3,25.0,69,2.95,1
18,0,2,4,4.3,1.1,1,8.3,2,1,1,19.0,88,3.46,2
17,0,0,4,4.8,1.8,0,7.1,1,1,4,16.0,83,3.04,2
15,0,0,4,5.3,3.4,1,6.8,2,0,1,15.0,73,2.89,2
21,0,2,2,7.9,1.7,1,4.8,1,1,1,21.0,69,3.08,1
15,0,0,4,5.9,1.3,1,4.5,3,1,3,13.0,79,3.33,2
18,1,2,3,5.6,1.3,1,6.3,2,1,3,19.0,77,3.73,2
19,1,2,6,6.9,3.0,1,6.2,2,0,3,8.0,77,3.15,2
15,0,0,0,11.4,1.7,1,4.5,1,1,2,33.0,45,2.19,0
21,0,2,6,3.4,2.0,1,6.9,2,1,0,10.0,88,3.48,2
18,0,2,5,4.5,2.2,1,6.3,2,1,2,7.0,84,3.7,2
19,0,2,6,1.7,0.0,1,8.6,5,1,1,7.0,98,4.0,2
17,1,0,4,4.1,2.1,1,8.6,4,0,0,9.0,87,4.0,2
15,1,0,0,5.8,1.3,1,5.6,1,1,1,16.0,82,2.97,2
17,1,0,4,7.7,2.1,1,5.1,1,1,2,22.0,55,3.31,1
16,1,0,4,3.5,2.3,1,8.4,4,0,2,0.0,91,4.0,2
19,0,2,4,4.9,2.0,1,7.2,4,1,2,14.0,82,3.29,2
20,1,2,4,4.9,1.3,1,6.8,2,1,3,18.0,80,3.46,2
23,1,2,3,5.8,1.4,0,7.0,4,1,3,16.0,70,3.24,2
22,1,1,0,1.8,1.6,0,8.0,4,0,4,8.0,94,3.66,2
20,1,2,6,5.2,2.0,1,7.3,4,1,2,15.0,79,3.29,2
17,1,0,6,2.8,1.6,1,7.6,4,1,1,0.0,88,3.88,2
17,1,0,4,3.9,2.2,1,7.9,3,1,2,9.0,92,3.84,2
23,0,2,0,7.2,2.7,1,5.5,1,1,2,13.0,70,3.29,2
18,1,0,4,7.9,1.9,1,4.8,1,1,1,24.0,55,2.83,1
20,0,2,1,6.1,2.5,1,7.4,3,1,2,15.0,74,3.49,2
19,1,2,0,9.4,1.9,0,4.5,1,0,2,20.0,66,2.34,1
18,0,2,4,1.8,0.8,1,7.1,5,0,1,3.0,98,4.0,2
17,0,0,6,2.9,3.2,0,7.2,2,1,2,11.0,93,3.34,2
19,0,2,2,3.3,1.8,1,7.7,4,1,1,9.0,92,3.69,2
20,1,0,0,9.4,0.0,1,5.7,1,1,2,20.0,63,3.41,1
19,1,2,4,4.1,2.3,0,7.6,3,0,2,16.0,81,3.17,2
18,0,0,6,10.6,1.4,1,4.3,1,1,4,25.0,56,3.0,1
19,1,2,3,6.8,1.0,1,5.5,2,1,1,20.0,59,3.32,1
18,1,2,0,3.0,0.9,1,6.9,4,1,3,8.0,96,3.56,2
19,1,2,4,4.5,2.1,1,6.3,3,0,2,11.0,89,3.88,2
19,1,2,0,3.1,2.3,1,7.0,4,1,3,16.0,93,3.78,2
20,1,2,0,3.7,1.3,1,7.1,3,0,1,9.0,98,3.72,2
21,0,2,0,3.8,2.0,1,5.8,2,0,1,14.0,76,3.49,2
20,1,2,4,3.8,1.8,0,6.6,2,1,2,7.0,82,3.94,2
17,1,0,2,4.8,1.6,1,7.5,3,0,4,20.0,84,3.42,2
18,1,2,1,3.6,3.4,1,7.6,2,0,0,12.0,89,3.76,2
18,1,2,3,1.4,3.0,1,10.4,5,0,2,0.0,98,4.0,2
19,0,2,0,3.8,2.3,1,7.2,3,1,0,11.0,90,3.67,2
18,1,2,4,3.4,2.3,1,6.4,1,0,2,13.0,92,3.52,2
19,1,2,3,8.1,2.5,1,6.8,2,0,4,13.0,74,3.37,2
20,0,2,3,12.0,0.9,1,4.1,1,1,1,31.0,54,2.74,0
20,1,2,0,4.8,2.2,1,8.0,3,0,0,6.0,98,3.77,2
18,0,2,4,6.0,2.4,1,4.9,2,1,2,30.0,64,2.77,1
18,1,2,4,6.2,1.0,1,9.0,3,1,3,7.0,84,3.46,2
20,0,2,4,8.9,2.5,1,6.1,1,1,1,28.0,62,3.24,1
16,0,0,4,4.4,1.8,2,7.0,3,0,2,14.0,81,3.75,2
18,0,2,4,8.1,2.2,1,5.1,1,1,0,27.0,60,3.51,1
19,1,2,0,4.1,0.9,1,6.9,4,0,0,10.0,84,3.7,2
19,0,2,6,2.3,1.4,1,7.3,3,1,3,8.0,90,3.88,2
19,0,2,4,4.8,2.4,1,6.5,2,1,1,13.0,83,3.38,2
15,1,0,4,3.5,1.0,1,7.6,4,1,4,8.0,88,3.74,2
17,1,0,6,2.5,3.3,1,7.8,3,0,3,12.0,85,3.53,2
18,0,0,0,3.8,2.8,1,6.7,2,0,1,7.0,90,3.49,2
19,0,2,2,8.0,1.4,1,4.8,1,1,0,16.0,68,3.07,2
19,0,2,4,6.2,1.6,1,6.7,2,1,1,26.0,74,3.41,1
18,1,2,6,6.6,1.2,1,6.8,1,1,4,10.0,79,3.74,2
17,0,0,6,2.1,0.8,0,6.6,4,0,2,17.0,94,3.98,2
19,1,2,4,2.0,1.7,1,7.8,3,0,3,9.0,98,3.91,2
18,1,2,2,1.5,1.2,1,7.0,3,0,2,7.0,95,4.0,2
18,0,2,0,6.3,1.7,1,5.4,1,1,3,24.0,66,3.04,1
18,0,2,6,1.4,2.9,1,8.7,4,0,3,12.0,93,3.99,2
18,1,2,4,8.0,1.8,2,6.2,2,1,4,18.0,64,3.05,1
20,1,0,6,2.9,0.6,1,7.9,4,0,2,14.0,98,3.48,2
18,0,2,6,6.5,2.5,0,7.0,3,1,4,14.0,82,3.55,2
18,0,2,4,9.9,2.1,1,6.2,1,1,4,28.0,56,2.91,1
19,0,2,6,13.3,0.0,1,4.0,1,1,3,31.0,46,2.44,0
16,0,0,0,12.6,1.8,1,3.6,1,1,3,27.0,51,2.6,0
18,0,2,0,4.5,1.2,1,7.9,3,0,1,11.0,85,3.41,2
20,0,2,3,4.1,1.9,1,7.9,4,1,0,8.0,91,3.68,2
20,1,2,6,4.7,2.3,1,5.6,1,1,2,13.0,83,3.46,2
24,0,1,0,3.2,0.6,0,8.6,3,0,2,6.0,93,3.21,2
16,1,0,6,3.9,2.4,1,7.6,3,0,1,7.0,92,3.46,2
17,0,0,0,7.3,1.0,0,7.0,3,0,2,21.0,70,3.31,1
19,1,2,0,2.1,1.7,1,6.4,3,0,4,14.0,86,3.78,2
17,1,0,6,11.5,0.6,1,5.3,1,0,4,22.0,54,2.44,1
17,1,0,4,9.6,0.5,1,5.1,1,1,2,25.0,54,2.98,1
18,0,2,4,5.2,1.3,1,7.8,3,0,0,12.0,74,3.94,2
20,1,2,0,3.0,1.6,1,7.7,3,0,1,11.0,96,3.36,2
19,0,2,4,3.2,2.7,1,7.1,3,0,1,12.0,86,3.06,2
16,1,0,6,4.3,1.0,1,6.6,3,0,4,13.0,79,4.0,2
17,1,0,0,4.5,2.1,1,5.6,3,1,1,16.0,79,3.05,2
16,0,0,0,6.2,1.9,1,5.5,2,1,1,15.0,79,2.75,2
19,1,2,0,3.4,2.8,1,6.7,4,0,2,11.0,73,3.43,2
18,1,2,6,4.6,1.9,1,7.7,3,0,3,8.0,77,4.0,2
18,0,2,4,6.3,0.7,0,7.1,3,1,1,19.0,78,3.01,2
18,0,2,0,3.3,1.5,1,7.7,3,0,3,11.0,87,3.72,2
19,1,2,0,3.9,1.8,1,7.0,3,1,3,5.0,83,3.12,2
15,0,0,2,1.4,1.7,1,7.8,3,0,3,8.0,96,3.6,2
17,1,0,0,3.4,1.6,1,7.9,2,1,4,15.0,72,3.55,2
17,0,0,0,3.6,3.6,1,6.5,2,0,1,17.0,85,3.67,2
19,0,2,3,4.3,1.4,0,8.7,4,0,3,7.0,82,3.72,2
15,2,0,0,5.9,1.6,1,7.0,4,0,1,7.0,83,3.78,2
18,0,0,4,4.8,1.1,1,7.3,2,1,2,7.0,87,3.5,2
21,1,2,2,2.6,3.1,1,6.9,4,1,0,15.0,75,3.44,2
20,1,2,0,2.1,0.9,1,8.4,4,0,2,6.0,91,3.82,2
18,1,2,4,5.0,1.6,1,7.7,3,0,2,19.0,68,3.17,1
18,1,0,0,1.4,1.1,1,9.1,4,0,3,8.0,98,4.0,2
21,3,2,3,7.8,2.3,1,5.5,1,1,1,22.0,64,2.87,1
19,1,2,2,1.6,2.3,0,8.7,5,0,1,0.0,98,3.91,2
15,1,0,6,2.3,1.5,1,8.5,3,0,2,4.0,97,4.0,2
20,1,2,4,12.5,1.4,1,5.0,1,0,2,28.0,49,2.87,0
17,1,0,3,4.3,1.4,1,7.6,2,1,0,18.0,85,3.44,2
17,1,0,6,3.6,1.8,1,7.7,3,1,3,9.0,87,3.32,2
18,1,2,0,5.5,1.5,0,6.1,2,1,2,17.0,71,3.61,2
16,0,0,0,3.7,1.4,1,7.6,3,0,2,5.0,87,3.4,2
19,0,2,6,4.2,1.7,1,6.6,2,0,2,17.0,83,3.99,2
21,0,0,4,6.2,1.7,1,6.8,2,1,2,9.0,80,3.39,2
18,0,2,0,4.6,2.1,1,6.6,2,0,1,2.0,79,3.95,2
21,0,2,4,2.6,1.1,1,6.5,3,0,3,9.0,82,3.72,2
17,0,0,2,3.3,1.3,1,6.9,3,0,4,6.0,85,3.55,2
19,0,2,4,3.7,2.4,1,7.0,3,0,2,16.0,80,3.08,2
20,1,2,3,5.7,2.1,1,6.7,2,0,3,10.0,73,3.23,2
17,0,0,0,4.0,2.1,1,7.2,3,0,0,9.0,93,3.32,2
18,1,2,2,10.5,2.6,0,5.1,1,1,3,21.0,49,2.53,1
17,0,0,4,5.8,1.2,0,7.9,3,1,4,11.0,90,3.27,2
19,0,2,5,4.8,2.1,1,6.7,2,1,4,6.0,86,3.94,2
18,1,0,4,4.5,1.5,1,6.8,3,0,2,13.0,76,3.66,2
19,0,2,4,3.5,2.1,1,6.5,2,0,2,12.0,80,3.61,2
16,1,0,4,4.9,2.3,1,6.5,2,1,4,14.0,88,3.48,2
26,1,2,0,3.4,1.1,1,8.3,4,1,2,11.0,94,3.48,2
18,1,2,6,5.7,2.7,1,4.8,1,1,3,11.0,76,3.08,2
15,1,0,0,3.5,0.4,1,6.6,2,1,1,17.0,81,3.16,2
20,0,2,4,3.1,0.5,1,8.8,4,0,4,6.0,98,4.0,2
19,0,2,2,3.1,2.2,1,8.9,3,0,3,9.0,98,3.26,2
15,1,0,6,5.3,1.3,0,6.8,3,1,3,8.0,87,3.76,2
19,1,2,0,3.4,1.9,1,5.8,2,1,2,12.0,78,3.33,2
21,0,2,0,4.4,2.3,1,6.4,3,0,2,13.0,80,3.53,2
19,1,0,0,3.5,1.5,0,6.7,2,0,4,16.0,75,3.3,2
20,1,2,4,3.9,2.1,1,7.5,3,0,2,18.0,88,3.7,2
19,1,2,4,4.2,2.2,1,6.5,2,1,3,14.0,86,3.71,2
18,0,2,5,4.2,1.3,1,6.7,2,0,1,11.0,90,3.64,2
19,0,2,2,2.1,3.3,1,7.8,3,0,2,8.0,90,3.43,2
26,1,2,4,4.7,1.5,1,5.6,1,1,3,12.0,81,3.74,2
17,1,0,4,3.2,1.8,1,7.4,3,0,2,11.0,76,3.66,2
21,1,2,3,12.6,2.6,1,5.4,1,1,2,28.0,50,2.57,0
15,1,0,0,10.0,1.8,1,4.4,1,1,1,25.0,51,2.91,1
20,1,0,4,6.1,1.8,1,5.6,2,1,3,19.0,76,3.58,2
20,1,2,4,5.1,2.0,1,5.7,2,1,2,12.0,70,3.3,2
16,1,0,0,7.7,2.3,1,5.7,1,0,3,18.0,80,3.08,2
19,0,2,6,2.9,2.1,1,6.7,4,0,2,13.0,84,3.85,2
18,0,2,4,5.2,1.0,1,5.5,1,1,3,16.0,75,3.55,2
19,0,2,6,2.9,2.1,1,7.6,3,0,1,8.0,97,3.43,2
18,1,2,3,3.3,0.8,1,6.8,3,0,2,11.0,82,3.49,2
21,0,2,0,3.4,2.6,1,8.6,3,1,0,14.0,96,3.89,2
20,0,2,6,6.8,1.7,1,6.6,3,0,4,18.0,74,3.54,2
16,0,0,0,13.2,3.4,1,3.5,1,1,3,28.0,44,2.57,0
18,1,0,4,7.3,2.6,1,6.2,1,0,3,11.0,79,3.31,2
16,0,0,6,3.4,1.7,1,7.8,3,0,1,7.0,87,3.6,2
17,0,0,4,2.6,1.4,1,6.8,3,0,3,8.0,78,3.98,2
21,1,2,0,4.3,2.4,1,6.7,3,0,2,9.0,90,3.72,2
19,1,2,4,5.8,2.6,1,5.7,1,0,1,15.0,78,2.69,2
20,0,2,4,5.6,1.0,1,6.3,2,1,2,20.0,63,3.3,1
17,0,0,4,6.5,2.2,0,3.9,1,1,2,22.0,67,3.2,1
18,0,2,4,6.5,1.4,1,8.0,3,0,2,13.0,73,3.26,2
15,0,0,3,3.7,2.2,1,9.2,4,1,4,1.0,89,3.68,2
17,1,0,3,4.6,3.4,1,6.8,3,1,1,8.0,88,3.61,2
17,0,0,4,2.7,2.2,1,7.8,3,0,2,5.0,91,3.74,2
20,1,2,4,4.4,1.9,2,7.9,4,0,4,10.0,93,3.81,2
18,0,0,6,3.1,1.9,1,7.1,3,0,0,10.0,88,3.58,2
19,1,2,0,4.1,2.4,1,7.2,3,1,3,17.0,82,3.38,2
15,0,0,4,3.1,1.2,1,6.5,4,1,2,5.0,93,4.0,2
16,1,0,6,8.8,1.6,1,6.7,1,1,2,16.0,67,3.01,2
16,0,0,4,1.9,2.1,2,7.8,4,0,2,11.0,79,3.56,2
23,1,1,2,6.3,0.5,1,6.4,3,1,3,22.0,68,3.61,2
19,0,2,6,5.6,2.3,1,6.9,2,1,4,10.0,90,2.94,2
20,1,2,4,3.8,2.1,1,6.1,1,0,2,6.0,83,3.41,2
20,1,2,6,4.9,1.2,1,6.2,2,1,3,18.0,82,3.31,2
23,2,1,4,2.0,1.9,1,7.8,5,1,3,12.0,91,3.68,2
24,0,1,6,2.5,2.1,1,7.0,4,0,3,9.0,94,3.58,2
19,0,2,2,4.8,1.8,1,7.0,3,0,2,1.0,82,3.83,2
20,0,2,2,4.7,1.7,2,8.3,4,0,3,9.0,82,4.0,2
18,0,2,3,3.2,1.9,1,8.3,4,1,1,3.0,81,3.71,2
22,1,1,5,5.5,2.8,1,7.2,2,1,1,6.0,94,3.83,2
19,0,2,4,5.9,2.4,0,6.5,2,1,2,7.0,85,3.51,2
17,0,0,2,6.8,1.4,1,6.2,3,0,1,11.0,64,3.23,2
20,0,2,4,10.8,1.6,1,3.8,1,1,2,30.0,43,2.43,0
21,1,2,3,4.5,2.8,0,6.8,3,1,1,17.0,82,3.08,2
17,1,0,6,4.9,1.6,1,6.1,2,0,4,15.0,83,3.55,2
17,1,0,3,2.8,2.4,0,7.2,4,0,3,14.0,84,3.64,2
16,1,0,4,3.2,2.3,1,6.4,4,1,2,19.0,78,3.64,2
19,0,2,4,4.5,1.7,1,8.0,3,1,2,12.0,90,3.55,2
19,0,2,4,5.1,2.2,1,7.9,3,1,2,8.0,93,3.89,2
20,0,2,0,4.8,1.7,1,8.0,2,0,2,13.0,97,3.26,2
18,0,2,3,8.0,2.5,1,6.3,2,1,4,21.0,70,3.25,1
17,0,0,4,1.9,2.3,1,8.2,4,0,3,12.0,89,4.0,2
18,0,2,4,5.9,1.4,2,6.5,1,1,3,18.0,66,3.56,2
17,0,0,3,3.6,1.9,1,7.5,4,0,4,7.0,94,3.81,2
19,2,2,0,6.3,2.3,1,6.7,2,1,2,26.0,74,3.79,2
19,0,2,4,4.3,0.3,1,6.6,3,1,4,14.0,74,3.56,2
18,1,2,3,6.0,1.5,0,7.2,3,1,2,25.0,76,3.2,1
16,0,0,4,4.4,2.2,1,7.1,3,0,2,20.0,85,3.4,2
17,1,0,4,3.6,1.1,1,6.0,2,1,3,21.0,76,3.35,2
21,0,2,3,3.8,1.7,1,6.2,3,1,3,15.0,69,3.14,2
18,1,2,6,3.3,2.7,1,7.4,3,1,0,19.0,87,3.71,2
18,0,2,3,3.1,0.3,2,7.0,4,0,1,5.0,92,3.94,2
18,0,2,4,5.7,1.4,1,7.4,2,0,3,18.0,76,3.64,2
19,0,2,3,5.7,2.1,1,5.3,2,1,3,15.0,77,2.78,2
17,1,0,5,2.0,1.1,1,8.9,4,1,1,12.0,98,3.19,2
19,0,2,3,5.5,0.8,1,7.2,4,1,1,11.0,79,3.71,2
18,1,2,4,2.5,0.7,1,7.8,3,0,2,7.0,98,4.0,2
23,0,2,0,4.5,2.4,1,7.5,3,1,2,13.0,88,2.94,2
18,1,0,4,3.6,1.1,0,7.6,3,1,2,10.0,98,3.72,2
20,1,2,6,3.0,2.1,1,6.8,3,0,2,9.0,85,3.51,2
19,1,2,0,6.3,1.4,1,6.0,2,1,3,19.0,64,3.55,2
19,1,0,4,6.7,1.7,0,7.2,1,1,3,16.0,90,3.25,2
19,1,2,0,5.3,1.4,1,7.0,2,1,3,20.0,84,3.06,2
20,1,2,0,7.2,1.8,1,6.5,1,1,3,14.0,75,3.29,2
16,0,0,6,6.3,1.5,1,6.7,3,1,0,6.0,86,3.51,2
19,1,0,4,12.1,1.6,1,3.6,1,0,3,33.0,40,2.18,0
19,0,2,0,5.6,2.6,0,5.9,2,1,2,19.0,76,3.32,2
18,0,2,6,2.3,2.2,1,9.4,4,1,1,1.0,98,4.0,2
18,0,2,0,10.8,2.0,0,3.4,1,1,3,29.0,53,2.26,0
16,0,0,0,5.7,1.1,1,5.7,2,1,3,21.0,74,3.14,1
18,0,2,6,9.8,1.1,0,5.2,1,1,3,27.0,57,2.72,1
18,0,2,6,8.9,1.8,1,6.8,1,0,2,21.0,69,3.1,1
18,0,0,0,4.4,1.3,1,6.7,2,0,3,13.0,79,3.21,2
21,1,2,4,1.9,0.7,0,7.9,3,1,2,4.0,98,3.97,2
19,0,2,4,5.6,2.0,1,4.7,1,0,3,7.0,76,3.85,2
17,0,0,3,9.8,2.9,1,5.0,1,0,2,27.0,61,2.65,1
21,1,2,0,3.8,1.7,1,6.2,2,1,1,17.0,77,3.03,2
18,1,2,0,5.0,2.0,1,7.5,3,1,1,12.0,84,2.84,2
20,1,2,4,2.8,1.3,1,8.6,4,0,3,8.0,98,3.6,2
19,0,2,4,5.5,1.0,1,6.4,1,1,1,13.0,85,3.04,2
21,0,0,6,5.8,2.0,1,5.8,3,1,1,13.0,70,3.37,2
19,0,2,3,8.9,1.7,1,4.6,1,1,4,15.0,60,2.9,1
18,1,2,0,2.8,0.6,1,8.8,4,0,4,10.0,84,2.91,2
25,3,1,6,5.3,2.1,1,6.3,2,1,4,14.0,83,3.5,2
16,1,0,2,9.6,0.9,1,4.6,1,0,0,26.0,57,2.57,1
16,1,0,4,2.3,1.9,1,9.0,5,1,3,8.0,94,3.81,2
20,0,2,0,10.7,2.1,2,5.4,1,1,0,23.0,60,2.79,1
19,0,2,0,6.0,2.5,1,6.5,3,1,3,13.0,80,3.16,2
15,0,0,6,5.6,2.4,1,5.2,2,1,2,19.0,81,3.65,2
20,0,2,0,4.2,0.9,1,7.5,3,1,4,6.0,86,3.73,2
23,0,2,6,5.9,3.9,1,6.3,2,1,3,8.0,71,3.04,2
19,0,0,0,6.2,1.9,1,6.9,2,1,2,6.0,90,3.29,2
19,0,2,0,4.0,2.3,1,6.3,2,1,4,11.0,86,3.35,2
18,0,2,0,2.5,1.0,1,7.3,3,0,2,8.0,98,3.69,2
18,0,2,4,5.5,1.5,1,6.7,3,1,2,16.0,69,2.78,1
17,0,0,3,14.0,0.8,1,4.1,1,1,3,28.0,43,3.46,0
18,2,2,4,1.6,0.9,1,8.3,3,0,2,8.0,94,3.25,2
19,0,2,3,6.6,0.7,0,5.2,1,1,2,15.0,69,3.3,2
25,1,1,5,5.7,2.0,1,7.2,3,1,3,17.0,85,3.11,2
19,1,2,4,1.5,1.2,1,7.9,3,1,2,0.0,98,4.0,2
25,0,1,1,3.5,0.8,2,6.3,2,0,2,14.0,81,3.89,2
18,1,2,3,7.6,1.6,0,5.6,1,0,1,24.0,62,3.54,1
22,1,1,6,4.3,2.7,1,6.4,3,0,3,7.0,83,3.88,2
20,1,2,0,7.6,0.8,1,7.0,3,1,4,26.0,68,2.09,1
19,1,2,4,2.2,1.1,1,6.6,3,0,3,10.0,90,4.0,2
17,0,0,3,14.0,1.5,1,3.7,1,1,4,35.0,45,2.54,0
16,0,0,2,1.9,2.5,1,7.4,5,1,3,0.0,98,4.0,2
21,1,2,0,4.9,1.4,1,6.3,3,0,1,17.0,76,3.3,2
18,0,2,6,3.8,1.1,1,8.4,3,0,3,2.0,98,4.0,2
19,3,2,4,3.0,3.1,1,7.7,4,0,2,4.0,98,3.7,2
20,2,2,6,3.4,2.1,1,8.2,3,1,1,7.0,98,3.46,2
22,1,1,0,6.3,1.2,1,7.0,2,1,3,15.0,80,3.64,2
19,1,2,3,12.8,1.5,0,4.3,1,1,4,30.0,49,2.59,0
20,1,2,4,3.8,0.5,0,8.0,3,0,2,4.0,83,3.47,2
18,1,2,6,6.1,1.4,1,6.5,2,1,1,13.0,89,3.1,2
17,1,0,0,4.8,1.0,1,7.1,4,0,3,11.0,82,3.53,2
16,0,0,6,6.0,2.1,2,6.9,3,1,2,16.0,80,3.21,2
16,0,0,0,8.8,0.8,1,5.2,1,1,2,19.0,63,2.92,1
19,1,2,6,7.6,2.1,1,3.6,1,1,2,16.0,69,3.19,2
20,0,2,5,4.5,2.6,1,7.7,4,1,1,12.0,91,3.68,2
18,1,2,0,4.9,2.6,1,5.9,3,1,2,14.0,72,3.47,2
18,1,2,3,3.3,1.3,1,8.0,3,0,2,15.0,88,3.76,2
18,0,2,0,9.1,1.6,1,5.0,1,1,1,27.0,56,2.8,1
20,0,2,3,4.2,1.8,1,7.3,3,1,1,14.0,86,3.14,2
17,0,0,0,9.0,3.0,1,5.0,1,1,2,27.0,55,3.43,1
17,0,0,3,2.5,1.6,1,8.4,3,0,0,14.0,88,3.57,2
18,0,0,0,5.1,1.6,1,8.3,3,1,0,7.0,86,3.48,2
16,0,0,6,14.0,2.2,1,4.6,1,1,4,31.0,55,2.46,0
17,1,0,0,3.6,1.9,1,7.0,3,1,3,6.0,91,3.51,2
20,1,2,6,3.1,2.2,1,8.6,4,1,2,10.0,96,3.44,2
19,0,2,4,2.1,2.1,1,7.3,4,0,3,6.0,90,3.55,2
21,0,2,4,2.5,3.0,1,7.6,4,1,4,10.0,98,4.0,2
16,0,0,6,5.6,1.5,1,7.8,4,1,2,15.0,84,3.75,2
20,1,0,0,3.9,1.3,1,6.0,2,0,4,13.0,76,3.07,2
17,0,0,4,6.9,2.3,1,6.1,1,1,2,25.0,75,2.8,1
22,0,2,0,4.0,1.5,1,8.1,4,0,3,4.0,96,4.0,2
17,1,0,6,2.4,0.7,0,8.2,4,0,1,0.0,92,3.7,2
19,1,2,4,5.9,1.3,1,4.8,1,1,3,16.0,77,3.47,2
16,0,0,0,3.2,1.6,1,8.0,4,0,3,4.0,94,3.95,2
18,1,0,0,14.0,3.4,1,3.5,1,1,4,40.0,35,2.44,0
19,0,2,6,5.1,2.5,1,7.1,3,1,2,8.0,78,3.62,2
16,0,0,3,7.6,2.6,1,5.9,2,1,3,17.0,68,3.0,1
16,0,0,2,5.0,1.7,1,7.0,2,0,2,17.0,80,4.0,2
18,0,2,0,2.6,0.2,1,8.4,3,0,2,9.0,93,3.67,2
15,0,0,5,4.1,0.7,0,7.7,4,0,2,9.0,94,3.69,2
17,0,0,1,7.5,0.9,1,7.7,2,1,1,10.0,62,3.26,2
17,1,0,4,3.5,1.7,1,7.3,3,0,2,3.0,98,3.2,2
17,0,0,4,5.3,1.2,1,7.3,2,1,3,6.0,83,3.79,2
19,0,2,0,2.9,2.2,1,7.3,4,1,3,10.0,87,3.92,2
20,0,2,3,7.2,2.0,1,5.4,2,1,2,19.0,53,3.25,1
19,0,2,5,14.0,1.8,0,3.2,1,1,0,25.0,48,2.86,1
18,1,2,0,2.5,1.8,1,6.4,4,1,4,10.0,89,3.28,2
21,0,2,2,8.6,1.8,2,4.5,1,1,2,24.0,67,2.69,1
19,1,2,1,2.7,1.7,1,6.8,4,1,2,13.0,93,3.73,2
15,1,0,5,4.4,2.9,1,7.6,3,0,3,11.0,86,3.68,2
16,0,0,6,3.9,2.1,1,7.3,3,0,2,11.0,87,3.78,2
15,1,0,4,5.3,1.3,1,6.4,2,1,3,15.0,78,3.39,2
18,0,2,4,8.6,2.2,1,6.0,2,1,0,13.0,77,3.46,2
19,3,2,0,4.5,2.2,0,6.4,3,0,2,14.0,77,3.65,2
18,0,2,0,3.4,1.0,1,7.6,3,0,4,8.0,93,3.87,2
18,1,2,0,5.5,2.5,2,6.4,2,1,2,17.0,80,2.78,2
21,1,2,0,4.0,2.6,1,7.7,3,1,3,10.0,79,3.56,2
17,0,0,6,6.3,2.2,0,7.2,3,1,2,10.0,80,3.45,2
19,0,0,4,3.1,1.9,1,8.9,4,0,4,5.0,98,3.68,2
17,1,0,1,7.8,1.3,1,6.1,2,1,2,17.0,64,3.2,2
19,0,2,4,7.4,1.0,1,5.1,1,1,1,12.0,77,3.22,2
19,1,0,3,2.7,2.3,1,6.9,4,0,3,10.0,84,3.39,2
18,0,0,0,2.5,1.0,1,6.2,2,0,3,0.0,86,3.67,2
16,1,0,2,2.3,2.0,1,7.3,3,0,3,8.0,90,4.0,2
19,1,2,2,5.9,1.0,1,6.1,2,0,3,17.0,68,3.59,2
22,1,1,0,5.2,1.5,1,6.3,2,1,1,9.0,79,3.34,2
22,1,2,0,3.3,3.0,0,6.7,3,0,3,8.0,90,3.64,2
19,0,2,3,7.2,0.8,1,5.7,1,1,3,7.0,76,3.46,2
21,0,2,6,6.0,1.9,1,6.1,2,0,2,14.0,69,3.31,2
17,1,0,3,9.6,1.0,1,3.8,1,1,2,22.0,60,3.12,1
23,1,1,3,3.8,1.4,1,7.4,3,0,1,6.0,95,3.97,2
20,0,0,4,4.3,2.4,1,5.4,3,1,4,14.0,72,3.78,2
20,1,2,2,9.1,2.6,1,3.9,1,1,4,40.0,43,3.11,0
16,1,0,6,4.9,1.9,1,5.8,2,0,3,17.0,75,3.68,2
18,1,2,4,2.2,2.0,1,6.7,4,0,2,13.0,96,3.35,2
17,1,0,0,10.8,1.6,1,5.5,1,1,3,34.0,60,2.69,0
18,1,2,4,4.6,0.8,1,7.4,3,1,3,17.0,70,3.7,2
18,2,2,4,5.9,2.3,0,6.7,3,0,3,15.0,76,3.35,2
19,3,2,0,5.6,1.4,0,6.6,2,1,1,3.0,90,3.35,2
18,1,2,6,7.4,1.0,1,5.8,1,1,2,23.0,60,2.9,1
22,0,1,6,2.9,2.2,1,7.2,3,0,3,8.0,93,4.0,2
19,0,2,6,4.6,1.7,0,7.6,3,1,3,9.0,97,3.75,2
19,0,2,3,9.6,0.5,1,5.4,2,1,2,29.0,49,3.19,1
22,0,2,4,2.4,0.4,1,6.5,3,0,3,3.0,89,3.53,2
17,0,0,0,6.4,0.9,1,6.9,3,1,3,19.0,74,3.25,2
22,0,2,4,5.4,1.9,1,6.6,2,1,1,10.0,86,3.27,2
20,0,2,1,3.4,1.8,1,7.6,5,1,3,12.0,88,3.43,2
18,1,2,3,5.3,1.8,1,7.5,3,1,2,15.0,78,3.0,2
18,0,2,0,4.3,2.4,0,6.4,4,0,3,3.0,89,3.46,2
19,1,2,2,5.6,0.6,1,6.4,4,1,3,13.0,75,3.29,2
19,1,2,0,6.1,2.6,0,6.6,1,1,2,16.0,79,2.93,2
22,2,1,3,4.1,1.5,1,7.4,3,0,4,14.0,80,3.45,2
19,0,2,0,4.0,2.0,1,7.5,3,0,3,16.0,81,3.47,2
20,0,0,6,9.1,1.4,1,4.4,1,1,1,24.0,57,3.06,1
18,1,2,5,1.3,3.0,1,8.6,5,0,1,0.0,90,3.56,2
21,2,2,3,4.5,1.6,1,6.8,2,1,2,17.0,84,3.7,2
20,0,2,2,3.7,4.0,1,8.0,4,1,3,17.0,75,3.76,2
20,1,2,0,1.9,1.7,1,8.0,4,0,4,11.0,92,4.0,2
19,0,2,1,10.5,1.5,1,5.5,1,1,2,26.0,67,2.24,1
16,1,0,6,7.2,1.6,1,6.5,2,0,2,10.0,82,3.35,2
18,0,2,0,3.1,2.0,1,9.1,4,0,2,7.0,86,3.22,2
18,0,2,4,2.5,0.1,1,8.9,4,0,3,9.0,95,3.46,2
18,1,2,0,4.4,0.4,1,6.2,2,0,2,20.0,86,3.55,2
20,1,2,6,3.1,2.1,1,7.0,3,0,2,12.0,76,3.67,2
18,3,2,2,4.2,1.8,1,6.4,2,0,3,13.0,93,3.81,2
20,0,2,4,12.3,0.8,0,5.2,1,1,3,32.0,55,2.99,0
22,1,1,6,13.2,1.6,1,4.7,1,1,3,30.0,47,2.44,0
19,0,2,5,4.9,1.2,0,5.8,2,1,2,10.0,75,3.04,2
21,1,2,4,12.0,1.9,1,4.3,1,1,3,27.0,52,2.92,1
20,1,0,5,1.8,2.4,0,8.6,4,0,2,2.0,98,3.96,2
21,1,2,0,2.0,1.2,1,7.1,3,0,3,5.0,91,3.94,2
18,1,2,6,9.1,2.1,1,6.8,1,1,3,28.0,68,2.98,1
21,0,2,2,4.6,3.3,1,7.5,3,1,2,11.0,88,3.63,2
18,0,2,4,7.0,1.4,1,6.7,2,1,2,13.0,69,3.09,2
16,1,0,4,9.4,1.9,1,5.3,1,1,2,24.0,60,3.31,1
19,0,2,6,5.6,1.6,0,7.3,1,0,3,18.0,89,3.43,2
23,1,2,0,4.1,1.8,1,5.9,2,0,3,10.0,80,3.83,2
19,0,2,0,10.6,1.2,1,5.9,2,1,4,24.0,65,2.58,1
17,0,0,4,14.0,2.2,1,3.9,1,1,0,32.0,35,2.67,0
20,0,2,6,2.7,0.6,1,7.8,4,1,2,14.0,93,3.72,2
18,1,2,4,2.7,2.6,1,7.8,3,0,2,0.0,91,3.76,2
20,0,2,4,2.4,3.0,1,8.3,4,0,3,3.0,93,3.93,2
17,0,0,6,3.0,2.2,1,6.8,3,1,4,9.0,90,3.79,2
18,0,2,0,8.5,1.4,1,4.7,1,1,3,24.0,63,2.88,1
19,0,2,0,3.1,1.5,1,7.0,3,0,2,14.0,92,3.33,2
16,0,0,0,5.0,3.5,1,5.2,2,1,3,7.0,67,3.11,2
19,1,2,0,2.7,1.2,1,8.5,4,0,0,15.0,95,3.93,2
20,2,2,0,2.9,2.0,0,7.2,3,0,2,23.0,81,3.36,2
20,0,2,6,2.4,1.8,1,8.4,4,0,3,11.0,98,3.91,2
24,0,2,3,3.9,1.3,1,6.8,3,0,3,6.0,98,3.78,2
18,1,2,3,5.0,2.0,1,7.0,2,1,2,12.0,81,3.11,2
16,0,0,6,6.5,0.8,1,6.9,3,1,4,19.0,83,3.37,2
17,2,0,6,2.5,1.2,1,9.2,4,0,3,6.0,97,3.94,2
22,0,1,0,3.3,1.6,1,6.9,3,0,1,18.0,81,3.54,2
17,1,0,6,3.4,1.9,1,9.3,5,0,2,9.0,87,3.85,2
19,1,2,3,10.5,1.3,1,4.0,1,0,2,29.0,52,2.53,0
19,1,2,0,3.1,2.0,0,7.3,3,1,2,5.0,80,3.73,2
19,0,2,0,8.3,2.2,1,8.1,3,1,0,12.0,86,3.58,2
20,0,2,0,4.9,2.8,1,6.0,1,0,4,24.0,76,3.41,1
21,1,2,0,4.5,1.7,1,5.7,1,1,3,14.0,80,3.59,2
19,0,2,4,7.4,2.8,1,6.0,3,1,1,13.0,70,2.78,2
21,0,2,0,6.8,2.1,1,6.4,1,1,1,12.0,88,3.28,2
17,1,0,3,12.1,1.9,1,5.6,2,1,2,29.0,56,2.55,0
19,1,2,6,7.5,1.6,1,4.7,1,1,1,29.0,64,3.38,1
19,1,2,1,3.1,2.2,1,8.7,3,0,0,8.0,98,3.85,2
19,1,2,4,1.9,1.3,0,8.4,4,1,3,1.0,98,3.93,2
17,1,0,0,6.9,1.8,1,7.6,2,1,2,16.0,78,3.25,2
18,1,2,0,13.4,1.8,1,4.2,1,1,0,29.0,47,2.72,0
18,3,2,0,9.2,1.9,1,6.2,1,0,2,17.0,64,3.44,2
22,0,2,0,3.1,2.1,1,8.1,5,1,2,14.0,89,3.81,2
18,0,2,0,3.6,3.1,1,8.6,5,0,1,4.0,98,3.72,2
18,0,2,0,7.1,1.0,1,7.6,3,0,2,13.0,80,3.5,2
18,1,2,6,7.5,2.6,1,6.8,3,1,4,19.0,70,3.76,2
16,0,0,2,4.5,2.1,1,8.1,4,0,4,15.0,87,3.29,2
21,1,2,4,3.7,1.3,1,9.0,3,0,3,10.0,91,3.22,2
15,0,0,0,5.1,1.5,1,7.7,3,0,3,12.0,78,3.44,2
22,1,1,4,2.2,0.6,1,9.2,5,0,2,5.0,93,3.76,2
18,0,0,4,2.3,2.4,2,8.7,5,1,3,7.0,93,3.97,2
17,1,0,0,3.5,1.3,1,7.6,4,0,3,8.0,80,3.3,2
20,1,2,6,3.1,1.0,1,8.7,4,1,2,10.0,98,3.86,2
20,0,2,3,6.9,0.6,1,5.6,2,0,0,20.0,68,2.73,1
20,1,2,5,5.8,2.6,1,6.3,3,1,2,16.0,78,3.46,2
19,0,2,4,8.5,2.1,1,6.8,1,1,3,15.0,88,3.51,2
19,0,2,0,6.6,2.0,1,6.5,2,1,3,17.0,78,3.2,2
19,0,2,3,6.2,1.3,1,4.7,2,0,1,18.0,73,3.27,2
15,0,0,4,14.0,1.8,1,4.1,1,1,1,29.0,41,2.34,0
20,1,2,0,5.8,2.1,1,6.7,1,1,3,12.0,82,3.26,2
20,1,0,4,4.2,2.5,1,7.9,5,0,4,10.0,92,3.87,2
19,0,2,6,6.7,1.7,1,6.9,2,0,1,22.0,71,3.36,1
18,1,2,0,10.8,1.9,1,3.3,1,1,2,25.0,45,2.22,0
18,1,2,3,6.7,2.3,1,3.8,1,1,2,26.0,50,2.81,1
21,0,0,0,3.5,1.1,1,6.7,2,1,3,11.0,90,3.64,2
23,1,2,0,5.4,1.8,1,5.3,1,1,2,15.0,69,2.82,2
20,1,2,0,3.3,1.5,1,7.0,3,0,3,22.0,78,3.43,2
20,1,2,4,3.1,1.7,0,6.8,2,0,0,13.0,84,3.45,2
18,0,2,5,4.0,1.0,1,6.0,1,1,2,13.0,80,2.92,2
18,0,2,4,4.8,2.2,1,5.9,2,1,2,17.0,77,3.26,2
17,0,0,0,8.3,1.9,1,5.8,1,0,3,14.0,69,3.35,2
19,1,2,0,2.8,0.0,1,6.8,4,0,2,12.0,89,3.8,2
18,1,0,0,4.0,1.6,1,4.5,1,1,2,9.0,84,3.36,2
17,0,0,3,3.6,1.0,1,7.2,3,0,0,18.0,85,4.0,2
19,0,2,6,4.8,1.9,1,6.2,2,1,2,16.0,76,3.33,2
20,1,2,6,4.0,1.6,1,8.2,3,0,2,14.0,88,3.52,2
19,1,2,4,3.6,3.2,1,7.5,2,0,1,11.0,78,3.64,2
20,0,2,0,2.8,1.0,1,8.3,3,1,4,7.0,98,3.46,2
18,1,2,0,5.2,2.7,1,6.5,2,1,4,11.0,81,3.84,2
18,3,2,0,3.2,1.4,1,7.5,3,0,2,10.0,89,3.85,2
19,1,2,6,14.0,1.6,1,5.4,1,1,2,23.0,45,2.6,0
20,1,0,2,8.6,2.5,1,5.4,1,1,3,19.0,68,3.35,2
17,0,0,0,3.0,1.9,1,7.3,3,0,2,4.0,97,3.26,2
20,0,2,6,7.3,0.9,0,6.8,2,1,0,15.0,77,3.11,2
23,0,1,5,6.5,1.8,1,7.4,4,1,2,12.0,76,3.23,2
17,0,0,0,6.9,1.8,1,7.1,3,1,2,20.0,77,3.07,2
16,1,0,2,3.0,2.4,0,7.2,2,0,3,17.0,86,3.15,2
21,1,0,6,5.3,1.3,1,6.2,3,0,3,16.0,77,3.23,2
18,1,2,0,2.8,1.5,1,6.3,2,0,2,11.0,86,3.53,2
17,0,0,3,6.1,2.9,1,6.2,1,1,0,9.0,85,3.45,2
19,0,2,3,6.9,2.1,1,6.1,2,1,3,19.0,77,3.48,2
18,1,2,4,5.6,1.9,1,6.1,2,1,2,17.0,59,3.7,2
18,1,2,3,4.0,2.2,1,7.6,3,0,3,7.0,98,3.6,2
19,0,0,0,8.0,1.7,1,5.5,2,1,3,15.0,66,3.11,2
22,1,2,0,6.3,1.1,1,5.5,1,1,2,13.0,74,3.39,2
16,0,0,0,3.4,2.1,0,7.7,3,1,4,12.0,95,3.92,2
20,1,2,5,2.4,2.1,1,7.0,4,0,2,4.0,97,3.41,2
18,0,2,0,5.9,1.0,1,6.7,3,1,3,17.0,81,3.65,2
17,1,0,0,5.9,2.1,1,6.2,2,1,1,20.0,73,2.57,1
17,0,0,2,6.2,2.0,1,5.8,2,0,2,2.0,81,3.08,2
20,0,2,6,2.5,0.9,1,8.0,4,1,2,13.0,94,3.51,2
19,0,2,0,2.1,2.5,1,7.1,2,1,2,9.0,94,3.96,2
18,1,2,4,4.0,2.8,1,5.0,2,0,2,10.0,85,3.58,2
18,1,0,0,2.3,1.7,1,7.9,4,1,2,13.0,98,3.44,2
19,0,2,0,3.4,2.4,1,7.8,3,0,2,7.0,84,3.77,2
20,1,2,0,3.7,2.2,1,7.1,3,0,4,10.0,85,3.93,2
19,0,2,5,7.1,1.4,1,6.7,1,1,4,15.0,68,4.0,2
20,1,2,6,8.2,2.0,1,6.4,2,1,2,18.0,69,3.44,2
18,1,2,0,3.3,0.6,0,7.6,3,0,2,10.0,90,3.55,2
20,1,2,0,6.3,1.6,1,7.3,3,1,2,12.0,88,3.25,2
18,0,2,0,2.8,1.6,1,6.7,4,0,4,12.0,86,3.31,2
17,1,0,4,3.8,1.3,1,7.5,4,0,4,7.0,86,3.77,2
16,1,0,0,5.8,1.3,1,5.8,2,1,1,25.0,69,3.02,1
18,0,2,6,4.9,2.1,1,8.5,4,1,4,12.0,84,3.86,2
16,0,0,2,4.2,2.1,1,5.7,2,0,2,12.0,91,3.4,2
19,1,2,0,10.3,1.2,1,4.4,1,1,0,18.0,54,3.22,1
15,1,0,6,10.8,1.1,1,5.4,1,0,3,27.0,59,2.7,1
20,1,2,6,10.0,1.5,1,6.1,2,1,1,30.0,55,2.91,0
18,0,2,4,3.7,1.1,1,7.7,4,1,2,8.0,87,4.0,2
20,2,2,0,5.5,1.5,1,6.6,4,1,1,15.0,81,3.99,2
18,1,2,5,6.4,2.8,1,7.0,3,1,2,11.0,78,3.82,2
20,1,2,6,3.4,1.3,1,8.6,4,0,3,1.0,90,4.0,2
16,1,0,3,4.4,2.7,1,7.3,2,0,2,10.0,81,3.99,2
21,0,0,6,1.5,1.4,1,7.7,4,1,1,7.0,89,4.0,2
16,0,0,4,5.7,1.0,0,5.6,1,1,3,17.0,66,3.7,2
22,0,2,2,3.1,1.4,1,7.8,4,0,4,5.0,89,3.58,2
23,0,1,4,5.5,1.0,1,5.1,1,1,4,9.0,74,3.68,2
19,1,2,5,9.2,3.1,0,6.0,2,1,2,13.0,60,3.64,1
17,0,0,0,1.9,1.4,1,6.5,3,0,2,6.0,91,4.0,2
17,1,0,4,8.1,0.8,1,4.7,1,1,3,15.0,66,3.35,2
20,1,2,0,11.9,2.6,1,4.2,1,1,2,23.0,57,2.42,1
18,0,2,1,10.9,1.2,0,6.6,1,1,2,18.0,60,3.28,1
21,0,2,4,6.4,3.0,0,5.6,2,1,2,7.0,79,3.81,2
20,0,2,0,5.9,2.8,1,8.1,3,1,3,9.0,83,3.84,2
17,0,0,6,6.9,2.7,1,6.6,2,1,4,10.0,80,2.89,2
19,1,2,0,7.5,2.4,1,5.5,2,1,4,22.0,73,2.96,1
19,1,2,4,5.5,2.0,0,7.5,2,1,2,27.0,72,3.22,1
21,0,2,0,3.4,1.7,1,7.2,3,1,1,10.0,98,3.93,2
21,1,2,6,2.7,3.1,1,7.7,3,1,2,4.0,90,3.63,2
18,3,2,4,12.6,2.8,0,4.7,1,1,3,36.0,45,2.8,0
18,0,2,6,4.8,0.0,1,6.8,4,1,2,13.0,86,3.67,2
16,3,0,2,2.4,0.6,1,7.2,3,0,3,5.0,81,3.59,2
20,0,2,3,7.6,1.5,1,6.7,2,1,1,18.0,73,3.44,2
19,0,2,6,5.8,2.2,1,7.0,3,1,3,16.0,80,3.31,2
22,0,1,4,8.2,3.0,0,6.0,1,1,2,20.0,62,3.28,1
19,1,2,6,7.4,2.1,1,7.2,3,1,3,19.0,72,3.39,2
20,1,2,4,7.1,1.7,1,6.9,2,1,4,22.0,68,3.12,1
18,0,0,3,4.8,1.4,0,7.9,3,0,2,7.0,87,3.54,2
20,1,2,0,5.7,2.2,1,7.5,4,1,2,15.0,93,3.23,2
20,0,2,0,7.3,1.8,1,5.2,1,1,4,18.0,68,2.95,1
18,0,2,0,6.6,2.1,1,6.4,2,1,2,10.0,82,3.15,2
18,0,2,4,3.4,1.5,1,7.0,3,0,2,14.0,79,3.47,2
18,0,2,4,4.7,2.1,1,6.7,2,0,2,13.0,87,3.29,2
18,0,2,0,6.0,2.5,0,5.9,2,1,2,18.0,78,3.02,2
15,1,0,0,3.8,0.2,1,5.8,2,1,3,13.0,88,3.53,2
18,0,0,4,3.9,1.9,1,6.6,3,1,2,9.0,90,3.41,2
18,1,2,6,5.9,0.3,1,7.0,2,1,2,18.0,69,3.85,2
18,0,2,4,6.0,2.1,1,6.6,2,1,1,20.0,80,3.53,2
18,1,2,4,1.1,2.4,1,9.4,5,1,0,4.0,98,3.71,2
17,0,0,0,5.8,1.2,1,6.6,2,0,3,10.0,79,4.0,2
19,1,2,5,4.4,2.6,1,6.6,3,0,1,11.0,86,3.45,2
20,1,2,4,4.9,1.4,1,6.8,2,0,1,4.0,85,3.53,2
15,1,0,0,5.9,2.2,1,5.5,3,1,2,12.0,77,3.56,2
18,1,2,6,3.8,1.5,1,7.7,4,0,2,10.0,88,3.85,2
19,1,2,4,4.9,1.2,1,6.3,3,1,3,8.0,93,3.8,2
20,0,2,2,3.6,1.6,0,7.1,2,0,2,12.0,77,3.52,2
22,0,1,2,5.4,0.6,1,5.5,2,1,2,19.0,66,3.17,1
18,1,2,0,6.6,2.4,1,7.0,2,1,4,12.0,79,3.64,2
16,1,0,6,4.8,3.1,1,6.2,2,1,1,18.0,77,3.27,2
20,0,2,6,5.7,1.6,1,6.6,2,1,1,12.0,81,3.64,2
16,2,0,0,2.8,1.6,0,8.0,3,0,3,7.0,91,3.05,2
17,0,0,6,3.3,2.1,1,6.7,2,1,4,9.0,86,3.7,2
19,1,2,0,5.1,1.2,1,5.6,1,0,2,18.0,73,3.67,2
20,0,2,4,4.0,3.2,1,6.7,3,1,4,11.0,94,3.78,2
18,0,2,4,7.7,2.2,1,6.3,2,1,3,18.0,66,3.35,2
20,1,2,5,7.8,2.5,1,6.3,1,1,1,25.0,72,2.85,1
18,1,2,0,8.3,1.6,1,5.6,1,1,2,15.0,70,3.35,2
18,0,2,3,4.5,1.8,0,6.1,2,0,1,14.0,94,3.15,2
18,0,2,4,3.1,2.6,1,7.8,4,0,3,8.0,92,3.8,2
19,1,2,3,6.1,2.5,1,6.4,3,1,1,10.0,72,3.32,2
15,0,0,3,4.3,2.3,1,7.4,3,0,3,18.0,77,3.97,2
19,0,2,4,7.3,2.2,1,6.0,2,0,1,17.0,67,3.28,2
15,1,0,0,3.2,1.9,1,8.3,4,1,3,4.0,98,4.0,2
18,0,2,6,3.9,1.1,0,6.0,2,0,1,10.0,81,3.35,2
20,1,2,6,5.4,2.7,1,6.9,2,0,2,15.0,83,3.24,2
19,0,2,3,3.1,3.6,1,8.4,3,1,2,4.0,98,4.0,2
18,1,2,2,3.3,2.9,1,7.0,3,0,4,5.0,86,3.8,2
21,0,0,4,6.1,3.8,1,7.3,1,0,4,16.0,78,3.9,2
17,1,0,6,4.8,4.1,1,7.2,2,0,2,15.0,78,2.87,2
18,3,2,4,2.6,1.7,1,5.7,2,1,3,9.0,91,3.74,2
19,0,2,4,6.1,1.0,1,6.7,1,0,2,16.0,77,3.5,2
16,1,0,0,9.3,2.5,1,6.0,2,1,2,25.0,52,3.22,1
17,1,0,4,3.8,1.4,1,6.5,2,0,3,10.0,89,3.4,2
19,0,2,2,3.0,2.6,2,8.3,3,0,3,0.0,98,3.62,2
15,0,0,6,6.5,0.7,1,6.8,2,1,2,14.0,76,3.72,2
17,1,0,0,4.9,2.2,1,5.1,1,0,4,18.0,72,3.47,2
20,0,2,0,4.9,1.8,1,7.6,2,0,2,18.0,73,3.5,2
17,1,0,3,4.0,2.5,1,7.7,4,1,1,8.0,92,3.5,2
19,1,2,0,9.0,3.1,1,7.2,2,1,2,20.0,76,3.49,2
20,0,2,4,8.6,1.1,1,5.5,2,0,3,15.0,68,3.16,2
18,0,2,6,4.5,2.3,1,7.1,3,0,3,8.0,86,4.0,2
18,1,2,0,5.5,2.7,2,6.2,2,1,2,13.0,83,3.43,2
15,1,0,0,3.0,1.8,0,6.9,4,0,3,5.0,94,3.7,2
20,1,2,5,5.7,2.1,1,6.8,3,1,0,13.0,81,3.43,2
19,1,2,0,3.5,2.8,1,7.8,3,0,3,7.0,98,3.39,2
16,1,0,3,4.9,1.5,1,7.5,2,0,2,3.0,85,3.81,2
16,0,0,0,4.6,0.8,1,5.7,2,1,2,15.0,76,3.27,2
20,1,2,4,2.6,1.8,1,6.1,2,0,0,16.0,81,3.78,2
19,1,2,4,14.0,1.6,1,3.0,1,1,1,34.0,32,2.02,0
19,1,2,3,8.8,1.4,1,6.1,1,1,2,22.0,61,2.74,1
17,0,0,6,7.5,2.9,1,6.6,3,1,3,18.0,69,3.55,2
19,1,2,4,5.5,2.2,1,5.9,2,1,2,16.0,70,2.8,1
23,1,1,0,6.9,2.2,1,6.0,1,1,3,9.0,73,3.34,2
17,1,0,0,4.9,1.4,1,7.6,2,1,4,13.0,82,3.66,2
19,0,2,0,2.1,3.7,0,6.8,2,0,2,6.0,98,3.89,2
19,0,2,4,5.0,2.4,1,7.0,2,1,4,4.0,80,3.53,2
19,0,2,0,13.9,1.2,1,3.0,1,1,2,36.0,38,1.97,0
20,0,2,3,5.7,1.6,2,8.0,3,1,3,17.0,87,3.58,2
15,1,0,0,3.1,1.9,1,6.6,3,0,1,7.0,86,3.98,2
18,1,2,6,7.3,2.1,1,5.5,1,1,2,18.0,72,3.37,2
17,1,0,6,3.3,0.5,0,7.9,2,1,2,9.0,86,3.39,2
17,0,0,6,8.8,2.9,1,5.6,1,1,4,13.0,59,2.52,1
20,0,2,0,4.1,2.4,1,7.2,3,1,3,10.0,72,3.22,2
18,1,2,6,6.7,2.4,1,5.5,2,1,2,17.0,82,3.46,2
20,1,2,4,2.5,2.1,1,7.1,2,1,3,12.0,96,3.91,2
20,1,2,0,2.3,2.7,0,7.0,2,1,1,6.0,90,4.0,2
20,2,2,0,3.4,2.7,1,8.2,4,1,4,11.0,86,4.0,2
18,0,2,4,3.9,1.7,0,6.4,3,0,0,12.0,88,3.78,2
22,2,1,3,2.5,2.3,1,7.2,4,0,1,8.0,98,3.68,2
18,1,2,4,3.6,2.2,1,7.2,3,0,0,13.0,91,3.77,2
18,1,2,4,6.3,3.1,1,7.1,2,1,2,14.0,78,3.04,2
18,3,2,0,5.9,1.5,1,7.8,3,1,2,15.0,75,2.96,2
18,1,2,0,7.2,2.4,1,6.1,1,1,0,12.0,80,3.22,2
20,0,2,6,5.9,2.2,0,6.4,2,1,4,14.0,73,3.53,2
17,0,0,3,4.0,1.7,1,7.1,2,1,3,14.0,83,3.89,2
21,1,2,0,4.5,1.1,1,6.9,3,1,3,16.0,72,3.88,2
15,1,0,3,7.0,1.5,1,5.1,1,1,2,22.0,52,3.33,1
20,1,2,6,3.8,2.6,1,8.4,3,0,4,10.0,86,3.7,2
19,0,0,0,4.9,1.9,0,5.5,1,1,2,16.0,65,3.53,2
20,0,2,6,6.7,1.6,1,6.2,1,1,2,11.0,88,3.06,2
17,0,0,6,5.9,1.3,1,5.8,2,1,3,16.0,76,2.94,2
20,0,2,3,10.6,1.8,1,4.4,1,1,2,18.0,57,3.16,1
17,0,0,3,10.2,0.8,1,4.1,1,0,3,30.0,58,2.77,0
18,1,2,4,2.1,1.2,1,7.7,3,1,3,6.0,80,3.5,2
15,0,0,4,1.9,0.8,1,7.9,3,1,3,0.0,98,4.0,2
21,0,2,4,8.3,2.9,1,6.3,2,1,2,19.0,69,3.38,2
17,0,0,0,4.1,1.4,1,6.0,3,0,4,10.0,84,3.23,2
18,1,2,0,4.4,1.9,1,7.6,3,1,1,6.0,98,3.91,2
20,1,2,4,5.5,1.3,0,6.4,4,1,2,13.0,77,3.37,2
16,1,0,3,10.1,2.6,0,6.3,2,1,2,27.0,62,2.4,1
17,0,0,0,6.1,2.6,1,5.9,1,1,2,21.0,75,3.4,2
23,1,2,6,5.5,1.1,1,6.1,3,1,1,8.0,93,3.4,2
17,0,0,0,4.8,0.9,1,6.5,2,0,2,8.0,90,3.46,2
20,1,2,4,2.8,2.4,1,8.4,4,0,2,5.0,96,3.86,2
19,0,2,3,7.2,2.0,1,6.0,2,0,2,15.0,71,3.08,2
19,0,2,0,8.6,1.9,1,6.1,3,1,2,21.0,72,3.31,2
18,1,2,5,6.7,3.9,1,6.2,2,1,3,5.0,82,3.1,2
19,0,2,4,8.0,2.5,1,7.0,1,1,4,18.0,69,2.91,1
15,0,0,3,5.1,1.9,1,6.1,3,1,1,17.0,80,3.28,2
21,0,2,4,13.2,1.0,0,3.3,1,1,2,36.0,52,2.72,0
21,0,2,4,2.8,1.2,1,7.9,3,1,1,13.0,90,3.3,2
19,3,2,6,4.0,2.4,1,6.8,3,0,3,9.0,84,3.97,2
17,1,0,0,6.3,2.5,1,5.8,2,1,3,13.0,69,3.29,2
18,0,2,4,3.5,2.3,1,8.1,3,1,2,8.0,94,3.37,2
19,0,0,0,3.1,0.7,0,6.9,4,0,2,8.0,84,3.93,2
18,1,2,0,4.5,2.7,0,6.1,3,0,1,8.0,81,3.54,2
16,0,0,0,7.5,2.2,1,5.9,2,1,1,16.0,78,2.81,2
24,0,1,4,3.1,2.4,1,7.9,4,0,2,9.0,89,3.53,2
24,1,1,0,4.1,1.7,1,7.5,3,0,3,9.0,86,2.98,2
19,0,2,5,5.6,1.4,1,6.4,3,1,2,15.0,74,3.29,2
18,0,2,0,3.2,1.7,0,7.7,4,0,2,6.0,98,3.46,2
18,1,2,6,14.0,2.1,1,4.6,1,0,2,31.0,41,2.59,0
16,3,0,0,2.3,2.5,1,7.3,3,1,1,6.0,98,3.44,2
18,1,2,0,8.4,2.0,1,6.1,1,0,2,24.0,69,3.04,1
20,1,2,0,4.4,2.3,1,7.1,3,0,2,10.0,67,3.49,2
18,0,2,6,3.2,1.9,1,8.7,3,0,1,4.0,91,3.8,2
22,0,1,4,5.9,2.0,1,6.0,1,0,1,5.0,84,3.25,2
20,1,2,0,6.0,2.0,0,4.0,1,1,0,21.0,60,3.33,1
19,1,2,0,3.6,1.8,1,7.5,4,1,2,14.0,94,3.26,2
16,0,0,0,3.3,1.7,1,6.6,3,0,2,9.0,83,3.31,2
19,0,2,4,4.1,1.6,1,5.4,2,1,3,16.0,68,3.27,2
19,1,2,6,3.1,1.1,1,7.6,3,0,3,3.0,90,3.46,2
19,0,2,6,4.8,1.6,1,7.7,2,0,1,13.0,88,3.17,2
18,1,2,0,3.9,1.8,1,7.1,3,0,4,7.0,81,3.5,2
17,1,0,4,3.4,2.1,0,7.7,4,0,2,2.0,91,4.0,2
24,1,1,4,5.1,2.5,1,6.0,2,0,4,16.0,80,3.82,2
17,0,0,0,9.9,2.8,1,6.8,2,1,2,29.0,65,3.07,1
18,1,0,4,4.3,2.2,1,5.7,2,1,2,15.0,77,3.68,2
21,0,2,5,9.9,2.3,1,3.5,1,0,0,22.0,55,2.43,1
21,0,2,3,5.7,0.6,1,6.7,3,1,1,13.0,80,3.11,2
20,1,2,6,2.8,2.3,1,7.5,3,0,3,9.0,98,3.57,2
15,1,0,5,5.0,1.4,1,5.7,2,1,2,3.0,86,3.78,2
17,0,0,0,5.1,1.8,0,6.4,2,1,3,13.0,59,3.43,2
19,0,2,4,1.7,1.9,1,7.1,3,1,1,4.0,98,3.55,2
20,0,2,1,2.8,1.2,1,5.7,2,1,3,19.0,81,3.08,2
20,0,0,0,3.6,2.5,1,6.5,2,0,2,11.0,88,3.53,2
20,0,2,1,3.1,1.5,1,8.4,4,0,3,0.0,93,3.7,2
19,0,2,4,4.5,1.3,1,6.2,1,0,4,3.0,87,3.52,2
17,0,0,3,5.9,1.7,1,6.9,2,1,2,9.0,89,3.55,2
19,1,2,0,5.1,2.6,0,7.7,3,0,4,15.0,78,3.63,2
19,1,2,1,2.4,1.6,1,8.5,5,0,0,0.0,98,4.0,2
17,0,0,6,3.2,1.4,1,7.3,2,1,0,8.0,95,3.29,2
16,0,0,1,10.5,2.5,1,4.9,1,0,2,18.0,61,3.07,1
22,0,1,0,13.4,1.6,0,5.5,1,1,3,24.0,51,2.82,1
21,1,2,4,10.4,0.9,1,3.3,1,0,3,23.0,54,3.59,1
22,0,1,4,4.8,1.4,1,7.2,2,0,2,13.0,89,3.3,2
21,1,2,4,2.8,0.8,1,7.1,4,0,4,14.0,94,3.8,2
17,0,0,2,4.8,1.4,0,6.1,2,1,2,19.0,89,4.0,2
20,0,2,3,3.4,1.2,1,9.0,3,0,3,0.0,98,3.81,2
19,1,2,4,3.7,2.5,1,7.6,3,1,1,16.0,80,3.43,2
19,1,2,6,8.5,2.3,1,5.4,1,1,1,21.0,75,3.21,2
19,0,2,4,3.5,1.2,1,6.8,3,1,3,14.0,87,3.29,2
18,1,2,0,2.6,2.3,0,7.2,3,0,2,10.0,89,3.84,2
18,0,2,0,3.6,1.7,1,7.8,3,0,0,14.0,74,3.34,2
17,0,0,0,7.6,1.3,1,6.4,1,1,1,18.0,71,3.35,2
19,2,2,4,5.7,1.6,1,7.1,3,0,4,15.0,89,3.08,2
16,2,0,2,4.9,1.9,0,8.9,3,0,2,14.0,91,3.55,2
19,0,0,4,10.6,2.1,1,4.8,1,1,2,23.0,61,2.94,1
19,1,2,4,3.6,1.6,1,7.5,3,0,1,9.0,86,3.57,2
19,3,2,6,8.0,1.0,0,5.8,1,1,2,21.0,60,2.89,1
22,0,1,0,5.2,2.8,1,6.5,3,0,4,0.0,84,3.35,2
18,1,2,3,3.6,2.6,1,7.3,3,0,2,15.0,94,3.57,2
16,0,0,2,13.1,1.6,1,5.5,1,0,3,22.0,55,2.35,1
16,0,0,0,4.7,1.3,1,7.5,4,0,2,13.0,93,3.59,2
20,0,2,3,2.7,1.5,1,5.9,2,1,3,4.0,88,3.38,2
20,0,2,4,4.4,3.0,1,7.0,3,0,2,10.0,94,3.61,2
18,1,2,5,4.4,2.1,0,8.6,3,1,2,4.0,83,3.06,2
17,0,0,4,3.8,2.3,1,7.0,3,0,2,8.0,85,3.53,2
20,0,2,6,3.4,2.9,1,7.1,2,0,4,17.0,88,3.84,2
18,1,2,6,11.3,0.8,1,5.0,1,1,2,36.0,46,2.99,0
16,0,0,4,5.2,1.9,1,7.1,4,1,3,13.0,76,3.44,2
20,0,2,6,4.8,2.3,0,7.7,3,0,1,15.0,85,3.63,2
20,1,0,3,3.4,1.4,1,10.1,5,1,2,4.0,98,4.0,2
24,1,1,0,5.9,2.4,1,6.9,2,1,3,17.0,77,3.71,2
18,1,2,1,4.7,2.7,0,7.0,2,1,3,18.0,86,3.47,2
20,0,2,0,2.7,3.1,1,7.7,3,0,3,10.0,96,3.43,2
16,0,0,2,7.3,2.5,1,6.3,2,1,2,19.0,68,3.62,2
18,1,2,0,4.7,2.8,1,7.2,3,0,1,11.0,82,3.57,2
19,1,2,6,5.9,2.4,1,7.5,3,1,2,15.0,85,3.63,2
20,0,2,1,5.2,1.4,1,6.1,2,1,0,21.0,65,3.18,1
21,0,2,0,2.7,1.1,1,8.7,4,0,4,4.0,96,4.0,2
20,1,2,0,6.7,2.9,1,6.1,2,0,2,14.0,76,3.46,2
20,0,2,4,12.4,1.1,1,3.0,1,0,4,31.0,49,2.4,0
17,1,0,4,4.8,1.9,0,7.0,3,1,2,15.0,84,3.34,2
18,1,2,6,4.6,2.7,1,7.4,3,1,2,8.0,83,3.6,2
18,1,2,6,2.3,2.7,1,6.4,3,0,2,10.0,98,3.56,2
17,0,0,3,2.8,2.6,1,8.1,4,0,4,7.0,98,3.98,2
17,0,0,0,2.3,1.7,1,6.7,3,0,4,12.0,93,3.95,2
21,0,2,4,8.2,2.4,1,6.6,2,1,2,22.0,70,3.53,2
17,3,0,0,8.7,2.0,1,3.8,1,1,1,14.0,69,2.79,2
18,1,2,6,5.4,2.2,1,7.1,3,1,3,14.0,75,3.12,2
19,0,2,4,5.5,1.9,1,6.1,2,1,3,21.0,65,2.71,1
15,1,0,2,12.2,2.5,0,4.2,1,1,4,29.0,45,2.28,0
18,1,2,4,3.5,0.8,1,7.8,4,0,2,16.0,96,3.69,2
18,0,2,3,4.7,1.3,0,7.5,3,0,2,11.0,81,3.56,2
19,1,2,0,11.3,0.9,1,4.9,1,1,4,27.0,48,2.6,0
21,1,2,6,4.5,1.7,1,6.4,2,0,2,12.0,74,3.48,2
19,1,2,3,2.5,2.4,1,8.1,4,0,4,10.0,97,3.5,2
18,0,2,4,1.9,1.8,1,7.3,3,0,4,10.0,94,3.77,2
18,1,2,6,5.9,1.9,1,6.0,2,1,3,20.0,69,3.67,2
17,0,0,0,8.5,2.1,1,5.7,1,1,2,24.0,63,2.9,1
26,0,1,3,5.0,2.2,1,6.9,2,1,3,12.0,87,3.63,2
18,0,0,0,2.2,0.5,1,9.0,5,1,1,0.0,98,3.79,2
19,1,2,0,1.9,1.8,0,8.9,3,0,4,0.0,98,3.65,2
18,1,0,4,5.7,2.9,0,5.4,3,1,1,18.0,63,3.03,1
18,0,2,0,2.5,3.0,1,7.0,4,1,3,13.0,93,3.67,2
19,0,2,0,3.7,1.6,1,6.9,2,1,2,14.0,83,3.63,2
17,1,0,0,12.2,1.7,1,3.5,1,1,2,27.0,53,3.13,1
18,0,2,3,2.5,1.4,1,8.9,4,1,0,4.0,97,4.0,2
22,1,1,0,3.6,3.0,1,7.5,4,0,1,16.0,96,3.4,2
17,0,0,6,14.0,2.1,1,3.2,1,1,4,32.0,36,2.56,0
19,0,2,0,7.0,1.2,1,5.7,2,1,0,20.0,73,3.35,2
18,1,2,4,3.2,2.0,1,8.6,3,1,3,17.0,98,4.0,2
18,0,2,0,2.3,1.1,1,7.3,3,0,1,13.0,89,3.44,2
18,1,2,0,3.4,2.1,1,7.6,2,1,3,8.0,94,3.35,2
15,0,0,0,5.0,1.2,1,6.3,2,1,1,13.0,77,3.62,2
16,1,0,6,3.4,0.6,1,6.7,3,0,2,16.0,78,3.43,2
17,1,0,6,5.0,1.7,1,7.1,2,0,2,12.0,72,3.66,2
15,0,0,6,5.5,2.9,1,4.5,1,1,3,22.0,66,3.45,1
18,0,2,0,4.6,1.2,1,6.6,2,1,1,16.0,77,3.76,2
20,0,2,0,2.6,2.3,0,7.0,3,0,1,6.0,86,4.0,2
18,0,2,0,7.2,2.7,1,7.5,2,1,2,16.0,85,3.26,2
17,0,0,0,4.3,0.4,0,6.0,3,0,1,12.0,76,3.9,2
16,0,0,3,4.5,2.4,1,6.5,2,0,0,5.0,80,3.56,2
17,0,0,3,1.5,1.9,0,8.6,4,1,0,0.0,98,3.7,2
15,1,0,3,3.8,2.0,1,8.1,3,0,2,2.0,93,3.73,2
18,0,2,0,8.7,2.2,0,5.8,2,1,4,25.0,73,2.27,1
20,1,2,6,2.0,0.2,1,7.2,3,0,3,9.0,98,3.55,2
18,0,2,0,6.7,2.3,1,6.5,2,1,2,20.0,76,3.29,2
20,1,2,4,6.7,0.3,1,7.3,3,1,4,16.0,73,3.54,2
18,1,2,0,9.3,1.9,1,4.2,1,1,2,18.0,70,2.82,1
20,1,2,4,11.8,1.9,1,4.6,1,1,4,21.0,55,2.81,1
19,0,2,0,5.8,2.5,1,6.6,2,0,3,18.0,67,3.17,2
20,1,2,0,6.1,2.5,1,6.7,1,1,2,23.0,82,2.9,1
18,1,2,3,3.2,2.4,1,7.8,3,0,2,9.0,87,3.53,2
19,0,2,4,4.1,2.9,1,5.3,1,1,0,20.0,90,3.33,2
21,1,2,3,4.3,1.4,1,6.0,3,0,3,15.0,85,3.44,2
17,0,0,4,3.0,1.9,1,6.0,2,0,1,16.0,94,3.6,2
21,0,2,6,3.3,2.4,1,7.6,3,0,2,6.0,92,3.42,2
20,1,2,6,3.8,1.1,1,8.3,4,0,3,3.0,96,4.0,2
19,0,2,4,2.3,2.1,1,7.9,4,0,2,12.0,80,3.71,2
23,0,2,6,6.6,1.5,1,5.6,1,1,1,14.0,69,3.63,2
19,0,2,0,3.9,2.1,1,8.0,3,1,0,1.0,96,3.84,2
17,1,0,4,5.8,0.9,1,5.6,2,1,4,25.0,70,3.04,1
22,0,1,3,10.3,0.9,1,5.4,1,1,1,27.0,69,2.95,1
18,1,2,4,5.0,2.6,1,5.7,2,1,1,10.0,69,3.58,2
22,0,1,3,3.1,1.8,0,5.3,2,1,4,17.0,71,3.35,2
18,1,2,6,8.7,1.8,0,5.0,2,1,3,24.0,68,3.14,1
20,0,2,2,14.0,1.9,0,3.0,1,1,3,40.0,34,2.39,0
18,1,2,6,7.3,2.6,1,7.6,3,1,3,18.0,78,3.09,2
17,1,0,0,5.1,0.6,1,5.5,1,1,4,5.0,81,3.74,2
21,0,2,4,6.5,1.8,0,5.2,1,0,1,17.0,71,3.46,2
18,0,0,6,6.5,0.2,1,7.0,2,1,1,14.0,83,3.09,2
16,0,0,0,4.6,1.1,1,5.4,1,1,4,11.0,73,3.2,2
20,1,2,4,7.0,1.3,2,5.3,2,1,4,18.0,67,3.1,1
23,0,2,4,4.0,2.1,1,7.0,3,1,1,12.0,88,3.54,2
15,1,0,6,3.1,1.6,1,6.5,3,1,4,15.0,84,4.0,2
17,1,0,0,2.1,2.7,1,6.4,2,0,1,6.0,91,3.94,2
20,1,2,4,6.2,2.4,1,7.4,3,1,3,15.0,85,3.46,2
19,0,2,0,3.1,1.9,0,7.2,3,1,3,0.0,92,4.0,2
21,0,2,1,3.9,2.2,1,6.8,2,0,0,8.0,94,3.88,2
18,1,2,0,3.8,0.4,1,7.9,4,0,2,1.0,85,3.69,2
16,1,0,6,4.7,2.2,1,6.1,3,0,4,22.0,82,3.4,2
17,0,0,0,7.0,3.5,1,6.1,2,0,1,18.0,64,3.23,1
18,3,2,6,3.2,2.8,1,7.5,3,1,4,5.0,88,3.86,2
15,1,0,0,3.9,2.0,0,8.0,2,0,1,16.0,83,3.7,2
18,0,2,6,5.6,1.6,1,7.8,3,1,3,8.0,85,3.5,2
19,0,2,0,2.7,2.1,1,6.6,2,1,3,7.0,84,3.97,2
21,1,2,0,6.0,2.6,1,6.6,2,0,2,15.0,79,3.94,2
18,0,2,2,4.0,2.3,1,6.0,3,1,3,7.0,86,3.29,2
17,1,0,2,4.5,2.1,1,6.8,3,1,3,8.0,88,3.53,2
20,2,2,4,5.8,2.2,0,7.9,3,1,1,10.0,81,3.57,2
19,0,2,0,4.5,2.0,1,7.7,3,0,3,5.0,85,3.83,2
25,0,1,3,3.1,2.1,1,8.1,4,1,1,10.0,97,3.29,2
26,1,1,4,5.7,1.1,1,6.5,2,1,2,26.0,70,3.23,1
20,0,2,0,8.3,0.6,1,5.8,2,1,2,18.0,72,2.87,1
19,0,0,0,6.6,1.0,1,8.5,3,1,4,13.0,80,4.0,2
18,0,2,2,7.7,2.8,1,5.4,1,1,2,11.0,69,3.13,2
16,0,0,4,6.9,1.3,1,7.2,2,0,4,17.0,70,3.43,2
18,1,0,4,3.1,2.1,1,7.4,3,0,4,6.0,94,4.0,2
19,0,2,1,4.7,1.8,1,7.9,2,0,2,14.0,87,3.51,2
17,0,0,4,5.9,2.1,1,5.4,3,1,3,10.0,83,4.0,2
19,0,2,5,7.3,1.7,1,6.1,2,0,2,20.0,57,3.0,1
15,1,0,4,7.8,1.7,1,5.1,2,1,4,19.0,59,3.17,1
16,0,0,4,4.7,2.1,0,6.5,2,0,1,10.0,84,3.16,2
22,0,1,2,2.4,2.3,0,8.9,4,0,2,7.0,98,3.42,2
21,1,2,0,3.5,2.6,1,8.8,4,0,3,5.0,98,3.54,2
17,1,0,6,5.7,0.9,2,4.9,2,1,0,18.0,73,3.66,2
20,1,2,0,4.0,1.3,1,7.0,3,0,3,6.0,87,3.71,2
18,1,2,4,2.6,2.2,0,7.0,3,0,0,11.0,91,3.81,2
19,1,2,0,5.8,1.0,1,7.5,3,0,3,17.0,84,3.35,2
19,1,2,0,8.3,2.1,0,7.2,3,1,1,23.0,65,3.23,1
18,1,2,0,11.4,1.6,1,3.9,1,1,1,28.0,54,2.1,0
19,1,2,4,2.8,1.1,1,8.6,2,1,2,5.0,98,3.74,2
24,0,1,4,5.6,1.0,1,7.0,3,1,3,20.0,74,3.16,2
19,1,2,4,5.0,2.1,2,7.4,3,0,1,15.0,74,3.84,2
23,1,1,0,5.8,2.7,1,6.8,3,1,4,21.0,79,3.19,2
18,0,2,1,8.4,2.9,0,5.6,2,1,3,21.0,59,3.21,1
20,0,2,0,4.6,1.9,1,7.7,4,0,2,12.0,79,3.82,2
19,1,2,4,8.2,0.9,1,5.2,2,0,0,26.0,74,2.99,1
17,1,0,6,4.1,2.6,1,6.4,2,1,2,9.0,86,3.28,2
15,1,0,2,6.0,0.6,1,6.4,2,1,3,19.0,64,3.28,1
17,3,0,3,4.7,2.0,1,7.6,3,0,3,20.0,87,2.52,2
18,1,2,0,7.0,1.4,1,6.5,2,1,0,16.0,69,2.46,1
16,1,0,4,4.7,2.2,1,6.9,2,1,3,7.0,98,4.0,2
18,0,0,4,14.0,1.8,1,4.2,1,1,1,34.0,41,2.71,0
17,1,0,3,2.8,1.8,1,7.9,3,0,1,13.0,94,3.41,2
21,1,2,4,7.2,1.2,1,4.6,1,1,2,24.0,64,3.33,1
17,1,0,6,3.0,1.5,1,6.4,2,0,0,11.0,88,4.0,2
17,1,0,3,4.3,2.0,0,5.5,2,1,3,12.0,79,3.63,2
19,1,2,5,6.5,1.4,1,6.2,2,1,2,20.0,77,3.37,2
18,1,2,0,6.4,2.1,0,5.3,1,1,1,10.0,80,2.73,2
21,1,2,0,8.7,2.1,1,5.5,1,0,2,21.0,64,2.92,1
20,0,2,0,2.1,2.5,1,8.6,4,0,2,0.0,95,3.46,2
16,1,0,6,3.7,0.5,1,6.2,2,0,3,11.0,71,3.28,2
21,0,2,0,14.0,1.6,0,3.9,1,1,2,35.0,46,2.66,0
19,1,2,0,7.5,2.4,1,5.9,2,1,2,20.0,72,3.08,1
21,0,0,6,8.4,2.2,0,5.7,2,1,2,15.0,64,3.04,2
17,0,0,0,5.3,1.5,0,8.1,3,1,2,16.0,88,3.4,2
17,0,0,0,4.3,2.1,0,6.3,2,0,1,18.0,81,3.31,2
21,1,2,4,14.0,1.4,1,4.9,1,1,1,27.0,45,2.74,0
24,1,1,4,2.2,1.8,1,8.3,3,0,2,3.0,98,3.54,2
17,1,0,4,2.9,2.3,1,7.8,3,0,2,8.0,81,3.54,2
22,1,2,5,7.7,1.0,1,6.2,3,1,2,24.0,73,3.34,1
19,0,2,0,3.5,1.9,0,8.0,4,1,3,3.0,91,4.0,2
18,1,0,0,6.5,1.2,1,5.3,2,1,4,23.0,55,3.43,1
19,0,2,0,3.6,1.9,1,8.5,3,0,2,7.0,92,3.77,2
16,0,0,0,8.1,1.8,1,5.8,1,0,2,20.0,80,3.3,2
18,1,0,0,7.3,2.7,1,6.4,2,1,3,16.0,78,2.89,2
18,0,2,4,8.9,2.1,1,5.8,2,1,3,27.0,63,3.26,1
17,1,0,3,3.0,2.9,1,7.2,3,1,1,13.0,93,3.83,2
20,0,2,0,5.2,2.2,1,6.9,2,1,2,19.0,70,3.3,2
17,1,0,3,1.1,3.4,1,10.1,5,1,3,5.0,98,3.88,2
16,1,0,4,2.3,1.5,1,7.5,3,1,3,8.0,98,4.0,2
16,0,0,0,4.1,2.9,1,7.3,2,0,3,4.0,85,3.68,2
15,1,0,3,8.2,2.9,1,5.3,1,1,3,26.0,60,3.38,1
18,0,2,3,12.3,2.8,1,5.5,1,1,1,21.0,51,2.4,1
17,0,0,0,5.3,1.0,1,7.8,4,1,2,10.0,94,3.67,2
18,0,2,0,6.5,2.9,1,6.8,2,1,2,13.0,79,4.0,2
16,0,0,6,6.6,2.0,1,6.8,1,1,2,25.0,82,3.19,1
19,0,2,4,5.6,1.9,1,7.3,3,1,4,8.0,80,3.6,2
22,1,2,6,4.9,2.4,1,6.6,3,0,2,10.0,81,3.97,2
17,0,0,3,4.9,1.7,1,5.9,2,1,0,17.0,82,3.71,2
20,1,2,4,6.2,2.3,1,7.0,3,1,3,4.0,77,3.63,2
16,0,0,4,11.7,2.3,1,5.4,1,1,2,27.0,53,2.88,1
20,0,2,0,2.8,0.7,1,7.7,5,0,2,5.0,98,3.52,2
21,0,2,0,3.9,1.9,1,8.0,3,0,2,14.0,98,3.58,2
18,1,2,0,5.8,1.3,1,8.1,3,1,2,16.0,91,3.35,2
19,0,2,0,6.7,2.1,0,5.1,1,1,2,17.0,57,3.13,1
15,1,0,0,13.5,1.7,1,4.2,1,1,3,28.0,51,2.73,0
19,0,2,6,4.5,2.7,0,7.2,2,1,4,12.0,96,3.66,2
18,0,2,0,3.4,2.9,1,6.8,3,1,3,9.0,83,4.0,2
20,0,2,3,4.2,2.1,1,5.7,3,1,3,12.0,71,3.36,2
19,0,0,0,4.6,1.4,1,6.8,2,0,2,15.0,97,3.51,2
20,0,2,4,2.4,2.4,1,9.1,4,1,3,3.0,98,3.88,2
22,1,2,4,3.9,2.1,1,6.8,3,0,3,14.0,83,3.3,2
18,1,2,2,12.2,0.0,1,4.9,1,1,2,25.0,45,2.38,0
19,1,2,2,3.7,0.6,1,7.4,2,0,2,5.0,98,4.0,2
17,2,0,6,3.3,2.4,1,5.1,2,0,3,17.0,83,3.59,2
21,0,2,4,4.2,1.6,1,6.1,2,0,4,16.0,77,3.6,2
20,1,2,4,3.3,3.4,1,7.2,4,0,2,7.0,87,3.97,2
20,0,2,3,8.5,2.1,1,5.4,2,1,3,10.0,78,2.89,2
18,0,2,0,3.7,1.1,1,6.7,1,0,4,12.0,86,3.43,2
19,1,2,0,4.1,2.2,1,7.6,3,0,2,10.0,86,3.8,2
17,1,0,0,8.6,1.9,1,7.1,2,1,2,17.0,83,3.21,2
19,0,2,0,2.4,2.4,0,6.5,2,0,4,16.0,84,3.74,2
22,2,1,4,3.7,2.8,1,6.9,3,0,3,7.0,87,4.0,2
20,0,2,6,4.0,1.0,1,6.5,2,1,4,8.0,88,3.86,2
19,0,2,4,4.7,1.5,0,7.4,3,1,2,12.0,96,3.57,2
20,1,2,4,9.0,0.8,1,4.0,1,1,2,21.0,66,2.88,1
17,0,0,4,7.8,1.4,0,7.1,3,1,2,10.0,76,3.64,2
20,1,2,0,3.8,1.0,1,6.3,3,0,2,14.0,86,3.99,2
20,0,0,6,3.0,1.5,1,7.5,4,0,4,2.0,96,3.82,2
16,1,0,3,3.8,2.0,1,8.0,4,0,3,7.0,93,3.36,2
18,0,2,4,3.9,2.4,1,7.2,3,1,2,7.0,80,3.71,2
18,0,2,6,9.6,0.6,1,5.2,1,1,0,21.0,67,2.58,1
18,1,2,5,1.9,2.0,1,6.9,3,1,2,7.0,84,3.53,2
21,0,0,4,4.9,2.7,1,7.3,2,0,4,3.0,85,4.0,2
19,0,2,6,2.8,1.8,1,7.6,3,1,2,3.0,95,3.98,2
17,1,0,0,3.8,1.3,1,6.6,3,1,1,12.0,79,3.47,2
21,2,2,2,3.0,1.1,1,7.4,3,1,0,21.0,73,3.63,2
19,1,2,5,6.2,2.3,0,6.1,3,1,2,18.0,61,3.16,1
18,0,2,2,6.5,2.1,1,6.4,3,1,1,18.0,66,3.18,1
18,1,2,0,5.6,2.0,1,5.3,2,1,3,17.0,70,3.3,2
20,0,2,0,4.5,1.3,1,6.8,2,1,1,18.0,82,2.97,2
19,0,2,6,8.9,2.3,0,5.5,1,1,3,16.0,64,2.76,1
18,1,2,0,4.9,1.3,1,7.3,3,0,3,15.0,77,3.29,2
20,0,2,4,9.3,1.7,1,3.9,1,1,1,37.0,57,2.53,0
17,1,0,5,6.2,2.1,1,8.2,2,0,1,22.0,74,3.27,1
16,0,0,4,13.4,2.5,1,5.9,1,1,2,30.0,55,2.48,0
19,0,2,4,5.4,0.6,1,6.6,2,1,2,13.0,82,3.5,2
18,1,2,0,4.8,2.6,1,8.0,3,1,2,5.0,92,3.96,2
21,1,2,4,7.1,2.6,1,7.4,2,1,2,15.0,77,3.79,2
20,0,2,4,6.0,1.7,1,6.5,3,1,1,11.0,82,3.37,2
18,1,2,0,10.6,2.1,1,4.1,1,1,4,24.0,47,2.67,1
17,0,0,0,4.0,0.8,0,7.9,3,0,1,6.0,88,3.74,2
24,1,2,3,4.7,1.3,1,6.3,1,0,2,16.0,71,4.0,2
18,1,2,0,2.7,1.1,1,6.2,1,0,0,14.0,94,3.28,2
20,1,2,4,9.5,1.5,1,4.6,1,1,2,21.0,58,3.37,1
16,0,0,3,14.0,2.2,1,5.4,1,1,4,23.0,49,2.41,0
17,1,0,0,5.2,2.0,1,6.1,2,1,0,12.0,86,3.37,2
18,1,2,0,6.0,1.8,1,4.8,1,1,2,23.0,64,3.26,1
20,2,2,6,4.9,2.8,1,6.5,2,0,2,14.0,83,3.62,2
18,0,2,4,4.1,2.1,1,6.8,2,1,4,10.0,80,3.7,2
16,0,0,4,1.9,1.2,0,6.0,2,0,3,10.0,97,3.6,2
20,1,2,6,3.8,2.0,0,6.6,3,1,2,19.0,81,3.34,2
19,1,2,3,5.3,1.7,1,7.0,3,0,2,15.0,75,3.44,2
18,1,2,6,6.7,2.6,1,6.3,2,1,3,16.0,68,3.06,2
21,0,2,4,4.4,0.9,1,8.5,3,0,3,14.0,85,3.71,2
20,1,2,3,10.6,2.5,1,4.2,1,0,0,19.0,67,2.92,1
16,1,0,4,9.6,1.1,1,5.7,1,1,3,17.0,62,3.17,1
20,0,2,0,5.5,3.0,1,6.0,2,1,2,10.0,71,4.0,2
15,0,0,0,5.3,0.7,1,6.4,3,1,2,17.0,81,3.57,2
20,0,2,0,7.3,1.3,1,4.4,1,1,1,20.0,70,3.26,2
20,1,2,4,2.5,1.2,1,6.7,4,0,0,15.0,76,3.49,2
15,0,0,0,3.5,1.9,1,6.7,2,0,1,10.0,91,3.64,2
19,0,2,4,14.0,2.7,1,4.8,1,1,4,27.0,35,2.28,0
20,1,2,6,5.3,1.2,1,7.4,2,0,2,22.0,79,3.63,2
21,1,2,0,3.9,2.5,1,6.7,2,0,2,11.0,85,3.05,2
17,0,0,3,3.2,0.5,1,7.8,4,0,4,8.0,87,3.39,2
19,1,0,6,3.7,1.2,0,7.9,2,1,1,5.0,94,3.6,2
19,0,0,4,7.6,1.2,1,4.5,1,0,2,20.0,59,3.21,1
18,1,2,6,3.6,1.1,1,7.8,4,0,3,2.0,96,4.0,2
17,0,0,0,7.7,2.0,1,6.1,2,0,4,6.0,77,3.06,2
18,1,2,4,8.0,2.2,1,5.7,1,1,3,18.0,70,3.22,2
19,0,0,6,5.6,2.3,1,7.0,2,1,3,20.0,71,2.7,1
20,1,2,4,5.9,0.9,1,6.0,1,1,4,11.0,76,3.32,2
19,0,2,6,6.0,2.5,1,5.7,1,1,2,13.0,73,3.29,2
20,1,2,0,6.3,1.0,1,5.1,3,1,4,17.0,64,3.45,2
17,0,0,0,4.4,3.1,1,7.4,3,1,1,11.0,84,4.0,2
17,1,0,4,6.8,1.9,1,6.9,3,1,3,20.0,76,3.55,2
19,1,2,0,3.9,2.1,2,6.9,3,1,4,5.0,93,3.67,2
17,0,0,3,3.0,3.1,0,7.3,3,0,0,8.0,86,4.0,2
18,3,2,4,4.1,2.4,1,6.6,2,1,1,9.0,87,3.35,2
17,1,0,0,1.7,1.9,1,8.5,4,0,2,7.0,88,4.0,2
20,0,2,4,2.1,1.1,0,7.0,3,0,1,10.0,94,3.39,2
21,1,2,0,6.9,2.4,1,6.5,1,1,3,18.0,67,3.22,2
22,1,1,0,5.8,0.5,1,6.9,2,1,3,20.0,84,2.75,2
18,0,2,0,3.1,3.4,1,8.1,3,0,2,8.0,75,3.46,2
17,2,0,0,2.6,2.2,1,8.5,4,1,2,13.0,97,4.0,2
21,1,2,4,4.4,1.7,1,6.7,2,1,0,10.0,89,3.19,2
17,1,0,4,4.4,1.2,1,4.8,2,1,3,18.0,76,3.31,2
22,1,1,3,2.8,1.5,1,7.3,4,0,3,6.0,94,3.46,2
19,1,2,6,6.5,2.4,1,7.5,3,0,2,24.0,56,3.73,1
19,1,2,0,12.4,1.7,0,4.4,1,1,2,32.0,53,2.83,0
21,0,2,0,7.1,1.9,1,6.1,1,1,2,10.0,81,3.25,2
19,0,2,5,8.0,1.7,1,5.0,1,1,3,23.0,63,3.23,1
24,0,1,4,5.1,1.8,1,6.0,1,0,2,28.0,65,3.61,1
16,0,0,6,3.8,1.5,1,6.6,2,0,3,9.0,97,3.48,2
19,0,2,3,7.1,2.1,0,5.8,2,1,2,15.0,74,3.0,2
17,0,0,4,10.4,2.1,1,5.7,1,1,3,18.0,70,2.64,1
16,0,0,4,3.8,2.2,1,8.4,5,1,0,8.0,85,3.97,2
19,1,2,5,3.9,2.1,0,6.8,3,0,1,9.0,94,3.81,2
16,1,0,6,6.8,0.6,1,8.3,2,1,2,15.0,74,3.61,2
19,0,2,5,4.9,1.0,1,7.9,3,0,4,11.0,85,3.42,2
20,1,2,6,3.1,0.5,1,7.4,4,1,2,6.0,85,3.66,2
19,0,2,0,4.0,2.3,1,6.9,2,1,2,20.0,84,3.67,2
16,1,0,4,4.3,1.1,1,6.9,2,0,3,9.0,89,3.45,2
17,0,0,6,4.5,2.2,0,8.0,5,0,3,16.0,91,3.66,2
16,1,0,6,3.4,0.4,1,7.2,3,0,3,3.0,93,4.0,2
19,1,2,4,4.4,2.4,0,6.7,3,0,2,11.0,86,3.49,2
17,0,0,5,6.4,2.0,1,6.9,3,1,4,14.0,75,3.23,2
18,1,2,0,11.3,1.7,1,5.3,1,1,2,27.0,57,2.74,1
18,1,2,0,5.4,2.1,1,6.2,3,1,2,13.0,82,3.52,2
18,0,2,0,4.1,1.8,1,7.8,4,0,4,6.0,82,3.86,2
19,0,0,0,5.1,2.0,1,5.4,1,0,4,25.0,67,3.05,1
26,1,1,4,7.9,2.9,1,6.3,1,1,2,13.0,64,3.26,2
22,0,1,3,4.1,2.1,1,5.9,2,0,1,18.0,73,3.3,2
15,1,0,3,3.5,1.0,1,5.6,2,1,4,16.0,86,3.22,2
15,0,0,0,4.3,1.0,1,6.2,2,1,3,16.0,71,3.36,2
17,1,0,4,13.3,1.5,0,4.8,1,1,3,31.0,53,2.27,0
21,1,0,4,1.5,2.6,1,8.1,4,1,1,6.0,97,4.0,2
19,0,2,0,5.4,2.3,0,7.7,3,1,2,11.0,93,3.76,2
20,0,2,4,7.2,2.0,1,5.5,1,1,3,15.0,72,3.54,2
16,1,0,0,4.4,1.6,0,6.9,4,1,2,7.0,96,3.72,2
18,1,2,0,2.4,1.5,1,7.6,4,0,3,5.0,96,3.7,2
18,0,2,3,5.3,1.7,0,5.7,3,1,2,12.0,74,3.12,2
22,0,2,5,7.2,1.6,1,6.5,3,1,3,14.0,85,3.31,2
16,0,0,3,14.0,0.1,1,4.5,1,1,1,29.0,49,2.31,0
19,0,2,0,6.4,2.4,1,5.9,1,1,3,12.0,77,3.25,2
21,1,2,4,3.4,1.1,1,6.0,2,0,2,10.0,86,3.6,2
19,0,2,0,5.6,1.9,1,6.0,1,1,0,5.0,80,3.51,2
15,1,0,3,3.9,2.6,1,8.1,3,0,2,9.0,98,4.0,2
19,1,2,2,7.9,2.2,1,7.2,3,1,4,13.0,78,3.67,2
18,0,2,4,3.2,1.6,1,7.0,3,1,1,12.0,88,4.0,2
21,1,2,6,4.5,0.5,1,7.5,3,0,1,8.0,76,3.72,2
20,0,0,2,2.7,2.3,1,8.2,3,0,4,7.0,98,3.87,2
18,0,2,4,4.8,2.1,1,5.6,3,1,0,6.0,78,3.53,2
17,1,0,5,2.4,2.7,1,6.6,3,0,4,8.0,91,4.0,2
18,0,2,0,7.3,1.5,1,6.2,2,1,2,13.0,64,3.13,2
17,0,0,3,6.9,2.2,1,6.7,1,1,3,19.0,83,3.02,2
16,1,0,5,1.6,2.2,1,8.1,4,1,3,1.0,98,4.0,2
21,2,2,0,5.1,1.7,0,6.4,2,1,1,21.0,77,3.49,2
16,0,0,6,6.6,2.6,1,6.9,3,0,2,17.0,83,3.25,2
18,0,2,6,4.3,0.0,1,6.0,3,1,4,20.0,71,3.05,1
18,1,2,6,2.0,2.6,1,8.5,2,0,2,7.0,97,4.0,2
17,1,0,4,4.0,1.4,0,6.0,3,1,2,18.0,81,3.32,2
18,0,2,6,4.2,0.0,1,7.3,3,1,1,14.0,85,3.89,2
18,0,2,3,3.8,1.3,1,5.9,3,1,2,23.0,72,3.53,2
19,1,2,0,3.2,1.1,1,7.7,4,0,0,13.0,89,3.83,2
16,0,0,0,4.7,1.6,1,6.7,2,0,3,13.0,83,3.16,2
20,0,2,1,9.1,1.4,1,5.6,1,0,3,21.0,68,3.05,1
16,1,0,3,10.6,2.2,1,4.1,1,0,2,21.0,66,3.24,1
23,0,2,0,13.4,2.5,1,3.7,1,1,0,28.0,49,3.05,1
18,1,2,0,6.3,0.0,1,7.7,3,1,4,11.0,75,3.57,2
18,1,2,3,3.7,1.0,1,7.5,3,0,2,10.0,98,4.0,2
19,1,2,0,1.9,1.6,1,7.2,4,0,1,9.0,77,3.7,2
17,0,0,4,10.9,1.6,1,4.2,1,0,1,22.0,52,3.0,1
19,0,2,0,14.0,1.0,1,5.1,1,1,4,19.0,57,2.77,1
22,0,2,6,8.0,2.5,1,6.5,1,1,0,22.0,72,2.78,1
20,1,2,0,2.2,0.6,0,8.4,3,0,1,0.0,98,4.0,2
15,0,0,4,6.1,1.8,1,5.7,2,1,2,14.0,62,3.34,2
18,0,2,4,2.9,1.5,1,7.9,4,0,2,5.0,98,4.0,2
20,1,2,0,3.2,1.9,1,7.1,3,1,1,4.0,88,3.77,2
15,0,0,0,3.8,2.2,1,7.2,3,1,1,11.0,83,3.35,2
20,0,2,4,8.8,2.1,1,6.0,2,1,3,12.0,59,3.19,2
20,1,2,0,3.3,1.2,1,6.1,1,0,3,9.0,84,3.71,2
18,1,2,0,6.7,2.2,1,6.4,2,1,2,18.0,73,3.3,2
19,0,2,3,4.3,1.9,1,7.9,3,0,4,13.0,87,4.0,2
26,1,1,0,3.4,2.2,1,7.5,4,0,2,17.0,92,3.25,2
19,1,2,4,4.1,1.2,1,6.6,3,0,2,16.0,82,3.13,2
19,3,2,2,7.3,0.9,0,5.0,1,1,4,13.0,60,2.76,1
17,1,0,4,4.1,2.6,0,6.8,3,0,3,15.0,88,3.43,2
18,1,2,4,8.1,0.8,1,4.9,1,1,1,22.0,71,3.31,1
17,2,0,6,9.6,2.6,1,4.2,1,1,4,29.0,59,2.96,1
16,1,0,6,2.7,1.5,1,8.4,4,1,1,8.0,96,3.62,2
21,0,2,3,5.3,1.4,1,6.8,2,1,1,15.0,76,2.87,2
17,0,0,6,3.5,2.9,1,7.0,3,0,2,14.0,86,3.42,2
18,1,2,0,4.2,2.2,0,6.4,2,0,2,15.0,74,3.48,2
18,1,2,0,2.3,1.2,1,7.7,4,1,2,7.0,97,3.44,2
23,1,1,0,3.5,3.2,1,7.4,3,0,3,14.0,91,3.56,2
18,1,0,0,6.6,2.6,1,6.3,2,1,3,12.0,81,3.7,2
23,1,2,4,8.8,2.1,1,5.3,2,1,2,21.0,68,3.21,1
18,1,2,0,5.8,1.3,1,8.0,3,1,3,14.0,90,3.27,2
18,1,2,0,10.8,1.7,1,6.1,1,0,3,18.0,68,2.85,1
24,1,2,4,1.2,1.7,1,8.4,4,1,2,7.0,96,4.0,2
19,0,2,4,4.9,1.8,1,7.2,2,0,3,9.0,78,3.56,2
15,0,0,3,2.8,1.0,1,7.6,4,0,4,9.0,91,3.52,2
15,0,0,4,4.5,2.9,1,8.1,3,0,3,12.0,98,3.55,2
18,0,2,0,2.9,1.1,1,8.0,3,0,4,9.0,89,3.94,2
20,1,2,6,4.3,1.0,2,8.0,3,0,3,11.0,98,3.34,2
23,1,1,5,4.3,0.8,0,7.0,3,1,2,7.0,85,3.94,2
19,1,2,5,3.5,1.2,1,7.1,3,1,2,5.0,93,3.9,2
20,1,2,0,3.8,1.9,1,6.4,2,1,1,13.0,78,3.31,2
19,1,0,6,4.1,0.5,1,6.7,3,0,3,5.0,81,3.76,2
16,1,0,5,4.9,1.3,1,6.2,1,1,3,18.0,79,3.53,2
19,1,2,3,4.2,1.4,1,7.5,3,1,2,13.0,81,3.8,2
17,1,0,6,4.3,3.2,0,7.8,3,1,3,13.0,92,3.94,2
16,2,0,3,3.2,1.9,1,7.3,3,1,3,14.0,83,4.0,2
18,0,2,3,3.8,0.7,1,5.8,2,1,0,20.0,76,3.5,2
17,1,0,6,2.5,0.8,1,10.0,5,0,3,4.0,98,4.0,2
20,1,2,5,7.9,2.7,1,6.9,3,1,0,17.0,67,3.23,2
18,0,2,4,4.8,2.1,1,6.0,3,1,2,4.0,87,3.32,2
17,1,0,0,1.3,1.5,1,8.1,4,1,2,16.0,95,3.7,2
22,0,1,0,7.2,2.2,1,5.2,1,1,1,18.0,68,3.6,2
18,0,0,4,3.9,2.4,1,5.6,2,1,4,11.0,93,3.42,2
21,1,2,6,4.3,2.8,0,7.1,3,0,4,20.0,86,3.37,2
19,1,2,6,4.1,2.3,1,7.5,4,1,2,7.0,90,3.39,2
19,0,2,0,7.6,1.7,1,4.9,2,0,3,13.0,69,2.82,2
20,1,2,2,4.5,3.0,1,7.0,2,1,1,14.0,84,3.78,2
20,1,2,0,6.7,1.3,1,5.0,1,1,2,20.0,67,3.29,1
18,3,2,4,14.0,1.0,1,4.1,1,1,2,27.0,45,2.91,0
20,0,2,2,4.8,0.7,1,5.8,2,0,1,14.0,71,3.23,2
19,0,2,6,6.3,2.2,2,5.5,2,1,3,14.0,79,3.24,2
18,1,2,6,10.7,2.4,1,4.5,1,0,2,25.0,43,2.74,0
20,0,2,6,3.6,2.0,1,7.1,3,0,3,14.0,85,3.79,2
19,0,2,0,2.1,1.7,1,8.2,4,1,3,4.0,98,3.46,2
23,0,2,4,6.0,1.3,1,7.4,3,1,1,16.0,84,3.89,2
19,0,2,4,14.0,0.7,1,3.1,1,1,2,25.0,49,2.34,0
20,1,2,0,1.4,1.9,1,8.5,4,1,3,10.0,98,4.0,2
15,1,0,6,2.8,2.1,0,5.9,2,0,3,15.0,82,3.69,2
15,0,0,2,5.7,0.9,0,6.8,2,1,3,6.0,70,3.23,2
18,1,2,0,5.4,0.7,1,6.8,3,1,3,11.0,84,3.02,2
17,1,0,0,11.5,3.3,1,5.8,1,1,4,23.0,66,2.85,1
17,0,0,4,4.7,1.7,1,8.6,3,0,3,12.0,91,3.33,2
17,0,0,6,8.9,0.8,1,5.8,1,0,4,16.0,71,3.28,2
17,0,0,2,5.5,1.6,1,6.0,2,1,2,11.0,74,3.57,2
19,1,2,3,3.4,1.0,1,7.0,2,1,3,12.0,95,3.43,2
17,1,0,0,2.9,3.1,1,6.6,4,0,2,4.0,83,4.0,2
18,0,2,3,2.3,2.7,1,8.0,5,0,2,7.0,93,3.88,2
18,1,0,3,5.4,2.2,1,5.8,2,1,0,18.0,77,3.45,2
19,0,0,0,9.4,1.1,1,6.4,2,0,2,22.0,73,2.87,1
21,1,2,3,6.7,1.4,1,6.6,2,0,2,21.0,83,3.58,2
16,0,0,0,3.7,1.7,1,7.5,3,0,2,10.0,96,3.27,2
24,1,1,1,3.2,2.3,1,7.0,3,1,2,11.0,86,3.59,2
19,0,2,6,4.8,1.9,1,6.0,2,0,2,16.0,82,3.54,2
19,1,2,4,7.4,0.9,1,6.8,3,1,1,17.0,74,2.59,1
19,0,2,0,3.4,1.3,0,7.8,3,1,3,16.0,77,3.66,2
19,0,2,3,3.7,1.4,1,7.5,3,0,3,9.0,82,3.56,2
18,1,0,4,4.0,2.4,2,6.7,3,1,3,9.0,98,3.48,2
16,1,0,4,3.4,1.5,1,7.8,3,1,3,15.0,98,3.95,2
16,2,0,4,3.6,1.0,1,6.4,3,0,2,19.0,86,3.69,2
17,1,0,4,3.7,2.0,1,6.6,1,0,4,5.0,79,3.57,2
16,0,0,4,3.4,0.8,1,6.1,2,0,0,14.0,86,3.78,2
16,0,0,0,5.7,1.6,1,6.6,2,1,2,4.0,91,3.39,2
16,0,0,4,6.8,1.2,1,4.6,1,1,2,16.0,79,3.13,2
16,1,0,4,5.9,1.8,0,6.3,1,1,2,16.0,66,3.36,2
18,1,2,0,3.0,1.8,1,8.8,4,1,0,9.0,94,4.0,2
17,1,0,4,8.6,2.0,0,6.3,2,1,2,21.0,61,3.25,1
20,0,2,4,4.0,1.1,0,7.3,3,0,3,5.0,83,3.63,2
15,1,0,0,3.2,1.4,0,7.2,2,0,1,14.0,96,3.51,2
22,1,1,0,5.7,1.5,1,6.6,2,1,0,13.0,84,3.55,2
16,1,0,6,7.6,2.3,2,6.1,2,1,2,16.0,82,3.13,2
19,0,2,6,7.3,2.5,1,6.0,2,1,3,13.0,72,3.2,2
18,0,2,4,8.3,1.3,1,6.4,2,1,2,23.0,61,2.81,1
20,1,2,0,8.0,1.7,1,5.0,2,1,3,18.0,66,2.75,1
17,1,0,4,3.8,2.3,1,8.6,2,0,1,10.0,81,3.3,2
19,0,2,0,4.8,2.8,1,5.9,3,1,2,10.0,76,2.95,2
15,0,0,6,3.4,0.7,1,6.8,1,0,3,9.0,89,3.46,2
22,1,2,6,5.6,2.4,0,4.8,2,1,2,18.0,73,3.46,2
19,0,2,4,3.6,2.4,1,8.2,4,0,3,14.0,83,3.6,2
17,1,0,6,7.7,2.7,1,6.0,1,1,2,10.0,68,2.98,2
22,0,1,4,8.6,2.3,0,4.5,1,1,2,26.0,57,3.46,1
17,2,0,0,7.5,1.7,1,6.5,2,1,3,13.0,75,3.17,2
16,1,0,6,2.5,1.9,1,7.1,4,0,2,8.0,88,3.31,2
20,0,2,6,2.4,2.6,1,8.1,3,1,3,8.0,92,3.82,2
18,1,2,0,3.3,1.8,1,8.0,3,0,2,12.0,94,3.05,2
21,1,2,4,2.4,2.2,1,7.2,3,1,4,8.0,89,3.89,2
21,0,2,4,13.1,0.9,1,3.0,1,1,3,33.0,37,2.92,0
26,1,1,4,3.6,2.9,1,8.7,4,0,2,0.0,98,4.0,2
19,1,2,0,5.1,2.1,1,6.6,2,1,1,16.0,85,3.56,2
18,1,2,0,2.7,1.8,1,8.1,4,0,2,4.0,88,3.85,2
17,0,0,4,3.5,2.5,0,6.3,3,0,1,14.0,78,3.32,2
19,0,2,0,7.5,1.7,1,6.6,2,1,3,10.0,65,2.98,2
18,1,2,0,2.1,1.4,1,7.5,4,0,2,6.0,94,3.97,2
21,0,2,0,6.4,1.4,1,7.8,2,1,2,15.0,86,2.93,2
17,1,0,0,6.9,1.5,0,5.5,1,1,4,27.0,66,2.92,1
22,0,1,3,7.3,1.8,1,5.4,1,0,2,19.0,72,3.4,2
18,0,2,0,2.3,2.1,1,9.1,4,0,2,7.0,98,3.68,2
24,1,1,1,4.4,2.8,2,6.6,2,0,3,9.0,75,3.48,2
17,1,0,4,3.7,1.7,1,7.6,3,0,1,13.0,86,4.0,2
18,1,2,0,3.5,2.8,1,7.9,4,1,2,8.0,83,3.63,2
18,0,2,4,5.6,2.0,0,6.2,2,1,3,16.0,80,3.34,2
21,3,2,0,6.5,2.2,0,7.2,3,0,0,19.0,61,3.42,1
20,0,2,3,5.5,2.1,1,5.7,3,1,2,20.0,78,3.46,2
21,0,2,3,3.3,2.4,1,6.3,3,1,2,8.0,78,3.72,2
15,0,0,6,7.1,1.2,1,7.1,3,1,2,20.0,69,3.08,1
19,1,2,4,8.3,3.0,1,7.0,2,1,1,18.0,71,3.32,2
17,0,0,0,5.5,0.8,1,7.7,1,0,2,4.0,89,3.46,2
20,1,2,1,4.6,1.1,1,7.8,3,1,4,7.0,89,3.37,2
19,0,2,0,2.7,1.5,2,7.3,3,0,1,17.0,84,3.92,2
19,0,2,5,2.3,1.0,1,7.4,3,0,2,7.0,98,4.0,2
17,1,0,3,4.9,1.5,1,7.7,4,0,2,18.0,84,3.52,2
17,0,0,0,3.3,2.1,1,7.4,4,0,4,11.0,79,3.44,2
18,1,2,6,6.5,1.0,1,5.3,2,0,3,20.0,68,3.14,1
21,0,2,5,4.6,2.0,1,5.9,3,1,2,10.0,78,3.4,2
16,1,0,6,6.0,2.0,1,5.0,1,1,2,19.0,80,3.12,2
19,0,2,0,5.7,0.8,1,9.3,3,0,1,14.0,92,4.0,2
17,1,0,6,4.3,2.3,1,7.2,3,1,3,14.0,92,3.62,2
21,1,0,4,3.7,1.2,1,7.3,2,1,4,11.0,85,3.81,2
20,0,2,3,2.9,2.1,1,6.1,4,0,3,18.0,82,3.07,2
20,1,2,6,4.6,2.2,1,7.3,3,0,4,15.0,82,3.76,2
17,0,0,2,4.9,0.8,1,6.7,3,0,2,23.0,82,3.19,2
20,1,2,4,4.2,3.1,1,6.2,2,0,2,14.0,89,3.18,2
20,1,2,4,3.9,2.1,1,6.4,2,0,3,11.0,87,2.82,2
15,1,0,0,4.6,2.6,0,6.4,3,1,2,15.0,78,3.66,2
19,1,2,2,6.6,2.8,1,6.8,3,1,2,14.0,81,3.08,2
19,0,2,6,7.0,2.1,0,6.4,3,1,3,11.0,72,3.49,2
17,1,0,0,7.0,0.8,1,6.7,2,1,3,21.0,68,3.55,2
16,1,0,6,2.1,3.3,1,7.1,2,0,0,0.0,98,4.0,2
17,2,0,2,8.9,0.9,1,5.8,1,0,4,15.0,72,3.17,2
18,0,2,4,3.3,1.8,1,9.0,3,0,2,15.0,95,3.37,2
20,0,2,6,2.6,2.0,1,8.7,4,1,2,5.0,94,3.72,2
17,1,0,6,3.8,1.5,1,6.8,3,0,3,11.0,78,3.84,2
20,1,2,4,7.5,1.7,0,5.4,1,1,4,18.0,69,2.89,1
18,1,2,0,5.0,0.4,1,7.1,2,0,1,2.0,80,4.0,2
18,1,2,6,5.8,1.6,1,6.9,2,1,2,13.0,83,3.39,2
20,1,2,4,14.0,1.8,1,3.7,1,1,2,35.0,51,2.69,0
19,1,2,6,4.0,1.7,1,6.5,3,0,2,11.0,79,3.28,2
18,0,2,5,4.0,2.6,1,7.4,4,0,3,15.0,83,3.12,2
19,1,2,6,3.7,1.8,0,6.8,4,0,2,13.0,89,3.73,2
17,0,0,0,11.1,1.3,1,3.2,1,0,1,29.0,46,2.91,0
18,0,2,6,3.2,2.1,1,8.7,3,0,2,4.0,98,3.87,2
21,0,2,0,4.3,0.0,1,9.2,2,0,1,4.0,98,3.83,2
16,2,0,0,2.5,0.8,1,7.2,2,1,1,13.0,89,3.41,2
19,0,2,0,8.3,1.7,1,5.7,3,1,3,13.0,68,2.94,2
15,0,0,2,4.3,1.8,1,7.4,2,1,3,11.0,87,3.63,2
18,0,0,0,10.0,1.1,1,5.6,1,0,3,24.0,51,3.09,1
17,0,0,6,3.2,2.6,0,8.9,4,1,3,7.0,98,4.0,2
18,1,2,4,8.7,2.8,1,6.4,1,1,4,16.0,58,3.21,1
20,1,2,4,5.6,2.9,1,7.9,4,1,2,11.0,74,3.51,2
17,0,0,5,2.6,3.0,1,7.0,3,0,3,0.0,93,3.47,2
19,1,2,0,3.3,1.8,2,6.5,2,0,2,12.0,81,3.71,2
17,1,0,4,4.1,2.1,1,5.9,3,1,2,15.0,86,3.56,2
21,0,2,5,11.4,2.6,1,5.1,1,1,3,23.0,61,2.73,1
18,0,2,0,5.9,0.8,1,5.8,1,1,0,13.0,82,3.7,2
17,1,0,0,4.9,1.2,1,7.0,2,1,2,12.0,95,3.31,2
18,3,2,1,4.9,2.4,1,7.6,3,0,0,8.0,98,4.0,2
18,1,2,0,4.4,1.5,1,8.3,3,0,4,12.0,87,3.43,2
19,1,2,4,5.8,1.3,1,6.1,2,0,3,20.0,72,3.69,2
16,0,0,0,3.7,1.7,0,7.7,2,0,3,6.0,86,3.63,2
21,1,2,4,2.0,0.7,2,7.2,3,1,2,0.0,98,3.46,2
18,0,2,4,6.4,2.0,1,6.4,1,0,1,15.0,77,3.07,2
17,0,0,6,4.2,1.8,1,6.5,3,0,3,11.0,80,4.0,2
16,2,0,0,9.8,1.9,1,4.8,1,1,2,17.0,60,3.02,1
19,1,2,4,5.0,1.9,1,6.1,2,1,1,8.0,86,3.46,2
19,1,2,5,1.3,2.9,1,8.2,5,1,3,0.0,95,4.0,2
18,0,0,0,5.3,1.9,1,8.1,3,1,2,12.0,80,3.88,2
16,1,0,5,4.8,1.3,1,7.8,3,1,3,10.0,91,3.8,2
18,1,2,4,6.1,0.6,1,5.7,2,1,3,8.0,84,3.47,2
20,0,2,0,4.6,3.0,1,6.1,2,0,2,10.0,86,3.71,2
17,0,0,4,4.0,1.7,1,8.1,3,1,2,15.0,82,3.46,2
18,1,2,0,2.1,0.1,1,8.1,4,0,1,8.0,98,4.0,2
19,1,2,0,2.3,2.7,1,7.6,4,0,4,9.0,86,3.62,2
16,1,0,4,2.3,2.2,1,7.2,4,0,2,7.0,86,3.28,2
21,0,2,0,6.8,1.7,1,7.6,2,1,2,15.0,78,3.62,2
17,1,0,3,4.6,0.8,1,7.7,3,1,0,18.0,86,3.09,2
19,1,2,6,5.0,2.4,1,6.2,1,1,4,22.0,68,3.25,1
19,1,2,6,4.6,1.6,1,8.4,3,1,2,8.0,83,4.0,2
21,0,2,2,2.9,1.1,1,6.7,3,1,1,11.0,76,3.36,2
15,0,0,6,4.4,0.9,1,6.6,3,0,4,11.0,86,4.0,2
17,0,0,3,4.0,1.6,1,6.8,2,1,1,16.0,80,3.73,2
20,0,2,4,5.2,1.6,1,7.5,3,1,2,18.0,87,3.4,2
20,0,2,0,5.1,1.4,0,6.3,3,0,0,15.0,82,3.53,2
16,1,0,4,2.3,1.3,1,9.1,4,0,3,9.0,98,4.0,2
17,1,0,4,4.7,1.3,1,6.1,2,0,3,8.0,86,3.33,2
16,1,0,5,4.3,0.6,0,7.0,3,0,2,10.0,81,3.06,2
17,0,0,0,5.3,1.0,1,6.6,3,0,3,11.0,80,3.02,2
17,0,0,2,5.2,1.9,1,7.7,3,1,0,9.0,89,3.84,2
19,2,2,4,10.0,2.4,1,3.9,1,1,3,30.0,47,3.35,1
21,1,2,5,2.9,2.1,1,7.2,3,1,2,9.0,86,3.92,2
21,1,2,2,5.2,3.0,0,8.0,3,1,2,9.0,89,4.0,2
17,1,0,3,3.1,2.1,0,7.5,3,1,1,9.0,96,3.02,2
20,1,2,4,5.1,2.6,1,6.3,2,1,1,11.0,82,3.59,2
17,0,0,0,5.5,2.1,1,6.6,3,1,3,8.0,77,3.43,2
18,0,2,4,7.1,1.4,1,4.9,2,1,0,17.0,60,3.74,2
17,0,0,4,10.2,0.2,1,5.2,1,1,2,19.0,59,3.34,1
17,1,0,6,4.3,3.1,1,8.2,4,0,1,12.0,91,3.71,2
19,1,2,3,3.8,1.2,1,7.1,3,0,2,10.0,81,2.96,2
21,1,2,4,7.0,2.1,1,6.9,1,1,1,17.0,68,3.73,2
15,0,0,3,6.6,1.1,1,5.3,2,1,1,21.0,65,3.32,1
18,0,2,4,4.8,1.8,1,6.6,3,0,3,12.0,79,3.22,2
18,0,2,6,6.4,2.6,1,6.2,2,1,3,23.0,74,2.65,1
19,0,2,0,4.6,3.4,1,7.7,3,0,3,9.0,90,3.5,2
19,1,2,0,9.9,2.0,1,3.9,1,1,2,30.0,48,3.1,0
21,0,2,0,6.1,2.4,1,7.2,2,1,3,15.0,71,3.8,2
21,0,2,6,1.9,2.3,1,7.0,4,0,3,11.0,88,3.72,2
18,0,2,0,8.0,3.2,1,6.2,1,1,1,20.0,76,3.25,2
18,0,2,6,11.7,2.0,0,5.0,1,1,3,34.0,45,2.38,0
18,0,2,0,1.4,1.9,1,8.4,4,0,3,0.0,96,4.0,2
18,0,2,4,1.8,2.5,0,8.4,4,0,4,7.0,88,4.0,2
18,1,2,0,3.2,0.3,1,7.3,3,0,2,11.0,89,3.46,2
17,0,0,6,8.2,2.5,1,5.3,1,1,2,19.0,66,3.16,1
20,1,2,4,7.1,1.8,1,6.6,2,1,3,10.0,72,3.71,2
20,2,0,0,9.2,2.5,1,5.7,2,0,2,20.0,78,2.38,1
18,0,2,6,6.8,0.8,1,6.7,3,1,3,11.0,77,3.57,2
18,1,0,3,5.1,1.4,1,5.4,1,1,3,22.0,73,3.29,1
16,0,0,0,5.6,3.4,1,5.9,2,1,2,16.0,76,3.13,2
24,0,2,0,2.6,2.4,1,6.9,3,0,3,6.0,97,3.73,2
19,1,2,6,4.9,1.1,1,5.8,2,0,3,11.0,76,2.93,2
15,0,0,0,5.1,1.9,1,6.3,2,1,2,10.0,81,3.07,2
16,0,0,4,6.0,2.0,1,4.8,1,1,3,13.0,76,3.4,2
20,0,2,0,7.7,0.9,1,6.1,1,0,1,22.0,70,3.16,1
19,1,2,6,4.2,1.3,1,7.0,3,0,3,13.0,84,3.9,2
20,0,2,0,5.0,2.3,0,5.9,2,1,1,18.0,71,3.47,2
18,1,2,0,8.6,1.4,1,6.5,1,1,2,25.0,64,2.71,1
20,1,0,0,4.9,1.8,1,5.6,2,1,3,16.0,78,3.62,2
19,1,2,6,7.8,1.6,1,5.5,1,1,3,24.0,69,2.86,1
18,0,2,0,4.0,1.9,1,7.5,3,1,1,9.0,97,4.0,2
20,1,2,6,10.0,1.4,1,6.9,2,1,2,21.0,80,3.11,2
18,0,2,0,2.1,1.4,0,8.5,5,0,3,3.0,93,4.0,2
21,0,0,4,2.3,0.7,1,7.4,4,0,2,7.0,97,4.0,2
20,0,2,5,8.7,2.0,1,6.9,2,1,3,23.0,76,2.45,1
21,1,2,0,3.6,2.9,0,7.4,2,0,3,8.0,81,3.49,2
19,0,2,5,3.4,2.4,0,6.9,2,0,3,6.0,85,3.94,2
21,0,2,6,3.3,1.6,1,7.1,3,0,2,7.0,93,3.3,2
17,1,0,4,2.4,1.0,1,8.6,4,1,3,10.0,85,3.35,2
17,1,0,4,5.5,2.0,0,7.3,3,1,3,13.0,82,3.04,2
22,0,2,5,2.5,1.4,1,7.8,3,1,2,12.0,88,3.87,2
18,2,2,0,4.4,0.9,1,6.3,1,1,3,9.0,86,4.0,2
15,1,0,6,4.1,1.3,1,7.4,2,0,2,13.0,86,3.46,2
23,0,1,6,6.8,1.9,1,6.2,2,1,3,19.0,75,3.25,2
16,0,0,0,9.2,1.2,1,5.1,1,1,0,15.0,69,3.36,2
18,2,2,0,14.0,2.7,0,5.0,1,1,3,31.0,38,2.98,0
24,0,2,0,8.2,1.3,1,5.9,2,1,2,14.0,77,3.3,2
18,1,2,6,7.6,2.4,1,5.6,1,0,3,15.0,73,3.3,2
21,0,2,4,2.1,2.1,1,6.9,3,0,2,6.0,88,3.81,2
18,1,2,0,3.0,2.3,1,8.2,4,0,2,9.0,87,3.57,2
19,1,2,0,1.9,1.8,1,9.3,4,0,2,10.0,98,3.46,2
19,1,2,0,8.3,1.3,1,6.7,2,1,1,21.0,67,3.38,1
24,1,1,2,4.8,2.8,1,7.6,3,0,2,0.0,98,3.63,2
21,1,2,4,2.3,2.1,0,8.9,4,1,3,7.0,96,3.59,2
18,1,2,4,6.5,1.5,1,5.7,2,0,4,13.0,74,3.34,2
20,1,2,3,6.2,0.0,1,5.0,1,1,4,23.0,72,2.9,1
18,1,2,6,5.9,1.1,1,7.9,2,1,3,12.0,80,3.42,2
19,0,2,4,5.1,1.0,1,6.9,3,1,2,13.0,75,3.76,2
22,0,2,4,4.1,1.7,1,7.7,3,0,4,2.0,98,3.14,2
15,1,0,2,2.3,3.3,0,6.3,3,0,1,11.0,82,3.94,2
23,1,1,4,2.7,3.2,1,7.3,3,0,2,9.0,96,3.4,2
19,0,2,4,3.7,2.6,0,7.5,2,0,3,12.0,87,3.18,2
19,1,2,6,4.2,2.8,1,6.9,3,0,3,9.0,95,3.33,2
15,1,0,6,1.8,1.9,1,7.4,3,0,3,8.0,98,3.93,2
18,1,2,6,4.0,0.9,1,8.6,4,1,3,10.0,91,4.0,2
17,1,0,0,2.3,2.3,1,5.0,1,1,2,14.0,79,3.75,2
19,1,2,0,5.8,1.5,0,7.1,2,1,3,15.0,73,3.53,2
18,0,2,0,4.2,1.3,1,8.0,4,0,1,8.0,87,3.53,2
18,1,2,0,5.9,2.7,2,7.1,3,1,1,18.0,77,3.34,2
20,0,2,5,2.7,1.9,1,7.7,3,1,2,7.0,92,3.35,2
18,1,2,0,3.5,3.0,1,7.3,3,0,3,6.0,88,3.41,2
19,1,2,4,6.7,2.5,1,5.8,2,1,1,17.0,68,3.22,2
19,0,2,6,5.3,1.9,2,7.5,3,0,4,6.0,84,3.91,2
16,0,0,4,9.3,0.3,1,6.4,1,1,2,23.0,63,2.94,1
20,1,2,6,4.4,1.6,1,6.2,2,1,3,17.0,82,3.61,2
16,0,0,4,6.1,1.4,1,6.7,3,1,1,19.0,83,3.34,2
15,0,0,4,8.7,2.7,1,6.9,2,1,2,15.0,81,3.06,2
22,0,2,1,3.9,2.2,0,8.3,3,0,2,13.0,80,3.92,2
17,2,0,6,12.5,3.3,1,4.7,1,1,3,21.0,54,2.57,1
22,0,1,4,4.7,0.4,1,7.4,3,0,2,15.0,82,3.24,2
17,1,0,4,8.9,1.4,1,5.3,1,1,2,26.0,76,2.93,1
20,1,2,4,4.2,2.3,1,6.2,3,0,1,16.0,87,3.23,2
17,1,0,0,3.1,2.7,1,8.3,3,0,1,10.0,93,3.53,2
19,1,2,3,2.7,2.4,1,8.1,4,1,1,7.0,96,3.9,2
17,0,0,4,4.3,3.0,1,6.6,3,0,0,7.0,96,3.81,2
23,1,1,0,4.9,1.6,1,7.1,3,1,4,9.0,82,3.19,2
17,1,0,0,3.0,1.9,1,6.7,3,1,3,15.0,83,3.96,2
17,0,0,0,4.7,2.4,1,6.5,2,1,3,22.0,67,3.13,1
18,0,2,6,4.0,3.3,1,6.9,3,0,2,7.0,92,3.91,2
18,0,2,5,4.1,1.7,1,7.5,4,0,0,0.0,98,3.86,2
20,1,2,0,5.4,2.2,1,6.1,2,1,1,14.0,77,3.51,2
19,0,2,0,6.7,1.6,1,8.4,3,1,4,19.0,77,3.14,2
20,0,2,0,3.4,1.7,1,8.0,3,0,3,14.0,87,3.65,2
19,0,2,2,4.3,2.3,1,7.9,2,0,3,9.0,85,3.41,2
19,1,2,0,2.7,2.1,1,6.8,4,1,3,7.0,86,3.84,2
17,0,0,6,14.0,1.9,1,3.6,1,1,4,36.0,34,2.49,0
20,0,2,4,5.6,1.5,2,5.9,1,0,2,14.0,85,3.38,2
21,0,2,6,11.7,1.8,1,4.1,1,1,0,30.0,60,2.67,0
16,0,0,4,5.0,1.7,1,7.6,2,0,2,5.0,88,3.46,2
18,0,2,6,5.1,1.1,1,6.6,2,0,0,16.0,80,3.64,2
16,1,0,0,2.9,1.4,1,7.5,3,0,4,5.0,97,3.47,2
16,0,0,6,5.4,1.6,1,7.9,3,1,2,11.0,82,3.34,2
19,1,2,6,2.8,3.0,1,7.8,5,0,2,9.0,86,3.78,2
21,1,2,0,7.1,2.0,1,6.4,1,1,3,17.0,75,3.36,2
19,2,2,0,9.8,1.8,0,5.9,2,0,2,25.0,71,2.73,1
19,0,2,3,4.7,2.3,1,5.8,2,1,3,13.0,90,3.51,2
21,1,2,0,5.1,0.3,1,7.3,3,1,3,15.0,82,3.24,2
20,1,2,4,10.9,2.1,1,4.2,1,1,2,27.0,58,3.02,1
20,1,2,4,7.3,1.8,1,7.2,2,1,4,10.0,85,3.62,2
22,1,1,4,3.0,2.6,0,6.7,3,0,0,8.0,84,3.56,2
18,0,2,0,8.3,0.5,1,4.7,2,1,4,18.0,70,3.03,2
18,1,0,6,8.3,2.3,2,5.0,1,0,2,13.0,62,3.09,2
19,0,2,6,4.0,0.8,1,6.0,2,0,1,14.0,77,3.16,2
20,1,2,6,4.9,1.0,1,9.1,3,1,4,18.0,92,3.56,2
18,1,2,4,2.1,2.8,1,8.1,3,0,3,4.0,98,3.6,2
21,3,2,0,2.3,1.5,1,8.2,3,0,2,0.0,98,4.0,2
17,1,0,0,4.0,1.5,1,7.0,3,0,3,20.0,76,3.51,2
18,0,2,3,11.0,1.2,1,5.6,1,1,3,25.0,62,3.65,1
18,0,2,0,7.4,0.3,1,5.7,2,1,3,16.0,80,3.14,2
20,1,2,0,8.7,1.8,1,4.5,1,0,2,18.0,57,2.93,1
18,0,2,0,6.8,2.0,1,6.1,2,1,2,19.0,79,3.5,2
20,0,2,0,2.3,2.1,0,7.5,3,1,3,5.0,98,3.39,2
17,0,0,0,4.9,2.0,1,6.2,2,1,4,10.0,81,3.23,2
16,0,0,0,6.3,1.5,1,4.7,2,1,2,24.0,57,2.52,1
17,1,0,4,2.9,0.9,1,7.5,3,1,3,4.0,91,3.93,2
21,1,2,5,5.3,3.4,1,6.8,2,0,3,9.0,82,3.57,2
21,0,2,0,5.6,1.3,1,5.7,1,1,4,18.0,74,3.71,2
17,1,0,4,2.7,1.5,1,8.2,4,0,3,3.0,91,4.0,2
17,1,0,2,5.2,1.1,1,5.9,3,1,3,16.0,72,3.46,2
22,0,2,4,2.7,1.8,2,8.2,4,1,2,4.0,98,4.0,2
16,0,0,0,2.9,1.2,1,8.6,3,1,2,11.0,84,3.52,2
23,0,1,6,5.1,2.9,0,6.7,2,1,3,19.0,87,3.62,2
18,0,2,0,3.7,2.1,1,6.9,2,0,3,12.0,73,3.55,2
18,1,2,4,5.1,1.1,1,6.3,2,1,0,11.0,79,2.95,2
18,1,2,4,3.4,1.4,1,7.9,4,0,1,6.0,85,3.96,2
21,1,2,3,14.0,0.0,1,3.1,1,1,1,35.0,38,2.58,0
17,0,0,6,5.1,1.6,1,6.0,2,1,2,18.0,78,3.68,2
18,0,2,0,9.8,1.8,2,5.9,1,1,3,14.0,63,3.43,2
22,1,1,3,3.4,2.4,1,7.0,4,0,2,12.0,79,3.58,2
16,1,0,6,8.5,1.6,1,5.1,2,1,2,22.0,71,3.09,1
17,0,0,4,4.2,1.8,0,6.6,3,1,1,14.0,79,3.3,2
25,0,2,5,1.9,3.7,1,7.0,3,1,2,8.0,81,3.75,2
21,0,2,0,3.7,1.3,1,6.5,3,1,3,12.0,73,3.2,2
20,1,2,3,5.7,1.5,1,5.3,1,1,2,12.0,72,3.14,2
15,1,0,4,5.5,0.8,1,7.9,3,1,2,15.0,91,3.77,2
18,0,2,3,6.0,1.8,1,6.4,1,1,2,19.0,68,2.85,1
17,1,0,3,4.7,1.3,1,6.1,2,0,2,9.0,87,4.0,2
18,1,2,5,5.3,2.3,1,6.8,2,1,1,11.0,86,3.22,2
17,0,0,2,2.8,1.3,1,5.3,2,1,0,9.0,71,4.0,2
18,1,2,6,1.7,0.0,1,7.5,4,0,2,14.0,95,3.51,2
23,1,1,4,5.4,1.3,1,6.3,2,1,2,5.0,85,3.44,2
16,1,0,6,7.5,2.3,1,6.4,1,1,3,22.0,66,3.34,1
20,0,2,6,10.4,2.0,1,4.1,1,1,2,32.0,53,2.53,0
19,1,2,6,10.8,0.8,1,4.5,1,1,3,32.0,41,3.46,0
17,1,0,4,7.4,1.8,1,6.2,2,1,3,20.0,73,2.74,1
18,1,2,6,10.5,2.0,1,5.8,1,1,3,22.0,65,2.72,1
20,1,0,6,4.9,2.1,1,7.9,2,1,2,10.0,87,3.48,2
18,1,0,4,10.7,1.9,1,3.7,1,0,3,21.0,61,3.47,1
18,0,2,0,5.4,2.2,1,7.6,3,1,0,15.0,83,3.32,2
20,0,2,4,3.7,1.5,1,8.7,3,0,1,7.0,86,3.76,2
23,1,1,0,11.3,1.5,1,4.4,1,1,1,30.0,56,2.59,0
17,1,0,4,6.2,0.9,1,7.5,3,1,4,17.0,76,3.25,2
18,1,2,2,6.0,2.0,1,5.7,2,1,3,17.0,72,3.45,2
16,1,0,4,6.0,0.6,1,7.3,2,1,3,15.0,77,3.46,2
15,0,0,4,4.3,1.7,1,6.4,2,1,3,12.0,82,2.87,2
18,1,2,4,6.8,1.3,0,6.0,2,1,3,17.0,62,2.89,1
17,0,0,5,3.2,1.8,1,7.7,3,1,2,13.0,87,3.88,2
19,1,0,0,3.6,0.4,1,7.2,4,0,3,14.0,92,3.88,2
18,2,0,4,1.4,2.8,1,7.9,4,1,2,1.0,87,3.99,2
17,0,0,3,8.0,2.0,1,7.7,2,1,2,14.0,80,3.22,2
22,1,1,4,8.1,2.7,1,6.0,2,1,2,16.0,76,3.2,2
20,1,2,2,3.2,1.7,1,5.9,1,1,2,7.0,84,3.46,2
21,0,2,4,2.6,1.8,1,6.5,3,0,0,13.0,92,3.75,2
17,1,0,0,6.2,2.0,0,7.5,1,1,2,2.0,75,3.88,2
20,1,0,4,4.9,2.5,1,7.3,3,0,0,17.0,73,3.65,2
23,0,2,2,6.4,1.6,0,4.8,1,1,2,9.0,75,3.13,2
23,1,1,4,3.1,1.3,0,6.6,3,1,2,18.0,89,3.29,2
19,0,2,3,4.6,1.5,1,7.9,4,0,3,4.0,84,3.48,2
19,1,2,4,2.9,1.1,1,7.7,4,1,3,8.0,94,3.73,2
17,1,0,5,4.1,1.2,1,7.1,3,1,3,6.0,93,3.75,2
17,1,0,4,5.6,3.6,0,7.9,3,1,2,11.0,78,3.33,2
21,0,2,5,4.3,1.1,1,7.3,4,0,0,12.0,84,3.32,2
21,2,2,0,4.6,1.5,0,8.3,4,0,2,9.0,89,4.0,2
17,0,0,0,3.7,0.8,2,7.9,4,0,2,6.0,96,3.38,2
19,0,2,0,2.4,1.3,1,6.5,3,1,2,1.0,91,3.8,2
19,1,2,4,2.8,0.8,1,6.4,2,0,4,14.0,98,3.51,2
20,0,2,4,2.6,2.3,1,7.5,5,1,1,14.0,90,3.73,2
22,1,2,0,6.5,2.8,1,6.6,3,0,1,20.0,80,3.34,2
20,0,2,3,5.6,2.2,0,6.5,2,1,3,12.0,84,3.69,2
20,0,2,3,3.7,1.2,1,8.4,3,1,3,0.0,92,3.74,2
20,1,2,4,2.5,0.9,1,6.0,1,0,2,11.0,87,3.48,2
18,0,2,6,2.4,2.4,0,8.4,4,1,1,8.0,90,3.57,2
20,1,2,3,9.9,2.3,1,6.6,2,1,3,25.0,72,3.07,1
20,0,2,4,3.1,3.2,1,7.7,4,1,3,8.0,92,3.43,2
19,0,2,4,2.8,2.4,1,7.1,4,0,3,8.0,90,4.0,2
20,0,2,0,4.6,0.9,0,7.7,2,0,3,8.0,93,3.78,2
17,1,0,0,6.4,1.9,0,7.9,3,1,3,18.0,88,3.12,2
19,2,2,3,5.6,2.3,1,7.1,3,0,2,11.0,80,3.49,2
16,1,0,0,5.2,2.4,1,7.1,3,1,4,16.0,84,3.27,2
18,0,2,5,4.3,2.5,1,7.8,3,1,3,17.0,88,3.15,2
19,1,0,0,4.4,1.0,0,8.0,4,0,1,15.0,91,3.06,2
17,0,0,0,5.1,1.4,1,6.2,2,1,2,18.0,75,3.51,2
17,0,0,4,5.7,1.5,1,6.0,2,0,2,12.0,81,3.75,2
19,0,2,0,4.3,0.7,1,7.6,3,0,3,10.0,88,3.94,2
25,1,1,0,3.8,2.2,2,7.1,2,1,0,14.0,80,4.0,2
18,1,2,0,4.0,1.1,1,7.6,3,1,3,13.0,84,3.74,2
22,1,1,0,2.9,1.8,1,7.4,3,0,2,5.0,85,3.85,2
20,1,2,6,4.3,2.2,1,6.8,3,0,1,4.0,85,3.59,2
20,1,2,0,9.2,3.2,1,6.4,2,0,4,21.0,65,2.72,1
17,1,0,0,5.9,2.0,0,6.4,2,1,4,22.0,67,3.19,1
18,0,2,0,2.1,1.9,2,7.1,3,0,2,4.0,84,3.98,2
25,1,1,4,2.3,1.7,1,7.4,3,0,0,12.0,90,3.58,2
16,0,0,0,14.0,0.9,2,4.6,1,1,0,35.0,39,1.9,0
20,0,2,6,2.9,2.1,1,7.2,4,1,3,7.0,82,3.9,2
17,0,0,1,6.0,2.7,1,6.8,2,1,3,15.0,76,2.82,2
19,1,2,4,10.7,1.0,1,4.5,1,1,2,23.0,62,3.18,1
20,1,2,0,4.6,1.8,1,7.0,3,0,1,9.0,87,3.42,2
25,1,1,0,3.5,2.7,1,6.3,3,1,2,10.0,85,3.54,2
21,3,2,0,3.0,1.8,1,7.8,3,1,1,4.0,93,3.51,2
16,0,0,0,5.3,1.4,1,5.3,1,0,2,12.0,65,3.56,2
20,0,2,2,8.1,0.6,1,6.7,2,1,3,16.0,82,3.22,2
18,1,2,3,3.8,1.4,1,7.5,2,0,1,1.0,94,3.97,2
16,0,0,0,6.6,2.0,1,6.5,1,1,1,18.0,83,3.38,2
16,0,0,6,3.0,0.2,1,6.6,2,1,2,4.0,93,4.0,2
19,0,2,3,4.3,0.8,0,8.1,3,0,1,4.0,88,3.67,2
18,0,0,4,4.4,1.4,1,7.5,4,1,3,11.0,92,3.37,2
17,1,0,4,3.4,1.6,1,7.0,4,0,2,7.0,83,3.93,2
19,0,2,0,3.1,2.3,1,7.0,2,0,1,13.0,93,3.56,2
19,3,2,0,2.5,1.6,1,6.9,3,1,2,18.0,87,3.73,2
17,1,0,4,5.0,2.1,1,6.5,1,1,4,8.0,87,4.0,2
24,1,1,6,7.1,3.0,1,6.8,1,1,1,15.0,67,3.18,2
17,0,0,4,6.2,1.4,1,6.5,2,1,2,25.0,71,3.23,1
17,0,0,6,5.8,1.6,1,7.9,3,1,3,10.0,85,3.21,2
16,1,0,4,4.6,2.7,1,7.1,4,1,1,17.0,94,3.46,2
18,1,2,0,5.0,1.5,1,7.5,2,0,3,17.0,82,3.73,2
16,1,0,4,2.9,1.4,1,7.2,4,0,2,9.0,98,3.71,2
15,0,0,6,3.2,3.3,1,9.8,5,1,2,12.0,96,3.27,2
22,0,1,3,12.4,0.2,1,5.7,1,1,1,18.0,59,2.78,1
18,1,2,0,7.7,1.7,1,5.4,2,1,1,17.0,62,3.07,1
17,0,0,3,4.7,1.6,1,6.1,2,1,2,16.0,81,3.55,2
19,1,2,3,4.4,2.2,1,7.3,3,1,0,14.0,82,3.71,2
19,1,2,3,7.8,1.8,1,4.6,1,1,1,19.0,73,3.44,2
20,0,0,5,4.3,2.3,1,6.8,4,0,2,13.0,87,2.89,2
20,1,2,0,6.5,0.6,1,7.1,2,1,3,12.0,71,3.23,2
21,1,2,0,3.1,1.5,2,6.3,3,1,2,8.0,91,3.54,2
18,0,2,0,8.5,1.7,1,5.4,1,1,1,19.0,73,2.71,1
20,0,2,0,5.6,1.7,1,6.5,2,1,2,11.0,77,3.69,2
17,1,0,0,5.4,2.1,1,6.7,1,1,4,9.0,82,3.4,2
17,0,0,4,5.6,2.2,1,7.7,4,1,3,19.0,83,3.3,2
18,1,2,4,6.0,2.6,1,7.4,3,1,2,16.0,76,3.24,2
17,1,0,4,4.0,2.8,1,7.4,3,1,4,12.0,82,3.68,2
19,0,2,4,3.2,2.5,1,8.4,4,1,2,9.0,87,4.0,2
20,1,2,6,4.9,1.2,1,6.1,2,0,2,13.0,75,3.37,2
17,0,0,5,11.8,0.5,1,4.5,1,1,2,24.0,58,3.26,1
19,1,0,4,3.6,1.8,1,5.4,2,0,2,21.0,75,2.9,1
20,1,2,6,7.8,1.2,1,6.3,1,1,0,15.0,74,3.14,2
17,1,0,2,4.0,1.9,1,7.1,4,0,2,11.0,80,3.36,2
16,1,0,6,6.9,2.8,1,6.2,2,1,1,12.0,78,3.67,2
22,0,1,0,2.7,2.6,1,8.8,4,1,4,6.0,98,3.85,2
19,1,2,0,3.5,1.8,1,8.0,4,0,1,13.0,86,3.82,2
18,0,0,4,4.9,2.0,1,7.2,3,0,3,8.0,83,2.98,2
15,0,0,4,6.1,1.7,1,6.4,2,0,2,14.0,67,3.62,2
18,1,0,1,3.0,1.5,1,6.7,3,0,2,17.0,82,3.23,2
19,0,2,4,3.1,1.4,1,7.4,2,0,3,8.0,94,4.0,2
18,1,2,4,8.3,2.2,1,4.5,2,0,3,18.0,65,2.75,1
19,1,2,4,6.1,1.2,1,6.7,3,1,4,11.0,84,3.74,2
20,0,2,0,7.3,1.7,1,4.2,1,1,2,19.0,64,2.91,1
18,0,2,4,8.7,3.1,1,4.6,1,1,3,30.0,55,3.14,1
25,0,2,6,2.8,2.7,1,7.8,4,0,4,2.0,93,3.77,2
17,1,0,5,4.9,1.6,1,5.8,3,1,4,16.0,72,3.77,2
18,0,2,4,3.1,2.5,1,7.9,3,0,3,15.0,89,3.47,2
24,0,1,6,2.8,1.1,1,7.7,4,0,2,10.0,94,3.55,2
18,1,2,3,5.6,2.3,1,7.4,2,0,2,18.0,85,4.0,2
20,1,0,5,3.5,2.6,1,6.0,2,0,3,15.0,70,3.79,2
19,0,2,5,2.5,2.6,1,7.6,4,1,0,11.0,96,3.69,2
18,1,2,1,6.5,1.0,1,6.0,2,1,1,12.0,75,3.08,2
21,1,2,0,2.7,1.5,1,7.2,4,0,2,3.0,98,3.63,2
18,0,2,4,5.6,0.0,1,7.5,2,1,4,9.0,94,3.55,2
18,3,2,4,3.1,2.1,1,8.3,4,0,3,12.0,95,4.0,2
19,0,2,1,5.8,1.2,1,6.3,2,1,2,20.0,67,3.24,1
18,1,2,6,2.9,1.4,1,9.2,3,1,1,2.0,85,3.71,2
20,0,2,0,3.4,2.6,0,6.3,3,0,1,8.0,72,3.52,2
15,1,0,4,2.5,1.8,1,6.8,3,0,2,6.0,83,4.0,2
20,1,2,6,5.7,0.9,1,5.7,3,1,3,19.0,80,3.15,2
19,1,2,4,3.1,2.0,1,7.4,3,1,4,17.0,92,3.8,2
17,0,0,3,3.3,2.3,1,6.8,3,0,4,12.0,95,3.7,2
18,0,2,0,5.0,1.1,0,7.4,3,0,2,13.0,73,3.31,2
18,1,2,4,4.6,1.1,1,7.2,2,0,3,11.0,83,3.38,2
19,0,2,3,7.6,1.7,1,7.4,3,1,2,21.0,72,2.72,1
18,1,2,6,12.8,3.0,1,6.1,1,1,2,16.0,56,3.05,1
19,1,2,4,2.7,1.9,1,9.0,5,0,1,7.0,98,4.0,2
16,0,0,5,4.7,1.7,1,8.1,3,0,1,18.0,93,3.8,2
19,0,2,4,4.7,1.2,0,6.8,3,0,2,13.0,81,3.34,2
18,0,2,6,3.9,1.1,2,7.8,3,1,2,9.0,94,3.85,2
19,1,2,0,4.5,2.3,1,6.6,2,1,1,24.0,77,3.58,2
20,0,2,0,6.8,1.7,1,5.0,2,0,2,16.0,68,3.16,2
20,0,2,0,6.3,2.2,1,7.1,2,1,2,14.0,80,3.67,2
19,1,2,2,1.8,1.5,1,7.4,3,0,2,8.0,98,4.0,2
18,0,2,6,2.5,2.6,0,8.9,4,1,2,8.0,98,3.81,2
18,0,2,4,9.5,2.2,1,4.2,1,1,2,12.0,60,3.32,2
18,0,2,0,2.2,1.7,1,6.5,3,1,3,6.0,93,4.0,2
22,0,2,0,7.9,2.7,0,5.1,1,1,2,23.0,55,3.41,1
17,0,0,5,4.4,1.4,1,7.4,2,0,2,8.0,98,3.59,2
21,0,2,4,2.5,2.5,1,8.6,5,1,4,0.0,98,3.77,2
18,0,2,4,7.8,1.7,1,5.3,1,1,4,23.0,68,3.65,1
20,0,2,6,14.0,1.0,1,4.3,1,1,2,27.0,52,2.21,0
17,0,0,4,6.8,1.6,1,6.4,2,0,1,15.0,67,2.71,1
18,1,2,0,7.1,2.3,1,6.1,1,1,2,20.0,73,3.46,1
21,0,0,4,4.3,1.7,1,7.4,3,1,2,10.0,94,3.84,2
18,1,2,4,5.4,1.8,2,7.0,2,0,2,16.0,73,3.46,2
16,2,0,6,3.8,2.6,1,5.5,2,0,3,8.0,90,3.97,2
15,0,0,0,4.2,2.6,1,5.5,2,1,2,17.0,68,3.57,2
20,0,2,0,2.3,3.5,1,7.9,4,0,0,3.0,98,4.0,2
18,1,2,0,3.9,1.0,1,6.1,2,0,4,8.0,77,4.0,2
21,1,2,0,6.0,0.7,1,7.0,3,1,2,9.0,80,3.44,2
18,2,2,0,3.9,2.5,1,8.5,4,1,1,6.0,82,3.48,2
20,1,2,4,4.0,1.3,1,7.3,3,1,2,8.0,85,3.64,2
18,1,0,4,2.6,1.8,1,6.1,2,0,2,16.0,85,3.56,2
19,0,2,0,7.0,2.3,1,6.3,3,1,2,13.0,60,3.48,2
21,1,2,0,3.5,1.6,1,9.3,4,0,2,13.0,96,3.87,2
15,0,0,4,4.9,1.3,0,6.5,2,0,1,14.0,73,3.34,2
17,0,0,0,2.1,2.2,1,7.9,3,1,4,3.0,98,4.0,2
15,0,0,4,3.6,2.7,1,9.0,4,0,3,6.0,98,3.65,2
20,2,2,2,5.1,1.6,1,5.4,1,1,3,16.0,82,4.0,2
21,0,2,0,4.0,1.7,1,7.8,3,1,1,13.0,84,3.2,2
16,1,0,6,5.8,3.3,1,7.1,1,0,2,13.0,78,3.1,2
26,1,2,4,2.5,2.3,1,7.0,4,0,4,4.0,95,3.84,2
19,0,2,0,2.2,2.3,1,5.8,3,1,2,8.0,90,3.78,2
20,0,2,4,6.0,1.3,1,7.3,2,1,3,8.0,93,3.58,2
18,1,0,0,13.2,1.7,1,4.1,1,1,1,30.0,50,3.16,1
17,0,0,0,5.3,1.6,1,7.4,2,1,3,10.0,81,3.25,2
19,0,2,3,3.7,2.9,1,8.0,3,0,2,4.0,86,3.61,2
17,0,0,0,2.3,1.1,1,8.0,4,0,3,14.0,97,3.42,2
18,1,0,4,4.6,1.6,1,7.8,3,0,2,16.0,85,4.0,2
18,1,2,4,3.6,3.0,1,7.4,3,0,3,13.0,92,3.57,2
18,0,2,0,9.2,2.2,0,5.5,1,1,1,23.0,62,2.97,1
17,0,0,0,5.8,3.6,1,5.9,1,1,1,9.0,83,3.84,2
17,0,0,1,5.1,2.0,1,5.4,1,1,3,18.0,70,3.31,2
20,0,2,2,7.9,1.1,1,5.3,1,1,2,24.0,61,2.94,1
19,1,2,4,5.4,2.6,1,5.4,3,1,1,19.0,79,3.81,2
21,1,2,0,5.8,2.6,1,6.8,2,0,1,13.0,85,3.22,2
21,1,2,4,9.9,0.6,1,4.4,1,1,3,30.0,49,2.97,0
19,1,2,4,6.0,1.5,0,5.0,1,1,2,18.0,66,3.22,2
15,1,0,4,7.4,3.1,1,5.9,1,1,3,25.0,56,3.04,1
20,1,2,0,10.4,2.1,1,3.8,1,1,1,27.0,47,2.39,0
22,0,1,3,5.3,1.9,1,6.4,3,0,3,11.0,74,3.72,2
17,1,0,0,6.4,1.1,1,5.6,1,1,2,19.0,81,2.55,1
18,1,0,5,6.6,1.7,1,6.7,2,1,2,16.0,72,3.47,2
17,1,0,4,4.9,1.6,1,6.7,2,0,2,18.0,80,3.07,2
15,1,0,4,4.9,1.4,1,7.3,2,1,1,13.0,84,3.87,2
16,0,0,4,8.4,1.8,1,6.8,2,1,3,18.0,63,2.91,1
18,1,0,0,4.3,1.9,1,7.9,3,0,1,12.0,91,3.34,2
18,0,2,2,10.9,0.9,1,4.7,1,1,2,22.0,67,2.93,1
17,1,0,6,7.1,0.4,1,5.9,1,1,4,16.0,80,3.23,2
15,1,0,5,8.4,1.7,1,5.4,1,1,4,14.0,74,3.0,2
16,0,0,3,4.4,1.3,1,6.8,3,0,3,6.0,93,3.56,2
15,0,0,2,1.2,2.0,1,8.8,4,0,2,15.0,94,3.99,2
18,0,2,3,8.0,1.6,1,6.7,2,1,3,16.0,60,3.24,1
18,0,2,0,3.5,1.4,1,8.8,3,1,4,13.0,94,3.66,2
18,2,0,4,4.9,0.9,1,7.1,3,0,1,8.0,80,4.0,2
19,1,2,0,6.3,1.3,1,4.7,2,1,4,17.0,75,3.46,2
21,1,2,6,5.1,2.1,1,8.9,3,1,3,16.0,90,3.87,2
17,0,0,4,8.7,2.0,1,4.8,1,1,3,19.0,69,3.59,2
17,0,0,0,2.3,1.5,1,6.8,3,0,1,21.0,81,3.56,2
16,0,0,6,14.0,1.6,1,3.7,1,1,2,35.0,32,2.5,0
15,1,0,0,12.6,0.9,1,6.9,1,1,3,18.0,54,2.57,1
16,0,0,0,2.9,1.3,1,7.7,3,0,2,8.0,91,4.0,2
20,1,2,6,4.2,1.5,1,7.1,2,1,3,15.0,87,3.69,2
17,0,0,4,5.8,2.6,0,6.8,3,1,0,12.0,85,3.48,2
19,0,2,6,4.6,2.0,1,4.3,1,1,2,14.0,68,3.34,2
17,0,0,4,2.8,2.1,1,7.2,3,1,1,5.0,98,3.48,2
18,3,2,3,7.9,2.5,1,4.6,1,1,3,12.0,55,2.76,1
19,1,2,3,11.2,1.5,1,5.2,1,1,3,24.0,44,3.08,1
19,1,2,4,2.2,0.8,0,7.4,4,1,3,8.0,98,3.92,2
17,1,0,4,7.3,2.0,0,5.9,1,1,2,26.0,74,3.46,1
20,1,2,6,7.8,1.5,1,5.2,1,1,4,18.0,71,2.96,1
16,0,0,4,9.0,0.6,1,5.0,1,1,4,19.0,62,3.46,1
18,0,2,0,5.0,0.6,0,8.6,4,0,4,4.0,98,3.51,2
17,0,0,4,10.8,0.6,1,5.6,1,1,1,14.0,71,3.04,2
18,0,2,0,4.0,2.2,1,6.5,2,0,3,7.0,85,3.35,2
17,0,0,0,7.8,2.4,1,5.0,2,1,2,18.0,73,2.81,1
19,0,2,3,10.4,0.7,1,4.3,1,1,2,21.0,55,2.71,1
20,0,2,3,8.5,2.5,1,4.3,1,1,2,17.0,63,3.15,1
22,0,1,0,4.1,0.6,1,8.4,3,1,0,8.0,92,3.45,2
15,0,0,3,11.7,1.5,0,5.6,1,1,3,24.0,58,2.81,1
17,1,0,0,6.2,3.5,0,5.4,1,1,3,23.0,69,2.93,1
18,1,2,4,2.4,2.7,1,8.4,5,1,3,1.0,98,3.63,2
18,0,2,4,4.7,1.8,1,7.6,3,0,2,17.0,83,3.23,2
18,0,2,3,3.3,1.3,1,9.0,5,1,2,12.0,86,3.93,2
17,1,0,6,2.9,1.2,2,7.3,3,1,1,9.0,86,3.72,2
18,0,2,4,8.6,2.1,1,5.1,1,1,2,17.0,72,2.45,1
21,0,2,0,2.6,1.7,1,6.6,2,0,0,11.0,81,3.38,2
19,3,2,0,13.6,2.4,0,4.6,1,1,4,28.0,44,2.31,0
16,1,0,6,5.1,1.4,1,6.5,2,1,3,7.0,80,3.4,2
20,0,2,0,2.0,3.1,1,6.7,3,1,4,2.0,82,3.46,2
20,0,2,5,4.6,4.1,1,8.1,3,0,2,5.0,88,3.4,2
17,0,0,0,4.3,1.6,1,7.2,2,0,2,17.0,88,3.32,2
20,0,2,0,12.6,1.8,1,4.3,1,0,4,20.0,45,2.58,1
22,0,1,4,5.8,1.1,1,5.7,3,1,1,18.0,78,3.34,2
19,0,2,0,2.0,0.8,1,7.9,3,1,3,2.0,89,3.46,2
21,1,2,4,2.3,2.7,1,5.9,1,1,3,14.0,83,3.46,2
22,1,2,6,6.9,0.5,2,5.5,2,1,1,22.0,67,3.2,1
17,0,0,2,4.0,1.6,1,6.6,2,1,2,6.0,83,3.59,2
19,2,2,0,4.5,2.1,1,8.2,4,0,2,12.0,71,3.71,2
18,0,2,0,5.0,2.3,1,5.9,3,1,1,16.0,67,3.52,2
25,1,2,0,2.5,1.9,0,8.6,4,0,4,7.0,94,3.48,2
20,0,2,6,2.5,1.2,1,7.4,3,0,2,6.0,78,3.78,2
17,1,0,0,2.7,1.9,1,6.5,3,0,3,10.0,81,4.0,2
17,0,0,0,7.2,2.6,1,6.2,2,1,2,20.0,66,3.1,1
17,0,0,2,3.9,2.1,0,7.7,3,1,3,10.0,95,3.67,2
15,0,0,6,4.3,2.7,1,7.9,4,0,4,8.0,98,3.32,2
20,1,2,0,4.9,2.5,1,7.0,3,1,4,9.0,88,3.48,2
21,2,2,0,2.5,1.9,0,7.0,4,1,4,8.0,85,3.94,2
19,0,2,6,4.9,3.3,1,5.9,3,1,3,13.0,81,3.8,2
20,0,2,6,4.4,1.1,2,6.5,3,0,4,17.0,77,3.02,2
18,1,2,5,8.9,2.0,1,5.1,1,1,1,17.0,57,3.05,1
18,0,2,6,2.7,1.9,1,8.2,4,0,2,11.0,89,3.93,2
18,1,2,6,2.9,1.4,0,8.3,4,1,4,11.0,98,3.43,2
23,0,1,0,4.4,2.1,1,6.3,3,1,2,17.0,92,3.27,2
17,0,0,3,4.4,1.9,1,8.1,4,0,4,6.0,92,3.39,2
18,0,2,2,4.2,2.1,1,6.0,1,0,2,14.0,90,3.25,2
20,1,2,3,3.2,1.1,0,6.9,3,0,0,6.0,91,3.99,2
19,0,2,0,8.8,1.4,1,6.7,2,1,2,19.0,64,3.02,1
21,1,2,6,6.9,1.0,1,5.4,1,1,3,23.0,68,3.68,2
20,1,2,0,4.3,2.1,1,6.8,2,0,2,11.0,82,3.55,2
19,0,2,1,4.3,1.0,1,6.8,3,0,3,7.0,94,3.46,2
18,1,2,6,3.5,2.3,1,8.2,4,0,3,16.0,98,3.6,2
20,1,2,2,3.8,3.4,1,7.0,3,0,2,12.0,91,4.0,2
21,0,2,0,10.9,0.5,1,4.4,1,1,2,15.0,69,3.23,2
20,1,2,4,5.3,2.2,1,6.4,2,1,2,18.0,81,3.34,2
16,1,0,4,3.5,2.0,0,6.4,3,0,4,17.0,80,3.12,2
19,1,2,0,6.9,1.0,1,8.1,1,1,2,18.0,77,3.53,2
18,1,2,3,13.4,0.1,1,5.2,1,1,1,25.0,50,2.69,1
20,0,0,4,3.3,2.1,1,7.2,3,0,1,12.0,84,3.64,2
22,0,2,0,3.6,2.1,1,7.9,4,1,2,10.0,89,3.43,2
20,0,2,0,11.5,1.6,1,3.0,1,1,3,38.0,53,2.63,0
19,1,2,0,3.1,1.5,0,7.6,4,1,2,10.0,76,3.71,2
17,0,0,4,5.1,0.9,1,5.8,2,1,2,25.0,77,3.25,1
18,1,2,4,2.4,0.0,1,8.6,2,0,2,7.0,98,3.54,2
20,0,0,0,2.6,1.0,1,8.1,3,0,4,8.0,98,3.62,2
19,1,2,4,3.1,1.8,0,7.5,2,1,1,13.0,83,3.79,2
18,0,2,4,3.3,1.1,0,8.6,4,0,2,9.0,89,3.63,2
17,1,0,4,3.3,1.8,1,6.0,2,0,2,15.0,80,3.89,2
21,1,2,3,4.0,2.8,1,6.8,2,0,0,14.0,79,3.81,2
17,1,0,6,11.0,3.0,1,5.3,1,1,1,33.0,48,2.83,0
15,2,0,4,3.0,0.8,1,6.9,3,0,1,10.0,88,3.88,2
20,0,2,4,3.2,2.7,1,7.5,4,0,0,4.0,98,3.57,2
15,0,0,2,7.3,2.0,1,7.2,2,1,3,15.0,70,3.03,2
21,1,2,6,13.1,2.3,1,3.8,1,1,2,36.0,43,1.95,0
17,1,0,6,1.2,1.1,0,8.2,3,0,4,0.0,98,3.54,2
16,1,0,3,4.4,2.6,1,5.5,2,1,1,22.0,76,3.61,2
23,0,1,4,6.3,2.4,1,4.3,2,1,4,22.0,78,3.11,2
17,1,0,0,6.4,1.4,0,5.6,1,1,2,16.0,66,3.34,2
18,1,0,0,6.8,2.0,1,6.5,2,1,2,23.0,68,3.51,1
17,1,0,3,14.0,1.7,1,3.6,1,1,1,20.0,49,2.52,1
17,1,0,6,6.2,2.6,1,6.6,3,1,3,16.0,87,3.02,2
18,0,2,3,7.0,1.3,1,6.6,1,0,2,16.0,69,3.43,2
18,0,2,2,11.0,1.3,1,4.5,1,1,3,25.0,62,2.58,1
18,1,2,1,5.0,1.8,1,6.0,2,0,1,17.0,70,3.49,2
16,1,0,4,2.4,2.0,1,7.7,3,0,3,5.0,94,4.0,2
19,0,2,6,4.5,2.7,1,7.0,3,0,3,16.0,82,3.67,2
19,0,2,6,6.6,0.7,1,6.0,2,1,4,9.0,83,3.39,2
20,0,2,5,2.1,1.8,1,7.2,4,1,3,9.0,86,3.55,2
19,1,2,4,5.4,3.0,0,6.2,2,1,3,5.0,78,3.4,2
18,1,2,0,3.2,3.4,1,7.0,2,0,3,15.0,84,3.56,2
17,1,0,0,6.4,2.0,1,6.0,2,1,3,15.0,75,3.35,2
16,1,0,6,6.3,1.8,1,6.4,2,1,3,11.0,80,2.99,2
24,1,1,6,4.2,1.3,1,6.4,2,1,2,10.0,95,3.31,2
21,1,0,0,4.3,1.5,1,6.0,2,1,2,5.0,90,3.41,2
20,3,2,5,8.2,1.6,1,6.3,2,1,4,20.0,67,3.58,2
17,0,0,5,6.3,1.6,0,5.6,2,1,4,16.0,68,3.27,2
18,1,2,4,8.8,1.5,1,6.3,2,0,2,15.0,64,3.04,2
25,1,1,0,4.1,1.8,1,5.3,2,1,3,11.0,88,3.33,2
19,1,2,0,3.4,1.5,1,7.1,4,0,2,8.0,87,3.49,2
20,1,2,4,6.1,2.2,1,6.0,1,1,3,11.0,74,3.01,2
18,1,2,5,3.0,2.9,1,6.8,3,0,2,14.0,91,3.25,2
17,0,0,0,5.8,1.9,1,5.2,2,1,1,27.0,57,3.47,1
21,0,2,4,12.6,1.9,1,4.1,1,1,3,24.0,53,2.57,1
17,0,0,0,3.3,1.6,1,6.7,3,0,1,10.0,79,3.45,2
20,0,2,6,3.9,1.4,1,6.6,2,0,2,4.0,88,4.0,2
23,3,2,0,2.6,1.7,1,9.1,3,1,1,1.0,98,3.46,2
20,1,2,4,10.8,2.2,1,5.3,1,1,3,25.0,61,2.85,1
20,0,2,0,3.9,1.1,1,7.2,3,0,2,15.0,75,3.91,2
24,0,1,3,2.8,2.4,1,6.3,2,1,2,5.0,98,4.0,2
17,0,0,0,6.7,2.0,0,6.6,2,1,3,11.0,67,3.46,2
17,0,0,6,7.5,0.9,1,5.7,1,1,2,15.0,71,3.15,2
19,0,0,0,5.5,1.4,1,6.3,3,1,2,16.0,91,3.77,2
20,1,2,4,10.6,1.9,1,4.9,1,1,4,26.0,56,2.4,0
21,0,2,4,3.2,1.1,1,7.1,1,0,3,15.0,87,3.3,2
16,1,0,0,5.0,2.5,1,6.1,2,0,2,16.0,66,3.02,2
16,0,0,4,8.2,2.6,1,7.3,3,1,2,13.0,74,3.43,2
26,1,1,3,3.6,2.0,1,7.4,2,1,2,13.0,91,3.6,2
18,0,2,3,2.9,2.2,1,8.1,5,1,2,15.0,94,3.47,2
18,1,2,6,6.0,1.5,1,5.6,2,1,4,12.0,70,3.51,2
17,1,0,6,5.2,2.6,2,5.6,2,1,3,17.0,77,3.31,2
19,2,0,4,8.6,1.1,1,4.7,1,1,2,20.0,64,3.03,1
19,1,2,6,1.7,1.5,1,7.9,4,0,4,14.0,83,3.66,2
17,0,0,0,4.9,1.1,1,5.9,2,1,2,14.0,87,3.36,2
18,1,2,3,1.8,1.1,2,6.0,3,1,3,10.0,81,3.63,2
21,1,2,4,3.2,1.0,1,7.7,3,0,2,6.0,85,3.86,2
15,0,0,3,3.9,0.5,1,7.6,3,0,3,13.0,90,3.58,2
18,0,2,0,6.7,0.8,1,6.2,1,1,1,16.0,78,3.72,2
21,0,2,4,4.2,2.4,1,6.4,2,1,3,14.0,86,3.35,2
20,0,2,4,5.7,0.5,0,5.3,2,1,1,10.0,65,3.5,2
22,3,2,4,5.0,1.4,1,6.5,3,0,2,13.0,87,3.32,2
16,1,0,6,6.4,2.6,1,6.8,2,1,2,19.0,65,3.02,1
19,0,2,6,3.0,1.8,1,7.3,3,0,2,4.0,88,4.0,2
16,0,0,2,2.8,2.5,1,7.8,3,1,2,8.0,93,3.47,2
18,0,0,4,4.7,2.2,1,6.7,3,0,3,14.0,70,3.46,2
23,0,1,3,8.0,2.3,0,5.8,1,1,1,19.0,73,3.11,2
19,1,2,0,6.7,2.9,1,7.0,3,0,1,20.0,74,3.12,2
17,1,0,4,3.5,2.5,0,6.7,3,0,4,4.0,87,3.87,2
21,1,2,2,2.5,1.7,0,8.7,3,1,4,8.0,92,3.84,2
23,0,2,4,7.0,1.7,1,6.3,2,0,4,21.0,71,2.99,1
17,0,0,3,4.7,2.3,0,5.3,2,1,2,13.0,85,3.74,2
20,0,2,2,4.5,2.4,1,7.1,2,0,4,8.0,92,3.75,2
17,0,0,4,2.9,1.6,1,6.8,3,1,1,9.0,96,4.0,2
19,1,2,4,10.1,0.8,1,5.1,1,1,1,29.0,60,3.05,1
18,0,0,0,3.5,1.1,1,7.9,4,0,4,11.0,88,3.54,2
21,1,2,0,3.9,2.0,1,7.9,3,1,3,6.0,93,3.93,2
16,1,0,5,3.8,1.4,1,6.5,2,1,3,10.0,76,3.33,2
18,0,2,0,4.6,0.3,1,7.0,2,1,1,7.0,89,3.92,2
19,0,2,4,5.3,2.1,1,6.2,2,1,2,11.0,73,3.46,2
15,0,0,6,7.7,2.8,1,6.0,2,1,3,17.0,72,3.59,2
23,0,2,6,5.6,2.9,1,4.9,1,1,4,19.0,69,3.17,1
17,0,0,0,2.6,0.5,1,9.2,4,0,1,9.0,97,4.0,2
16,1,0,3,3.5,0.9,1,6.5,3,0,3,0.0,94,3.72,2
20,1,2,0,2.1,1.8,1,7.1,3,0,2,5.0,84,3.98,2
20,0,2,0,2.6,1.6,0,7.3,3,0,3,4.0,87,3.73,2
18,1,2,4,4.8,1.6,1,6.7,2,1,3,12.0,89,2.79,2
19,0,2,4,5.2,1.7,1,7.8,3,1,2,15.0,91,3.15,2
19,0,2,6,2.7,0.5,1,7.4,3,1,0,5.0,93,3.7,2
17,0,0,0,3.1,2.3,1,8.3,3,0,3,5.0,94,3.43,2
21,0,2,3,4.3,1.0,1,7.2,3,1,2,12.0,87,3.66,2
20,1,2,0,2.9,0.4,1,8.8,4,0,3,0.0,98,4.0,2
18,0,2,4,4.3,1.1,1,6.8,3,0,4,12.0,88,3.53,2
18,0,2,0,4.4,1.8,1,6.0,2,0,3,17.0,81,3.76,2
18,1,2,4,7.0,2.1,1,6.7,2,1,3,21.0,73,2.88,1
20,1,0,4,3.7,1.3,1,6.8,2,0,3,16.0,86,3.7,2
16,1,0,4,3.8,1.8,1,7.4,3,0,2,6.0,93,3.81,2
19,1,2,4,4.0,2.8,1,7.6,3,1,1,12.0,89,3.46,2
18,1,2,6,5.4,2.2,1,7.7,3,1,2,22.0,68,3.18,1
18,2,2,0,10.0,2.0,2,3.9,1,1,3,21.0,53,2.74,1
19,0,2,0,3.6,2.0,1,8.2,3,0,1,10.0,71,3.31,2
19,0,2,0,6.1,1.8,1,6.6,2,1,2,17.0,75,3.01,2
19,3,2,0,2.2,1.0,1,8.4,4,1,1,9.0,84,3.33,2
18,0,2,4,4.4,2.3,1,7.8,3,0,4,12.0,91,3.62,2
19,1,2,0,3.0,2.0,1,8.5,3,0,2,7.0,93,3.69,2
21,1,2,6,2.6,0.1,1,6.3,3,0,2,13.0,88,3.71,2
18,0,2,4,5.8,0.9,1,5.6,2,1,2,23.0,70,3.25,1
19,0,2,4,13.3,1.8,1,3.0,1,0,2,35.0,45,1.99,0
17,1,0,3,6.5,2.1,1,6.4,2,1,4,21.0,78,2.93,1
17,0,0,4,7.4,2.1,0,5.5,2,1,4,21.0,63,3.39,1
19,1,2,0,12.4,1.2,1,5.8,1,1,3,13.0,54,2.8,1
18,1,2,0,4.7,1.3,1,6.4,2,0,2,18.0,82,3.2,2
20,0,2,0,4.9,2.9,1,6.3,2,0,4,10.0,79,3.39,2
18,0,2,6,6.0,1.8,1,7.0,3,1,2,12.0,80,3.14,2
21,0,2,6,6.0,1.0,0,7.2,3,1,2,17.0,86,3.21,2
19,0,2,4,11.6,1.0,0,5.2,1,1,3,22.0,65,3.02,1
20,0,2,6,5.0,1.9,1,7.4,2,0,1,7.0,80,3.76,2
19,1,2,0,2.6,2.1,0,8.7,5,1,2,7.0,98,4.0,2
20,0,2,3,4.1,2.7,1,6.6,2,1,2,14.0,86,3.88,2
18,0,2,0,2.2,1.8,1,7.7,4,0,2,8.0,91,3.5,2
19,2,2,0,2.7,1.5,1,8.4,3,0,3,7.0,98,3.59,2
18,0,2,2,4.9,2.0,1,7.3,3,1,3,16.0,79,3.44,2
18,1,2,4,9.1,1.9,1,6.6,2,1,2,19.0,76,3.38,2
19,1,2,6,9.6,1.4,1,6.0,2,0,1,19.0,63,3.02,1
18,0,2,0,5.7,2.0,1,7.2,3,1,1,15.0,70,3.96,2
21,1,2,2,11.2,2.0,1,4.8,1,1,2,25.0,54,2.41,0
18,0,2,6,9.2,2.6,1,5.6,2,1,2,19.0,61,3.2,1
20,1,2,2,8.4,1.1,1,5.5,1,1,2,22.0,55,3.32,1
19,1,2,0,9.5,1.9,1,5.1,1,1,0,16.0,70,2.38,1
17,0,0,0,3.3,1.7,1,6.2,4,0,2,13.0,86,3.82,2
17,1,0,0,4.6,2.3,1,5.1,1,0,3,17.0,81,3.18,2
19,3,2,0,3.1,2.3,1,9.0,5,1,3,13.0,78,4.0,2
22,0,2,6,3.6,2.2,1,8.7,4,1,3,14.0,82,3.47,2
16,1,0,6,4.7,1.8,1,6.1,2,0,1,4.0,86,3.72,2
18,0,2,3,2.4,1.5,1,8.7,4,0,2,6.0,98,3.68,2
21,1,2,6,9.9,1.7,1,5.0,1,1,2,30.0,55,3.3,1
24,0,2,6,6.9,1.5,2,5.2,2,1,4,16.0,75,3.21,2
24,0,2,6,3.6,1.4,0,7.7,3,1,3,11.0,92,3.46,2
18,0,2,3,9.1,2.4,1,5.4,3,0,0,19.0,67,3.25,1
16,0,0,3,4.6,2.2,1,6.8,2,1,3,14.0,80,3.81,2
18,0,2,3,3.2,2.3,1,7.2,3,1,2,7.0,90,3.79,2
19,0,2,6,4.6,2.3,1,5.8,2,1,4,16.0,76,3.67,2
17,1,0,2,1.8,1.5,1,7.6,3,0,3,1.0,96,3.77,2
21,0,2,0,5.1,2.8,1,7.3,3,1,0,8.0,97,3.47,2
19,1,2,3,2.9,1.5,1,7.2,4,0,1,10.0,82,4.0,2
18,1,0,0,4.5,1.4,1,6.4,1,0,3,15.0,71,3.76,2
19,0,2,2,7.3,2.2,1,5.7,1,1,2,20.0,60,3.19,1
19,3,2,0,5.4,1.8,1,6.2,2,1,3,15.0,80,3.42,2
19,1,2,3,2.0,1.3,1,8.5,3,0,3,5.0,93,4.0,2
16,1,0,4,4.9,0.8,1,7.5,2,0,2,14.0,92,3.49,2
21,1,2,6,7.1,1.8,1,5.5,1,1,1,11.0,70,3.2,2
20,0,2,4,3.2,1.9,1,7.3,3,0,3,4.0,90,3.33,2
19,1,2,3,4.9,1.5,1,7.4,3,0,1,6.0,87,3.51,2
21,0,2,3,6.5,2.5,1,6.5,3,1,4,16.0,82,3.28,2
24,0,2,4,5.4,1.0,0,6.3,3,1,3,14.0,77,3.1,2
17,0,0,5,1.2,1.7,1,9.2,4,1,3,2.0,98,3.46,2
18,0,2,6,4.0,2.2,1,8.0,3,0,2,8.0,91,3.43,2
19,1,2,2,2.3,1.7,2,7.7,2,1,2,10.0,89,3.49,2
17,0,0,4,2.7,2.6,1,7.4,3,1,3,6.0,96,3.47,2
18,1,2,6,1.9,2.2,0,8.8,4,1,2,3.0,98,3.73,2
18,0,0,4,8.6,1.5,0,6.0,1,1,2,18.0,63,3.24,1
17,0,0,4,11.1,0.7,1,4.6,1,1,1,32.0,53,2.56,0
21,0,2,0,5.0,1.2,1,7.3,3,1,2,12.0,83,3.54,2
21,0,2,4,3.8,2.0,1,9.1,4,1,0,20.0,95,3.82,2
19,1,2,3,3.4,2.0,1,8.4,3,1,4,7.0,87,3.76,2
15,0,0,0,5.0,2.3,2,8.8,4,1,3,13.0,87,3.69,2
18,1,2,6,2.6,2.2,1,7.7,3,1,1,10.0,83,3.95,2
20,1,2,4,4.5,2.0,1,8.2,4,1,2,13.0,93,3.24,2
17,0,0,4,5.3,2.2,1,6.5,3,1,3,13.0,82,3.02,2
21,1,2,4,7.6,1.0,1,6.5,1,1,2,17.0,70,3.49,2
20,1,2,0,2.5,1.4,1,8.2,4,0,4,11.0,88,3.68,2
20,0,2,4,7.0,1.8,1,5.4,2,1,3,12.0,75,3.23,2
17,3,0,0,8.8,2.5,1,6.2,1,1,3,21.0,68,3.5,2
19,1,0,0,3.5,3.1,1,7.2,4,1,2,7.0,90,3.31,2
21,3,0,4,2.8,3.2,1,7.2,4,1,1,6.0,98,3.86,2
19,1,2,4,4.0,1.8,1,6.3,3,0,2,13.0,74,4.0,2
18,0,0,6,9.7,1.9,1,4.2,1,1,2,21.0,63,2.73,1
22,1,1,3,3.6,2.5,1,7.0,4,1,3,11.0,92,3.42,2
18,0,2,6,4.5,2.4,1,8.2,4,1,2,0.0,85,3.75,2
16,1,0,6,5.2,1.6,1,5.7,3,1,2,24.0,77,3.31,1
16,1,0,6,5.8,1.2,1,7.8,3,1,2,11.0,79,2.85,2
19,0,2,1,3.8,3.0,1,6.6,3,0,3,9.0,83,3.37,2
19,1,2,0,7.7,1.1,1,6.0,2,1,3,13.0,73,3.16,2
16,1,0,1,4.6,3.3,0,7.1,3,0,2,22.0,87,3.5,2
24,1,2,0,1.8,2.1,1,6.8,3,1,3,10.0,98,3.73,2
