Age,Gender,Academic_Level,Primary_Platform,Daily_Usage_Hours,Weekend_Extra_Hours,Device_Type,Sleep_Duration_Hours,Sleep_Quality_Score,Late_Night_Usage,Social_Comparison_Frequency,Perceived_Stress_Score,Mental_Health_Index,Academic_Performance_GPA,Overall_Impact,Daily_Usage_Hours_BoxCox,Sleep_Duration_Hours_BoxCox,Sleep_Quality_Score_BoxCox,Mental_Health_Index_BoxCox,Academic_Performance_GPA_BoxCox,Perceived_Stress_Score_Log1p,Weekend_Extra_Hours_Log1p
19,0,2,3,7.5,1.5,1,5.9,2,1,4,20.0,73,2.73,1,2.1286702202484076,10.056584152579083,0.8778301681657564,41009.67586813584,6.353094218431751,3.044522437723423,0.9162907318741551
19,0,2,0,4.6,1.3,1,7.9,3,1,2,17.0,90,3.21,2,1.5907355499331142,16.409652657927705,1.6102145113046793,72290.34860143652,10.501510504182985,2.8903717578961645,0.832909122935104
17,0,0,4,10.9,1.7,1,5.2,1,1,3,18.0,70,3.0,1,2.5497670831418175,8.103473238889842,0.0,36604.68597434723,8.52310068647062,2.9444389791664403,0.9932517730102833
16,0,0,6,6.0,2.3,2,7.6,4,1,2,15.0,82,3.42,2,1.8813563150191603,15.387190975810833,2.261698926363226,56183.26023893996,12.753425783763895,2.772588722239781,1.1939224684724346
17,1,0,1,3.3,2.6,1,7.6,4,1,0,16.0,84,3.41,2,1.2332726085820729,15.387190975810833,2.261698926363226,59971.57105866405,12.639731281317893,2.833213344056216,1.2809338454620642
16,1,0,4,6.2,1.6,1,5.9,1,0,1,10.0,66,3.21,2,1.9175112322134875,10.056584152579083,0.0,31213.358948090136,10.501510504182985,2.3978952727983707,0.9555114450274363
20,1,2,4,5.6,1.8,1,8.3,3,0,2,10.0,88,3.72,2,1.8054918230589363,17.809462547767687,1.6102145113046793,68022.48375280312,16.479606987119947,2.3978952727983707,1.0296194171811581
19,0,2,4,1.2,2.4,1,8.1,5,0,4,6.0,95,3.37,2,0.1832225230267353,17.104383037428352,2.858956583624191,83687.91518516612,12.19151453362671,1.9459101490553132,1.2237754316221157
18,0,2,6,3.3,1.8,1,6.4,2,0,3,23.0,88,3.59,2,1.2332726085820729,11.540249794535706,0.8778301681657564,68022.48375280312,14.788739421516853,3.1780538303479458,1.0296194171811581
18,0,2,2,4.7,1.7,1,7.9,2,0,3,6.0,96,3.66,2,1.6141037337096489,16.409652657927705,0.8778301681657564,86094.79021322812,15.684410084705304,1.9459101490553132,0.9932517730102833
15,0,0,4,4.4,1.9,1,5.8,2,0,3,11.0,83,3.22,2,1.5425211917840917,9.76858741311186,0.8778301681657564,58057.92927986961,10.602403875992923,2.4849066497880004,1.0647107369924282
20,1,2,1,7.8,1.4,1,7.2,2,1,2,17.0,76,3.08,2,2.172448159416712,14.061136801601103,0.8778301681657564,45734.94462371378,9.245645848802152,2.8903717578961645,0.8754687373538999
19,0,2,4,9.5,0.9,1,5.3,1,1,4,27.0,68,3.14,1,2.3939369739111944,8.3733992567368,0.0,33841.334443280015,9.81251648426725,3.332204510175204,0.6418538861723948
23,2,2,0,1.9,1.2,1,8.9,5,0,2,3.0,95,3.86,2,0.6531132144998397,19.985804516313625,2.858956583624191,83687.91518516612,18.436086604872493,1.3862943611198906,0.7884573603642702
19,1,2,6,6.6,2.3,2,5.7,3,0,2,17.0,64,2.98,1,1.9866255656836118,9.483548899985696,1.6102145113046793,28717.928887801263,8.348306654858234,2.8903717578961645,1.1939224684724346
19,0,2,0,2.6,1.2,1,7.3,4,0,1,11.0,85,3.57,2,0.9806061985963926,14.388618785157242,2.261698926363226,61924.51734422166,14.5390899446019,2.4849066497880004,0.7884573603642702
18,1,2,5,2.3,1.8,2,6.4,2,1,2,17.0,84,3.64,2,0.8519347810161471,11.540249794535706,0.8778301681657564,59971.57105866405,15.425006368156271,2.8903717578961645,1.0296194171811581
17,1,0,6,7.2,1.7,1,6.4,2,0,3,12.0,75,3.52,2,2.0832033609937755,11.540249794535706,0.8778301681657564,44123.69453376821,13.926977359533225,2.5649493574615367,0.9932517730102833
19,0,2,0,4.7,1.5,1,6.5,3,0,4,8.0,88,3.47,2,1.6141037337096489,11.845587262709715,1.6102145113046793,68022.48375280312,13.331834670752924,2.1972245773362196,0.9162907318741551
20,0,2,2,4.7,2.3,1,6.9,2,0,2,20.0,82,3.7,2,1.6141037337096489,13.095026718981076,0.8778301681657564,56183.26023893996,16.211695300270975,3.044522437723423,1.1939224684724346
17,1,0,0,3.5,1.1,1,7.9,3,0,3,2.0,94,3.75,2,1.2961337421106984,16.409652657927705,1.6102145113046793,81323.92171042044,16.88685331132323,1.0986122886681098,0.7419373447293773
16,0,0,0,2.4,2.5,1,7.4,3,1,4,1.0,98,4.0,2,0.8965046417701628,14.718798218821261,1.6102145113046793,91038.45997193112,20.53818254914221,0.6931471805599453,1.252762968495368
23,1,1,6,7.4,1.3,0,6.3,2,1,2,10.0,68,2.82,2,2.113708815832555,11.237755995802775,0.8778301681657564,33841.334443280015,7.031717803560084,2.3978952727983707,0.832909122935104
17,0,0,0,11.2,1.7,1,5.2,2,1,2,22.0,54,2.69,1,2.5806811705994916,8.103473238889842,0.8778301681657564,18128.066722063846,6.065325961111475,3.1354942159291497,0.9932517730102833
18,0,2,6,3.4,1.7,1,8.2,4,0,3,8.0,90,4.0,2,1.2651404807900501,17.455635531354325,2.261698926363226,72290.34860143652,20.53818254914221,2.1972245773362196,0.9932517730102833
20,0,2,0,3.0,2.0,1,8.8,4,0,2,2.0,94,3.5,2,1.1318728617817535,19.61678552928072,2.261698926363226,81323.92171042044,13.686897116192466,1.0986122886681098,1.0986122886681098
20,0,2,0,4.3,1.4,1,8.1,3,0,3,2.0,95,3.37,2,1.5176311317383155,17.104383037428352,1.6102145113046793,83687.91518516612,12.19151453362671,1.0986122886681098,0.8754687373538999
19,1,2,3,4.7,2.4,0,8.4,3,1,3,5.0,93,3.81,2,1.6141037337096489,18.16585159714471,1.6102145113046793,79002.48980321265,17.720896337416892,1.791759469228055,1.2237754316221157
18,0,2,0,3.6,1.8,1,7.5,3,0,1,12.0,94,3.35,2,1.3263003819268158,15.05166041856306,1.6102145113046793,81323.92171042044,11.971316457356032,2.5649493574615367,1.0296194171811581
18,1,2,6,3.8,1.4,1,7.1,2,1,1,14.0,91,3.52,2,1.384326776898207,13.736367236790857,0.8778301681657564,74486.02575307926,13.926977359533225,2.70805020110221,0.8754687373538999
18,1,2,6,3.6,2.9,1,6.7,3,1,1,4.0,89,3.76,2,1.3263003819268158,12.464723049102489,1.6102145113046793,70135.94297111471,17.024043975850308,1.6094379124341003,1.3609765531356006
20,1,2,5,8.3,1.8,1,5.6,1,1,1,22.0,64,3.35,1,2.2419894696219833,9.201489326998276,0.0,28717.928887801263,11.971316457356032,3.1354942159291497,1.0296194171811581
17,0,0,2,3.4,0.7,1,6.6,2,1,1,4.0,92,3.83,2,1.2651404807900501,12.15375076672696,0.8778301681657564,76723.29848149381,18.00475869836222,1.6094379124341003,0.5306282510621704
18,0,2,6,1.1,1.4,1,7.3,3,0,1,4.0,95,3.73,2,0.09555600683054044,14.388618785157242,1.6102145113046793,83687.91518516612,16.614636703065745,1.6094379124341003,0.8754687373538999
21,0,2,1,4.7,1.1,1,6.8,3,0,2,13.0,84,3.41,2,1.6141037337096489,12.778487214922173,1.6102145113046793,59971.57105866405,12.639731281317893,2.6390573296152584,0.7419373447293773
18,1,2,6,4.8,1.4,1,6.4,2,0,1,12.0,75,3.69,2,1.6370062359244075,11.540249794535706,0.8778301681657564,44123.69453376821,16.07880955652339,2.5649493574615367,0.8754687373538999
20,1,2,6,2.0,1.5,1,7.5,5,0,2,9.0,92,4.0,2,0.7062901854968463,15.05166041856306,2.858956583624191,76723.29848149381,20.53818254914221,2.302585092994046,0.9162907318741551
20,1,2,4,7.1,1.4,1,6.2,2,1,1,17.0,65,3.39,2,2.0676487677416864,10.938123890491681,0.8778301681657564,29949.25362327995,12.41431443477717,2.8903717578961645,0.8754687373538999
18,0,2,4,8.0,1.5,1,5.5,1,1,2,21.0,66,2.59,1,2.2007570648755084,8.92242992355568,0.0,31213.358948090136,5.382153841105391,3.091042453358316,0.9162907318741551
17,1,0,4,3.3,1.7,0,6.0,1,0,3,15.0,87,3.46,2,1.2332726085820729,10.347518899102251,0.0,65949.64476800284,13.21482174546893,2.772588722239781,0.9932517730102833
18,1,2,4,5.8,0.8,0,5.7,2,1,1,14.0,79,3.34,2,1.8440428632175376,9.483548899985696,0.8778301681657564,50789.75419132553,11.862188377883385,2.70805020110221,0.5877866649021191
16,0,0,4,4.3,1.0,1,6.8,4,0,2,17.0,81,3.62,2,1.5176311317383155,12.778487214922173,2.261698926363226,54347.230996866165,15.168408451034988,2.8903717578961645,0.6931471805599453
19,1,2,6,3.9,1.4,1,6.9,2,0,3,7.0,90,3.44,2,1.4122647058505842,13.095026718981076,0.8778301681657564,72290.34860143652,12.982796395310663,2.0794415416798357,0.8754687373538999
20,1,2,0,8.3,2.2,1,6.3,1,1,2,13.0,76,3.21,2,2.2419894696219833,11.237755995802775,0.0,45734.94462371378,10.501510504182985,2.6390573296152584,1.1631508098056809
21,0,2,0,7.6,1.6,1,5.9,1,1,1,25.0,70,3.46,1,2.1434440944290047,10.056584152579083,0.0,36604.68597434723,13.21482174546893,3.258096538021482,0.9555114450274363
17,1,0,4,4.3,2.7,1,5.4,2,0,2,17.0,80,3.45,2,1.5176311317383155,8.646392457066119,0.8778301681657564,52549.50742605369,13.098476283389891,2.8903717578961645,1.308332819650179
19,0,2,6,4.0,1.7,1,6.5,2,1,4,13.0,78,3.28,2,1.4395330280586147,11.845587262709715,0.8778301681657564,49067.63473037756,11.220894215246592,2.6390573296152584,0.9932517730102833
21,1,2,2,3.5,2.6,1,6.6,3,1,4,10.0,94,4.0,2,1.2961337421106984,12.15375076672696,1.6102145113046793,81323.92171042044,20.53818254914221,2.3978952727983707,1.2809338454620642
17,0,0,0,4.1,1.6,1,5.8,2,1,3,8.0,86,3.11,2,1.466163943905982,9.76858741311186,0.8778301681657564,63917.09875329975,9.52637544624165,2.1972245773362196,0.9555114450274363
21,0,2,4,5.9,2.9,1,6.5,2,0,2,10.0,69,2.89,2,1.8628491617376208,11.845587262709715,0.8778301681657564,35205.91224901557,7.590058642795928,2.3978952727983707,1.3609765531356006
15,0,0,4,8.6,1.0,1,6.4,1,1,1,11.0,66,3.38,2,2.2818354611447473,11.540249794535706,0.0,31213.358948090136,12.302588311016644,2.4849066497880004,0.6931471805599453
19,3,0,5,2.9,1.6,1,6.7,2,1,4,7.0,95,3.57,2,1.095930983777979,12.464723049102489,0.8778301681657564,83687.91518516612,14.5390899446019,2.0794415416798357,0.9555114450274363
19,0,2,6,5.9,1.4,1,6.2,2,1,2,14.0,64,3.05,2,1.8628491617376208,10.938123890491681,0.8778301681657564,28717.928887801263,8.970276567071865,2.70805020110221,0.8754687373538999
22,1,1,6,4.9,2.6,0,7.8,3,0,2,9.0,76,3.9,2,1.659461753676766,16.066200853784746,1.6102145113046793,45734.94462371378,19.021600464068523,2.302585092994046,1.2809338454620642
17,0,0,0,3.9,1.0,1,7.2,4,0,4,20.0,81,3.56,2,1.4122647058505842,14.061136801601103,2.261698926363226,54347.230996866165,14.415298505689877,3.044522437723423,0.6931471805599453
16,0,0,1,6.9,1.8,1,6.7,1,1,3,16.0,78,3.42,2,2.0359078246346916,12.464723049102489,0.0,49067.63473037756,12.753425783763895,2.833213344056216,1.0296194171811581
21,0,2,4,4.0,1.0,1,6.6,2,0,2,15.0,79,3.39,2,1.4395330280586147,12.15375076672696,0.8778301681657564,50789.75419132553,12.41431443477717,2.772588722239781,0.6931471805599453
21,0,2,4,3.8,2.4,1,6.7,3,0,2,11.0,92,3.48,2,1.384326776898207,12.464723049102489,1.6102145113046793,76723.29848149381,13.449516948333956,2.4849066497880004,1.2237754316221157
17,1,0,3,2.7,2.0,1,8.7,4,1,4,8.0,98,3.59,2,1.0203866362587886,19.250269148910856,2.261698926363226,91038.45997193112,14.788739421516853,2.1972245773362196,1.0986122886681098
26,0,2,0,3.1,2.4,1,8.4,4,1,2,5.0,90,4.0,2,1.1666987907776478,18.16585159714471,2.261698926363226,72290.34860143652,20.53818254914221,1.791759469228055,1.2237754316221157
18,1,2,4,4.1,2.2,0,6.4,1,0,4,9.0,86,3.95,2,1.466163943905982,11.540249794535706,0.0,63917.09875329975,19.770392735367714,2.302585092994046,1.1631508098056809
18,1,2,3,5.4,2.1,1,7.8,4,1,4,13.0,87,3.74,2,1.7656156766986153,16.066200853784746,2.261698926363226,65949.64476800284,16.750384849080206,2.6390573296152584,1.1314021114911006
21,1,2,2,8.0,2.3,1,5.7,2,1,2,18.0,68,3.19,2,2.2007570648755084,9.483548899985696,0.8778301681657564,33841.334443280015,10.301582463218029,2.9444389791664403,1.1939224684724346
21,0,2,6,7.6,4.5,1,6.7,2,1,2,17.0,73,3.34,2,2.1434440944290047,12.464723049102489,0.8778301681657564,41009.67586813584,11.862188377883385,2.8903717578961645,1.7047480922384253
19,1,2,3,2.8,2.5,1,6.6,2,1,4,10.0,71,3.41,2,1.0587970088869507,12.15375076672696,0.8778301681657564,38038.0056657807,12.639731281317893,2.3978952727983707,1.252762968495368
16,0,0,0,3.0,2.3,1,7.6,4,0,3,16.0,86,3.5,2,1.1318728617817535,15.387190975810833,2.261698926363226,63917.09875329975,13.686897116192466,2.833213344056216,1.1939224684724346
19,0,2,5,4.2,2.7,1,7.9,4,0,4,6.0,83,3.6,2,1.492187365993103,16.409652657927705,2.261698926363226,58057.92927986961,14.914601235151155,1.9459101490553132,1.308332819650179
19,0,2,4,2.5,1.9,1,6.9,3,1,3,8.0,83,3.79,2,0.9393512133898587,13.095026718981076,1.6102145113046793,58057.92927986961,17.43996804213093,2.1972245773362196,1.0647107369924282
20,0,2,6,4.6,2.1,1,5.2,2,1,3,17.0,69,3.71,2,1.5907355499331142,8.103473238889842,0.8778301681657564,35205.91224901557,16.345293814978213,2.8903717578961645,1.1314021114911006
18,1,2,6,4.1,1.1,1,7.5,2,1,2,6.0,88,3.66,2,1.466163943905982,15.05166041856306,0.8778301681657564,68022.48375280312,15.684410084705304,1.9459101490553132,0.7419373447293773
19,0,2,0,4.4,1.1,1,7.1,1,0,2,20.0,91,3.56,2,1.5425211917840917,13.736367236790857,0.0,74486.02575307926,14.415298505689877,3.044522437723423,0.7419373447293773
21,0,2,3,10.2,1.6,1,6.1,1,1,2,18.0,62,2.7,1,2.4743831724778294,10.641371908015127,0.0,26352.188477075142,6.136480825750305,2.9444389791664403,0.9555114450274363
18,0,2,0,3.0,1.8,1,7.4,4,0,4,5.0,74,3.6,2,1.1318728617817535,14.718798218821261,2.261698926363226,42548.719285856496,14.914601235151155,1.791759469228055,1.0296194171811581
19,1,2,3,6.9,3.4,1,6.0,2,1,2,23.0,79,3.2,2,2.0359078246346916,10.347518899102251,0.8778301681657564,50789.75419132553,10.401237330639699,3.1780538303479458,1.4816045409242156
18,1,2,1,4.0,1.6,1,7.1,3,0,2,8.0,80,3.0,2,1.4395330280586147,13.736367236790857,1.6102145113046793,52549.50742605369,8.52310068647062,2.1972245773362196,0.9555114450274363
19,0,2,2,8.3,0.9,1,7.2,1,1,2,15.0,72,3.53,2,2.2419894696219833,14.061136801601103,0.0,39506.21991155572,14.048034731048165,2.772588722239781,0.6418538861723948
17,0,0,6,6.1,2.4,1,6.0,2,1,1,11.0,70,3.48,2,1.8995739499976299,10.347518899102251,0.8778301681657564,36604.68597434723,13.449516948333956,2.4849066497880004,1.2237754316221157
19,1,2,0,4.8,0.8,1,7.8,4,0,4,14.0,84,3.39,2,1.6370062359244075,16.066200853784746,2.261698926363226,59971.57105866405,12.41431443477717,2.70805020110221,0.5877866649021191
21,1,2,6,3.6,1.3,1,7.2,2,1,2,15.0,87,3.67,2,1.3263003819268158,14.061136801601103,0.8778301681657564,65949.64476800284,15.81516883547986,2.772588722239781,0.832909122935104
20,3,2,3,6.2,2.2,1,6.8,2,1,1,13.0,82,3.41,2,1.9175112322134875,12.778487214922173,0.8778301681657564,56183.26023893996,12.639731281317893,2.6390573296152584,1.1631508098056809
18,0,2,4,8.5,1.8,1,5.5,1,1,2,24.0,67,2.79,1,2.268701594475235,8.92242992355568,0.0,32510.60102499727,6.80066146105074,3.2188758248682006,1.0296194171811581
18,0,2,4,4.5,3.1,1,8.0,3,0,4,10.0,91,3.69,2,1.5668817774441797,16.755717770784734,1.6102145113046793,74486.02575307926,16.07880955652339,2.3978952727983707,1.410986973710262
20,1,2,4,3.3,1.7,1,9.7,5,0,3,11.0,89,3.69,2,1.2332726085820729,23.026727920206024,2.858956583624191,70135.94297111471,16.07880955652339,2.4849066497880004,0.9932517730102833
17,0,0,3,7.6,2.9,1,6.4,2,0,2,24.0,70,3.33,1,2.1434440944290047,11.540249794535706,0.8778301681657564,36604.68597434723,11.7537050835968,3.2188758248682006,1.3609765531356006
19,0,2,5,3.2,2.2,1,6.1,3,1,2,16.0,75,3.38,2,1.2004777883442346,10.641371908015127,1.6102145113046793,44123.69453376821,12.302588311016644,2.833213344056216,1.1631508098056809
18,1,2,0,3.1,1.1,1,8.5,4,1,2,10.0,88,3.56,2,1.1666987907776478,18.524790399056656,2.261698926363226,68022.48375280312,14.415298505689877,2.3978952727983707,0.7419373447293773
16,1,0,0,3.2,1.8,0,8.8,5,0,2,2.0,95,3.85,2,1.2004777883442346,19.61678552928072,2.858956583624191,83687.91518516612,18.291570207219255,1.0986122886681098,1.0296194171811581
18,0,2,6,6.8,2.1,1,6.6,2,1,2,26.0,66,3.03,1,2.019709544031315,12.15375076672696,0.8778301681657564,31213.358948090136,8.789649747573227,3.295836866004329,1.1314021114911006
20,1,2,4,3.1,2.7,2,7.1,3,0,1,9.0,89,3.76,2,1.1666987907776478,13.736367236790857,1.6102145113046793,70135.94297111471,17.024043975850308,2.302585092994046,1.308332819650179
18,2,2,2,14.0,1.8,1,4.7,1,1,3,35.0,50,2.0,0,2.8364774847199032,6.800697609529523,0.0,14717.856782686873,2.3112906012181313,3.58351893845611,1.0296194171811581
18,0,2,1,2.6,2.4,1,7.3,3,1,3,6.0,89,3.75,2,0.9806061985963926,14.388618785157242,1.6102145113046793,70135.94297111471,16.88685331132323,1.9459101490553132,1.2237754316221157
19,1,2,0,5.2,2.4,1,5.6,1,1,2,8.0,89,3.37,2,1.7243171824127188,9.201489326998276,0.0,70135.94297111471,12.19151453362671,2.1972245773362196,1.2237754316221157
20,1,2,4,3.0,3.5,1,6.4,3,1,3,8.0,92,3.44,2,1.1318728617817535,11.540249794535706,1.6102145113046793,76723.29848149381,12.982796395310663,2.1972245773362196,1.5040773967762742
18,0,2,4,10.8,1.5,2,5.8,2,0,0,25.0,50,2.32,0,2.539283315287256,9.76858741311186,0.8778301681657564,14717.856782686873,3.7832735126369976,3.258096538021482,0.9162907318741551
17,0,0,0,8.8,2.0,1,4.3,1,1,1,19.0,68,2.7,1,2.307675347857402,5.81627216727231,0.0,33841.334443280015,6.136480825750305,2.995732273553991,1.0986122886681098
20,1,2,0,5.8,2.5,1,4.8,1,0,4,9.0,74,3.45,2,1.8440428632175376,7.054921429048166,0.0,42548.719285856496,13.098476283389891,2.302585092994046,1.252762968495368
21,0,2,0,5.5,1.5,1,6.5,2,1,3,20.0,77,3.11,2,1.7857252215541248,11.845587262709715,0.8778301681657564,47382.81123366814,9.52637544624165,3.044522437723423,0.9162907318741551
19,0,2,0,3.0,1.4,0,9.6,4,0,3,4.0,98,4.0,2,1.1318728617817535,22.638081291579695,2.261698926363226,91038.45997193112,20.53818254914221,1.6094379124341003,0.8754687373538999
19,0,2,5,3.5,0.6,1,8.7,4,1,2,19.0,80,3.65,2,1.2961337421106984,19.250269148910856,2.261698926363226,52549.50742605369,15.554356557932616,2.995732273553991,0.4700036292457356
17,1,0,4,6.6,1.4,1,7.3,4,1,2,10.0,85,3.22,2,1.9866255656836118,14.388618785157242,2.261698926363226,61924.51734422166,10.602403875992923,2.3978952727983707,0.8754687373538999
19,1,2,3,6.4,2.7,0,5.4,1,1,2,16.0,67,3.46,2,1.9525792661508234,8.646392457066119,0.0,32510.60102499727,13.21482174546893,2.833213344056216,1.308332819650179
21,1,2,6,6.2,1.6,0,6.9,3,1,2,13.0,76,3.99,2,1.9175112322134875,13.095026718981076,1.6102145113046793,45734.94462371378,20.38309347972413,2.6390573296152584,0.9555114450274363
21,2,2,5,3.1,1.6,1,7.7,3,0,3,4.0,98,3.67,2,1.1666987907776478,15.725375748712496,1.6102145113046793,91038.45997193112,15.81516883547986,1.6094379124341003,0.9555114450274363
23,1,1,1,4.7,1.0,1,7.4,3,1,3,14.0,84,3.82,2,1.6141037337096489,14.718798218821261,1.6102145113046793,59971.57105866405,17.862459817003035,2.70805020110221,0.6931471805599453
20,1,2,6,3.2,3.0,1,6.4,2,0,1,11.0,74,3.46,2,1.2004777883442346,11.540249794535706,0.8778301681657564,42548.719285856496,13.21482174546893,2.4849066497880004,1.3862943611198906
17,0,0,2,12.3,1.6,2,4.8,1,1,3,28.0,56,2.88,1,2.6877002515080095,7.054921429048166,0.0,20004.147513716616,7.508632076674728,3.367295829986474,0.9555114450274363
19,2,2,3,4.4,1.9,1,8.3,3,0,3,11.0,97,3.58,2,1.5425211917840917,17.809462547767687,1.6102145113046793,88544.86579764642,14.663569620587477,2.4849066497880004,1.0647107369924282
18,0,2,0,5.7,0.0,0,6.0,3,1,4,19.0,72,3.42,2,1.8249272994757757,10.347518899102251,1.6102145113046793,39506.21991155572,12.753425783763895,2.995732273553991,0.0
19,1,2,3,3.2,0.3,1,7.4,4,0,2,11.0,78,3.74,2,1.2004777883442346,14.718798218821261,2.261698926363226,49067.63473037756,16.750384849080206,2.4849066497880004,0.262364264467491
17,1,0,4,2.0,2.1,1,7.7,3,0,3,10.0,93,4.0,2,0.7062901854968463,15.725375748712496,1.6102145113046793,79002.48980321265,20.53818254914221,2.3978952727983707,1.1314021114911006
18,0,2,6,6.3,2.4,1,3.7,1,1,2,20.0,65,3.52,2,1.9351768949585346,4.4403960165533265,0.0,29949.25362327995,13.926977359533225,3.044522437723423,1.2237754316221157
20,0,2,6,6.9,2.5,1,7.2,1,1,2,18.0,79,3.22,2,2.0359078246346916,14.061136801601103,0.0,50789.75419132553,10.602403875992923,2.9444389791664403,1.252762968495368
22,0,1,5,4.3,1.5,1,7.1,3,1,2,11.0,86,3.45,2,1.5176311317383155,13.736367236790857,1.6102145113046793,63917.09875329975,13.098476283389891,2.4849066497880004,0.9162907318741551
16,0,0,0,6.6,2.2,1,6.8,2,0,3,13.0,85,3.48,2,1.9866255656836118,12.778487214922173,0.8778301681657564,61924.51734422166,13.449516948333956,2.6390573296152584,1.1631508098056809
22,1,2,0,5.3,2.0,1,5.8,2,1,3,13.0,76,3.38,2,1.7451507197105387,9.76858741311186,0.8778301681657564,45734.94462371378,12.302588311016644,2.6390573296152584,1.0986122886681098
20,0,2,0,5.9,2.8,1,7.1,3,1,1,13.0,83,3.31,2,1.8628491617376208,13.736367236790857,1.6102145113046793,58057.92927986961,11.53866528811148,2.6390573296152584,1.33500106673234
18,1,0,4,11.6,0.9,1,5.1,1,1,3,20.0,68,2.85,1,2.620703352487409,7.836637933925062,0.0,33841.334443280015,7.267690936157112,3.044522437723423,0.6418538861723948
18,0,0,4,6.6,0.2,1,6.2,1,1,3,13.0,80,3.82,2,1.9866255656836118,10.938123890491681,0.0,52549.50742605369,17.862459817003035,2.6390573296152584,0.18232155679395465
18,0,2,6,7.0,1.6,1,7.2,3,1,4,19.0,83,3.21,2,2.0518855355680303,14.061136801601103,1.6102145113046793,58057.92927986961,10.501510504182985,2.995732273553991,0.9555114450274363
17,1,0,4,2.8,2.3,1,8.5,4,0,1,11.0,97,3.99,2,1.0587970088869507,18.524790399056656,2.261698926363226,88544.86579764642,20.38309347972413,2.4849066497880004,1.1939224684724346
21,2,2,0,4.2,2.7,1,6.6,3,1,2,17.0,76,3.44,2,1.492187365993103,12.15375076672696,1.6102145113046793,45734.94462371378,12.982796395310663,2.8903717578961645,1.308332819650179
20,0,2,0,4.5,2.1,1,7.9,2,0,2,11.0,91,3.62,2,1.5668817774441797,16.409652657927705,0.8778301681657564,74486.02575307926,15.168408451034988,2.4849066497880004,1.1314021114911006
20,1,2,3,4.1,1.6,1,6.9,3,1,4,14.0,90,3.79,2,1.466163943905982,13.095026718981076,1.6102145113046793,72290.34860143652,17.43996804213093,2.70805020110221,0.9555114450274363
21,0,2,0,4.4,1.2,1,6.1,2,0,1,10.0,87,3.44,2,1.5425211917840917,10.641371908015127,0.8778301681657564,65949.64476800284,12.982796395310663,2.3978952727983707,0.7884573603642702
19,1,2,2,4.6,2.4,0,6.9,3,0,2,16.0,81,3.5,2,1.5907355499331142,13.095026718981076,1.6102145113046793,54347.230996866165,13.686897116192466,2.833213344056216,1.2237754316221157
18,1,0,6,3.2,1.2,1,6.9,2,1,2,12.0,88,3.88,2,1.2004777883442346,13.095026718981076,0.8778301681657564,68022.48375280312,18.72735011125622,2.5649493574615367,0.7884573603642702
17,0,0,0,4.2,1.2,1,7.1,3,0,0,19.0,74,3.42,2,1.492187365993103,13.736367236790857,1.6102145113046793,42548.719285856496,12.753425783763895,2.995732273553991,0.7884573603642702
22,1,1,0,6.1,2.1,1,7.5,2,0,3,10.0,78,3.31,2,1.8995739499976299,15.05166041856306,0.8778301681657564,49067.63473037756,11.53866528811148,2.3978952727983707,1.1314021114911006
18,0,2,0,5.5,2.3,1,8.1,3,1,3,12.0,89,4.0,2,1.7857252215541248,17.104383037428352,1.6102145113046793,70135.94297111471,20.53818254914221,2.5649493574615367,1.1939224684724346
18,0,2,4,4.5,0.7,1,5.1,1,1,3,21.0,69,3.4,1,1.5668817774441797,7.836637933925062,0.0,35205.91224901557,12.526694794914107,3.091042453358316,0.5306282510621704
18,0,2,5,5.7,2.6,2,7.0,3,1,2,15.0,84,3.58,2,1.8249272994757757,13.414325353558693,1.6102145113046793,59971.57105866405,14.663569620587477,2.772588722239781,1.2809338454620642
22,0,1,4,1.2,1.1,1,8.9,3,1,2,5.0,96,3.75,2,0.1832225230267353,19.985804516313625,1.6102145113046793,86094.79021322812,16.88685331132323,1.791759469228055,0.7419373447293773
17,0,0,0,5.8,1.1,1,5.2,1,1,3,21.0,70,3.08,1,1.8440428632175376,8.103473238889842,0.0,36604.68597434723,9.245645848802152,3.091042453358316,0.7419373447293773
17,0,0,0,1.7,1.3,1,7.3,4,0,3,7.0,78,4.0,2,0.5383079872264196,14.388618785157242,2.261698926363226,49067.63473037756,20.53818254914221,2.0794415416798357,0.832909122935104
18,0,2,0,9.0,3.0,1,5.4,1,1,4,25.0,57,2.72,1,2.332965554974335,8.646392457066119,0.0,20986.249109062494,6.280363055682415,3.258096538021482,1.3862943611198906
21,0,2,2,6.1,1.7,1,6.3,2,1,1,12.0,72,2.84,2,1.8995739499976299,11.237755995802775,0.8778301681657564,39506.21991155572,7.188483753456278,2.5649493574615367,0.9932517730102833
21,1,2,0,4.1,1.8,1,7.2,2,1,0,13.0,98,3.9,2,1.466163943905982,14.061136801601103,0.8778301681657564,91038.45997193112,19.021600464068523,2.6390573296152584,1.0296194171811581
17,0,0,6,5.7,1.7,1,6.4,2,1,1,18.0,80,3.07,2,1.8249272994757757,11.540249794535706,0.8778301681657564,52549.50742605369,9.153263022572325,2.9444389791664403,0.9932517730102833
19,0,2,0,4.2,1.6,1,7.6,3,0,4,3.0,98,3.78,2,1.492187365993103,15.387190975810833,1.6102145113046793,91038.45997193112,17.300599455458382,1.3862943611198906,0.9555114450274363
17,1,0,0,6.5,1.4,1,4.8,1,1,4,14.0,62,3.3,2,1.9697262931476014,7.054921429048166,0.0,26352.188477075142,11.432105005383404,2.70805020110221,0.8754687373538999
21,0,2,0,2.1,2.1,0,7.2,3,0,2,11.0,90,3.69,2,0.7570090469002981,14.061136801601103,1.6102145113046793,72290.34860143652,16.07880955652339,2.4849066497880004,1.1314021114911006
18,0,2,3,7.2,2.0,1,6.3,3,0,1,20.0,71,3.24,2,2.0832033609937755,11.237755995802775,1.6102145113046793,38038.0056657807,10.806058782383067,3.044522437723423,1.0986122886681098
20,1,2,5,7.3,1.8,1,5.8,2,1,4,17.0,75,3.0,2,2.09855491776158,9.76858741311186,0.8778301681657564,44123.69453376821,8.52310068647062,2.8903717578961645,1.0296194171811581
19,0,2,6,2.8,1.3,1,7.0,2,0,3,4.0,84,3.49,2,1.0587970088869507,13.414325353558693,0.8778301681657564,59971.57105866405,13.567870467191462,1.6094379124341003,0.832909122935104
19,1,2,2,8.0,2.9,1,5.1,2,0,2,28.0,68,3.64,1,2.2007570648755084,7.836637933925062,0.8778301681657564,33841.334443280015,15.425006368156271,3.367295829986474,1.3609765531356006
22,1,1,0,4.9,0.2,1,8.2,3,0,4,14.0,89,3.42,2,1.659461753676766,17.455635531354325,1.6102145113046793,70135.94297111471,12.753425783763895,2.70805020110221,0.18232155679395465
17,1,0,6,6.3,0.8,1,7.4,2,1,4,20.0,83,3.12,2,1.9351768949585346,14.718798218821261,0.8778301681657564,58057.92927986961,9.621151996683725,3.044522437723423,0.5877866649021191
18,3,2,0,1.8,1.9,1,7.3,3,0,2,6.0,97,3.92,2,0.5972197629867352,14.388618785157242,1.6102145113046793,88544.86579764642,19.31885273989304,1.9459101490553132,1.0647107369924282
19,0,2,6,10.3,1.7,1,5.7,2,1,1,23.0,53,3.11,1,2.4854465759314417,9.483548899985696,0.8778301681657564,17233.337875033176,9.52637544624165,3.1780538303479458,0.9932517730102833
18,0,2,0,4.9,2.9,1,8.4,3,0,2,12.0,86,4.0,2,1.659461753676766,18.16585159714471,1.6102145113046793,63917.09875329975,20.53818254914221,2.5649493574615367,1.3609765531356006
17,1,0,0,6.2,2.7,1,6.3,2,1,4,17.0,70,3.46,2,1.9175112322134875,11.237755995802775,0.8778301681657564,36604.68597434723,13.21482174546893,2.8903717578961645,1.308332819650179
21,1,2,2,3.7,0.7,1,6.8,3,1,2,7.0,70,3.18,2,1.3556845124032513,12.778487214922173,1.6102145113046793,36604.68597434723,10.202544009650545,2.0794415416798357,0.5306282510621704
18,0,2,4,5.7,0.3,1,6.7,3,1,3,12.0,76,3.5,2,1.8249272994757757,12.464723049102489,1.6102145113046793,45734.94462371378,13.686897116192466,2.5649493574615367,0.262364264467491
19,1,2,4,3.8,2.8,0,7.3,3,0,1,9.0,80,3.47,2,1.384326776898207,14.388618785157242,1.6102145113046793,52549.50742605369,13.331834670752924,2.302585092994046,1.33500106673234
17,1,0,6,4.3,2.1,1,7.8,3,1,2,8.0,86,3.97,2,1.5176311317383155,16.066200853784746,1.6102145113046793,63917.09875329975,20.075215768293244,2.1972245773362196,1.1314021114911006
15,0,0,4,4.7,1.6,1,8.5,3,1,1,7.0,94,4.0,2,1.6141037337096489,18.524790399056656,1.6102145113046793,81323.92171042044,20.53818254914221,2.0794415416798357,0.9555114450274363
18,0,2,0,5.5,2.0,1,6.1,2,0,2,19.0,79,3.36,2,1.7857252215541248,10.641371908015127,0.8778301681657564,50789.75419132553,12.08109121248574,2.995732273553991,1.0986122886681098
16,0,0,4,10.0,1.5,1,5.5,1,1,4,23.0,63,3.46,1,2.4519451177756233,8.92242992355568,0.0,27519.02697404476,13.21482174546893,3.1780538303479458,0.9162907318741551
19,1,0,4,4.3,2.3,1,5.7,2,1,1,15.0,74,3.48,2,1.5176311317383155,9.483548899985696,0.8778301681657564,42548.719285856496,13.449516948333956,2.772588722239781,1.1939224684724346
18,0,2,6,2.9,1.8,1,6.6,3,1,4,13.0,88,3.8,2,1.095930983777979,12.15375076672696,1.6102145113046793,68022.48375280312,17.58006637427118,2.6390573296152584,1.0296194171811581
18,1,2,3,4.5,1.9,1,7.1,3,0,1,14.0,74,3.77,2,1.5668817774441797,13.736367236790857,1.6102145113046793,42548.719285856496,17.161958728612845,2.70805020110221,1.0647107369924282
20,0,2,0,4.3,1.9,1,8.0,4,0,2,6.0,98,3.8,2,1.5176311317383155,16.755717770784734,2.261698926363226,91038.45997193112,17.58006637427118,1.9459101490553132,1.0647107369924282
15,1,0,4,4.5,2.6,1,7.6,4,1,2,14.0,88,3.61,2,1.5668817774441797,15.387190975810833,2.261698926363226,68022.48375280312,15.041156949142636,2.70805020110221,1.2809338454620642
19,0,2,0,4.2,2.3,1,7.2,3,0,3,10.0,80,3.41,2,1.492187365993103,14.061136801601103,1.6102145113046793,52549.50742605369,12.639731281317893,2.3978952727983707,1.1939224684724346
19,0,0,5,2.7,2.5,1,5.8,2,1,0,10.0,82,3.3,2,1.0203866362587886,9.76858741311186,0.8778301681657564,56183.26023893996,11.432105005383404,2.3978952727983707,1.252762968495368
20,1,2,4,4.6,1.0,1,7.8,4,1,4,15.0,92,3.67,2,1.5907355499331142,16.066200853784746,2.261698926363226,76723.29848149381,15.81516883547986,2.772588722239781,0.6931471805599453
19,3,2,4,4.7,1.9,1,5.7,1,1,0,9.0,86,3.45,2,1.6141037337096489,9.483548899985696,0.0,63917.09875329975,13.098476283389891,2.302585092994046,1.0647107369924282
26,2,1,0,4.7,1.0,1,7.0,3,0,3,11.0,82,3.74,2,1.6141037337096489,13.414325353558693,1.6102145113046793,56183.26023893996,16.750384849080206,2.4849066497880004,0.6931471805599453
19,1,2,4,5.2,2.5,0,5.9,2,0,4,16.0,85,3.68,2,1.7243171824127188,10.056584152579083,0.8778301681657564,61924.51734422166,15.946634697155112,2.833213344056216,1.252762968495368
19,0,2,0,6.0,1.5,1,6.0,3,1,0,11.0,75,3.08,2,1.8813563150191603,10.347518899102251,1.6102145113046793,44123.69453376821,9.245645848802152,2.4849066497880004,0.9162907318741551
18,1,2,0,2.7,2.1,0,6.7,2,1,2,9.0,86,3.86,2,1.0203866362587886,12.464723049102489,0.8778301681657564,63917.09875329975,18.436086604872493,2.302585092994046,1.1314021114911006
17,0,0,3,9.2,2.3,1,5.4,1,1,3,32.0,60,2.97,1,2.3577296084820363,8.646392457066119,0.0,24113.25572387178,8.261775557384002,3.4965075614664802,1.1939224684724346
20,0,2,0,7.4,2.4,2,6.1,1,1,2,8.0,78,3.3,2,2.113708815832555,10.641371908015127,0.0,49067.63473037756,11.432105005383404,2.1972245773362196,1.2237754316221157
21,1,2,0,7.8,2.4,1,5.7,2,1,4,22.0,65,3.22,1,2.172448159416712,9.483548899985696,0.8778301681657564,29949.25362327995,10.602403875992923,3.1354942159291497,1.2237754316221157
18,0,2,6,13.6,1.7,1,4.5,1,0,2,35.0,41,2.51,0,2.8030736289378386,6.301933826278156,0.0,8599.276398203338,4.871897187799562,3.58351893845611,0.9932517730102833
22,0,1,4,7.9,2.1,1,5.5,1,1,2,20.0,67,3.45,2,2.186687359322709,8.92242992355568,0.0,32510.60102499727,13.098476283389891,3.044522437723423,1.1314021114911006
19,1,0,0,4.8,1.6,1,6.3,3,0,4,18.0,91,3.55,2,1.6370062359244075,11.237755995802775,1.6102145113046793,74486.02575307926,14.292193415871623,2.9444389791664403,0.9555114450274363
20,0,2,3,8.5,0.5,1,6.1,1,1,2,20.0,64,2.54,1,2.268701594475235,10.641371908015127,0.0,28717.928887801263,5.059535430978976,3.044522437723423,0.4054651081081644
19,0,2,4,7.3,3.3,1,4.5,1,1,2,17.0,69,3.39,2,2.09855491776158,6.301933826278156,0.0,35205.91224901557,12.41431443477717,2.8903717578961645,1.4586150226995167
21,1,2,0,6.6,1.4,1,6.2,2,1,4,23.0,68,2.89,1,1.9866255656836118,10.938123890491681,0.8778301681657564,33841.334443280015,7.590058642795928,3.1780538303479458,0.8754687373538999
21,0,2,0,5.7,0.0,1,5.3,1,0,4,25.0,72,3.26,1,1.8249272994757757,8.3733992567368,0.0,39506.21991155572,11.012217184536736,3.258096538021482,0.0
21,3,2,4,5.7,1.7,1,6.4,2,1,2,17.0,68,3.71,2,1.8249272994757757,11.540249794535706,0.8778301681657564,33841.334443280015,16.345293814978213,2.8903717578961645,0.9932517730102833
16,2,0,4,2.2,2.4,1,7.9,3,1,1,5.0,88,4.0,2,0.8054926939148117,16.409652657927705,1.6102145113046793,68022.48375280312,20.53818254914221,1.791759469228055,1.2237754316221157
20,0,2,3,7.9,2.5,1,6.4,2,1,1,24.0,76,3.24,1,2.186687359322709,11.540249794535706,0.8778301681657564,45734.94462371378,10.806058782383067,3.2188758248682006,1.252762968495368
25,1,1,0,4.9,2.9,1,5.7,3,1,2,0.0,78,4.0,2,1.659461753676766,9.483548899985696,1.6102145113046793,49067.63473037756,20.53818254914221,0.0,1.3609765531356006
17,1,0,6,5.8,1.1,1,5.2,2,1,3,23.0,71,3.01,1,1.8440428632175376,8.103473238889842,0.8778301681657564,38038.0056657807,8.611367410342837,3.1780538303479458,0.7419373447293773
17,1,0,0,4.4,1.9,1,8.2,3,0,3,11.0,98,3.58,2,1.5425211917840917,17.455635531354325,1.6102145113046793,91038.45997193112,14.663569620587477,2.4849066497880004,1.0647107369924282
16,0,0,4,14.0,2.3,1,5.2,1,1,3,29.0,42,2.19,0,2.8364774847199032,8.103473238889842,0.0,9179.127346291716,3.1330807020643316,3.4011973816621555,1.1939224684724346
18,0,2,6,7.9,2.2,1,5.6,1,1,1,16.0,58,2.98,1,2.186687359322709,9.201489326998276,0.0,21998.22133107918,8.348306654858234,2.833213344056216,1.1631508098056809
20,0,2,0,3.8,2.3,1,8.3,3,0,3,7.0,91,4.0,2,1.384326776898207,17.809462547767687,1.6102145113046793,74486.02575307926,20.53818254914221,2.0794415416798357,1.1939224684724346
19,0,2,0,3.3,0.6,0,6.2,3,0,4,17.0,80,3.94,2,1.2332726085820729,10.938123890491681,1.6102145113046793,52549.50742605369,19.619122013712897,2.8903717578961645,0.4700036292457356
20,0,2,4,7.4,1.6,0,5.1,1,1,2,19.0,87,3.42,2,2.113708815832555,7.836637933925062,0.0,65949.64476800284,12.753425783763895,2.995732273553991,0.9555114450274363
17,1,0,6,4.4,2.3,1,8.1,4,1,3,17.0,89,3.18,2,1.5425211917840917,17.104383037428352,2.261698926363226,70135.94297111471,10.202544009650545,2.8903717578961645,1.1939224684724346
19,1,2,0,3.6,0.3,1,8.2,3,0,2,11.0,93,3.31,2,1.3263003819268158,17.455635531354325,1.6102145113046793,79002.48980321265,11.53866528811148,2.4849066497880004,0.262364264467491
22,1,1,1,7.0,2.6,0,4.4,1,0,0,19.0,57,3.32,1,2.0518855355680303,6.057450511969028,0.0,20986.249109062494,11.645864683908064,2.995732273553991,1.2809338454620642
20,1,2,4,2.0,2.1,1,7.6,3,1,4,11.0,87,3.45,2,0.7062901854968463,15.387190975810833,1.6102145113046793,65949.64476800284,13.098476283389891,2.4849066497880004,1.1314021114911006
18,1,2,0,2.4,3.2,1,6.4,2,0,2,14.0,83,3.41,2,0.8965046417701628,11.540249794535706,0.8778301681657564,58057.92927986961,12.639731281317893,2.70805020110221,1.4350845252893227
18,0,2,0,5.1,2.8,1,7.8,3,1,1,15.0,95,2.89,2,1.7031011436641108,16.066200853784746,1.6102145113046793,83687.91518516612,7.590058642795928,2.772588722239781,1.33500106673234
17,1,0,4,4.1,2.9,0,6.0,2,0,2,4.0,90,3.46,2,1.466163943905982,10.347518899102251,0.8778301681657564,72290.34860143652,13.21482174546893,1.6094379124341003,1.3609765531356006
21,1,2,4,3.9,1.0,1,8.2,4,0,3,8.0,93,3.46,2,1.4122647058505842,17.455635531354325,2.261698926363226,79002.48980321265,13.21482174546893,2.1972245773362196,0.6931471805599453
18,0,2,4,6.9,1.3,1,5.5,1,1,3,21.0,72,2.63,1,2.0359078246346916,8.92242992355568,0.0,39506.21991155572,5.6492846350101855,3.091042453358316,0.832909122935104
20,0,2,0,2.8,1.1,1,7.0,2,0,2,3.0,97,3.84,2,1.0587970088869507,13.414325353558693,0.8778301681657564,88544.86579764642,18.147794866724794,1.3862943611198906,0.7419373447293773
17,1,0,6,4.4,2.3,1,5.8,1,0,0,12.0,77,3.62,2,1.5425211917840917,9.76858741311186,0.0,47382.81123366814,15.168408451034988,2.5649493574615367,1.1939224684724346
15,0,0,6,14.0,1.9,1,4.8,1,1,3,24.0,46,3.14,1,2.8364774847199032,7.054921429048166,0.0,11743.200224808417,9.81251648426725,3.2188758248682006,1.0647107369924282
21,1,2,4,4.1,2.0,1,7.1,2,0,2,4.0,77,3.57,2,1.466163943905982,13.736367236790857,0.8778301681657564,47382.81123366814,14.5390899446019,1.6094379124341003,1.0986122886681098
21,1,2,6,5.4,1.3,1,7.4,3,0,1,15.0,90,3.37,2,1.7656156766986153,14.718798218821261,1.6102145113046793,72290.34860143652,12.19151453362671,2.772588722239781,0.832909122935104
19,0,2,4,3.5,1.7,1,8.5,4,1,3,7.0,92,3.71,2,1.2961337421106984,18.524790399056656,2.261698926363226,76723.29848149381,16.345293814978213,2.0794415416798357,0.9932517730102833
16,1,0,4,9.4,2.6,1,5.4,1,1,3,18.0,74,3.04,2,2.381989542783344,8.646392457066119,0.0,42548.719285856496,8.879669149882293,2.9444389791664403,1.2809338454620642
19,1,2,4,1.4,1.4,1,7.9,3,0,4,11.0,89,4.0,2,0.3395493214925278,16.409652657927705,1.6102145113046793,70135.94297111471,20.53818254914221,2.4849066497880004,0.8754687373538999
18,1,2,3,5.3,2.5,1,7.4,3,1,2,13.0,83,3.77,2,1.7451507197105387,14.718798218821261,1.6102145113046793,58057.92927986961,17.161958728612845,2.6390573296152584,1.252762968495368
18,0,2,3,6.2,2.7,1,6.6,2,1,2,4.0,80,3.23,2,1.9175112322134875,12.15375076672696,0.8778301681657564,52549.50742605369,10.703919338092492,1.6094379124341003,1.308332819650179
20,0,2,0,8.9,1.3,1,5.3,1,1,3,22.0,63,2.96,1,2.320387654485076,8.3733992567368,0.0,27519.02697404476,8.175819212089252,3.1354942159291497,0.832909122935104
22,0,1,4,6.7,1.9,1,6.0,1,1,2,18.0,66,3.46,2,2.003284337102433,10.347518899102251,0.0,31213.358948090136,13.21482174546893,2.9444389791664403,1.0647107369924282
18,0,2,4,4.2,1.1,1,8.6,4,1,3,6.0,89,3.52,2,1.492187365993103,18.886266876241464,2.261698926363226,70135.94297111471,13.926977359533225,1.9459101490553132,0.7419373447293773
19,1,0,4,8.8,1.9,1,6.5,2,1,3,20.0,69,3.36,2,2.307675347857402,11.845587262709715,0.8778301681657564,35205.91224901557,12.08109121248574,3.044522437723423,1.0647107369924282
26,1,2,2,6.6,1.0,1,5.7,3,1,2,24.0,61,2.92,1,1.9866255656836118,9.483548899985696,1.6102145113046793,25217.052320963478,7.837703446786447,3.2188758248682006,0.6931471805599453
20,0,2,1,11.8,1.7,1,4.7,1,1,1,24.0,58,2.51,1,2.6402273159631737,6.800697609529523,0.0,21998.22133107918,4.871897187799562,3.2188758248682006,0.9932517730102833
21,1,2,4,2.4,2.6,1,7.7,4,0,3,4.0,92,4.0,2,0.8965046417701628,15.725375748712496,2.261698926363226,76723.29848149381,20.53818254914221,1.6094379124341003,1.2809338454620642
22,1,1,4,2.2,1.9,0,7.2,3,1,0,8.0,93,3.56,2,0.8054926939148117,14.061136801601103,1.6102145113046793,79002.48980321265,14.415298505689877,2.1972245773362196,1.0647107369924282
18,1,2,0,3.1,1.0,1,7.1,4,0,1,13.0,89,3.34,2,1.1666987907776478,13.736367236790857,2.261698926363226,70135.94297111471,11.862188377883385,2.6390573296152584,0.6931471805599453
16,0,0,3,2.7,0.0,1,7.9,2,1,3,4.0,98,3.65,2,1.0203866362587886,16.409652657927705,0.8778301681657564,91038.45997193112,15.554356557932616,1.6094379124341003,0.0
20,1,2,3,3.7,1.3,1,7.0,3,0,1,9.0,86,3.46,2,1.3556845124032513,13.414325353558693,1.6102145113046793,63917.09875329975,13.21482174546893,2.302585092994046,0.832909122935104
20,0,2,3,4.2,2.3,1,6.9,1,0,4,17.0,86,3.29,2,1.492187365993103,13.095026718981076,0.0,63917.09875329975,11.326181944781949,2.8903717578961645,1.1939224684724346
18,0,2,4,4.9,0.7,1,7.6,3,0,0,15.0,92,3.49,2,1.659461753676766,15.387190975810833,1.6102145113046793,76723.29848149381,13.567870467191462,2.772588722239781,0.5306282510621704
17,1,0,5,2.1,1.4,1,7.1,3,0,4,9.0,98,3.53,2,0.7570090469002981,13.736367236790857,1.6102145113046793,91038.45997193112,14.048034731048165,2.302585092994046,0.8754687373538999
21,0,2,4,8.6,1.5,1,4.8,1,0,2,18.0,53,3.25,1,2.2818354611447473,7.054921429048166,0.0,17233.337875033176,10.90882410064474,2.9444389791664403,0.9162907318741551
18,1,2,6,2.5,1.0,1,7.7,3,0,4,5.0,90,3.41,2,0.9393512133898587,15.725375748712496,1.6102145113046793,72290.34860143652,12.639731281317893,1.791759469228055,0.6931471805599453
17,1,0,3,6.6,1.4,0,6.8,3,1,1,11.0,78,3.34,2,1.9866255656836118,12.778487214922173,1.6102145113046793,49067.63473037756,11.862188377883385,2.4849066497880004,0.8754687373538999
16,1,0,4,6.5,1.9,1,7.5,2,1,1,11.0,77,3.26,2,1.9697262931476014,15.05166041856306,0.8778301681657564,47382.81123366814,11.012217184536736,2.4849066497880004,1.0647107369924282
17,1,0,2,2.7,0.4,1,7.8,3,0,2,7.0,92,3.46,2,1.0203866362587886,16.066200853784746,1.6102145113046793,76723.29848149381,13.21482174546893,2.0794415416798357,0.33647223662121295
20,0,2,4,1.1,2.7,1,7.6,4,0,2,4.0,90,4.0,2,0.09555600683054044,15.387190975810833,2.261698926363226,72290.34860143652,20.53818254914221,1.6094379124341003,1.308332819650179
22,1,1,4,4.2,2.0,1,8.0,3,0,2,14.0,86,3.95,2,1.492187365993103,16.755717770784734,1.6102145113046793,63917.09875329975,19.770392735367714,2.70805020110221,1.0986122886681098
16,0,0,0,5.1,1.9,1,6.3,2,1,3,13.0,88,3.71,2,1.7031011436641108,11.237755995802775,0.8778301681657564,68022.48375280312,16.345293814978213,2.6390573296152584,1.0647107369924282
18,0,2,3,2.2,2.3,1,7.1,2,0,3,9.0,79,3.8,2,0.8054926939148117,13.736367236790857,0.8778301681657564,50789.75419132553,17.58006637427118,2.302585092994046,1.1939224684724346
21,0,2,4,5.5,3.7,1,7.0,3,1,3,14.0,80,3.48,2,1.7857252215541248,13.414325353558693,1.6102145113046793,52549.50742605369,13.449516948333956,2.70805020110221,1.547562508716013
18,0,2,4,4.6,1.3,0,7.1,2,0,1,18.0,63,3.34,1,1.5907355499331142,13.736367236790857,0.8778301681657564,27519.02697404476,11.862188377883385,2.9444389791664403,0.832909122935104
20,1,2,3,2.8,1.5,2,7.5,4,0,0,8.0,80,4.0,2,1.0587970088869507,15.05166041856306,2.261698926363226,52549.50742605369,20.53818254914221,2.1972245773362196,0.9162907318741551
18,1,2,3,4.1,1.7,1,6.7,2,1,2,14.0,85,3.2,2,1.466163943905982,12.464723049102489,0.8778301681657564,61924.51734422166,10.401237330639699,2.70805020110221,0.9932517730102833
18,1,2,0,4.4,2.6,2,7.1,2,0,2,14.0,82,3.32,2,1.5425211917840917,13.736367236790857,0.8778301681657564,56183.26023893996,11.645864683908064,2.70805020110221,1.2809338454620642
20,1,2,5,6.4,2.4,1,5.9,3,1,3,15.0,75,3.14,2,1.9525792661508234,10.056584152579083,1.6102145113046793,44123.69453376821,9.81251648426725,2.772588722239781,1.2237754316221157
19,0,2,4,4.9,2.5,1,6.9,3,1,2,16.0,76,3.18,2,1.659461753676766,13.095026718981076,1.6102145113046793,45734.94462371378,10.202544009650545,2.833213344056216,1.252762968495368
18,1,0,0,6.2,1.1,1,6.4,3,1,3,17.0,78,2.96,2,1.9175112322134875,11.540249794535706,1.6102145113046793,49067.63473037756,8.175819212089252,2.8903717578961645,0.7419373447293773
18,0,2,4,10.0,1.4,1,5.4,1,1,3,25.0,56,3.31,1,2.4519451177756233,8.646392457066119,0.0,20004.147513716616,11.53866528811148,3.258096538021482,0.8754687373538999
18,0,2,1,7.2,1.2,1,6.9,3,0,2,20.0,62,3.3,1,2.0832033609937755,13.095026718981076,1.6102145113046793,26352.188477075142,11.432105005383404,3.044522437723423,0.7884573603642702
19,1,2,0,3.5,1.6,0,6.8,3,1,2,4.0,86,4.0,2,1.2961337421106984,12.778487214922173,1.6102145113046793,63917.09875329975,20.53818254914221,1.6094379124341003,0.9555114450274363
19,0,2,0,8.1,1.9,1,5.1,2,1,3,20.0,59,3.25,1,2.2146613748949004,7.836637933925062,0.8778301681657564,23040.434161822523,10.90882410064474,3.044522437723423,1.0647107369924282
22,1,2,4,9.7,2.3,1,6.7,3,1,2,23.0,66,3.09,1,2.41747908309299,12.464723049102489,1.6102145113046793,31213.358948090136,9.338624265751184,3.1780538303479458,1.1939224684724346
20,0,0,4,4.3,2.5,1,6.3,3,1,2,12.0,73,3.71,2,1.5176311317383155,11.237755995802775,1.6102145113046793,41009.67586813584,16.345293814978213,2.5649493574615367,1.252762968495368
21,1,2,6,4.0,2.5,1,6.0,3,0,0,9.0,79,3.69,2,1.4395330280586147,10.347518899102251,1.6102145113046793,50789.75419132553,16.07880955652339,2.302585092994046,1.252762968495368
17,1,0,0,2.8,1.9,1,7.8,2,1,3,12.0,90,3.76,2,1.0587970088869507,16.066200853784746,0.8778301681657564,72290.34860143652,17.024043975850308,2.5649493574615367,1.0647107369924282
15,1,0,4,5.9,1.8,1,5.7,3,1,0,14.0,80,2.91,2,1.8628491617376208,9.483548899985696,1.6102145113046793,52549.50742605369,7.7545924317854675,2.70805020110221,1.0296194171811581
16,0,0,0,2.4,2.1,1,6.2,2,0,3,12.0,91,3.5,2,0.8965046417701628,10.938123890491681,0.8778301681657564,74486.02575307926,13.686897116192466,2.5649493574615367,1.1314021114911006
21,1,2,4,4.0,2.6,1,8.1,3,0,3,15.0,90,4.0,2,1.4395330280586147,17.104383037428352,1.6102145113046793,72290.34860143652,20.53818254914221,2.772588722239781,1.2809338454620642
18,0,2,6,13.4,2.0,1,4.0,1,0,1,25.0,48,2.5,0,2.7860216216106717,5.112878346441948,0.0,13177.630667357054,4.810328499095882,3.258096538021482,1.0986122886681098
18,1,2,0,5.2,1.6,1,6.1,2,1,2,13.0,80,3.2,2,1.7243171824127188,10.641371908015127,0.8778301681657564,52549.50742605369,10.401237330639699,2.6390573296152584,0.9555114450274363
19,2,2,0,5.5,1.6,1,5.7,2,0,3,17.0,73,3.76,2,1.7857252215541248,9.483548899985696,0.8778301681657564,41009.67586813584,17.024043975850308,2.8903717578961645,0.9555114450274363
17,0,0,3,5.4,1.2,1,7.5,3,1,3,12.0,71,4.0,2,1.7656156766986153,15.05166041856306,1.6102145113046793,38038.0056657807,20.53818254914221,2.5649493574615367,0.7884573603642702
19,2,2,6,2.1,2.1,1,7.3,3,0,3,5.0,98,4.0,2,0.7570090469002981,14.388618785157242,1.6102145113046793,91038.45997193112,20.53818254914221,1.791759469228055,1.1314021114911006
18,0,2,5,6.4,2.9,1,5.9,1,1,3,17.0,68,3.26,2,1.9525792661508234,10.056584152579083,0.0,33841.334443280015,11.012217184536736,2.8903717578961645,1.3609765531356006
19,0,2,0,8.4,1.1,1,5.9,1,1,3,26.0,65,3.46,1,2.2554207388342977,10.056584152579083,0.0,29949.25362327995,13.21482174546893,3.295836866004329,0.7419373447293773
17,1,0,3,4.6,3.1,1,5.9,3,1,2,14.0,72,3.68,2,1.5907355499331142,10.056584152579083,1.6102145113046793,39506.21991155572,15.946634697155112,2.70805020110221,1.410986973710262
21,0,2,4,1.9,1.6,1,7.0,3,0,4,1.0,98,3.88,2,0.6531132144998397,13.414325353558693,1.6102145113046793,91038.45997193112,18.72735011125622,0.6931471805599453,0.9555114450274363
17,1,0,0,4.9,1.2,1,6.6,3,1,2,12.0,81,3.06,2,1.659461753676766,12.15375076672696,1.6102145113046793,54347.230996866165,9.06147389329403,2.5649493574615367,0.7884573603642702
18,1,2,6,4.2,2.8,1,6.8,2,1,2,6.0,88,3.3,2,1.492187365993103,12.778487214922173,0.8778301681657564,68022.48375280312,11.432105005383404,1.9459101490553132,1.33500106673234
18,0,2,4,2.3,1.3,1,8.1,3,0,4,8.0,98,3.73,2,0.8519347810161471,17.104383037428352,1.6102145113046793,91038.45997193112,16.614636703065745,2.1972245773362196,0.832909122935104
17,0,0,0,5.7,1.1,1,5.4,2,1,3,21.0,81,3.42,2,1.8249272994757757,8.646392457066119,0.8778301681657564,54347.230996866165,12.753425783763895,3.091042453358316,0.7419373447293773
19,1,2,0,3.3,1.2,1,7.8,3,0,2,11.0,98,3.64,2,1.2332726085820729,16.066200853784746,1.6102145113046793,91038.45997193112,15.425006368156271,2.4849066497880004,0.7884573603642702
18,0,2,0,6.6,1.0,0,6.4,2,1,0,14.0,70,3.06,2,1.9866255656836118,11.540249794535706,0.8778301681657564,36604.68597434723,9.06147389329403,2.70805020110221,0.6931471805599453
22,0,1,0,12.4,1.3,1,3.5,2,1,0,33.0,44,2.59,0,2.696975339309754,4.009728565370655,0.8778301681657564,10411.425745453509,5.382153841105391,3.5263605246161616,0.832909122935104
18,1,2,1,3.8,1.2,0,6.7,2,0,1,19.0,98,2.96,2,1.384326776898207,12.464723049102489,0.8778301681657564,91038.45997193112,8.175819212089252,2.995732273553991,0.7884573603642702
18,1,2,4,9.3,2.0,1,6.0,1,1,3,24.0,67,2.87,1,2.36992126816704,10.347518899102251,0.0,32510.60102499727,7.4277632011547565,3.2188758248682006,1.0986122886681098
18,0,2,4,3.9,2.1,1,7.5,3,1,0,14.0,85,3.11,2,1.4122647058505842,15.05166041856306,1.6102145113046793,61924.51734422166,9.52637544624165,2.70805020110221,1.1314021114911006
19,0,2,4,5.8,2.9,1,7.1,2,1,1,16.0,72,3.28,2,1.8440428632175376,13.736367236790857,0.8778301681657564,39506.21991155572,11.220894215246592,2.833213344056216,1.3609765531356006
16,0,0,4,5.9,0.6,2,5.8,3,1,2,13.0,78,3.63,2,1.8628491617376208,9.76858741311186,1.6102145113046793,49067.63473037756,15.296357628263685,2.6390573296152584,0.4700036292457356
17,0,0,6,4.7,2.6,1,6.7,3,0,4,9.0,88,3.42,2,1.6141037337096489,12.464723049102489,1.6102145113046793,68022.48375280312,12.753425783763895,2.302585092994046,1.2809338454620642
18,0,2,6,4.1,1.8,1,7.1,4,0,1,6.0,92,3.34,2,1.466163943905982,13.736367236790857,2.261698926363226,76723.29848149381,11.862188377883385,1.9459101490553132,1.0296194171811581
18,0,2,0,7.6,2.8,1,6.3,2,1,0,22.0,73,3.28,1,2.1434440944290047,11.237755995802775,0.8778301681657564,41009.67586813584,11.220894215246592,3.1354942159291497,1.33500106673234
15,0,0,4,2.7,2.4,1,8.1,4,1,1,15.0,94,3.77,2,1.0203866362587886,17.104383037428352,2.261698926363226,81323.92171042044,17.161958728612845,2.772588722239781,1.2237754316221157
16,1,0,0,8.2,3.5,1,5.7,2,0,2,20.0,69,3.21,1,2.228404239984151,9.483548899985696,0.8778301681657564,35205.91224901557,10.501510504182985,3.044522437723423,1.5040773967762742
20,0,2,6,7.2,1.1,1,6.3,2,1,1,17.0,75,2.83,2,2.0832033609937755,11.237755995802775,0.8778301681657564,44123.69453376821,7.10982667490936,2.8903717578961645,0.7419373447293773
17,1,0,4,6.9,1.0,1,5.8,2,0,2,13.0,78,2.75,2,2.0359078246346916,9.76858741311186,0.8778301681657564,49067.63473037756,6.5001461320525165,2.6390573296152584,0.6931471805599453
18,0,0,5,2.9,1.7,1,7.9,4,0,4,2.0,89,3.19,2,1.095930983777979,16.409652657927705,2.261698926363226,70135.94297111471,10.301582463218029,1.0986122886681098,0.9932517730102833
17,0,0,0,2.6,1.9,1,8.9,4,0,3,5.0,93,3.41,2,0.9806061985963926,19.985804516313625,2.261698926363226,79002.48980321265,12.639731281317893,1.791759469228055,1.0647107369924282
17,0,0,6,2.3,2.6,1,7.4,3,0,4,1.0,88,3.52,2,0.8519347810161471,14.718798218821261,1.6102145113046793,68022.48375280312,13.926977359533225,0.6931471805599453,1.2809338454620642
19,1,2,0,4.4,2.8,1,8.4,3,0,2,0.0,85,3.83,2,1.5425211917840917,18.16585159714471,1.6102145113046793,61924.51734422166,18.00475869836222,0.0,1.33500106673234
17,1,0,0,5.7,2.0,1,6.5,2,1,0,18.0,84,3.06,2,1.8249272994757757,11.845587262709715,0.8778301681657564,59971.57105866405,9.06147389329403,2.9444389791664403,1.0986122886681098
20,1,2,4,9.0,1.4,2,5.4,1,1,2,23.0,70,3.05,1,2.332965554974335,8.646392457066119,0.0,36604.68597434723,8.970276567071865,3.1780538303479458,0.8754687373538999
16,0,0,6,5.3,3.1,1,6.9,3,0,2,15.0,89,3.99,2,1.7451507197105387,13.095026718981076,1.6102145113046793,70135.94297111471,20.38309347972413,2.772588722239781,1.410986973710262
19,1,2,3,9.1,2.6,1,5.9,1,1,1,22.0,62,2.94,1,2.345411940339193,10.056584152579083,0.0,26352.188477075142,8.005623197120133,3.1354942159291497,1.2809338454620642
20,1,2,4,3.6,2.1,1,7.5,4,0,0,7.0,89,4.0,2,1.3263003819268158,15.05166041856306,2.261698926363226,70135.94297111471,20.53818254914221,2.0794415416798357,1.1314021114911006
19,0,2,0,7.9,2.3,1,6.2,1,1,3,26.0,54,3.31,1,2.186687359322709,10.938123890491681,0.0,18128.066722063846,11.53866528811148,3.295836866004329,1.1939224684724346
18,0,2,4,6.6,1.9,1,5.5,1,1,4,11.0,73,3.37,2,1.9866255656836118,8.92242992355568,0.0,41009.67586813584,12.19151453362671,2.4849066497880004,1.0647107369924282
18,1,2,0,2.8,2.3,1,7.7,4,0,3,12.0,88,4.0,2,1.0587970088869507,15.725375748712496,2.261698926363226,68022.48375280312,20.53818254914221,2.5649493574615367,1.1939224684724346
16,0,0,0,3.1,0.9,1,7.0,3,0,2,9.0,85,3.53,2,1.1666987907776478,13.414325353558693,1.6102145113046793,61924.51734422166,14.048034731048165,2.302585092994046,0.6418538861723948
19,2,2,0,1.0,3.0,1,9.2,4,1,3,0.0,98,4.0,2,0.0,21.107764803377655,2.261698926363226,91038.45997193112,20.53818254914221,0.0,1.3862943611198906
21,1,2,4,4.9,2.6,1,5.5,2,1,4,12.0,77,3.27,2,1.659461753676766,8.92242992355568,0.8778301681657564,47382.81123366814,11.116239925597819,2.5649493574615367,1.2809338454620642
15,0,0,0,4.5,1.7,1,7.6,3,1,0,9.0,87,3.05,2,1.5668817774441797,15.387190975810833,1.6102145113046793,65949.64476800284,8.970276567071865,2.302585092994046,0.9932517730102833
20,0,0,4,4.8,0.9,1,5.9,1,1,2,16.0,75,3.69,2,1.6370062359244075,10.056584152579083,0.0,44123.69453376821,16.07880955652339,2.833213344056216,0.6418538861723948
23,1,1,0,5.5,1.8,0,8.1,4,1,4,10.0,87,3.43,2,1.7857252215541248,17.104383037428352,2.261698926363226,65949.64476800284,12.867780191912736,2.3978952727983707,1.0296194171811581
20,1,2,4,1.7,2.0,1,7.6,2,1,2,10.0,93,3.45,2,0.5383079872264196,15.387190975810833,0.8778301681657564,79002.48980321265,13.098476283389891,2.3978952727983707,1.0986122886681098
17,1,0,2,5.0,1.9,1,7.6,3,1,4,15.0,84,3.49,2,1.681487870546516,15.387190975810833,1.6102145113046793,59971.57105866405,13.567870467191462,2.772588722239781,1.0647107369924282
17,1,0,2,6.8,1.8,1,6.7,2,1,3,17.0,76,3.85,2,2.019709544031315,12.464723049102489,0.8778301681657564,45734.94462371378,18.291570207219255,2.8903717578961645,1.0296194171811581
17,0,0,6,5.3,1.8,1,5.3,1,1,1,12.0,71,3.57,2,1.7451507197105387,8.3733992567368,0.0,38038.0056657807,14.5390899446019,2.5649493574615367,1.0296194171811581
19,1,2,3,4.5,2.3,1,7.1,3,0,2,6.0,83,3.8,2,1.5668817774441797,13.736367236790857,1.6102145113046793,58057.92927986961,17.58006637427118,1.9459101490553132,1.1939224684724346
21,0,2,2,2.2,1.7,1,7.9,3,0,1,1.0,89,3.78,2,0.8054926939148117,16.409652657927705,1.6102145113046793,70135.94297111471,17.300599455458382,0.6931471805599453,0.9932517730102833
18,0,2,1,5.8,2.5,1,7.2,4,0,3,19.0,84,3.96,2,1.8440428632175376,14.061136801601103,2.261698926363226,59971.57105866405,19.922423358919016,2.995732273553991,1.252762968495368
16,1,0,4,3.8,2.3,1,6.9,3,0,4,7.0,82,3.26,2,1.384326776898207,13.095026718981076,1.6102145113046793,56183.26023893996,11.012217184536736,2.0794415416798357,1.1939224684724346
20,1,2,5,8.0,2.5,0,4.7,2,1,3,21.0,53,3.19,1,2.2007570648755084,6.800697609529523,0.8778301681657564,17233.337875033176,10.301582463218029,3.091042453358316,1.252762968495368
18,1,2,0,6.6,1.7,1,5.6,2,1,2,9.0,79,2.89,2,1.9866255656836118,9.201489326998276,0.8778301681657564,50789.75419132553,7.590058642795928,2.302585092994046,0.9932517730102833
16,2,0,6,4.3,1.5,1,7.0,2,0,1,15.0,88,3.22,2,1.5176311317383155,13.414325353558693,0.8778301681657564,68022.48375280312,10.602403875992923,2.772588722239781,0.9162907318741551
19,1,2,4,1.4,1.6,1,7.8,4,0,2,7.0,98,4.0,2,0.3395493214925278,16.066200853784746,2.261698926363226,91038.45997193112,20.53818254914221,2.0794415416798357,0.9555114450274363
19,0,0,3,2.9,0.4,1,7.6,2,1,2,2.0,96,4.0,2,1.095930983777979,15.387190975810833,0.8778301681657564,86094.79021322812,20.53818254914221,1.0986122886681098,0.33647223662121295
18,3,2,0,5.1,1.5,1,7.2,2,1,4,6.0,86,3.31,2,1.7031011436641108,14.061136801601103,0.8778301681657564,63917.09875329975,11.53866528811148,1.9459101490553132,0.9162907318741551
18,1,2,0,6.9,1.1,1,5.3,1,1,3,25.0,63,2.97,1,2.0359078246346916,8.3733992567368,0.0,27519.02697404476,8.261775557384002,3.258096538021482,0.7419373447293773
18,0,2,0,4.8,2.1,1,6.2,3,0,1,9.0,79,3.84,2,1.6370062359244075,10.938123890491681,1.6102145113046793,50789.75419132553,18.147794866724794,2.302585092994046,1.1314021114911006
17,0,0,6,5.5,2.2,1,7.5,2,1,0,13.0,77,3.31,2,1.7857252215541248,15.05166041856306,0.8778301681657564,47382.81123366814,11.53866528811148,2.6390573296152584,1.1631508098056809
19,0,2,6,5.3,1.3,0,6.7,3,0,2,23.0,61,2.86,1,1.7451507197105387,12.464723049102489,1.6102145113046793,25217.052320963478,7.347450119829864,3.1780538303479458,0.832909122935104
20,0,2,4,2.9,1.6,1,7.7,3,0,1,11.0,85,3.41,2,1.095930983777979,15.725375748712496,1.6102145113046793,61924.51734422166,12.639731281317893,2.4849066497880004,0.9555114450274363
16,0,0,4,4.9,2.6,1,7.0,1,0,2,26.0,85,3.45,2,1.659461753676766,13.414325353558693,0.0,61924.51734422166,13.098476283389891,3.295836866004329,1.2809338454620642
20,0,2,5,2.1,1.6,1,7.2,4,0,4,11.0,78,3.45,2,0.7570090469002981,14.061136801601103,2.261698926363226,49067.63473037756,13.098476283389891,2.4849066497880004,0.9555114450274363
16,0,0,0,8.6,2.3,1,4.5,1,1,4,22.0,58,2.77,1,2.2818354611447473,6.301933826278156,0.0,21998.22133107918,6.6493301515664,3.1354942159291497,1.1939224684724346
18,1,2,0,8.9,2.0,1,6.4,2,0,0,18.0,59,3.66,2,2.320387654485076,11.540249794535706,0.8778301681657564,23040.434161822523,15.684410084705304,2.9444389791664403,1.0986122886681098
16,1,0,0,4.7,1.8,1,5.5,2,1,2,8.0,72,4.0,2,1.6141037337096489,8.92242992355568,0.8778301681657564,39506.21991155572,20.53818254914221,2.1972245773362196,1.0296194171811581
21,0,2,0,3.8,1.7,1,7.2,3,0,1,9.0,79,3.84,2,1.384326776898207,14.061136801601103,1.6102145113046793,50789.75419132553,18.147794866724794,2.302585092994046,0.9932517730102833
20,0,2,6,6.2,1.0,1,7.5,2,1,2,11.0,71,3.54,2,1.9175112322134875,15.05166041856306,0.8778301681657564,38038.0056657807,14.169772787057607,2.4849066497880004,0.6931471805599453
21,0,0,0,5.0,2.9,1,7.1,3,0,2,13.0,81,4.0,2,1.681487870546516,13.736367236790857,1.6102145113046793,54347.230996866165,20.53818254914221,2.6390573296152584,1.3609765531356006
17,0,0,6,6.0,2.6,1,7.2,2,1,2,9.0,79,3.89,2,1.8813563150191603,14.061136801601103,0.8778301681657564,50789.75419132553,18.87410098953472,2.302585092994046,1.2809338454620642
15,1,0,6,1.9,1.8,0,7.1,3,0,3,6.0,97,3.42,2,0.6531132144998397,13.736367236790857,1.6102145113046793,88544.86579764642,12.753425783763895,1.9459101490553132,1.0296194171811581
18,0,2,6,5.0,0.3,1,5.8,2,1,2,10.0,92,3.09,2,1.681487870546516,9.76858741311186,0.8778301681657564,76723.29848149381,9.338624265751184,2.3978952727983707,0.262364264467491
20,1,2,0,5.0,1.2,2,6.4,3,1,1,6.0,73,3.99,2,1.681487870546516,11.540249794535706,1.6102145113046793,41009.67586813584,20.38309347972413,1.9459101490553132,0.7884573603642702
21,1,2,2,7.3,3.4,1,6.1,1,1,2,15.0,83,3.26,2,2.09855491776158,10.641371908015127,0.0,58057.92927986961,11.012217184536736,2.772588722239781,1.4816045409242156
17,1,0,4,12.2,3.0,0,5.9,1,1,3,30.0,49,2.88,0,2.678353554567644,10.056584152579083,0.0,13934.324543079843,7.508632076674728,3.4339872044851463,1.3862943611198906
19,0,2,0,3.3,0.9,1,7.4,3,0,1,6.0,87,3.49,2,1.2332726085820729,14.718798218821261,1.6102145113046793,65949.64476800284,13.567870467191462,1.9459101490553132,0.6418538861723948
16,0,0,4,5.0,1.1,1,6.4,3,0,1,12.0,69,3.46,2,1.681487870546516,11.540249794535706,1.6102145113046793,35205.91224901557,13.21482174546893,2.5649493574615367,0.7419373447293773
17,0,0,3,4.5,1.4,1,6.6,3,0,4,11.0,81,3.77,2,1.5668817774441797,12.15375076672696,1.6102145113046793,54347.230996866165,17.161958728612845,2.4849066497880004,0.8754687373538999
17,0,0,6,4.6,0.6,1,7.2,3,0,3,10.0,88,3.55,2,1.5907355499331142,14.061136801601103,1.6102145113046793,68022.48375280312,14.292193415871623,2.3978952727983707,0.4700036292457356
18,0,2,3,6.8,1.9,1,5.9,2,1,2,17.0,70,2.64,1,2.019709544031315,10.056584152579083,0.8778301681657564,36604.68597434723,5.7173381789449556,2.8903717578961645,1.0647107369924282
17,0,0,3,3.5,2.0,1,7.2,2,1,4,13.0,85,3.97,2,1.2961337421106984,14.061136801601103,0.8778301681657564,61924.51734422166,20.075215768293244,2.6390573296152584,1.0986122886681098
18,0,2,0,5.0,1.4,0,7.0,2,0,4,7.0,90,3.4,2,1.681487870546516,13.414325353558693,0.8778301681657564,72290.34860143652,12.526694794914107,2.0794415416798357,0.8754687373538999
19,1,2,5,3.9,2.2,1,7.9,3,0,4,8.0,87,3.16,2,1.4122647058505842,16.409652657927705,1.6102145113046793,65949.64476800284,10.006308774393966,2.1972245773362196,1.1631508098056809
21,0,0,0,11.1,1.9,1,3.1,1,1,1,32.0,49,2.67,0,2.5704644360674704,3.1922187488677087,0.0,13934.324543079843,5.924579237757003,3.4965075614664802,1.0647107369924282
15,1,0,4,3.9,1.7,1,7.1,3,1,1,9.0,78,3.74,2,1.4122647058505842,13.736367236790857,1.6102145113046793,49067.63473037756,16.750384849080206,2.302585092994046,0.9932517730102833
19,0,0,6,5.3,1.6,1,6.4,2,1,2,9.0,86,3.7,2,1.7451507197105387,11.540249794535706,0.8778301681657564,63917.09875329975,16.211695300270975,2.302585092994046,0.9555114450274363
16,1,0,0,10.0,2.2,1,4.1,1,1,1,32.0,53,2.95,0,2.4519451177756233,5.343953906546689,0.0,17233.337875033176,8.090435723777606,3.4965075614664802,1.1631508098056809
16,0,0,4,3.4,2.1,1,6.8,3,0,4,15.0,98,4.0,2,1.2651404807900501,12.778487214922173,1.6102145113046793,91038.45997193112,20.53818254914221,2.772588722239781,1.1314021114911006
19,1,2,0,6.1,1.7,1,7.0,3,1,3,5.0,85,3.55,2,1.8995739499976299,13.414325353558693,1.6102145113046793,61924.51734422166,14.292193415871623,1.791759469228055,0.9932517730102833
17,1,0,6,3.1,2.1,1,7.7,3,1,1,1.0,93,3.93,2,1.1666987907776478,15.725375748712496,1.6102145113046793,79002.48980321265,19.4686093099294,0.6931471805599453,1.1314021114911006
17,0,0,4,2.8,0.5,1,7.8,4,0,1,8.0,87,3.52,2,1.0587970088869507,16.066200853784746,2.261698926363226,65949.64476800284,13.926977359533225,2.1972245773362196,0.4054651081081644
17,0,0,6,5.7,1.4,1,6.7,2,1,1,12.0,68,3.21,2,1.8249272994757757,12.464723049102489,0.8778301681657564,33841.334443280015,10.501510504182985,2.5649493574615367,0.8754687373538999
18,1,2,0,9.0,3.1,1,6.9,2,1,3,19.0,72,3.08,2,2.332965554974335,13.095026718981076,0.8778301681657564,39506.21991155572,9.245645848802152,2.995732273553991,1.410986973710262
17,0,0,3,8.6,1.4,0,4.9,2,1,2,26.0,58,3.1,1,2.2818354611447473,7.3123368290812865,0.8778301681657564,21998.22133107918,9.43220016705984,3.295836866004329,0.8754687373538999
20,1,2,4,4.9,1.3,1,7.9,3,0,2,14.0,86,3.86,2,1.659461753676766,16.409652657927705,1.6102145113046793,63917.09875329975,18.436086604872493,2.70805020110221,0.832909122935104
16,0,0,6,6.5,1.8,0,6.0,1,1,1,17.0,70,2.84,1,1.9697262931476014,10.347518899102251,0.0,36604.68597434723,7.188483753456278,2.8903717578961645,1.0296194171811581
20,1,2,0,3.1,2.3,1,7.3,4,0,3,1.0,90,3.84,2,1.1666987907776478,14.388618785157242,2.261698926363226,72290.34860143652,18.147794866724794,0.6931471805599453,1.1939224684724346
17,1,0,6,3.5,3.9,1,8.2,4,1,2,5.0,80,3.71,2,1.2961337421106984,17.455635531354325,2.261698926363226,52549.50742605369,16.345293814978213,1.791759469228055,1.589235205116581
19,1,2,4,4.1,2.2,1,6.6,3,1,1,13.0,84,3.83,2,1.466163943905982,12.15375076672696,1.6102145113046793,59971.57105866405,18.00475869836222,2.6390573296152584,1.1631508098056809
19,1,2,0,5.0,2.1,1,7.4,3,1,3,8.0,92,3.44,2,1.681487870546516,14.718798218821261,1.6102145113046793,76723.29848149381,12.982796395310663,2.1972245773362196,1.1314021114911006
21,0,0,0,2.1,1.8,1,8.4,4,1,3,5.0,98,3.64,2,0.7570090469002981,18.16585159714471,2.261698926363226,91038.45997193112,15.425006368156271,1.791759469228055,1.0296194171811581
18,0,2,0,5.8,2.9,1,6.6,2,0,2,14.0,87,3.64,2,1.8440428632175376,12.15375076672696,0.8778301681657564,65949.64476800284,15.425006368156271,2.70805020110221,1.3609765531356006
17,0,0,0,3.8,1.8,1,8.3,4,0,2,14.0,85,3.78,2,1.384326776898207,17.809462547767687,2.261698926363226,61924.51734422166,17.300599455458382,2.70805020110221,1.0296194171811581
19,2,2,0,5.1,0.7,1,7.8,3,1,1,16.0,81,3.55,2,1.7031011436641108,16.066200853784746,1.6102145113046793,54347.230996866165,14.292193415871623,2.833213344056216,0.5306282510621704
26,0,1,6,1.9,1.7,1,9.1,4,1,4,5.0,91,3.83,2,0.6531132144998397,20.73130520980927,2.261698926363226,74486.02575307926,18.00475869836222,1.791759469228055,0.9932517730102833
21,0,2,3,4.9,1.4,1,7.1,1,0,0,11.0,93,3.35,2,1.659461753676766,13.736367236790857,0.0,79002.48980321265,11.971316457356032,2.4849066497880004,0.8754687373538999
16,1,0,4,5.5,2.6,1,5.9,2,1,3,11.0,76,3.76,2,1.7857252215541248,10.056584152579083,0.8778301681657564,45734.94462371378,17.024043975850308,2.4849066497880004,1.2809338454620642
18,1,2,4,3.0,2.7,1,7.7,3,0,0,8.0,88,3.74,2,1.1318728617817535,15.725375748712496,1.6102145113046793,68022.48375280312,16.750384849080206,2.1972245773362196,1.308332819650179
18,0,2,0,6.0,1.5,1,7.8,3,1,2,13.0,81,3.44,2,1.8813563150191603,16.066200853784746,1.6102145113046793,54347.230996866165,12.982796395310663,2.6390573296152584,0.9162907318741551
21,1,2,0,7.8,1.8,1,5.9,1,1,4,19.0,74,3.32,2,2.172448159416712,10.056584152579083,0.0,42548.719285856496,11.645864683908064,2.995732273553991,1.0296194171811581
17,0,0,0,2.0,1.6,1,7.1,3,0,1,9.0,98,3.68,2,0.7062901854968463,13.736367236790857,1.6102145113046793,91038.45997193112,15.946634697155112,2.302585092994046,0.9555114450274363
26,0,1,4,3.9,1.7,1,6.6,1,1,0,11.0,73,3.26,2,1.4122647058505842,12.15375076672696,0.0,41009.67586813584,11.012217184536736,2.4849066497880004,0.9932517730102833
18,1,2,3,3.9,1.1,1,8.5,3,0,3,13.0,97,3.52,2,1.4122647058505842,18.524790399056656,1.6102145113046793,88544.86579764642,13.926977359533225,2.6390573296152584,0.7419373447293773
18,0,0,0,7.9,0.3,1,5.0,1,1,2,17.0,60,3.41,2,2.186687359322709,7.5729175150710875,0.0,24113.25572387178,12.639731281317893,2.8903717578961645,0.262364264467491
18,1,2,4,6.9,1.8,1,6.2,2,1,4,14.0,70,3.29,2,2.0359078246346916,10.938123890491681,0.8778301681657564,36604.68597434723,11.326181944781949,2.70805020110221,1.0296194171811581
15,1,0,5,1.5,1.7,1,8.6,4,1,2,6.0,94,3.81,2,0.4099390405603449,18.886266876241464,2.261698926363226,81323.92171042044,17.720896337416892,1.9459101490553132,0.9932517730102833
18,3,2,5,9.3,2.0,1,5.8,1,1,1,19.0,73,2.96,1,2.36992126816704,9.76858741311186,0.0,41009.67586813584,8.175819212089252,2.995732273553991,1.0986122886681098
20,0,2,4,3.7,3.0,1,9.0,3,0,2,11.0,85,3.97,2,1.3556845124032513,20.357314790663057,1.6102145113046793,61924.51734422166,20.075215768293244,2.4849066497880004,1.3862943611198906
20,1,2,4,9.4,1.6,1,6.0,1,1,4,16.0,65,3.03,1,2.381989542783344,10.347518899102251,0.0,29949.25362327995,8.789649747573227,2.833213344056216,0.9555114450274363
17,3,0,0,6.2,2.0,1,6.6,3,1,3,18.0,81,3.45,2,1.9175112322134875,12.15375076672696,1.6102145113046793,54347.230996866165,13.098476283389891,2.9444389791664403,1.0986122886681098
19,1,0,4,4.5,1.5,1,6.6,2,0,4,8.0,88,3.64,2,1.5668817774441797,12.15375076672696,0.8778301681657564,68022.48375280312,15.425006368156271,2.1972245773362196,0.9162907318741551
20,1,2,6,3.0,2.7,1,7.5,3,1,3,13.0,90,3.54,2,1.1318728617817535,15.05166041856306,1.6102145113046793,72290.34860143652,14.169772787057607,2.6390573296152584,1.308332819650179
18,1,2,3,4.5,2.6,1,7.2,3,0,1,9.0,90,4.0,2,1.5668817774441797,14.061136801601103,1.6102145113046793,72290.34860143652,20.53818254914221,2.302585092994046,1.2809338454620642
16,0,0,5,2.9,0.9,1,8.2,4,0,4,9.0,93,3.17,2,1.095930983777979,17.455635531354325,2.261698926363226,79002.48980321265,10.104120077547,2.302585092994046,0.6418538861723948
19,0,0,2,3.5,2.4,0,8.2,3,0,2,19.0,90,3.73,2,1.2961337421106984,17.455635531354325,1.6102145113046793,72290.34860143652,16.614636703065745,2.995732273553991,1.2237754316221157
18,2,2,6,8.8,1.9,1,5.2,1,1,3,29.0,60,3.39,1,2.307675347857402,8.103473238889842,0.0,24113.25572387178,12.41431443477717,3.4011973816621555,1.0647107369924282
18,0,2,6,3.2,0.0,1,6.3,2,0,2,10.0,88,3.14,2,1.2004777883442346,11.237755995802775,0.8778301681657564,68022.48375280312,9.81251648426725,2.3978952727983707,0.0
19,1,2,5,3.2,1.9,1,8.0,3,0,2,16.0,90,3.58,2,1.2004777883442346,16.755717770784734,1.6102145113046793,72290.34860143652,14.663569620587477,2.833213344056216,1.0647107369924282
19,0,2,3,4.4,0.8,1,6.2,2,0,4,14.0,81,3.6,2,1.5425211917840917,10.938123890491681,0.8778301681657564,54347.230996866165,14.914601235151155,2.70805020110221,0.5877866649021191
19,0,2,4,4.7,1.2,1,6.1,2,0,2,8.0,78,3.64,2,1.6141037337096489,10.641371908015127,0.8778301681657564,49067.63473037756,15.425006368156271,2.1972245773362196,0.7884573603642702
24,0,1,0,3.7,1.7,1,7.5,4,0,4,8.0,95,3.35,2,1.3556845124032513,15.05166041856306,2.261698926363226,83687.91518516612,11.971316457356032,2.1972245773362196,0.9932517730102833
18,0,2,2,3.6,2.4,1,7.8,2,1,0,6.0,93,3.51,2,1.3263003819268158,16.066200853784746,0.8778301681657564,79002.48980321265,13.806598784091944,1.9459101490553132,1.2237754316221157
16,0,0,0,9.6,1.8,1,5.1,1,1,2,19.0,68,3.7,2,2.4057660247033263,7.836637933925062,0.0,33841.334443280015,16.211695300270975,2.995732273553991,1.0296194171811581
17,0,0,3,6.0,1.4,1,7.7,3,1,2,17.0,78,3.35,2,1.8813563150191603,15.725375748712496,1.6102145113046793,49067.63473037756,11.971316457356032,2.8903717578961645,0.8754687373538999
19,1,2,4,2.8,0.9,1,7.3,3,0,3,7.0,97,3.5,2,1.0587970088869507,14.388618785157242,1.6102145113046793,88544.86579764642,13.686897116192466,2.0794415416798357,0.6418538861723948
19,0,2,6,2.6,2.2,1,6.8,2,1,3,8.0,87,3.48,2,0.9806061985963926,12.778487214922173,0.8778301681657564,65949.64476800284,13.449516948333956,2.1972245773362196,1.1631508098056809
22,0,2,4,2.6,0.6,1,7.1,3,0,1,4.0,96,3.8,2,0.9806061985963926,13.736367236790857,1.6102145113046793,86094.79021322812,17.58006637427118,1.6094379124341003,0.4700036292457356
19,0,2,1,2.7,2.3,1,7.8,4,1,2,9.0,90,4.0,2,1.0203866362587886,16.066200853784746,2.261698926363226,72290.34860143652,20.53818254914221,2.302585092994046,1.1939224684724346
17,0,0,4,2.9,1.2,1,8.6,3,0,3,2.0,95,3.9,2,1.095930983777979,18.886266876241464,1.6102145113046793,83687.91518516612,19.021600464068523,1.0986122886681098,0.7884573603642702
17,0,0,2,3.2,1.6,2,7.8,3,0,2,13.0,92,3.81,2,1.2004777883442346,16.066200853784746,1.6102145113046793,76723.29848149381,17.720896337416892,2.6390573296152584,0.9555114450274363
22,3,1,0,5.7,0.7,1,5.9,3,0,1,7.0,72,3.48,2,1.8249272994757757,10.056584152579083,1.6102145113046793,39506.21991155572,13.449516948333956,2.0794415416798357,0.5306282510621704
18,1,2,5,4.0,1.8,1,7.2,3,0,1,11.0,86,3.71,2,1.4395330280586147,14.061136801601103,1.6102145113046793,63917.09875329975,16.345293814978213,2.4849066497880004,1.0296194171811581
20,0,2,4,4.0,1.1,1,6.1,2,1,2,11.0,80,4.0,2,1.4395330280586147,10.641371908015127,0.8778301681657564,52549.50742605369,20.53818254914221,2.4849066497880004,0.7419373447293773
19,2,2,3,5.5,1.8,0,6.4,3,1,2,9.0,82,2.94,2,1.7857252215541248,11.540249794535706,1.6102145113046793,56183.26023893996,8.005623197120133,2.302585092994046,1.0296194171811581
18,1,2,3,3.6,1.7,0,7.9,2,0,3,13.0,89,3.85,2,1.3263003819268158,16.409652657927705,0.8778301681657564,70135.94297111471,18.291570207219255,2.6390573296152584,0.9932517730102833
20,0,2,0,4.1,0.0,1,6.7,4,0,1,16.0,84,3.78,2,1.466163943905982,12.464723049102489,2.261698926363226,59971.57105866405,17.300599455458382,2.833213344056216,0.0
18,2,2,5,3.5,2.4,1,7.1,4,0,2,13.0,81,3.8,2,1.2961337421106984,13.736367236790857,2.261698926363226,54347.230996866165,17.58006637427118,2.6390573296152584,1.2237754316221157
20,1,2,1,5.1,2.0,1,5.5,1,1,2,21.0,77,3.26,2,1.7031011436641108,8.92242992355568,0.0,47382.81123366814,11.012217184536736,3.091042453358316,1.0986122886681098
18,1,2,3,8.4,1.1,1,5.4,1,1,2,25.0,63,3.21,1,2.2554207388342977,8.646392457066119,0.0,27519.02697404476,10.501510504182985,3.258096538021482,0.7419373447293773
16,1,0,4,8.5,2.2,1,4.9,1,1,3,18.0,66,3.37,2,2.268701594475235,7.3123368290812865,0.0,31213.358948090136,12.19151453362671,2.9444389791664403,1.1631508098056809
18,3,2,5,2.3,1.4,1,9.3,4,1,3,5.0,96,4.0,2,0.8519347810161471,21.486682768630658,2.261698926363226,86094.79021322812,20.53818254914221,1.791759469228055,0.8754687373538999
17,0,0,0,7.2,1.6,1,7.4,2,1,1,14.0,90,3.37,2,2.0832033609937755,14.718798218821261,0.8778301681657564,72290.34860143652,12.19151453362671,2.70805020110221,0.9555114450274363
21,0,2,3,5.5,1.7,1,5.2,2,1,2,5.0,73,3.72,2,1.7857252215541248,8.103473238889842,0.8778301681657564,41009.67586813584,16.479606987119947,1.791759469228055,0.9932517730102833
18,1,0,0,9.0,1.9,1,6.4,1,1,3,18.0,72,3.01,2,2.332965554974335,11.540249794535706,0.0,39506.21991155572,8.611367410342837,2.9444389791664403,1.0647107369924282
17,0,0,4,14.0,1.4,0,3.9,1,0,2,26.0,53,2.48,0,2.8364774847199032,4.885236590833674,0.0,17233.337875033176,4.688645799522572,3.295836866004329,0.8754687373538999
18,0,2,3,5.4,1.8,1,6.8,2,1,3,17.0,84,3.44,2,1.7656156766986153,12.778487214922173,0.8778301681657564,59971.57105866405,12.982796395310663,2.8903717578961645,1.0296194171811581
18,0,2,3,8.4,1.3,1,4.3,1,1,4,29.0,73,2.86,1,2.2554207388342977,5.81627216727231,0.0,41009.67586813584,7.347450119829864,3.4011973816621555,0.832909122935104
19,1,2,6,3.1,2.2,1,8.4,2,0,4,6.0,91,4.0,2,1.1666987907776478,18.16585159714471,0.8778301681657564,74486.02575307926,20.53818254914221,1.9459101490553132,1.1631508098056809
23,1,2,4,4.1,2.5,1,6.0,2,1,4,15.0,73,3.6,2,1.466163943905982,10.347518899102251,0.8778301681657564,41009.67586813584,14.914601235151155,2.772588722239781,1.252762968495368
18,0,0,4,7.8,1.3,1,5.5,1,0,2,21.0,67,3.53,2,2.172448159416712,8.92242992355568,0.0,32510.60102499727,14.048034731048165,3.091042453358316,0.832909122935104
19,0,2,2,8.7,2.2,1,4.8,1,1,1,27.0,54,2.57,0,2.294825646767686,7.054921429048166,0.0,18128.066722063846,5.251611869829937,3.332204510175204,1.1631508098056809
20,0,0,6,5.8,0.8,1,5.8,1,1,3,16.0,78,3.25,2,1.8440428632175376,9.76858741311186,0.0,49067.63473037756,10.90882410064474,2.833213344056216,0.5877866649021191
22,0,1,0,4.0,2.4,2,6.6,4,0,4,15.0,84,2.83,2,1.4395330280586147,12.15375076672696,2.261698926363226,59971.57105866405,7.10982667490936,2.772588722239781,1.2237754316221157
16,0,0,3,3.2,1.6,1,8.7,4,1,1,6.0,98,3.55,2,1.2004777883442346,19.250269148910856,2.261698926363226,91038.45997193112,14.292193415871623,1.9459101490553132,0.9555114450274363
18,3,2,3,5.9,2.5,1,6.9,2,1,2,11.0,71,3.68,2,1.8628491617376208,13.095026718981076,0.8778301681657564,38038.0056657807,15.946634697155112,2.4849066497880004,1.252762968495368
17,1,0,4,5.2,2.1,1,8.2,3,1,0,17.0,82,3.11,2,1.7243171824127188,17.455635531354325,1.6102145113046793,56183.26023893996,9.52637544624165,2.8903717578961645,1.1314021114911006
16,1,0,4,3.6,2.6,1,7.9,2,1,2,5.0,98,4.0,2,1.3263003819268158,16.409652657927705,0.8778301681657564,91038.45997193112,20.53818254914221,1.791759469228055,1.2809338454620642
20,0,2,0,12.0,1.3,0,3.3,1,1,4,13.0,48,2.45,0,2.6594407185539746,3.5935539872760787,0.0,13177.630667357054,4.509729912673228,2.6390573296152584,0.832909122935104
20,1,2,6,3.3,3.1,1,8.2,4,0,3,12.0,86,4.0,2,1.2332726085820729,17.455635531354325,2.261698926363226,63917.09875329975,20.53818254914221,2.5649493574615367,1.410986973710262
19,1,0,0,2.4,2.2,1,7.5,3,1,4,4.0,96,3.89,2,0.8965046417701628,15.05166041856306,1.6102145113046793,86094.79021322812,18.87410098953472,1.6094379124341003,1.1631508098056809
19,1,2,0,12.5,1.6,1,3.6,1,1,3,32.0,49,2.59,0,2.706179937505591,4.2232712500382465,0.0,13934.324543079843,5.382153841105391,3.4965075614664802,0.9555114450274363
24,1,1,4,2.1,2.0,1,7.7,3,0,2,0.0,97,4.0,2,0.7570090469002981,15.725375748712496,1.6102145113046793,88544.86579764642,20.53818254914221,0.0,1.0986122886681098
18,0,2,0,5.0,0.5,1,6.7,3,0,2,10.0,72,3.46,2,1.681487870546516,12.464723049102489,1.6102145113046793,39506.21991155572,13.21482174546893,2.3978952727983707,0.4054651081081644
18,0,2,2,6.0,1.9,1,6.3,1,1,2,19.0,62,3.51,2,1.8813563150191603,11.237755995802775,0.0,26352.188477075142,13.806598784091944,2.995732273553991,1.0647107369924282
20,0,2,0,4.3,1.8,2,6.4,3,0,3,14.0,81,3.63,2,1.5176311317383155,11.540249794535706,1.6102145113046793,54347.230996866165,15.296357628263685,2.70805020110221,1.0296194171811581
18,0,2,3,3.1,0.9,1,6.9,2,1,2,6.0,84,3.42,2,1.1666987907776478,13.095026718981076,0.8778301681657564,59971.57105866405,12.753425783763895,1.9459101490553132,0.6418538861723948
21,1,2,0,3.0,2.2,1,7.2,2,0,2,9.0,82,3.57,2,1.1318728617817535,14.061136801601103,0.8778301681657564,56183.26023893996,14.5390899446019,2.302585092994046,1.1631508098056809
17,0,0,6,3.9,1.9,1,8.1,3,0,2,11.0,98,3.73,2,1.4122647058505842,17.104383037428352,1.6102145113046793,91038.45997193112,16.614636703065745,2.4849066497880004,1.0647107369924282
19,1,2,0,5.6,2.6,1,7.1,3,1,2,17.0,74,3.25,2,1.8054918230589363,13.736367236790857,1.6102145113046793,42548.719285856496,10.90882410064474,2.8903717578961645,1.2809338454620642
20,1,2,4,2.6,0.6,1,8.5,5,0,1,9.0,93,3.35,2,0.9806061985963926,18.524790399056656,2.858956583624191,79002.48980321265,11.971316457356032,2.302585092994046,0.4700036292457356
18,0,2,0,2.8,2.6,1,8.4,3,0,3,6.0,92,4.0,2,1.0587970088869507,18.16585159714471,1.6102145113046793,76723.29848149381,20.53818254914221,1.9459101490553132,1.2809338454620642
18,1,2,0,6.1,0.8,1,7.8,4,1,2,18.0,88,3.59,2,1.8995739499976299,16.066200853784746,2.261698926363226,68022.48375280312,14.788739421516853,2.9444389791664403,0.5877866649021191
18,0,2,6,10.6,1.3,0,6.4,2,1,3,27.0,56,2.71,1,2.5180373974719235,11.540249794535706,0.8778301681657564,20004.147513716616,6.208159224340435,3.332204510175204,0.832909122935104
18,1,2,5,3.9,1.8,1,5.9,3,1,3,19.0,76,3.52,2,1.4122647058505842,10.056584152579083,1.6102145113046793,45734.94462371378,13.926977359533225,2.995732273553991,1.0296194171811581
15,1,0,3,5.1,1.3,1,6.8,2,1,4,10.0,77,3.16,2,1.7031011436641108,12.778487214922173,0.8778301681657564,47382.81123366814,10.006308774393966,2.3978952727983707,0.832909122935104
16,0,0,6,2.1,2.2,1,8.2,4,0,1,12.0,98,4.0,2,0.7570090469002981,17.455635531354325,2.261698926363226,91038.45997193112,20.53818254914221,2.5649493574615367,1.1631508098056809
19,1,2,4,1.7,1.1,1,8.4,4,0,2,6.0,98,3.92,2,0.5383079872264196,18.16585159714471,2.261698926363226,91038.45997193112,19.31885273989304,1.9459101490553132,0.7419373447293773
20,0,2,0,2.3,1.5,1,7.6,3,1,1,4.0,98,3.7,2,0.8519347810161471,15.387190975810833,1.6102145113046793,91038.45997193112,16.211695300270975,1.6094379124341003,0.9162907318741551
18,0,2,4,6.3,2.5,1,6.7,3,1,2,3.0,83,3.28,2,1.9351768949585346,12.464723049102489,1.6102145113046793,58057.92927986961,11.220894215246592,1.3862943611198906,1.252762968495368
19,0,2,4,4.0,1.6,1,5.8,2,1,1,26.0,81,3.46,1,1.4395330280586147,9.76858741311186,0.8778301681657564,54347.230996866165,13.21482174546893,3.295836866004329,0.9555114450274363
22,1,2,4,4.5,1.7,2,6.8,3,0,2,19.0,76,3.81,2,1.5668817774441797,12.778487214922173,1.6102145113046793,45734.94462371378,17.720896337416892,2.995732273553991,0.9932517730102833
18,1,2,4,8.5,2.9,1,5.4,1,1,3,24.0,67,2.8,1,2.268701594475235,8.646392457066119,0.0,32510.60102499727,6.87713709393498,3.2188758248682006,1.3609765531356006
18,0,2,2,2.8,2.1,1,8.1,4,0,4,8.0,91,3.73,2,1.0587970088869507,17.104383037428352,2.261698926363226,74486.02575307926,16.614636703065745,2.1972245773362196,1.1314021114911006
18,0,2,3,2.0,3.4,1,7.1,4,1,4,9.0,84,3.48,2,0.7062901854968463,13.736367236790857,2.261698926363226,59971.57105866405,13.449516948333956,2.302585092994046,1.4816045409242156
19,1,2,0,5.1,3.2,0,6.5,2,1,1,13.0,68,3.32,2,1.7031011436641108,11.845587262709715,0.8778301681657564,33841.334443280015,11.645864683908064,2.6390573296152584,1.4350845252893227
20,1,2,6,3.1,1.1,1,6.9,2,0,3,6.0,91,3.73,2,1.1666987907776478,13.095026718981076,0.8778301681657564,74486.02575307926,16.614636703065745,1.9459101490553132,0.7419373447293773
18,0,2,4,11.6,1.2,1,6.2,1,1,3,20.0,64,2.96,1,2.620703352487409,10.938123890491681,0.0,28717.928887801263,8.175819212089252,3.044522437723423,0.7884573603642702
20,0,2,3,5.9,2.5,1,6.7,2,0,2,11.0,76,3.56,2,1.8628491617376208,12.464723049102489,0.8778301681657564,45734.94462371378,14.415298505689877,2.4849066497880004,1.252762968495368
20,0,2,5,9.9,0.8,0,5.3,1,0,3,20.0,64,2.64,1,2.440566416418899,8.3733992567368,0.0,28717.928887801263,5.7173381789449556,3.044522437723423,0.5877866649021191
19,1,2,0,3.2,2.6,1,8.5,4,0,2,4.0,91,3.75,2,1.2004777883442346,18.524790399056656,2.261698926363226,74486.02575307926,16.88685331132323,1.6094379124341003,1.2809338454620642
17,0,0,0,4.4,2.2,1,6.4,3,0,4,12.0,79,3.36,2,1.5425211917840917,11.540249794535706,1.6102145113046793,50789.75419132553,12.08109121248574,2.5649493574615367,1.1631508098056809
19,1,2,0,3.7,2.6,1,7.0,2,0,4,14.0,86,3.65,2,1.3556845124032513,13.414325353558693,0.8778301681657564,63917.09875329975,15.554356557932616,2.70805020110221,1.2809338454620642
18,0,2,0,4.5,2.3,2,6.0,2,0,3,15.0,93,3.8,2,1.5668817774441797,10.347518899102251,0.8778301681657564,79002.48980321265,17.58006637427118,2.772588722239781,1.1939224684724346
21,0,2,4,9.6,2.3,0,5.4,1,0,4,19.0,62,3.0,1,2.4057660247033263,8.646392457066119,0.0,26352.188477075142,8.52310068647062,2.995732273553991,1.1939224684724346
19,0,0,4,6.3,1.3,0,6.5,3,1,2,8.0,81,3.78,2,1.9351768949585346,11.845587262709715,1.6102145113046793,54347.230996866165,17.300599455458382,2.1972245773362196,0.832909122935104
20,1,2,0,5.4,2.0,1,5.0,1,1,2,14.0,79,3.18,2,1.7656156766986153,7.5729175150710875,0.0,50789.75419132553,10.202544009650545,2.70805020110221,1.0986122886681098
19,0,2,1,1.5,2.3,1,8.2,5,0,4,6.0,98,3.71,2,0.4099390405603449,17.455635531354325,2.858956583624191,91038.45997193112,16.345293814978213,1.9459101490553132,1.1939224684724346
17,1,0,0,14.0,1.4,1,5.5,1,1,4,33.0,47,2.72,0,2.8364774847199032,8.92242992355568,0.0,12447.386303522204,6.280363055682415,3.5263605246161616,0.8754687373538999
19,0,2,0,4.6,1.2,2,7.5,3,0,2,10.0,86,3.63,2,1.5907355499331142,15.05166041856306,1.6102145113046793,63917.09875329975,15.296357628263685,2.3978952727983707,0.7884573603642702
19,0,2,6,2.8,1.5,1,6.6,4,0,3,9.0,74,4.0,2,1.0587970088869507,12.15375076672696,2.261698926363226,42548.719285856496,20.53818254914221,2.302585092994046,0.9162907318741551
18,1,2,2,11.2,2.4,1,3.7,1,1,3,33.0,50,2.4,0,2.5806811705994916,4.4403960165533265,0.0,14717.856782686873,4.221031696142082,3.5263605246161616,1.2237754316221157
15,0,0,0,4.5,3.2,1,7.3,4,1,0,14.0,88,3.35,2,1.5668817774441797,14.388618785157242,2.261698926363226,68022.48375280312,11.971316457356032,2.70805020110221,1.4350845252893227
20,0,2,5,5.4,0.5,1,6.0,1,1,2,14.0,70,3.24,2,1.7656156766986153,10.347518899102251,0.0,36604.68597434723,10.806058782383067,2.70805020110221,0.4054651081081644
24,1,1,0,4.2,0.6,1,7.1,3,0,1,12.0,87,3.1,2,1.492187365993103,13.736367236790857,1.6102145113046793,65949.64476800284,9.43220016705984,2.5649493574615367,0.4700036292457356
21,0,2,2,2.3,1.6,1,8.6,3,0,1,0.0,94,3.51,2,0.8519347810161471,18.886266876241464,1.6102145113046793,81323.92171042044,13.806598784091944,0.0,0.9555114450274363
19,0,0,6,3.5,2.1,1,5.8,2,1,4,12.0,94,3.37,2,1.2961337421106984,9.76858741311186,0.8778301681657564,81323.92171042044,12.19151453362671,2.5649493574615367,1.1314021114911006
18,1,2,6,4.3,1.9,0,6.0,2,0,3,13.0,83,3.48,2,1.5176311317383155,10.347518899102251,0.8778301681657564,58057.92927986961,13.449516948333956,2.6390573296152584,1.0647107369924282
19,1,2,4,1.9,0.9,1,7.3,3,1,2,10.0,95,4.0,2,0.6531132144998397,14.388618785157242,1.6102145113046793,83687.91518516612,20.53818254914221,2.3978952727983707,0.6418538861723948
21,3,2,0,9.4,1.6,1,4.9,1,1,2,12.0,63,3.46,2,2.381989542783344,7.3123368290812865,0.0,27519.02697404476,13.21482174546893,2.5649493574615367,0.9555114450274363
18,0,2,4,4.7,3.0,1,5.8,2,1,1,14.0,87,3.4,2,1.6141037337096489,9.76858741311186,0.8778301681657564,65949.64476800284,12.526694794914107,2.70805020110221,1.3862943611198906
20,1,0,0,5.6,3.1,1,6.1,3,0,2,17.0,71,3.13,2,1.8054918230589363,10.641371908015127,1.6102145113046793,38038.0056657807,9.716531711647102,2.8903717578961645,1.410986973710262
18,1,2,0,11.3,2.3,1,3.5,1,0,1,33.0,47,2.72,0,2.5908119746730964,4.009728565370655,0.0,12447.386303522204,6.280363055682415,3.5263605246161616,1.1939224684724346
18,0,2,6,3.0,3.2,0,6.7,4,0,1,0.0,98,3.47,2,1.1318728617817535,12.464723049102489,2.261698926363226,91038.45997193112,13.331834670752924,0.0,1.4350845252893227
18,1,2,4,3.9,2.0,1,7.2,3,1,4,11.0,88,3.63,2,1.4122647058505842,14.061136801601103,1.6102145113046793,68022.48375280312,15.296357628263685,2.4849066497880004,1.0986122886681098
19,0,2,0,9.7,2.3,1,6.2,1,0,2,22.0,66,3.06,1,2.41747908309299,10.938123890491681,0.0,31213.358948090136,9.06147389329403,3.1354942159291497,1.1939224684724346
22,1,2,0,3.8,2.1,1,6.7,4,0,3,11.0,74,3.58,2,1.384326776898207,12.464723049102489,2.261698926363226,42548.719285856496,14.663569620587477,2.4849066497880004,1.1314021114911006
18,0,2,0,2.8,1.6,1,7.4,3,0,2,13.0,87,3.38,2,1.0587970088869507,14.718798218821261,1.6102145113046793,65949.64476800284,12.302588311016644,2.6390573296152584,0.9555114450274363
16,0,0,4,4.4,0.6,0,6.3,1,0,2,7.0,81,3.63,2,1.5425211917840917,11.237755995802775,0.0,54347.230996866165,15.296357628263685,2.0794415416798357,0.4700036292457356
16,1,0,4,6.8,1.9,1,5.5,1,1,4,16.0,69,2.61,1,2.019709544031315,8.92242992355568,0.0,35205.91224901557,5.514706361878341,2.833213344056216,1.0647107369924282
19,1,2,6,4.6,1.2,1,6.9,3,0,2,10.0,82,3.03,2,1.5907355499331142,13.095026718981076,1.6102145113046793,56183.26023893996,8.789649747573227,2.3978952727983707,0.7884573603642702
17,1,0,5,3.3,2.0,1,7.6,4,0,2,8.0,94,3.64,2,1.2332726085820729,15.387190975810833,2.261698926363226,81323.92171042044,15.425006368156271,2.1972245773362196,1.0986122886681098
18,0,2,4,6.7,1.7,1,6.2,1,1,3,17.0,66,3.8,2,2.003284337102433,10.938123890491681,0.0,31213.358948090136,17.58006637427118,2.8903717578961645,0.9932517730102833
22,1,2,0,2.9,0.9,1,6.4,3,1,1,16.0,78,3.9,2,1.095930983777979,11.540249794535706,1.6102145113046793,49067.63473037756,19.021600464068523,2.833213344056216,0.6418538861723948
18,0,2,4,7.7,1.4,1,6.2,2,1,2,13.0,80,2.76,2,2.158035210576757,10.938123890491681,0.8778301681657564,52549.50742605369,6.574470679514594,2.6390573296152584,0.8754687373538999
19,0,2,5,9.3,2.5,1,3.6,1,1,4,23.0,62,2.94,1,2.36992126816704,4.2232712500382465,0.0,26352.188477075142,8.005623197120133,3.1780538303479458,1.252762968495368
15,1,0,0,5.5,2.1,1,6.4,1,0,2,19.0,81,3.37,2,1.7857252215541248,11.540249794535706,0.0,54347.230996866165,12.19151453362671,2.995732273553991,1.1314021114911006
20,1,2,3,8.4,3.2,1,5.1,2,1,3,12.0,68,3.47,2,2.2554207388342977,7.836637933925062,0.8778301681657564,33841.334443280015,13.331834670752924,2.5649493574615367,1.4350845252893227
18,1,2,3,13.5,1.7,1,3.8,1,1,4,31.0,33,3.18,0,2.7945774971966166,4.661063699804611,0.0,4777.3035912764235,10.202544009650545,3.4657359027997265,0.9932517730102833
22,1,1,4,2.8,1.3,1,7.1,4,0,3,12.0,92,3.76,2,1.0587970088869507,13.736367236790857,2.261698926363226,76723.29848149381,17.024043975850308,2.5649493574615367,0.832909122935104
17,0,0,1,5.1,1.4,1,7.7,3,1,4,11.0,81,3.54,2,1.7031011436641108,15.725375748712496,1.6102145113046793,54347.230996866165,14.169772787057607,2.4849066497880004,0.8754687373538999
20,0,2,6,4.2,1.9,1,6.2,3,0,2,18.0,74,3.28,2,1.492187365993103,10.938123890491681,1.6102145113046793,42548.719285856496,11.220894215246592,2.9444389791664403,1.0647107369924282
20,0,2,0,6.2,1.4,1,5.6,2,0,2,13.0,79,4.0,2,1.9175112322134875,9.201489326998276,0.8778301681657564,50789.75419132553,20.53818254914221,2.6390573296152584,0.8754687373538999
20,1,2,3,4.3,1.2,1,7.5,4,0,3,8.0,91,3.49,2,1.5176311317383155,15.05166041856306,2.261698926363226,74486.02575307926,13.567870467191462,2.1972245773362196,0.7884573603642702
18,1,2,3,4.5,1.2,1,7.0,3,0,2,17.0,82,3.44,2,1.5668817774441797,13.414325353558693,1.6102145113046793,56183.26023893996,12.982796395310663,2.8903717578961645,0.7884573603642702
18,1,2,0,11.2,1.1,1,5.7,1,1,2,19.0,64,2.97,1,2.5806811705994916,9.483548899985696,0.0,28717.928887801263,8.261775557384002,2.995732273553991,0.7419373447293773
19,0,2,1,5.4,2.8,1,7.1,3,1,1,17.0,78,3.37,2,1.7656156766986153,13.736367236790857,1.6102145113046793,49067.63473037756,12.19151453362671,2.8903717578961645,1.33500106673234
17,1,0,4,2.6,1.6,1,7.1,4,0,3,8.0,98,3.96,2,0.9806061985963926,13.736367236790857,2.261698926363226,91038.45997193112,19.922423358919016,2.1972245773362196,0.9555114450274363
21,1,2,0,2.3,1.1,1,7.2,2,0,2,6.0,93,3.66,2,0.8519347810161471,14.061136801601103,0.8778301681657564,79002.48980321265,15.684410084705304,1.9459101490553132,0.7419373447293773
19,1,2,3,5.0,0.3,1,6.8,2,1,3,15.0,69,3.48,2,1.681487870546516,12.778487214922173,0.8778301681657564,35205.91224901557,13.449516948333956,2.772588722239781,0.262364264467491
19,1,2,6,5.4,3.1,1,7.8,3,1,4,9.0,86,3.87,2,1.7656156766986153,16.066200853784746,1.6102145113046793,63917.09875329975,18.58134594461001,2.302585092994046,1.410986973710262
20,0,2,0,6.7,2.0,1,7.1,3,1,0,17.0,80,3.28,2,2.003284337102433,13.736367236790857,1.6102145113046793,52549.50742605369,11.220894215246592,2.8903717578961645,1.0986122886681098
21,1,2,6,6.6,1.6,1,5.8,1,1,3,25.0,62,2.47,1,1.9866255656836118,9.76858741311186,0.0,26352.188477075142,4.628527984535003,3.258096538021482,0.9555114450274363
20,0,2,0,2.6,2.4,1,7.1,3,0,3,14.0,76,3.42,2,0.9806061985963926,13.736367236790857,1.6102145113046793,45734.94462371378,12.753425783763895,2.70805020110221,1.2237754316221157
18,0,2,1,1.8,1.2,1,8.8,5,1,1,10.0,90,3.7,2,0.5972197629867352,19.61678552928072,2.858956583624191,72290.34860143652,16.211695300270975,2.3978952727983707,0.7884573603642702
19,0,2,0,4.5,2.2,1,6.8,2,1,0,10.0,88,3.5,2,1.5668817774441797,12.778487214922173,0.8778301681657564,68022.48375280312,13.686897116192466,2.3978952727983707,1.1631508098056809
17,0,0,4,2.8,1.3,1,6.3,3,0,0,4.0,91,3.76,2,1.0587970088869507,11.237755995802775,1.6102145113046793,74486.02575307926,17.024043975850308,1.6094379124341003,0.832909122935104
18,0,2,0,3.8,3.0,1,6.5,2,0,2,10.0,81,3.54,2,1.384326776898207,11.845587262709715,0.8778301681657564,54347.230996866165,14.169772787057607,2.3978952727983707,1.3862943611198906
19,1,2,6,2.2,1.1,1,8.2,4,0,3,0.0,88,3.56,2,0.8054926939148117,17.455635531354325,2.261698926363226,68022.48375280312,14.415298505689877,0.0,0.7419373447293773
19,0,2,6,4.3,2.4,1,6.8,2,0,2,6.0,73,4.0,2,1.5176311317383155,12.778487214922173,0.8778301681657564,41009.67586813584,20.53818254914221,1.9459101490553132,1.2237754316221157
18,1,2,3,5.6,2.8,1,7.9,2,1,4,14.0,79,3.06,2,1.8054918230589363,16.409652657927705,0.8778301681657564,50789.75419132553,9.06147389329403,2.70805020110221,1.33500106673234
18,1,2,2,2.9,2.1,1,7.8,5,1,3,9.0,98,4.0,2,1.095930983777979,16.066200853784746,2.858956583624191,91038.45997193112,20.53818254914221,2.302585092994046,1.1314021114911006
18,1,2,2,10.7,2.6,1,4.9,1,1,2,25.0,54,2.81,1,2.528707315024941,7.3123368290812865,0.0,18128.066722063846,6.954155242313397,3.258096538021482,1.2809338454620642
17,0,0,6,6.0,1.6,2,5.5,2,1,4,24.0,66,2.99,1,1.8813563150191603,8.92242992355568,0.8778301681657564,31213.358948090136,8.435414399576228,3.2188758248682006,0.9555114450274363
16,1,0,0,11.8,2.8,0,3.7,1,1,4,40.0,38,1.99,0,2.6402273159631737,4.4403960165533265,0.0,7000.023854332941,2.272055275245663,3.713572066704308,1.33500106673234
17,0,0,4,4.1,2.6,0,8.4,3,0,0,8.0,90,3.38,2,1.466163943905982,18.16585159714471,1.6102145113046793,72290.34860143652,12.302588311016644,2.1972245773362196,1.2809338454620642
19,0,2,6,3.3,2.9,0,8.5,3,0,1,7.0,93,3.19,2,1.2332726085820729,18.524790399056656,1.6102145113046793,79002.48980321265,10.301582463218029,2.0794415416798357,1.3609765531356006
19,0,2,3,4.2,1.8,1,6.6,3,1,2,13.0,75,4.0,2,1.492187365993103,12.15375076672696,1.6102145113046793,44123.69453376821,20.53818254914221,2.6390573296152584,1.0296194171811581
18,0,2,6,8.1,2.4,1,5.7,2,1,1,27.0,64,3.44,1,2.2146613748949004,9.483548899985696,0.8778301681657564,28717.928887801263,12.982796395310663,3.332204510175204,1.2237754316221157
20,0,2,5,1.9,2.6,1,8.3,4,0,0,7.0,89,4.0,2,0.6531132144998397,17.809462547767687,2.261698926363226,70135.94297111471,20.53818254914221,2.0794415416798357,1.2809338454620642
16,1,0,6,5.2,0.0,1,7.1,3,1,2,17.0,79,3.65,2,1.7243171824127188,13.736367236790857,1.6102145113046793,50789.75419132553,15.554356557932616,2.8903717578961645,0.0
17,0,0,4,5.4,2.7,1,6.7,3,1,4,11.0,80,3.61,2,1.7656156766986153,12.464723049102489,1.6102145113046793,52549.50742605369,15.041156949142636,2.4849066497880004,1.308332819650179
17,0,0,0,3.9,2.4,1,6.8,4,0,4,2.0,92,3.99,2,1.4122647058505842,12.778487214922173,2.261698926363226,76723.29848149381,20.38309347972413,1.0986122886681098,1.2237754316221157
23,1,2,6,3.3,0.9,1,6.8,4,1,2,10.0,86,3.75,2,1.2332726085820729,12.778487214922173,2.261698926363226,63917.09875329975,16.88685331132323,2.3978952727983707,0.6418538861723948
16,1,0,0,3.8,1.6,1,7.1,3,0,2,12.0,80,4.0,2,1.384326776898207,13.736367236790857,1.6102145113046793,52549.50742605369,20.53818254914221,2.5649493574615367,0.9555114450274363
20,0,0,0,4.3,3.0,1,7.9,3,0,2,11.0,83,3.46,2,1.5176311317383155,16.409652657927705,1.6102145113046793,58057.92927986961,13.21482174546893,2.4849066497880004,1.3862943611198906
21,1,2,2,3.5,2.7,1,7.8,4,0,4,19.0,84,3.15,2,1.2961337421106984,16.066200853784746,2.261698926363226,59971.57105866405,9.909108207554391,2.995732273553991,1.308332819650179
22,0,1,4,3.6,0.7,1,7.1,4,1,3,13.0,88,3.79,2,1.3263003819268158,13.736367236790857,2.261698926363226,68022.48375280312,17.43996804213093,2.6390573296152584,0.5306282510621704
19,1,0,0,4.7,1.3,1,7.4,3,1,2,21.0,85,3.72,2,1.6141037337096489,14.718798218821261,1.6102145113046793,61924.51734422166,16.479606987119947,3.091042453358316,0.832909122935104
18,0,2,6,3.7,2.0,1,8.7,3,1,3,8.0,98,3.75,2,1.3556845124032513,19.250269148910856,1.6102145113046793,91038.45997193112,16.88685331132323,2.1972245773362196,1.0986122886681098
23,1,1,4,3.7,2.6,1,6.9,4,0,1,13.0,82,3.23,2,1.3556845124032513,13.095026718981076,2.261698926363226,56183.26023893996,10.703919338092492,2.6390573296152584,1.2809338454620642
20,0,2,0,3.2,1.3,1,7.7,2,0,3,10.0,92,4.0,2,1.2004777883442346,15.725375748712496,0.8778301681657564,76723.29848149381,20.53818254914221,2.3978952727983707,0.832909122935104
18,0,2,5,2.8,2.4,0,7.4,3,0,1,4.0,85,3.73,2,1.0587970088869507,14.718798218821261,1.6102145113046793,61924.51734422166,16.614636703065745,1.6094379124341003,1.2237754316221157
22,2,1,0,9.1,1.3,1,4.5,1,1,3,22.0,55,3.28,1,2.345411940339193,6.301933826278156,0.0,19051.54466123719,11.220894215246592,3.1354942159291497,0.832909122935104
21,0,2,6,2.6,1.9,1,6.7,3,0,2,15.0,98,3.9,2,0.9806061985963926,12.464723049102489,1.6102145113046793,91038.45997193112,19.021600464068523,2.772588722239781,1.0647107369924282
18,1,0,2,3.6,3.0,1,6.0,1,0,2,13.0,95,3.67,2,1.3263003819268158,10.347518899102251,0.0,83687.91518516612,15.81516883547986,2.6390573296152584,1.3862943611198906
17,0,0,1,6.5,1.8,1,5.1,1,1,3,16.0,69,3.18,2,1.9697262931476014,7.836637933925062,0.0,35205.91224901557,10.202544009650545,2.833213344056216,1.0296194171811581
17,1,0,0,5.8,1.9,1,7.7,3,1,4,11.0,67,3.68,2,1.8440428632175376,15.725375748712496,1.6102145113046793,32510.60102499727,15.946634697155112,2.4849066497880004,1.0647107369924282
20,0,2,4,7.7,2.7,1,4.4,1,0,2,26.0,61,3.23,1,2.158035210576757,6.057450511969028,0.0,25217.052320963478,10.703919338092492,3.295836866004329,1.308332819650179
18,0,2,0,3.1,2.7,1,7.7,3,0,4,3.0,87,3.86,2,1.1666987907776478,15.725375748712496,1.6102145113046793,65949.64476800284,18.436086604872493,1.3862943611198906,1.308332819650179
22,0,1,6,3.2,0.4,1,8.1,4,0,3,6.0,98,3.88,2,1.2004777883442346,17.104383037428352,2.261698926363226,91038.45997193112,18.72735011125622,1.9459101490553132,0.33647223662121295
19,0,2,1,9.2,0.5,1,4.3,1,0,2,14.0,73,3.22,2,2.3577296084820363,5.81627216727231,0.0,41009.67586813584,10.602403875992923,2.70805020110221,0.4054651081081644
17,1,0,6,3.2,1.7,1,6.6,2,0,4,7.0,95,3.85,2,1.2004777883442346,12.15375076672696,0.8778301681657564,83687.91518516612,18.291570207219255,2.0794415416798357,0.9932517730102833
22,1,2,6,2.3,1.8,1,6.9,4,0,4,10.0,83,3.62,2,0.8519347810161471,13.095026718981076,2.261698926363226,58057.92927986961,15.168408451034988,2.3978952727983707,1.0296194171811581
18,1,2,4,14.0,2.4,1,3.8,1,0,3,26.0,44,2.89,0,2.8364774847199032,4.661063699804611,0.0,10411.425745453509,7.590058642795928,3.295836866004329,1.2237754316221157
20,1,2,0,2.7,2.2,0,9.8,4,0,2,1.0,96,3.64,2,1.0203866362587886,23.417781274761108,2.261698926363226,86094.79021322812,15.425006368156271,0.6931471805599453,1.1631508098056809
18,1,2,4,2.6,2.0,2,8.2,4,0,1,4.0,98,3.45,2,0.9806061985963926,17.455635531354325,2.261698926363226,91038.45997193112,13.098476283389891,1.6094379124341003,1.0986122886681098
18,0,2,0,3.9,1.4,1,8.0,2,0,3,1.0,98,3.88,2,1.4122647058505842,16.755717770784734,0.8778301681657564,91038.45997193112,18.72735011125622,0.6931471805599453,0.8754687373538999
19,1,2,0,5.0,1.2,1,6.8,3,1,4,9.0,73,3.46,2,1.681487870546516,12.778487214922173,1.6102145113046793,41009.67586813584,13.21482174546893,2.302585092994046,0.7884573603642702
18,2,2,4,5.6,2.6,1,6.3,3,0,2,19.0,86,3.73,2,1.8054918230589363,11.237755995802775,1.6102145113046793,63917.09875329975,16.614636703065745,2.995732273553991,1.2809338454620642
20,1,2,3,2.3,2.4,1,6.7,3,0,2,13.0,77,3.68,2,0.8519347810161471,12.464723049102489,1.6102145113046793,47382.81123366814,15.946634697155112,2.6390573296152584,1.2237754316221157
19,0,2,4,2.8,2.8,1,6.9,3,0,2,15.0,79,3.89,2,1.0587970088869507,13.095026718981076,1.6102145113046793,50789.75419132553,18.87410098953472,2.772588722239781,1.33500106673234
17,0,0,6,5.1,0.6,1,7.2,3,1,4,15.0,81,3.41,2,1.7031011436641108,14.061136801601103,1.6102145113046793,54347.230996866165,12.639731281317893,2.772588722239781,0.4700036292457356
18,0,2,0,3.9,0.9,1,8.0,3,0,4,14.0,81,3.47,2,1.4122647058505842,16.755717770784734,1.6102145113046793,54347.230996866165,13.331834670752924,2.70805020110221,0.6418538861723948
20,1,0,4,8.8,1.4,1,4.2,1,1,4,19.0,58,3.07,1,2.307675347857402,5.578429418447326,0.0,21998.22133107918,9.153263022572325,2.995732273553991,0.8754687373538999
17,0,0,3,2.4,2.4,1,7.9,4,0,3,9.0,98,3.7,2,0.8965046417701628,16.409652657927705,2.261698926363226,91038.45997193112,16.211695300270975,2.302585092994046,1.2237754316221157
17,0,0,4,5.5,2.0,1,6.9,3,1,2,6.0,76,3.67,2,1.7857252215541248,13.095026718981076,1.6102145113046793,45734.94462371378,15.81516883547986,1.9459101490553132,1.0986122886681098
17,0,0,6,5.2,3.2,1,6.4,2,0,1,14.0,81,3.4,2,1.7243171824127188,11.540249794535706,0.8778301681657564,54347.230996866165,12.526694794914107,2.70805020110221,1.4350845252893227
16,0,0,0,7.5,3.1,0,6.7,2,1,4,23.0,82,2.92,1,2.1286702202484076,12.464723049102489,0.8778301681657564,56183.26023893996,7.837703446786447,3.1780538303479458,1.410986973710262
21,1,0,6,3.4,2.2,1,6.4,2,1,2,8.0,88,2.97,2,1.2651404807900501,11.540249794535706,0.8778301681657564,68022.48375280312,8.261775557384002,2.1972245773362196,1.1631508098056809
19,0,2,0,5.8,1.4,1,6.4,3,1,3,10.0,82,3.09,2,1.8440428632175376,11.540249794535706,1.6102145113046793,56183.26023893996,9.338624265751184,2.3978952727983707,0.8754687373538999
17,1,0,4,2.4,1.6,1,7.2,3,0,2,5.0,89,4.0,2,0.8965046417701628,14.061136801601103,1.6102145113046793,70135.94297111471,20.53818254914221,1.791759469228055,0.9555114450274363
18,1,2,4,6.0,2.0,1,5.9,2,1,2,15.0,78,3.32,2,1.8813563150191603,10.056584152579083,0.8778301681657564,49067.63473037756,11.645864683908064,2.772588722239781,1.0986122886681098
22,3,2,4,6.9,2.5,1,5.2,1,1,4,28.0,50,3.17,1,2.0359078246346916,8.103473238889842,0.0,14717.856782686873,10.104120077547,3.367295829986474,1.252762968495368
24,1,1,2,5.8,2.1,2,6.7,2,1,1,18.0,71,3.46,2,1.8440428632175376,12.464723049102489,0.8778301681657564,38038.0056657807,13.21482174546893,2.9444389791664403,1.1314021114911006
19,1,2,4,3.3,1.7,1,7.8,4,0,2,2.0,96,4.0,2,1.2332726085820729,16.066200853784746,2.261698926363226,86094.79021322812,20.53818254914221,1.0986122886681098,0.9932517730102833
15,0,0,6,7.7,2.2,1,6.2,1,1,4,18.0,68,3.28,2,2.158035210576757,10.938123890491681,0.0,33841.334443280015,11.220894215246592,2.9444389791664403,1.1631508098056809
20,1,2,5,6.4,1.9,1,6.3,3,0,2,14.0,76,3.26,2,1.9525792661508234,11.237755995802775,1.6102145113046793,45734.94462371378,11.012217184536736,2.70805020110221,1.0647107369924282
18,0,2,6,2.7,2.4,0,9.0,4,0,1,11.0,93,3.65,2,1.0203866362587886,20.357314790663057,2.261698926363226,79002.48980321265,15.554356557932616,2.4849066497880004,1.2237754316221157
18,0,2,4,2.0,1.0,1,7.2,3,0,3,4.0,85,3.58,2,0.7062901854968463,14.061136801601103,1.6102145113046793,61924.51734422166,14.663569620587477,1.6094379124341003,0.6931471805599453
19,1,2,0,6.0,0.6,0,7.8,3,1,0,16.0,77,2.88,2,1.8813563150191603,16.066200853784746,1.6102145113046793,47382.81123366814,7.508632076674728,2.833213344056216,0.4700036292457356
20,0,2,2,6.9,1.7,2,5.8,2,1,4,16.0,66,3.57,2,2.0359078246346916,9.76858741311186,0.8778301681657564,31213.358948090136,14.5390899446019,2.833213344056216,0.9932517730102833
17,1,0,4,1.4,2.4,1,8.5,3,0,2,6.0,98,3.78,2,0.3395493214925278,18.524790399056656,1.6102145113046793,91038.45997193112,17.300599455458382,1.9459101490553132,1.2237754316221157
18,1,2,6,6.9,1.7,1,6.2,1,0,2,13.0,73,2.88,2,2.0359078246346916,10.938123890491681,0.0,41009.67586813584,7.508632076674728,2.6390573296152584,0.9932517730102833
20,1,2,4,5.1,2.5,1,7.0,3,1,3,16.0,76,3.62,2,1.7031011436641108,13.414325353558693,1.6102145113046793,45734.94462371378,15.168408451034988,2.833213344056216,1.252762968495368
19,1,0,0,5.0,2.2,1,7.2,2,0,1,12.0,89,3.14,2,1.681487870546516,14.061136801601103,0.8778301681657564,70135.94297111471,9.81251648426725,2.5649493574615367,1.1631508098056809
18,1,2,6,2.9,0.8,1,6.4,3,0,4,9.0,84,4.0,2,1.095930983777979,11.540249794535706,1.6102145113046793,59971.57105866405,20.53818254914221,2.302585092994046,0.5877866649021191
16,1,0,5,3.3,0.4,1,6.9,4,0,1,14.0,83,2.88,2,1.2332726085820729,13.095026718981076,2.261698926363226,58057.92927986961,7.508632076674728,2.70805020110221,0.33647223662121295
17,0,0,0,1.5,1.7,1,7.0,4,1,2,7.0,85,3.52,2,0.4099390405603449,13.414325353558693,2.261698926363226,61924.51734422166,13.926977359533225,2.0794415416798357,0.9932517730102833
19,1,2,4,7.3,2.1,1,5.8,1,1,3,20.0,65,3.04,1,2.09855491776158,9.76858741311186,0.0,29949.25362327995,8.879669149882293,3.044522437723423,1.1314021114911006
24,0,1,0,4.3,2.3,1,5.5,1,1,2,13.0,78,3.89,2,1.5176311317383155,8.92242992355568,0.0,49067.63473037756,18.87410098953472,2.6390573296152584,1.1939224684724346
16,0,0,4,2.9,0.9,1,7.6,2,0,1,0.0,98,3.61,2,1.095930983777979,15.387190975810833,0.8778301681657564,91038.45997193112,15.041156949142636,0.0,0.6418538861723948
19,1,2,4,2.9,3.1,1,6.7,3,1,2,19.0,80,3.62,2,1.095930983777979,12.464723049102489,1.6102145113046793,52549.50742605369,15.168408451034988,2.995732273553991,1.410986973710262
19,1,2,0,3.8,2.5,1,6.2,3,0,0,12.0,77,3.75,2,1.384326776898207,10.938123890491681,1.6102145113046793,47382.81123366814,16.88685331132323,2.5649493574615367,1.252762968495368
17,1,0,4,9.5,1.2,1,4.3,1,1,4,27.0,47,2.77,0,2.3939369739111944,5.81627216727231,0.0,12447.386303522204,6.6493301515664,3.332204510175204,0.7884573603642702
16,1,0,0,3.2,3.5,1,7.7,3,1,1,13.0,95,3.7,2,1.2004777883442346,15.725375748712496,1.6102145113046793,83687.91518516612,16.211695300270975,2.6390573296152584,1.5040773967762742
19,1,2,0,6.3,2.5,1,5.8,2,1,2,17.0,71,3.47,2,1.9351768949585346,9.76858741311186,0.8778301681657564,38038.0056657807,13.331834670752924,2.8903717578961645,1.252762968495368
18,1,0,4,6.8,1.3,1,6.0,2,1,2,9.0,85,3.39,2,2.019709544031315,10.347518899102251,0.8778301681657564,61924.51734422166,12.41431443477717,2.302585092994046,0.832909122935104
22,0,2,0,2.4,2.1,1,7.7,3,1,1,5.0,93,4.0,2,0.8965046417701628,15.725375748712496,1.6102145113046793,79002.48980321265,20.53818254914221,1.791759469228055,1.1314021114911006
17,1,0,0,14.0,1.1,1,4.3,1,0,3,32.0,38,2.38,0,2.8364774847199032,5.81627216727231,0.0,7000.023854332941,4.108831229646327,3.4965075614664802,0.7419373447293773
19,0,2,6,3.5,1.3,1,8.3,3,0,3,6.0,98,3.54,2,1.2961337421106984,17.809462547767687,1.6102145113046793,91038.45997193112,14.169772787057607,1.9459101490553132,0.832909122935104
18,0,2,6,6.5,1.8,1,5.8,1,1,0,11.0,64,3.64,2,1.9697262931476014,9.76858741311186,0.0,28717.928887801263,15.425006368156271,2.4849066497880004,1.0296194171811581
19,2,2,0,6.9,1.0,1,6.4,3,1,2,14.0,83,3.48,2,2.0359078246346916,11.540249794535706,1.6102145113046793,58057.92927986961,13.449516948333956,2.70805020110221,0.6931471805599453
20,0,2,4,3.6,1.7,1,6.4,2,0,1,8.0,82,3.63,2,1.3263003819268158,11.540249794535706,0.8778301681657564,56183.26023893996,15.296357628263685,2.1972245773362196,0.9932517730102833
20,1,2,0,6.5,0.6,1,6.0,1,1,1,19.0,76,2.74,1,1.9697262931476014,10.347518899102251,0.0,45734.94462371378,6.426354611099438,2.995732273553991,0.4700036292457356
18,1,2,0,4.5,1.5,1,6.9,2,1,2,9.0,82,3.77,2,1.5668817774441797,13.095026718981076,0.8778301681657564,56183.26023893996,17.161958728612845,2.302585092994046,0.9162907318741551
17,1,0,0,4.9,2.0,1,7.2,2,1,0,19.0,77,3.28,2,1.659461753676766,14.061136801601103,0.8778301681657564,47382.81123366814,11.220894215246592,2.995732273553991,1.0986122886681098
18,0,2,5,2.2,2.4,1,8.6,4,1,0,13.0,91,4.0,2,0.8054926939148117,18.886266876241464,2.261698926363226,74486.02575307926,20.53818254914221,2.6390573296152584,1.2237754316221157
16,1,0,4,5.3,1.5,1,7.2,3,1,2,2.0,87,4.0,2,1.7451507197105387,14.061136801601103,1.6102145113046793,65949.64476800284,20.53818254914221,1.0986122886681098,0.9162907318741551
19,0,2,4,5.3,1.0,1,7.3,2,1,4,10.0,89,3.52,2,1.7451507197105387,14.388618785157242,0.8778301681657564,70135.94297111471,13.926977359533225,2.3978952727983707,0.6931471805599453
19,3,2,6,7.1,1.7,0,5.4,2,1,0,13.0,68,3.31,2,2.0676487677416864,8.646392457066119,0.8778301681657564,33841.334443280015,11.53866528811148,2.6390573296152584,0.9932517730102833
18,0,2,0,8.9,1.3,1,4.1,1,1,0,18.0,57,2.93,1,2.320387654485076,5.343953906546689,0.0,20986.249109062494,7.921379736654888,2.9444389791664403,0.832909122935104
17,0,0,4,9.6,2.3,1,5.5,1,0,2,14.0,55,3.04,1,2.4057660247033263,8.92242992355568,0.0,19051.54466123719,8.879669149882293,2.70805020110221,1.1939224684724346
18,0,2,0,4.5,2.5,1,6.8,2,0,3,10.0,81,3.58,2,1.5668817774441797,12.778487214922173,0.8778301681657564,54347.230996866165,14.663569620587477,2.3978952727983707,1.252762968495368
17,1,0,4,2.8,2.2,1,8.5,4,0,3,6.0,98,3.53,2,1.0587970088869507,18.524790399056656,2.261698926363226,91038.45997193112,14.048034731048165,1.9459101490553132,1.1631508098056809
19,1,0,0,4.0,1.6,1,7.0,4,0,2,3.0,88,3.33,2,1.4395330280586147,13.414325353558693,2.261698926363226,68022.48375280312,11.7537050835968,1.3862943611198906,0.9555114450274363
18,0,0,0,6.0,3.0,2,6.8,3,1,0,15.0,83,3.39,2,1.8813563150191603,12.778487214922173,1.6102145113046793,58057.92927986961,12.41431443477717,2.772588722239781,1.3862943611198906
19,1,2,5,2.5,0.6,1,7.8,4,0,2,1.0,96,3.57,2,0.9393512133898587,16.066200853784746,2.261698926363226,86094.79021322812,14.5390899446019,0.6931471805599453,0.4700036292457356
21,0,2,5,11.6,1.5,0,4.4,1,1,1,25.0,50,2.43,0,2.620703352487409,6.057450511969028,0.0,14717.856782686873,4.392835901119548,3.258096538021482,0.9162907318741551
20,1,0,0,3.8,3.2,1,7.7,3,0,1,11.0,88,3.62,2,1.384326776898207,15.725375748712496,1.6102145113046793,68022.48375280312,15.168408451034988,2.4849066497880004,1.4350845252893227
19,1,2,6,8.1,0.7,1,7.4,2,1,4,32.0,81,3.32,1,2.2146613748949004,14.718798218821261,0.8778301681657564,54347.230996866165,11.645864683908064,3.4965075614664802,0.5306282510621704
23,0,1,6,10.2,2.9,1,5.3,1,1,2,18.0,62,2.84,1,2.4743831724778294,8.3733992567368,0.0,26352.188477075142,7.188483753456278,2.9444389791664403,1.3609765531356006
19,1,2,0,11.7,0.6,1,4.7,1,0,3,17.0,51,2.69,1,2.630504798570763,6.800697609529523,0.0,15528.613925862097,6.065325961111475,2.8903717578961645,0.4700036292457356
17,1,0,0,4.3,1.4,1,8.1,3,0,3,11.0,89,3.62,2,1.5176311317383155,17.104383037428352,1.6102145113046793,70135.94297111471,15.168408451034988,2.4849066497880004,0.8754687373538999
20,1,2,6,5.8,2.1,0,7.6,3,0,4,20.0,76,3.4,2,1.8440428632175376,15.387190975810833,1.6102145113046793,45734.94462371378,12.526694794914107,3.044522437723423,1.1314021114911006
19,0,2,4,3.8,1.6,1,7.6,4,0,3,7.0,98,3.38,2,1.384326776898207,15.387190975810833,2.261698926363226,91038.45997193112,12.302588311016644,2.0794415416798357,0.9555114450274363
18,1,2,3,5.1,2.3,0,6.7,2,1,3,10.0,87,3.44,2,1.7031011436641108,12.464723049102489,0.8778301681657564,65949.64476800284,12.982796395310663,2.3978952727983707,1.1939224684724346
15,0,0,0,3.4,2.9,0,6.8,2,0,3,12.0,85,3.96,2,1.2651404807900501,12.778487214922173,0.8778301681657564,61924.51734422166,19.922423358919016,2.5649493574615367,1.3609765531356006
19,0,2,3,6.0,2.7,2,5.7,2,1,2,16.0,70,3.38,2,1.8813563150191603,9.483548899985696,0.8778301681657564,36604.68597434723,12.302588311016644,2.833213344056216,1.308332819650179
20,0,2,4,8.8,1.8,1,4.8,1,1,2,13.0,74,2.93,2,2.307675347857402,7.054921429048166,0.0,42548.719285856496,7.921379736654888,2.6390573296152584,1.0296194171811581
18,0,0,6,2.6,3.1,1,9.2,4,1,1,2.0,98,3.46,2,0.9806061985963926,21.107764803377655,2.261698926363226,91038.45997193112,13.21482174546893,1.0986122886681098,1.410986973710262
19,1,2,4,3.9,1.1,1,6.5,2,0,3,16.0,84,3.19,2,1.4122647058505842,11.845587262709715,0.8778301681657564,59971.57105866405,10.301582463218029,2.833213344056216,0.7419373447293773
20,1,2,6,9.4,1.9,1,5.0,1,1,4,28.0,46,2.48,0,2.381989542783344,7.5729175150710875,0.0,11743.200224808417,4.688645799522572,3.367295829986474,1.0647107369924282
18,0,2,3,5.4,1.4,1,6.6,2,1,1,16.0,71,3.6,2,1.7656156766986153,12.15375076672696,0.8778301681657564,38038.0056657807,14.914601235151155,2.833213344056216,0.8754687373538999
19,1,2,3,7.5,1.6,1,5.3,1,1,3,20.0,79,2.95,2,2.1286702202484076,8.3733992567368,0.0,50789.75419132553,8.090435723777606,3.044522437723423,0.9555114450274363
19,1,2,4,6.1,2.8,1,5.9,1,0,3,11.0,74,3.16,2,1.8995739499976299,10.056584152579083,0.0,42548.719285856496,10.006308774393966,2.4849066497880004,1.33500106673234
18,1,2,4,3.1,0.5,1,7.8,4,0,2,3.0,95,4.0,2,1.1666987907776478,16.066200853784746,2.261698926363226,83687.91518516612,20.53818254914221,1.3862943611198906,0.4054651081081644
15,1,0,0,14.0,1.2,1,5.3,1,1,2,34.0,54,2.74,0,2.8364774847199032,8.3733992567368,0.0,18128.066722063846,6.426354611099438,3.5553480614894135,0.7884573603642702
18,0,2,0,14.0,1.8,1,4.2,1,1,3,32.0,44,2.41,0,2.8364774847199032,5.578429418447326,0.0,10411.425745453509,4.2778307270095475,3.4965075614664802,1.0296194171811581
18,1,2,0,6.1,1.5,0,6.0,2,1,4,19.0,70,3.38,2,1.8995739499976299,10.347518899102251,0.8778301681657564,36604.68597434723,12.302588311016644,2.995732273553991,0.9162907318741551
21,0,2,4,7.0,0.4,1,6.9,2,1,2,16.0,81,3.08,2,2.0518855355680303,13.095026718981076,0.8778301681657564,54347.230996866165,9.245645848802152,2.833213344056216,0.33647223662121295
20,1,0,3,4.2,3.7,1,7.5,3,0,1,7.0,91,4.0,2,1.492187365993103,15.05166041856306,1.6102145113046793,74486.02575307926,20.53818254914221,2.0794415416798357,1.547562508716013
17,1,0,4,4.6,2.4,1,6.2,3,1,1,16.0,76,3.8,2,1.5907355499331142,10.938123890491681,1.6102145113046793,45734.94462371378,17.58006637427118,2.833213344056216,1.2237754316221157
20,1,2,3,12.3,1.1,1,4.8,1,0,2,39.0,60,2.34,0,2.6877002515080095,7.054921429048166,0.0,24113.25572387178,3.889967371270665,3.6888794541139363,0.7419373447293773
17,0,0,4,2.0,2.1,0,8.0,2,1,3,4.0,97,3.42,2,0.7062901854968463,16.755717770784734,0.8778301681657564,88544.86579764642,12.753425783763895,1.6094379124341003,1.1314021114911006
18,0,0,6,3.8,1.3,1,6.8,2,0,1,15.0,74,3.26,2,1.384326776898207,12.778487214922173,0.8778301681657564,42548.719285856496,11.012217184536736,2.772588722239781,0.832909122935104
17,0,0,4,4.9,2.8,1,7.2,3,1,4,14.0,93,3.55,2,1.659461753676766,14.061136801601103,1.6102145113046793,79002.48980321265,14.292193415871623,2.70805020110221,1.33500106673234
17,1,0,0,4.5,1.8,1,8.3,4,1,4,9.0,81,4.0,2,1.5668817774441797,17.809462547767687,2.261698926363226,54347.230996866165,20.53818254914221,2.302585092994046,1.0296194171811581
19,1,2,4,4.1,2.5,1,6.7,2,0,3,22.0,76,3.52,2,1.466163943905982,12.464723049102489,0.8778301681657564,45734.94462371378,13.926977359533225,3.1354942159291497,1.252762968495368
17,1,0,6,7.3,1.7,1,6.1,2,1,3,20.0,69,2.95,1,2.09855491776158,10.641371908015127,0.8778301681657564,35205.91224901557,8.090435723777606,3.044522437723423,0.9932517730102833
19,0,2,0,3.1,1.7,1,6.4,2,0,3,11.0,74,3.99,2,1.1666987907776478,11.540249794535706,0.8778301681657564,42548.719285856496,20.38309347972413,2.4849066497880004,0.9932517730102833
19,0,2,4,6.0,2.1,1,6.4,2,1,3,12.0,82,3.21,2,1.8813563150191603,11.540249794535706,0.8778301681657564,56183.26023893996,10.501510504182985,2.5649493574615367,1.1314021114911006
17,0,0,4,2.6,0.0,1,6.3,2,1,2,15.0,97,2.91,2,0.9806061985963926,11.237755995802775,0.8778301681657564,88544.86579764642,7.7545924317854675,2.772588722239781,0.0
19,1,2,6,5.9,2.1,1,7.7,1,1,2,10.0,80,3.2,2,1.8628491617376208,15.725375748712496,0.0,52549.50742605369,10.401237330639699,2.3978952727983707,1.1314021114911006
18,0,2,0,2.9,2.2,1,5.5,2,1,1,19.0,81,3.36,2,1.095930983777979,8.92242992355568,0.8778301681657564,54347.230996866165,12.08109121248574,2.995732273553991,1.1631508098056809
15,1,0,6,4.1,2.1,1,7.8,4,0,2,12.0,84,3.56,2,1.466163943905982,16.066200853784746,2.261698926363226,59971.57105866405,14.415298505689877,2.5649493574615367,1.1314021114911006
21,1,2,6,5.3,1.4,0,5.8,2,1,2,16.0,78,3.48,2,1.7451507197105387,9.76858741311186,0.8778301681657564,49067.63473037756,13.449516948333956,2.833213344056216,0.8754687373538999
22,1,2,6,11.1,2.3,1,4.8,1,1,1,24.0,64,3.09,1,2.5704644360674704,7.054921429048166,0.0,28717.928887801263,9.338624265751184,3.2188758248682006,1.1939224684724346
17,0,0,6,5.0,1.7,0,7.0,3,0,2,9.0,84,3.31,2,1.681487870546516,13.414325353558693,1.6102145113046793,59971.57105866405,11.53866528811148,2.302585092994046,0.9932517730102833
16,0,0,4,4.9,2.7,1,6.8,4,0,4,22.0,75,3.77,2,1.659461753676766,12.778487214922173,2.261698926363226,44123.69453376821,17.161958728612845,3.1354942159291497,1.308332819650179
20,0,2,0,9.8,0.8,1,5.8,1,1,3,19.0,61,3.03,1,2.4290784648391797,9.76858741311186,0.0,25217.052320963478,8.789649747573227,2.995732273553991,0.5877866649021191
17,0,0,4,4.1,1.7,1,6.7,4,0,2,16.0,84,3.84,2,1.466163943905982,12.464723049102489,2.261698926363226,59971.57105866405,18.147794866724794,2.833213344056216,0.9932517730102833
17,1,0,6,13.5,2.6,1,5.4,1,1,2,31.0,44,2.25,0,2.7945774971966166,8.646392457066119,0.0,10411.425745453509,3.4239598720059856,3.4657359027997265,1.2809338454620642
20,1,2,0,5.1,1.4,1,6.4,2,0,3,5.0,82,3.51,2,1.7031011436641108,11.540249794535706,0.8778301681657564,56183.26023893996,13.806598784091944,1.791759469228055,0.8754687373538999
19,1,2,6,4.5,1.5,1,6.2,3,0,3,11.0,76,3.68,2,1.5668817774441797,10.938123890491681,1.6102145113046793,45734.94462371378,15.946634697155112,2.4849066497880004,0.9162907318741551
19,0,2,4,5.9,1.0,1,6.6,3,1,3,12.0,78,3.3,2,1.8628491617376208,12.15375076672696,1.6102145113046793,49067.63473037756,11.432105005383404,2.5649493574615367,0.6931471805599453
20,1,2,4,9.6,2.6,1,7.4,2,1,0,12.0,81,3.35,2,2.4057660247033263,14.718798218821261,0.8778301681657564,54347.230996866165,11.971316457356032,2.5649493574615367,1.2809338454620642
20,1,2,6,9.4,2.7,1,4.2,1,1,2,23.0,60,2.67,1,2.381989542783344,5.578429418447326,0.0,24113.25572387178,5.924579237757003,3.1780538303479458,1.308332819650179
19,0,2,5,2.5,1.2,1,8.0,2,1,2,4.0,98,3.48,2,0.9393512133898587,16.755717770784734,0.8778301681657564,91038.45997193112,13.449516948333956,1.6094379124341003,0.7884573603642702
17,0,0,4,7.9,1.1,1,6.2,2,1,2,12.0,63,3.54,2,2.186687359322709,10.938123890491681,0.8778301681657564,27519.02697404476,14.169772787057607,2.5649493574615367,0.7419373447293773
16,1,0,0,3.8,2.2,1,7.5,3,1,2,11.0,74,3.95,2,1.384326776898207,15.05166041856306,1.6102145113046793,42548.719285856496,19.770392735367714,2.4849066497880004,1.1631508098056809
17,0,0,0,2.2,1.4,1,5.9,3,0,1,8.0,92,3.58,2,0.8054926939148117,10.056584152579083,1.6102145113046793,76723.29848149381,14.663569620587477,2.1972245773362196,0.8754687373538999
18,1,2,2,12.0,0.9,1,5.0,1,1,0,31.0,53,2.57,0,2.6594407185539746,7.5729175150710875,0.0,17233.337875033176,5.251611869829937,3.4657359027997265,0.6418538861723948
23,0,1,0,2.9,1.0,1,7.0,3,1,2,7.0,94,3.48,2,1.095930983777979,13.414325353558693,1.6102145113046793,81323.92171042044,13.449516948333956,2.0794415416798357,0.6931471805599453
19,1,0,4,6.8,2.4,1,6.9,1,1,1,9.0,74,3.12,2,2.019709544031315,13.095026718981076,0.0,42548.719285856496,9.621151996683725,2.302585092994046,1.2237754316221157
19,1,2,4,3.2,1.3,1,7.9,3,0,4,0.0,92,3.23,2,1.2004777883442346,16.409652657927705,1.6102145113046793,76723.29848149381,10.703919338092492,0.0,0.832909122935104
18,0,2,0,3.1,1.8,1,6.7,3,1,3,9.0,89,3.52,2,1.1666987907776478,12.464723049102489,1.6102145113046793,70135.94297111471,13.926977359533225,2.302585092994046,1.0296194171811581
20,0,2,4,5.4,0.8,1,5.4,2,1,2,22.0,66,3.06,1,1.7656156766986153,8.646392457066119,0.8778301681657564,31213.358948090136,9.06147389329403,3.1354942159291497,0.5877866649021191
19,1,0,4,11.0,1.5,0,4.2,1,1,2,28.0,56,2.93,1,2.560160258129247,5.578429418447326,0.0,20004.147513716616,7.921379736654888,3.367295829986474,0.9162907318741551
20,1,2,0,3.3,2.4,0,7.1,3,0,2,4.0,91,3.87,2,1.2332726085820729,13.736367236790857,1.6102145113046793,74486.02575307926,18.58134594461001,1.6094379124341003,1.2237754316221157
18,1,0,0,8.7,2.8,1,3.9,1,1,3,15.0,70,2.96,2,2.294825646767686,4.885236590833674,0.0,36604.68597434723,8.175819212089252,2.772588722239781,1.33500106673234
21,1,0,0,2.5,1.5,1,8.4,3,1,2,0.0,92,3.87,2,0.9393512133898587,18.16585159714471,1.6102145113046793,76723.29848149381,18.58134594461001,0.0,0.9162907318741551
19,0,2,4,4.0,1.3,1,6.7,3,0,3,10.0,90,3.44,2,1.4395330280586147,12.464723049102489,1.6102145113046793,72290.34860143652,12.982796395310663,2.3978952727983707,0.832909122935104
19,0,2,6,5.1,2.1,0,5.8,2,1,2,16.0,75,3.93,2,1.7031011436641108,9.76858741311186,0.8778301681657564,44123.69453376821,19.4686093099294,2.833213344056216,1.1314021114911006
20,0,2,0,2.7,2.0,1,8.6,4,0,2,8.0,98,4.0,2,1.0203866362587886,18.886266876241464,2.261698926363226,91038.45997193112,20.53818254914221,2.1972245773362196,1.0986122886681098
18,1,2,0,8.7,1.7,1,6.0,1,1,3,19.0,66,2.98,1,2.294825646767686,10.347518899102251,0.0,31213.358948090136,8.348306654858234,2.995732273553991,0.9932517730102833
17,0,0,0,3.6,2.5,1,7.9,3,0,1,16.0,89,3.8,2,1.3263003819268158,16.409652657927705,1.6102145113046793,70135.94297111471,17.58006637427118,2.833213344056216,1.252762968495368
17,1,0,0,2.9,2.1,2,7.6,3,0,2,6.0,93,3.65,2,1.095930983777979,15.387190975810833,1.6102145113046793,79002.48980321265,15.554356557932616,1.9459101490553132,1.1314021114911006
17,1,0,4,7.6,3.3,1,6.7,2,0,2,16.0,79,3.2,2,2.1434440944290047,12.464723049102489,0.8778301681657564,50789.75419132553,10.401237330639699,2.833213344056216,1.4586150226995167
19,0,2,6,2.7,1.4,1,8.2,3,0,2,3.0,98,4.0,2,1.0203866362587886,17.455635531354325,1.6102145113046793,91038.45997193112,20.53818254914221,1.3862943611198906,0.8754687373538999
19,1,2,0,5.8,1.4,1,5.8,2,1,2,14.0,79,3.41,2,1.8440428632175376,9.76858741311186,0.8778301681657564,50789.75419132553,12.639731281317893,2.70805020110221,0.8754687373538999
16,1,0,0,8.1,1.4,1,6.0,2,0,2,18.0,69,3.25,2,2.2146613748949004,10.347518899102251,0.8778301681657564,35205.91224901557,10.90882410064474,2.9444389791664403,0.8754687373538999
20,0,2,0,4.7,1.8,1,6.0,3,0,3,5.0,86,3.55,2,1.6141037337096489,10.347518899102251,1.6102145113046793,63917.09875329975,14.292193415871623,1.791759469228055,1.0296194171811581
18,1,2,6,5.0,2.3,1,5.6,1,1,3,7.0,81,3.42,2,1.681487870546516,9.201489326998276,0.0,54347.230996866165,12.753425783763895,2.0794415416798357,1.1939224684724346
21,0,2,0,7.5,0.9,1,6.8,2,1,4,20.0,72,2.94,1,2.1286702202484076,12.778487214922173,0.8778301681657564,39506.21991155572,8.005623197120133,3.044522437723423,0.6418538861723948
18,1,2,0,2.3,1.4,1,8.2,5,1,3,8.0,96,3.88,2,0.8519347810161471,17.455635531354325,2.858956583624191,86094.79021322812,18.72735011125622,2.1972245773362196,0.8754687373538999
18,0,2,0,4.1,2.5,1,7.3,3,1,1,13.0,80,3.1,2,1.466163943905982,14.388618785157242,1.6102145113046793,52549.50742605369,9.43220016705984,2.6390573296152584,1.252762968495368
17,1,0,4,4.8,1.9,1,5.6,1,1,3,15.0,79,3.07,2,1.6370062359244075,9.201489326998276,0.0,50789.75419132553,9.153263022572325,2.772588722239781,1.0647107369924282
18,1,2,6,4.4,3.1,1,6.9,4,1,2,18.0,81,2.86,2,1.5425211917840917,13.095026718981076,2.261698926363226,54347.230996866165,7.347450119829864,2.9444389791664403,1.410986973710262
19,0,2,4,6.4,2.4,1,5.9,2,0,2,18.0,70,3.21,2,1.9525792661508234,10.056584152579083,0.8778301681657564,36604.68597434723,10.501510504182985,2.9444389791664403,1.2237754316221157
17,0,0,4,6.1,1.8,1,7.7,2,0,4,11.0,85,4.0,2,1.8995739499976299,15.725375748712496,0.8778301681657564,61924.51734422166,20.53818254914221,2.4849066497880004,1.0296194171811581
20,1,2,4,2.2,1.6,1,6.6,3,0,2,5.0,93,3.82,2,0.8054926939148117,12.15375076672696,1.6102145113046793,79002.48980321265,17.862459817003035,1.791759469228055,0.9555114450274363
18,0,2,6,2.9,2.4,2,7.0,3,1,2,11.0,91,3.3,2,1.095930983777979,13.414325353558693,1.6102145113046793,74486.02575307926,11.432105005383404,2.4849066497880004,1.2237754316221157
18,0,2,0,3.1,2.8,1,7.0,2,0,4,15.0,94,3.56,2,1.1666987907776478,13.414325353558693,0.8778301681657564,81323.92171042044,14.415298505689877,2.772588722239781,1.33500106673234
17,3,0,3,4.9,2.2,1,7.0,4,1,3,12.0,81,3.91,2,1.659461753676766,13.414325353558693,2.261698926363226,54347.230996866165,19.169850419380406,2.5649493574615367,1.1631508098056809
19,0,2,4,2.0,1.0,1,6.8,3,0,4,6.0,81,3.46,2,0.7062901854968463,12.778487214922173,1.6102145113046793,54347.230996866165,13.21482174546893,1.9459101490553132,0.6931471805599453
20,0,2,4,3.7,1.5,1,6.3,3,0,1,3.0,90,3.52,2,1.3556845124032513,11.237755995802775,1.6102145113046793,72290.34860143652,13.926977359533225,1.3862943611198906,0.9162907318741551
18,0,2,0,5.3,2.7,1,7.7,3,1,2,5.0,97,4.0,2,1.7451507197105387,15.725375748712496,1.6102145113046793,88544.86579764642,20.53818254914221,1.791759469228055,1.308332819650179
19,0,2,0,6.1,1.7,1,5.7,3,1,2,16.0,83,3.67,2,1.8995739499976299,9.483548899985696,1.6102145113046793,58057.92927986961,15.81516883547986,2.833213344056216,0.9932517730102833
21,0,2,0,5.6,2.2,1,6.5,1,1,0,20.0,74,2.68,1,1.8054918230589363,11.845587262709715,0.0,42548.719285856496,5.994692731477807,3.044522437723423,1.1631508098056809
16,0,0,6,4.2,1.4,1,5.8,2,1,2,11.0,78,3.71,2,1.492187365993103,9.76858741311186,0.8778301681657564,49067.63473037756,16.345293814978213,2.4849066497880004,0.8754687373538999
22,1,1,6,5.1,2.1,1,6.4,2,1,2,14.0,81,2.91,2,1.7031011436641108,11.540249794535706,0.8778301681657564,54347.230996866165,7.7545924317854675,2.70805020110221,1.1314021114911006
15,1,0,0,3.6,2.4,1,7.5,3,0,2,14.0,83,3.68,2,1.3263003819268158,15.05166041856306,1.6102145113046793,58057.92927986961,15.946634697155112,2.70805020110221,1.2237754316221157
21,0,2,4,6.0,1.3,1,6.6,2,1,4,9.0,95,3.65,2,1.8813563150191603,12.15375076672696,0.8778301681657564,83687.91518516612,15.554356557932616,2.302585092994046,0.832909122935104
20,0,0,6,9.9,3.2,1,4.5,1,1,3,22.0,69,2.71,1,2.440566416418899,6.301933826278156,0.0,35205.91224901557,6.208159224340435,3.1354942159291497,1.4350845252893227
23,0,1,4,4.4,0.8,1,6.8,3,1,1,13.0,82,3.43,2,1.5425211917840917,12.778487214922173,1.6102145113046793,56183.26023893996,12.867780191912736,2.6390573296152584,0.5877866649021191
20,0,2,6,5.1,1.6,1,6.5,3,1,2,13.0,74,3.27,2,1.7031011436641108,11.845587262709715,1.6102145113046793,42548.719285856496,11.116239925597819,2.6390573296152584,0.9555114450274363
16,0,0,6,9.3,1.7,1,5.8,2,1,4,31.0,65,2.58,0,2.36992126816704,9.76858741311186,0.8778301681657564,29949.25362327995,5.3166324870540365,3.4657359027997265,0.9932517730102833
18,0,2,0,2.6,1.4,1,7.4,2,1,0,0.0,89,3.85,2,0.9806061985963926,14.718798218821261,0.8778301681657564,70135.94297111471,18.291570207219255,0.0,0.8754687373538999
15,1,0,4,4.8,2.1,1,8.2,3,1,3,11.0,79,3.4,2,1.6370062359244075,17.455635531354325,1.6102145113046793,50789.75419132553,12.526694794914107,2.4849066497880004,1.1314021114911006
17,0,0,0,6.9,2.3,1,5.7,2,1,2,23.0,68,2.78,1,2.0359078246346916,9.483548899985696,0.8778301681657564,33841.334443280015,6.724726446146271,3.1780538303479458,1.1939224684724346
20,0,2,6,4.4,2.8,1,6.3,3,1,4,12.0,85,3.87,2,1.5425211917840917,11.237755995802775,1.6102145113046793,61924.51734422166,18.58134594461001,2.5649493574615367,1.33500106673234
19,2,2,4,3.6,1.6,0,6.5,4,1,2,12.0,86,3.61,2,1.3263003819268158,11.845587262709715,2.261698926363226,63917.09875329975,15.041156949142636,2.5649493574615367,0.9555114450274363
19,0,2,4,4.2,1.7,2,6.8,2,0,2,2.0,83,3.87,2,1.492187365993103,12.778487214922173,0.8778301681657564,58057.92927986961,18.58134594461001,1.0986122886681098,0.9932517730102833
23,0,2,4,10.0,2.4,1,5.1,1,1,4,27.0,63,2.97,1,2.4519451177756233,7.836637933925062,0.0,27519.02697404476,8.261775557384002,3.332204510175204,1.2237754316221157
21,0,2,0,3.4,0.6,1,7.2,3,0,4,4.0,93,4.0,2,1.2651404807900501,14.061136801601103,1.6102145113046793,79002.48980321265,20.53818254914221,1.6094379124341003,0.4700036292457356
17,0,0,4,7.3,1.5,0,7.5,2,1,3,24.0,76,3.21,1,2.09855491776158,15.05166041856306,0.8778301681657564,45734.94462371378,10.501510504182985,3.2188758248682006,0.9162907318741551
18,1,2,6,4.6,1.5,1,7.8,3,1,3,3.0,80,3.84,2,1.5907355499331142,16.066200853784746,1.6102145113046793,52549.50742605369,18.147794866724794,1.3862943611198906,0.9162907318741551
19,1,0,4,2.5,1.6,1,8.2,4,1,3,12.0,96,3.63,2,0.9393512133898587,17.455635531354325,2.261698926363226,86094.79021322812,15.296357628263685,2.5649493574615367,0.9555114450274363
21,1,2,6,2.4,1.0,1,7.8,3,0,2,17.0,89,3.68,2,0.8965046417701628,16.066200853784746,1.6102145113046793,70135.94297111471,15.946634697155112,2.8903717578961645,0.6931471805599453
21,0,2,3,6.0,1.7,1,5.1,2,1,4,18.0,71,3.4,2,1.8813563150191603,7.836637933925062,0.8778301681657564,38038.0056657807,12.526694794914107,2.9444389791664403,0.9932517730102833
16,0,0,4,2.6,1.2,1,8.5,4,1,2,6.0,93,4.0,2,0.9806061985963926,18.524790399056656,2.261698926363226,79002.48980321265,20.53818254914221,1.9459101490553132,0.7884573603642702
17,0,0,4,7.4,0.2,1,5.7,1,0,1,10.0,68,2.94,2,2.113708815832555,9.483548899985696,0.0,33841.334443280015,8.005623197120133,2.3978952727983707,0.18232155679395465
18,2,2,3,5.1,0.9,1,7.2,3,1,4,18.0,87,3.35,2,1.7031011436641108,14.061136801601103,1.6102145113046793,65949.64476800284,11.971316457356032,2.9444389791664403,0.6418538861723948
19,0,2,4,3.7,2.2,1,6.8,2,0,3,16.0,80,2.98,2,1.3556845124032513,12.778487214922173,0.8778301681657564,52549.50742605369,8.348306654858234,2.833213344056216,1.1631508098056809
19,1,2,6,14.0,1.9,1,4.1,1,1,1,27.0,53,2.47,0,2.8364774847199032,5.343953906546689,0.0,17233.337875033176,4.628527984535003,3.332204510175204,1.0647107369924282
23,1,2,0,2.6,2.7,1,9.0,4,0,3,3.0,98,4.0,2,0.9806061985963926,20.357314790663057,2.261698926363226,91038.45997193112,20.53818254914221,1.3862943611198906,1.308332819650179
20,0,2,2,6.3,2.9,1,6.4,2,1,0,8.0,76,3.45,2,1.9351768949585346,11.540249794535706,0.8778301681657564,45734.94462371378,13.098476283389891,2.1972245773362196,1.3609765531356006
17,0,0,4,6.3,1.9,1,7.0,2,1,1,3.0,90,3.55,2,1.9351768949585346,13.414325353558693,0.8778301681657564,72290.34860143652,14.292193415871623,1.3862943611198906,1.0647107369924282
19,1,2,6,4.1,1.4,1,6.3,2,1,2,14.0,85,3.5,2,1.466163943905982,11.237755995802775,0.8778301681657564,61924.51734422166,13.686897116192466,2.70805020110221,0.8754687373538999
20,0,2,2,2.2,2.2,1,8.2,5,1,4,12.0,93,3.52,2,0.8054926939148117,17.455635531354325,2.858956583624191,79002.48980321265,13.926977359533225,2.5649493574615367,1.1631508098056809
20,1,0,4,4.6,0.6,1,7.4,3,0,2,14.0,89,3.73,2,1.5907355499331142,14.718798218821261,1.6102145113046793,70135.94297111471,16.614636703065745,2.70805020110221,0.4700036292457356
21,1,2,2,7.3,1.8,1,7.4,3,1,3,16.0,74,3.47,2,2.09855491776158,14.718798218821261,1.6102145113046793,42548.719285856496,13.331834670752924,2.833213344056216,1.0296194171811581
17,0,0,1,4.0,1.3,1,7.0,3,1,1,11.0,85,3.9,2,1.4395330280586147,13.414325353558693,1.6102145113046793,61924.51734422166,19.021600464068523,2.4849066497880004,0.832909122935104
21,0,2,0,3.7,1.5,1,6.4,1,0,3,14.0,89,3.8,2,1.3556845124032513,11.540249794535706,0.0,70135.94297111471,17.58006637427118,2.70805020110221,0.9162907318741551
19,0,2,4,3.6,2.3,0,7.4,3,1,3,11.0,88,3.83,2,1.3263003819268158,14.718798218821261,1.6102145113046793,68022.48375280312,18.00475869836222,2.4849066497880004,1.1939224684724346
18,0,2,5,4.7,1.6,1,6.7,2,1,2,14.0,87,3.6,2,1.6141037337096489,12.464723049102489,0.8778301681657564,65949.64476800284,14.914601235151155,2.70805020110221,0.9555114450274363
19,0,2,4,8.0,0.6,1,7.3,1,1,4,12.0,80,3.7,2,2.2007570648755084,14.388618785157242,0.0,52549.50742605369,16.211695300270975,2.5649493574615367,0.4700036292457356
21,1,2,4,3.7,2.5,1,6.7,3,0,3,16.0,91,3.59,2,1.3556845124032513,12.464723049102489,1.6102145113046793,74486.02575307926,14.788739421516853,2.833213344056216,1.252762968495368
22,1,1,6,10.1,1.1,0,4.5,1,1,2,28.0,54,2.85,1,2.463216684932441,6.301933826278156,0.0,18128.066722063846,7.267690936157112,3.367295829986474,0.7419373447293773
17,0,0,6,7.4,3.0,1,6.0,2,1,3,21.0,69,2.76,1,2.113708815832555,10.347518899102251,0.8778301681657564,35205.91224901557,6.574470679514594,3.091042453358316,1.3862943611198906
18,0,2,0,3.6,1.6,1,6.7,3,1,2,14.0,84,3.74,2,1.3263003819268158,12.464723049102489,1.6102145113046793,59971.57105866405,16.750384849080206,2.70805020110221,0.9555114450274363
17,3,0,6,3.3,2.0,2,7.3,3,0,4,3.0,92,3.72,2,1.2332726085820729,14.388618785157242,1.6102145113046793,76723.29848149381,16.479606987119947,1.3862943611198906,1.0986122886681098
19,1,2,3,2.8,2.3,1,8.4,3,1,1,10.0,98,3.69,2,1.0587970088869507,18.16585159714471,1.6102145113046793,91038.45997193112,16.07880955652339,2.3978952727983707,1.1939224684724346
18,1,2,6,5.7,1.5,1,5.1,1,1,4,19.0,77,3.18,2,1.8249272994757757,7.836637933925062,0.0,47382.81123366814,10.202544009650545,2.995732273553991,0.9162907318741551
16,1,0,4,5.2,1.5,1,6.4,2,1,0,17.0,85,3.54,2,1.7243171824127188,11.540249794535706,0.8778301681657564,61924.51734422166,14.169772787057607,2.8903717578961645,0.9162907318741551
18,1,2,1,6.5,1.3,1,6.2,1,0,3,12.0,72,3.33,2,1.9697262931476014,10.938123890491681,0.0,39506.21991155572,11.7537050835968,2.5649493574615367,0.832909122935104
17,0,0,6,7.5,1.6,1,5.5,1,1,4,26.0,70,3.32,1,2.1286702202484076,8.92242992355568,0.0,36604.68597434723,11.645864683908064,3.295836866004329,0.9555114450274363
18,1,0,4,4.8,2.0,1,6.8,2,0,2,15.0,83,2.93,2,1.6370062359244075,12.778487214922173,0.8778301681657564,58057.92927986961,7.921379736654888,2.772588722239781,1.0986122886681098
19,0,2,4,2.4,1.1,1,9.6,3,0,2,2.0,97,4.0,2,0.8965046417701628,22.638081291579695,1.6102145113046793,88544.86579764642,20.53818254914221,1.0986122886681098,0.7419373447293773
17,0,0,4,6.6,1.7,1,8.2,3,1,2,9.0,88,3.29,2,1.9866255656836118,17.455635531354325,1.6102145113046793,68022.48375280312,11.326181944781949,2.302585092994046,0.9932517730102833
20,2,0,4,4.4,1.0,1,6.8,3,1,4,7.0,87,3.88,2,1.5425211917840917,12.778487214922173,1.6102145113046793,65949.64476800284,18.72735011125622,2.0794415416798357,0.6931471805599453
17,0,0,6,4.9,3.1,1,6.9,2,0,3,26.0,73,3.16,1,1.659461753676766,13.095026718981076,0.8778301681657564,41009.67586813584,10.006308774393966,3.295836866004329,1.410986973710262
21,1,2,4,3.8,0.8,1,6.0,3,0,3,13.0,84,3.61,2,1.384326776898207,10.347518899102251,1.6102145113046793,59971.57105866405,15.041156949142636,2.6390573296152584,0.5877866649021191
19,1,2,4,5.9,3.1,1,6.6,3,1,4,20.0,76,3.29,2,1.8628491617376208,12.15375076672696,1.6102145113046793,45734.94462371378,11.326181944781949,3.044522437723423,1.410986973710262
19,0,2,0,4.2,1.9,1,6.8,3,0,1,9.0,74,3.49,2,1.492187365993103,12.778487214922173,1.6102145113046793,42548.719285856496,13.567870467191462,2.302585092994046,1.0647107369924282
18,1,2,0,3.7,1.6,1,6.7,3,0,4,17.0,79,3.85,2,1.3556845124032513,12.464723049102489,1.6102145113046793,50789.75419132553,18.291570207219255,2.8903717578961645,0.9555114450274363
20,1,2,0,4.9,1.8,0,7.8,3,1,3,17.0,96,3.42,2,1.659461753676766,16.066200853784746,1.6102145113046793,86094.79021322812,12.753425783763895,2.8903717578961645,1.0296194171811581
17,1,0,4,2.0,1.7,0,8.9,5,0,2,0.0,97,4.0,2,0.7062901854968463,19.985804516313625,2.858956583624191,88544.86579764642,20.53818254914221,0.0,0.9932517730102833
17,0,0,4,5.5,2.9,0,7.0,2,1,3,13.0,78,3.65,2,1.7857252215541248,13.414325353558693,0.8778301681657564,49067.63473037756,15.554356557932616,2.6390573296152584,1.3609765531356006
19,0,2,4,10.1,1.7,1,5.5,1,1,1,17.0,66,3.06,1,2.463216684932441,8.92242992355568,0.0,31213.358948090136,9.06147389329403,2.8903717578961645,0.9932517730102833
18,0,2,3,2.2,2.5,1,5.9,3,1,1,13.0,88,4.0,2,0.8054926939148117,10.056584152579083,1.6102145113046793,68022.48375280312,20.53818254914221,2.6390573296152584,1.252762968495368
21,1,2,6,5.8,2.7,1,5.9,2,0,1,9.0,81,3.19,2,1.8440428632175376,10.056584152579083,0.8778301681657564,54347.230996866165,10.301582463218029,2.302585092994046,1.308332819650179
19,0,2,0,9.8,2.9,1,4.8,1,1,3,24.0,60,3.32,1,2.4290784648391797,7.054921429048166,0.0,24113.25572387178,11.645864683908064,3.2188758248682006,1.3609765531356006
17,0,0,0,2.3,1.1,1,7.3,2,0,0,10.0,84,3.86,2,0.8519347810161471,14.388618785157242,0.8778301681657564,59971.57105866405,18.436086604872493,2.3978952727983707,0.7419373447293773
20,1,0,0,3.6,1.6,1,8.1,4,1,2,8.0,95,3.82,2,1.3263003819268158,17.104383037428352,2.261698926363226,83687.91518516612,17.862459817003035,2.1972245773362196,0.9555114450274363
18,1,2,0,6.1,2.6,1,4.5,1,1,2,9.0,81,3.0,2,1.8995739499976299,6.301933826278156,0.0,54347.230996866165,8.52310068647062,2.302585092994046,1.2809338454620642
17,1,0,6,5.0,1.9,1,8.5,4,1,3,12.0,95,3.22,2,1.681487870546516,18.524790399056656,2.261698926363226,83687.91518516612,10.602403875992923,2.5649493574615367,1.0647107369924282
17,0,0,5,7.1,0.9,1,7.2,2,1,3,13.0,81,3.62,2,2.0676487677416864,14.061136801601103,0.8778301681657564,54347.230996866165,15.168408451034988,2.6390573296152584,0.6418538861723948
18,1,2,0,2.7,2.2,1,5.4,2,0,1,19.0,87,3.78,2,1.0203866362587886,8.646392457066119,0.8778301681657564,65949.64476800284,17.300599455458382,2.995732273553991,1.1631508098056809
19,1,2,4,12.7,2.0,1,4.2,1,1,4,34.0,44,2.35,0,2.7243820126005427,5.578429418447326,0.0,10411.425745453509,3.9439959616544056,3.5553480614894135,1.0986122886681098
18,1,0,6,3.2,1.9,0,6.8,3,1,2,13.0,94,3.66,2,1.2004777883442346,12.778487214922173,1.6102145113046793,81323.92171042044,15.684410084705304,2.6390573296152584,1.0647107369924282
19,0,2,6,8.7,2.0,2,7.2,3,0,0,15.0,79,3.54,2,2.294825646767686,14.061136801601103,1.6102145113046793,50789.75419132553,14.169772787057607,2.772588722239781,1.0986122886681098
20,1,0,3,5.0,1.2,1,5.6,2,1,1,15.0,64,3.41,2,1.681487870546516,9.201489326998276,0.8778301681657564,28717.928887801263,12.639731281317893,2.772588722239781,0.7884573603642702
19,0,2,3,8.9,2.1,1,4.6,1,1,2,27.0,57,2.65,1,2.320387654485076,6.549692444201377,0.0,20986.249109062494,5.78590386095075,3.332204510175204,1.1314021114911006
19,1,2,4,1.7,0.2,1,7.1,4,1,3,0.0,95,3.61,2,0.5383079872264196,13.736367236790857,2.261698926363226,83687.91518516612,15.041156949142636,0.0,0.18232155679395465
17,0,0,2,4.1,2.1,1,6.8,2,1,3,15.0,83,3.3,2,1.466163943905982,12.778487214922173,0.8778301681657564,58057.92927986961,11.432105005383404,2.772588722239781,1.1314021114911006
16,0,0,4,2.9,2.0,0,8.4,4,1,4,10.0,84,3.76,2,1.095930983777979,18.16585159714471,2.261698926363226,59971.57105866405,17.024043975850308,2.3978952727983707,1.0986122886681098
17,1,0,6,3.5,2.2,1,5.9,2,1,3,7.0,87,3.46,2,1.2961337421106984,10.056584152579083,0.8778301681657564,65949.64476800284,13.21482174546893,2.0794415416798357,1.1631508098056809
15,1,0,3,6.3,1.3,1,6.3,1,1,3,18.0,79,3.35,2,1.9351768949585346,11.237755995802775,0.0,50789.75419132553,11.971316457356032,2.9444389791664403,0.832909122935104
17,0,0,0,8.8,1.2,0,6.3,1,1,1,23.0,63,3.55,1,2.307675347857402,11.237755995802775,0.0,27519.02697404476,14.292193415871623,3.1780538303479458,0.7884573603642702
21,0,2,3,3.4,1.8,1,8.6,5,0,2,7.0,98,4.0,2,1.2651404807900501,18.886266876241464,2.858956583624191,91038.45997193112,20.53818254914221,2.0794415416798357,1.0296194171811581
18,0,2,0,3.3,2.4,0,7.2,3,0,1,3.0,80,3.59,2,1.2332726085820729,14.061136801601103,1.6102145113046793,52549.50742605369,14.788739421516853,1.3862943611198906,1.2237754316221157
19,1,2,6,5.0,1.6,1,6.4,3,0,3,8.0,78,3.49,2,1.681487870546516,11.540249794535706,1.6102145113046793,49067.63473037756,13.567870467191462,2.1972245773362196,0.9555114450274363
22,0,1,4,4.0,1.9,0,6.9,3,1,3,7.0,81,3.69,2,1.4395330280586147,13.095026718981076,1.6102145113046793,54347.230996866165,16.07880955652339,2.0794415416798357,1.0647107369924282
20,0,2,0,5.0,2.1,1,6.6,1,1,4,16.0,84,3.19,2,1.681487870546516,12.15375076672696,0.0,59971.57105866405,10.301582463218029,2.833213344056216,1.1314021114911006
16,1,0,3,4.4,1.4,1,8.0,3,0,2,3.0,93,3.18,2,1.5425211917840917,16.755717770784734,1.6102145113046793,79002.48980321265,10.202544009650545,1.3862943611198906,0.8754687373538999
19,1,2,6,2.2,1.5,1,7.6,3,1,3,13.0,93,3.63,2,0.8054926939148117,15.387190975810833,1.6102145113046793,79002.48980321265,15.296357628263685,2.6390573296152584,0.9162907318741551
19,2,2,2,2.5,2.6,1,8.0,2,0,3,10.0,89,4.0,2,0.9393512133898587,16.755717770784734,0.8778301681657564,70135.94297111471,20.53818254914221,2.3978952727983707,1.2809338454620642
22,0,2,3,8.3,2.2,1,4.9,1,0,3,21.0,57,2.91,1,2.2419894696219833,7.3123368290812865,0.0,20986.249109062494,7.7545924317854675,3.091042453358316,1.1631508098056809
21,0,2,0,4.9,2.1,1,7.7,3,0,2,15.0,93,3.35,2,1.659461753676766,15.725375748712496,1.6102145113046793,79002.48980321265,11.971316457356032,2.772588722239781,1.1314021114911006
17,0,0,0,4.8,1.7,0,6.3,3,1,2,15.0,81,3.6,2,1.6370062359244075,11.237755995802775,1.6102145113046793,54347.230996866165,14.914601235151155,2.772588722239781,0.9932517730102833
18,0,2,0,6.4,2.1,1,7.2,2,1,4,12.0,80,2.83,2,1.9525792661508234,14.061136801601103,0.8778301681657564,52549.50742605369,7.10982667490936,2.5649493574615367,1.1314021114911006
19,0,2,0,5.7,2.4,1,5.4,2,1,4,17.0,75,2.73,2,1.8249272994757757,8.646392457066119,0.8778301681657564,44123.69453376821,6.353094218431751,2.8903717578961645,1.2237754316221157
16,1,0,3,6.4,1.5,1,7.7,3,1,3,17.0,72,3.71,2,1.9525792661508234,15.725375748712496,1.6102145113046793,39506.21991155572,16.345293814978213,2.8903717578961645,0.9162907318741551
16,3,0,2,6.1,0.9,1,5.6,1,1,3,14.0,81,3.74,2,1.8995739499976299,9.201489326998276,0.0,54347.230996866165,16.750384849080206,2.70805020110221,0.6418538861723948
18,0,2,0,1.4,1.8,1,7.8,4,1,2,7.0,98,4.0,2,0.3395493214925278,16.066200853784746,2.261698926363226,91038.45997193112,20.53818254914221,2.0794415416798357,1.0296194171811581
17,0,0,4,4.1,1.9,0,7.0,3,1,3,10.0,81,3.59,2,1.466163943905982,13.414325353558693,1.6102145113046793,54347.230996866165,14.788739421516853,2.3978952727983707,1.0647107369924282
16,1,0,6,2.3,2.3,1,8.9,4,1,3,10.0,95,3.22,2,0.8519347810161471,19.985804516313625,2.261698926363226,83687.91518516612,10.602403875992923,2.3978952727983707,1.1939224684724346
17,0,0,3,5.7,1.8,1,6.3,2,0,2,15.0,79,3.27,2,1.8249272994757757,11.237755995802775,0.8778301681657564,50789.75419132553,11.116239925597819,2.772588722239781,1.0296194171811581
18,0,2,0,3.9,1.0,1,8.1,4,1,2,15.0,87,4.0,2,1.4122647058505842,17.104383037428352,2.261698926363226,65949.64476800284,20.53818254914221,2.772588722239781,0.6931471805599453
18,0,2,0,3.0,1.6,1,7.3,3,0,2,14.0,86,3.96,2,1.1318728617817535,14.388618785157242,1.6102145113046793,63917.09875329975,19.922423358919016,2.70805020110221,0.9555114450274363
19,1,2,3,2.3,1.8,1,5.8,2,1,2,16.0,81,3.49,2,0.8519347810161471,9.76858741311186,0.8778301681657564,54347.230996866165,13.567870467191462,2.833213344056216,1.0296194171811581
18,0,2,0,10.8,1.3,1,5.4,1,1,2,30.0,51,2.74,0,2.539283315287256,8.646392457066119,0.0,15528.613925862097,6.426354611099438,3.4339872044851463,0.832909122935104
20,1,2,6,2.5,2.9,1,7.9,3,0,3,0.0,98,4.0,2,0.9393512133898587,16.409652657927705,1.6102145113046793,91038.45997193112,20.53818254914221,0.0,1.3609765531356006
19,3,2,6,2.8,2.3,1,7.7,3,1,1,2.0,98,4.0,2,1.0587970088869507,15.725375748712496,1.6102145113046793,91038.45997193112,20.53818254914221,1.0986122886681098,1.1939224684724346
19,0,2,6,8.9,1.7,1,5.6,1,1,3,15.0,64,3.06,2,2.320387654485076,9.201489326998276,0.0,28717.928887801263,9.06147389329403,2.772588722239781,0.9932517730102833
17,1,0,0,4.9,1.2,1,4.9,2,1,3,21.0,62,3.56,1,1.659461753676766,7.3123368290812865,0.8778301681657564,26352.188477075142,14.415298505689877,3.091042453358316,0.7884573603642702
17,2,0,3,5.0,2.4,1,6.6,3,1,3,14.0,83,3.6,2,1.681487870546516,12.15375076672696,1.6102145113046793,58057.92927986961,14.914601235151155,2.70805020110221,1.2237754316221157
22,0,2,4,2.1,1.9,0,7.6,3,0,3,13.0,97,4.0,2,0.7570090469002981,15.387190975810833,1.6102145113046793,88544.86579764642,20.53818254914221,2.6390573296152584,1.0647107369924282
16,0,0,0,2.8,1.2,1,7.9,4,0,1,3.0,98,3.77,2,1.0587970088869507,16.409652657927705,2.261698926363226,91038.45997193112,17.161958728612845,1.3862943611198906,0.7884573603642702
19,1,2,6,7.4,1.8,1,5.8,1,0,2,15.0,78,3.39,2,2.113708815832555,9.76858741311186,0.0,49067.63473037756,12.41431443477717,2.772588722239781,1.0296194171811581
18,0,2,4,10.0,2.5,1,6.5,1,1,2,23.0,65,2.98,1,2.4519451177756233,11.845587262709715,0.0,29949.25362327995,8.348306654858234,3.1780538303479458,1.252762968495368
17,0,0,4,2.4,2.2,0,7.9,4,1,3,7.0,95,4.0,2,0.8965046417701628,16.409652657927705,2.261698926363226,83687.91518516612,20.53818254914221,2.0794415416798357,1.1631508098056809
15,1,0,0,2.7,1.2,1,7.7,3,0,1,15.0,84,3.77,2,1.0203866362587886,15.725375748712496,1.6102145113046793,59971.57105866405,17.161958728612845,2.772588722239781,0.7884573603642702
18,0,2,4,2.3,0.7,1,7.3,3,0,2,6.0,98,4.0,2,0.8519347810161471,14.388618785157242,1.6102145113046793,91038.45997193112,20.53818254914221,1.9459101490553132,0.5306282510621704
17,0,0,4,10.5,1.5,1,5.7,1,1,3,26.0,60,2.27,1,2.507271830707375,9.483548899985696,0.0,24113.25572387178,3.52440268568283,3.295836866004329,0.9162907318741551
22,1,1,6,4.2,1.3,1,7.1,3,1,2,15.0,79,3.59,2,1.492187365993103,13.736367236790857,1.6102145113046793,50789.75419132553,14.788739421516853,2.772588722239781,0.832909122935104
21,1,2,3,5.2,0.5,1,7.2,2,1,3,20.0,78,3.09,2,1.7243171824127188,14.061136801601103,0.8778301681657564,49067.63473037756,9.338624265751184,3.044522437723423,0.4054651081081644
20,1,2,4,6.2,2.5,1,5.7,2,0,1,17.0,75,3.39,2,1.9175112322134875,9.483548899985696,0.8778301681657564,44123.69453376821,12.41431443477717,2.8903717578961645,1.252762968495368
23,0,1,0,6.8,2.4,1,5.9,3,1,3,17.0,58,3.31,1,2.019709544031315,10.056584152579083,1.6102145113046793,21998.22133107918,11.53866528811148,2.8903717578961645,1.2237754316221157
19,0,2,0,3.0,1.5,1,7.9,3,0,3,8.0,94,3.78,2,1.1318728617817535,16.409652657927705,1.6102145113046793,81323.92171042044,17.300599455458382,2.1972245773362196,0.9162907318741551
18,0,2,3,4.1,1.2,1,6.0,3,1,2,6.0,82,3.38,2,1.466163943905982,10.347518899102251,1.6102145113046793,56183.26023893996,12.302588311016644,1.9459101490553132,0.7884573603642702
20,1,2,6,4.4,1.4,1,7.2,3,0,1,12.0,79,3.18,2,1.5425211917840917,14.061136801601103,1.6102145113046793,50789.75419132553,10.202544009650545,2.5649493574615367,0.8754687373538999
20,0,2,3,4.5,1.0,1,7.5,4,0,2,8.0,91,3.46,2,1.5668817774441797,15.05166041856306,2.261698926363226,74486.02575307926,13.21482174546893,2.1972245773362196,0.6931471805599453
20,0,2,4,4.5,2.1,1,6.6,2,0,3,8.0,83,3.31,2,1.5668817774441797,12.15375076672696,0.8778301681657564,58057.92927986961,11.53866528811148,2.1972245773362196,1.1314021114911006
16,1,0,3,5.2,2.9,1,6.4,2,1,2,6.0,79,4.0,2,1.7243171824127188,11.540249794535706,0.8778301681657564,50789.75419132553,20.53818254914221,1.9459101490553132,1.3609765531356006
19,0,2,0,5.8,1.5,1,6.2,3,1,3,14.0,79,3.48,2,1.8440428632175376,10.938123890491681,1.6102145113046793,50789.75419132553,13.449516948333956,2.70805020110221,0.9162907318741551
20,1,2,3,2.3,1.4,0,8.6,4,1,4,9.0,88,3.98,2,0.8519347810161471,18.886266876241464,2.261698926363226,68022.48375280312,20.228771847318367,2.302585092994046,0.8754687373538999
21,0,2,4,2.6,2.4,1,8.6,4,1,2,8.0,88,3.59,2,0.9806061985963926,18.886266876241464,2.261698926363226,68022.48375280312,14.788739421516853,2.1972245773362196,1.2237754316221157
22,1,2,0,5.0,2.6,0,8.0,4,1,3,17.0,81,3.65,2,1.681487870546516,16.755717770784734,2.261698926363226,54347.230996866165,15.554356557932616,2.8903717578961645,1.2809338454620642
24,0,2,6,2.5,0.5,1,8.6,4,1,2,0.0,98,3.8,2,0.9393512133898587,18.886266876241464,2.261698926363226,91038.45997193112,17.58006637427118,0.0,0.4054651081081644
17,0,0,0,5.1,1.2,1,7.2,4,1,0,14.0,71,3.07,2,1.7031011436641108,14.061136801601103,2.261698926363226,38038.0056657807,9.153263022572325,2.70805020110221,0.7884573603642702
18,1,0,0,8.2,2.3,1,5.1,2,1,2,20.0,61,3.23,1,2.228404239984151,7.836637933925062,0.8778301681657564,25217.052320963478,10.703919338092492,3.044522437723423,1.1939224684724346
17,0,0,6,3.7,1.5,1,7.9,2,1,3,13.0,83,3.88,2,1.3556845124032513,16.409652657927705,0.8778301681657564,58057.92927986961,18.72735011125622,2.6390573296152584,0.9162907318741551
23,0,1,4,7.3,0.4,0,5.7,2,1,2,20.0,69,3.07,1,2.09855491776158,9.483548899985696,0.8778301681657564,35205.91224901557,9.153263022572325,3.044522437723423,0.33647223662121295
17,3,0,4,4.0,3.0,1,6.0,3,0,1,9.0,71,3.23,2,1.4395330280586147,10.347518899102251,1.6102145113046793,38038.0056657807,10.703919338092492,2.302585092994046,1.3862943611198906
21,0,2,0,5.4,0.8,1,5.7,1,1,2,15.0,84,3.61,2,1.7656156766986153,9.483548899985696,0.0,59971.57105866405,15.041156949142636,2.772588722239781,0.5877866649021191
18,1,2,5,7.8,2.1,1,4.8,1,1,3,20.0,63,2.7,1,2.172448159416712,7.054921429048166,0.0,27519.02697404476,6.136480825750305,3.044522437723423,1.1314021114911006
21,1,2,0,6.2,0.4,1,7.2,2,1,1,12.0,80,3.35,2,1.9175112322134875,14.061136801601103,0.8778301681657564,52549.50742605369,11.971316457356032,2.5649493574615367,0.33647223662121295
18,0,2,4,4.2,1.4,1,8.2,4,0,2,6.0,97,3.95,2,1.492187365993103,17.455635531354325,2.261698926363226,88544.86579764642,19.770392735367714,1.9459101490553132,0.8754687373538999
17,1,0,0,4.4,3.4,0,7.2,3,0,3,8.0,86,3.49,2,1.5425211917840917,14.061136801601103,1.6102145113046793,63917.09875329975,13.567870467191462,2.1972245773362196,1.4816045409242156
18,0,2,4,7.0,2.7,1,6.3,1,1,2,18.0,68,3.68,2,2.0518855355680303,11.237755995802775,0.0,33841.334443280015,15.946634697155112,2.9444389791664403,1.308332819650179
20,0,2,4,9.7,2.2,1,5.6,1,0,3,26.0,60,3.03,1,2.41747908309299,9.201489326998276,0.0,24113.25572387178,8.789649747573227,3.295836866004329,1.1631508098056809
18,1,2,4,3.2,0.7,0,7.7,5,1,2,3.0,96,3.66,2,1.2004777883442346,15.725375748712496,2.858956583624191,86094.79021322812,15.684410084705304,1.3862943611198906,0.5306282510621704
18,0,2,4,9.7,2.7,1,5.6,1,1,2,19.0,52,3.18,1,2.41747908309299,9.201489326998276,0.0,16366.980259579506,10.202544009650545,2.995732273553991,1.308332819650179
23,0,2,5,6.6,2.3,1,7.3,2,1,2,14.0,77,3.24,2,1.9866255656836118,14.388618785157242,0.8778301681657564,47382.81123366814,10.806058782383067,2.70805020110221,1.1939224684724346
18,0,2,6,3.8,1.7,1,6.7,2,0,3,18.0,80,3.74,2,1.384326776898207,12.464723049102489,0.8778301681657564,52549.50742605369,16.750384849080206,2.9444389791664403,0.9932517730102833
17,0,0,6,11.4,0.7,1,5.1,1,1,1,26.0,59,2.75,1,2.600858321956055,7.836637933925062,0.0,23040.434161822523,6.5001461320525165,3.295836866004329,0.5306282510621704
20,1,2,2,3.8,2.1,1,7.6,2,0,2,15.0,92,3.22,2,1.384326776898207,15.387190975810833,0.8778301681657564,76723.29848149381,10.602403875992923,2.772588722239781,1.1314021114911006
20,0,2,0,7.9,1.3,1,4.7,2,1,2,29.0,59,3.45,1,2.186687359322709,6.800697609529523,0.8778301681657564,23040.434161822523,13.098476283389891,3.4011973816621555,0.832909122935104
19,0,2,6,7.0,1.3,1,6.9,2,1,4,17.0,78,2.97,2,2.0518855355680303,13.095026718981076,0.8778301681657564,49067.63473037756,8.261775557384002,2.8903717578961645,0.832909122935104
17,0,0,6,2.6,1.9,1,7.2,3,0,2,3.0,93,3.79,2,0.9806061985963926,14.061136801601103,1.6102145113046793,79002.48980321265,17.43996804213093,1.3862943611198906,1.0647107369924282
21,1,2,6,1.4,0.4,1,8.0,4,0,3,7.0,88,3.82,2,0.3395493214925278,16.755717770784734,2.261698926363226,68022.48375280312,17.862459817003035,2.0794415416798357,0.33647223662121295
17,0,0,0,3.6,2.2,1,9.2,4,1,3,13.0,89,3.83,2,1.3263003819268158,21.107764803377655,2.261698926363226,70135.94297111471,18.00475869836222,2.6390573296152584,1.1631508098056809
19,0,2,0,5.5,1.9,1,6.8,2,1,3,12.0,79,3.3,2,1.7857252215541248,12.778487214922173,0.8778301681657564,50789.75419132553,11.432105005383404,2.5649493574615367,1.0647107369924282
18,1,2,6,7.5,0.8,1,5.5,1,1,1,23.0,61,3.0,1,2.1286702202484076,8.92242992355568,0.0,25217.052320963478,8.52310068647062,3.1780538303479458,0.5877866649021191
18,0,2,3,5.4,0.7,1,7.2,3,1,1,8.0,91,3.36,2,1.7656156766986153,14.061136801601103,1.6102145113046793,74486.02575307926,12.08109121248574,2.1972245773362196,0.5306282510621704
20,1,0,0,3.8,0.6,1,6.6,2,1,1,3.0,96,3.91,2,1.384326776898207,12.15375076672696,0.8778301681657564,86094.79021322812,19.169850419380406,1.3862943611198906,0.4700036292457356
18,1,2,0,9.5,1.2,1,5.1,1,1,4,23.0,60,3.21,1,2.3939369739111944,7.836637933925062,0.0,24113.25572387178,10.501510504182985,3.1780538303479458,0.7884573603642702
16,0,0,4,9.4,1.3,1,6.3,1,1,4,13.0,66,3.23,2,2.381989542783344,11.237755995802775,0.0,31213.358948090136,10.703919338092492,2.6390573296152584,0.832909122935104
16,2,0,3,7.8,0.3,1,4.2,1,1,1,27.0,64,3.27,1,2.172448159416712,5.578429418447326,0.0,28717.928887801263,11.116239925597819,3.332204510175204,0.262364264467491
20,0,2,5,3.2,2.1,1,8.3,3,1,1,12.0,86,3.7,2,1.2004777883442346,17.809462547767687,1.6102145113046793,63917.09875329975,16.211695300270975,2.5649493574615367,1.1314021114911006
16,1,0,0,3.8,1.9,1,9.4,5,0,2,8.0,98,4.0,2,1.384326776898207,21.8680484661252,2.858956583624191,91038.45997193112,20.53818254914221,2.1972245773362196,1.0647107369924282
17,0,0,2,1.8,1.3,1,7.4,3,0,1,13.0,98,3.86,2,0.5972197629867352,14.718798218821261,1.6102145113046793,91038.45997193112,18.436086604872493,2.6390573296152584,0.832909122935104
24,1,1,4,5.3,2.0,0,6.1,1,0,3,11.0,85,3.63,2,1.7451507197105387,10.641371908015127,0.0,61924.51734422166,15.296357628263685,2.4849066497880004,1.0986122886681098
18,0,2,3,8.6,2.8,1,4.3,1,1,1,28.0,68,2.61,1,2.2818354611447473,5.81627216727231,0.0,33841.334443280015,5.514706361878341,3.367295829986474,1.33500106673234
21,1,0,0,3.3,2.1,1,7.9,4,0,1,7.0,95,3.31,2,1.2332726085820729,16.409652657927705,2.261698926363226,83687.91518516612,11.53866528811148,2.0794415416798357,1.1314021114911006
18,1,2,0,3.8,2.2,1,9.3,4,0,3,9.0,82,3.93,2,1.384326776898207,21.486682768630658,2.261698926363226,56183.26023893996,19.4686093099294,2.302585092994046,1.1631508098056809
18,3,2,0,6.1,2.8,1,6.0,1,1,0,21.0,69,3.42,2,1.8995739499976299,10.347518899102251,0.0,35205.91224901557,12.753425783763895,3.091042453358316,1.33500106673234
20,1,2,6,2.8,2.1,1,6.8,4,0,3,13.0,94,4.0,2,1.0587970088869507,12.778487214922173,2.261698926363226,81323.92171042044,20.53818254914221,2.6390573296152584,1.1314021114911006
17,0,0,1,8.8,2.2,1,4.6,1,1,1,18.0,67,3.15,1,2.307675347857402,6.549692444201377,0.0,32510.60102499727,9.909108207554391,2.9444389791664403,1.1631508098056809
18,0,0,0,3.6,1.7,1,8.7,3,0,3,11.0,92,4.0,2,1.3263003819268158,19.250269148910856,1.6102145113046793,76723.29848149381,20.53818254914221,2.4849066497880004,0.9932517730102833
20,0,2,4,6.3,1.6,1,7.5,3,1,3,8.0,90,3.12,2,1.9351768949585346,15.05166041856306,1.6102145113046793,72290.34860143652,9.621151996683725,2.1972245773362196,0.9555114450274363
20,0,2,6,3.7,2.8,1,7.2,3,1,2,9.0,92,3.4,2,1.3556845124032513,14.061136801601103,1.6102145113046793,76723.29848149381,12.526694794914107,2.302585092994046,1.33500106673234
23,1,1,1,10.0,1.4,1,3.3,1,0,0,29.0,44,3.28,0,2.4519451177756233,3.5935539872760787,0.0,10411.425745453509,11.220894215246592,3.4011973816621555,0.8754687373538999
17,1,0,2,3.3,1.7,1,7.2,3,0,2,18.0,82,3.43,2,1.2332726085820729,14.061136801601103,1.6102145113046793,56183.26023893996,12.867780191912736,2.9444389791664403,0.9932517730102833
17,0,0,4,3.5,2.3,1,7.8,3,0,3,11.0,83,3.5,2,1.2961337421106984,16.066200853784746,1.6102145113046793,58057.92927986961,13.686897116192466,2.4849066497880004,1.1939224684724346
19,1,2,4,2.5,2.0,1,6.0,2,1,0,0.0,95,3.53,2,0.9393512133898587,10.347518899102251,0.8778301681657564,83687.91518516612,14.048034731048165,0.0,1.0986122886681098
20,0,2,6,5.1,0.7,1,6.7,3,1,3,8.0,82,3.74,2,1.7031011436641108,12.464723049102489,1.6102145113046793,56183.26023893996,16.750384849080206,2.1972245773362196,0.5306282510621704
16,1,0,0,8.2,2.0,1,5.6,1,1,2,25.0,64,3.22,1,2.228404239984151,9.201489326998276,0.0,28717.928887801263,10.602403875992923,3.258096538021482,1.0986122886681098
18,0,2,4,9.4,2.6,1,4.9,1,1,3,20.0,69,2.91,1,2.381989542783344,7.3123368290812865,0.0,35205.91224901557,7.7545924317854675,3.044522437723423,1.2809338454620642
23,0,1,0,8.2,2.2,1,5.8,2,1,2,21.0,59,3.25,1,2.228404239984151,9.76858741311186,0.8778301681657564,23040.434161822523,10.90882410064474,3.091042453358316,1.1631508098056809
17,1,0,0,7.6,2.2,1,4.5,2,1,3,21.0,70,3.12,1,2.1434440944290047,6.301933826278156,0.8778301681657564,36604.68597434723,9.621151996683725,3.091042453358316,1.1631508098056809
20,1,0,6,2.4,1.6,0,6.6,2,1,0,15.0,79,3.16,2,0.8965046417701628,12.15375076672696,0.8778301681657564,50789.75419132553,10.006308774393966,2.772588722239781,0.9555114450274363
18,1,2,2,4.0,2.6,1,7.3,4,1,2,17.0,85,3.43,2,1.4395330280586147,14.388618785157242,2.261698926363226,61924.51734422166,12.867780191912736,2.8903717578961645,1.2809338454620642
19,0,2,0,2.1,2.4,1,9.1,4,0,4,0.0,98,4.0,2,0.7570090469002981,20.73130520980927,2.261698926363226,91038.45997193112,20.53818254914221,0.0,1.2237754316221157
21,0,2,3,3.3,0.2,1,8.6,3,1,3,4.0,82,3.77,2,1.2332726085820729,18.886266876241464,1.6102145113046793,56183.26023893996,17.161958728612845,1.6094379124341003,0.18232155679395465
18,0,2,3,7.8,1.4,1,5.0,1,1,4,11.0,69,3.22,2,2.172448159416712,7.5729175150710875,0.0,35205.91224901557,10.602403875992923,2.4849066497880004,0.8754687373538999
19,1,2,4,4.2,1.9,1,6.0,3,0,2,9.0,93,3.66,2,1.492187365993103,10.347518899102251,1.6102145113046793,79002.48980321265,15.684410084705304,2.302585092994046,1.0647107369924282
18,1,2,0,10.4,3.0,1,5.1,1,1,1,23.0,51,3.29,1,2.4964088339968074,7.836637933925062,0.0,15528.613925862097,11.326181944781949,3.1780538303479458,1.3862943611198906
22,0,1,2,4.6,1.3,0,6.9,2,0,3,5.0,83,3.85,2,1.5907355499331142,13.095026718981076,0.8778301681657564,58057.92927986961,18.291570207219255,1.791759469228055,0.832909122935104
18,0,2,5,3.3,1.7,1,6.6,2,1,4,10.0,79,3.67,2,1.2332726085820729,12.15375076672696,0.8778301681657564,50789.75419132553,15.81516883547986,2.3978952727983707,0.9932517730102833
17,0,0,4,4.0,1.8,1,6.9,2,1,4,11.0,87,3.54,2,1.4395330280586147,13.095026718981076,0.8778301681657564,65949.64476800284,14.169772787057607,2.4849066497880004,1.0296194171811581
19,0,2,5,3.3,1.3,1,4.3,3,0,2,4.0,70,4.0,2,1.2332726085820729,5.81627216727231,1.6102145113046793,36604.68597434723,20.53818254914221,1.6094379124341003,0.832909122935104
21,1,2,4,4.2,2.2,1,6.9,3,0,2,11.0,80,3.64,2,1.492187365993103,13.095026718981076,1.6102145113046793,52549.50742605369,15.425006368156271,2.4849066497880004,1.1631508098056809
20,0,2,3,3.4,0.8,1,6.7,2,0,1,11.0,88,3.94,2,1.2651404807900501,12.464723049102489,0.8778301681657564,68022.48375280312,19.619122013712897,2.4849066497880004,0.5877866649021191
19,1,2,0,4.3,0.5,1,6.9,2,0,2,8.0,89,3.33,2,1.5176311317383155,13.095026718981076,0.8778301681657564,70135.94297111471,11.7537050835968,2.1972245773362196,0.4054651081081644
17,1,0,6,2.0,1.7,1,7.3,3,0,2,10.0,90,4.0,2,0.7062901854968463,14.388618785157242,1.6102145113046793,72290.34860143652,20.53818254914221,2.3978952727983707,0.9932517730102833
17,0,0,0,4.4,3.2,1,7.0,4,0,2,6.0,84,3.23,2,1.5425211917840917,13.414325353558693,2.261698926363226,59971.57105866405,10.703919338092492,1.9459101490553132,1.4350845252893227
18,0,0,2,6.3,1.7,1,7.0,1,1,3,14.0,85,3.23,2,1.9351768949585346,13.414325353558693,0.0,61924.51734422166,10.703919338092492,2.70805020110221,0.9932517730102833
18,1,2,4,7.8,0.6,1,3.7,1,1,2,27.0,60,2.82,1,2.172448159416712,4.4403960165533265,0.0,24113.25572387178,7.031717803560084,3.332204510175204,0.4700036292457356
19,0,2,2,7.6,1.6,1,6.0,2,0,1,26.0,62,3.17,1,2.1434440944290047,10.347518899102251,0.8778301681657564,26352.188477075142,10.104120077547,3.295836866004329,0.9555114450274363
20,0,2,0,4.0,3.3,1,7.7,3,0,4,11.0,87,3.51,2,1.4395330280586147,15.725375748712496,1.6102145113046793,65949.64476800284,13.806598784091944,2.4849066497880004,1.4586150226995167
21,0,2,6,7.9,1.2,1,6.6,2,1,0,18.0,76,3.31,2,2.186687359322709,12.15375076672696,0.8778301681657564,45734.94462371378,11.53866528811148,2.9444389791664403,0.7884573603642702
20,1,2,6,2.8,1.1,1,7.1,3,1,2,10.0,85,3.77,2,1.0587970088869507,13.736367236790857,1.6102145113046793,61924.51734422166,17.161958728612845,2.3978952727983707,0.7419373447293773
22,1,2,0,3.6,2.7,1,8.1,1,0,2,10.0,91,3.76,2,1.3263003819268158,17.104383037428352,0.0,74486.02575307926,17.024043975850308,2.3978952727983707,1.308332819650179
19,1,2,3,6.4,2.2,1,6.1,2,1,1,16.0,82,3.45,2,1.9525792661508234,10.641371908015127,0.8778301681657564,56183.26023893996,13.098476283389891,2.833213344056216,1.1631508098056809
19,0,2,6,3.7,2.8,1,6.1,2,0,3,17.0,77,3.44,2,1.3556845124032513,10.641371908015127,0.8778301681657564,47382.81123366814,12.982796395310663,2.8903717578961645,1.33500106673234
22,0,1,4,8.9,1.7,1,5.8,2,1,1,19.0,66,3.0,1,2.320387654485076,9.76858741311186,0.8778301681657564,31213.358948090136,8.52310068647062,2.995732273553991,0.9932517730102833
22,1,1,4,8.9,1.3,1,5.6,2,1,2,19.0,56,2.65,1,2.320387654485076,9.201489326998276,0.8778301681657564,20004.147513716616,5.78590386095075,2.995732273553991,0.832909122935104
22,1,1,3,3.8,2.1,1,6.9,2,1,3,12.0,89,3.92,2,1.384326776898207,13.095026718981076,0.8778301681657564,70135.94297111471,19.31885273989304,2.5649493574615367,1.1314021114911006
16,2,0,0,10.2,1.4,1,6.7,1,1,2,24.0,66,3.47,1,2.4743831724778294,12.464723049102489,0.0,31213.358948090136,13.331834670752924,3.2188758248682006,0.8754687373538999
20,0,2,4,5.2,1.6,1,7.3,3,0,3,14.0,87,3.08,2,1.7243171824127188,14.388618785157242,1.6102145113046793,65949.64476800284,9.245645848802152,2.70805020110221,0.9555114450274363
16,0,0,3,9.0,2.1,1,5.7,1,1,4,13.0,63,3.05,1,2.332965554974335,9.483548899985696,0.0,27519.02697404476,8.970276567071865,2.6390573296152584,1.1314021114911006
21,1,2,5,2.0,1.3,1,7.5,4,0,2,3.0,84,3.83,2,0.7062901854968463,15.05166041856306,2.261698926363226,59971.57105866405,18.00475869836222,1.3862943611198906,0.832909122935104
17,1,0,0,5.0,1.7,1,6.3,2,0,4,8.0,81,3.69,2,1.681487870546516,11.237755995802775,0.8778301681657564,54347.230996866165,16.07880955652339,2.1972245773362196,0.9932517730102833
17,0,0,6,3.5,1.7,1,9.1,4,1,2,6.0,97,3.6,2,1.2961337421106984,20.73130520980927,2.261698926363226,88544.86579764642,14.914601235151155,1.9459101490553132,0.9932517730102833
18,2,2,0,10.1,1.3,1,3.4,1,0,2,35.0,56,3.13,0,2.463216684932441,3.799808682923572,0.0,20004.147513716616,9.716531711647102,3.58351893845611,0.832909122935104
16,0,0,6,4.2,1.2,1,6.4,2,0,4,14.0,83,3.37,2,1.492187365993103,11.540249794535706,0.8778301681657564,58057.92927986961,12.19151453362671,2.70805020110221,0.7884573603642702
22,0,1,4,2.4,0.1,1,6.8,4,0,3,4.0,93,3.65,2,0.8965046417701628,12.778487214922173,2.261698926363226,79002.48980321265,15.554356557932616,1.6094379124341003,0.09531017980432487
17,1,0,0,8.7,2.0,0,5.3,2,1,2,15.0,66,2.61,1,2.294825646767686,8.3733992567368,0.8778301681657564,31213.358948090136,5.514706361878341,2.772588722239781,1.0986122886681098
19,1,2,0,5.5,1.9,1,6.1,2,1,1,18.0,74,3.88,2,1.7857252215541248,10.641371908015127,0.8778301681657564,42548.719285856496,18.72735011125622,2.9444389791664403,1.0647107369924282
20,0,2,0,4.6,1.5,1,8.6,3,1,2,3.0,92,3.84,2,1.5907355499331142,18.886266876241464,1.6102145113046793,76723.29848149381,18.147794866724794,1.3862943611198906,0.9162907318741551
21,1,0,4,3.7,1.0,0,5.5,2,0,1,11.0,77,3.51,2,1.3556845124032513,8.92242992355568,0.8778301681657564,47382.81123366814,13.806598784091944,2.4849066497880004,0.6931471805599453
18,0,0,3,3.9,2.0,1,7.1,3,0,1,11.0,77,3.59,2,1.4122647058505842,13.736367236790857,1.6102145113046793,47382.81123366814,14.788739421516853,2.4849066497880004,1.0986122886681098
20,1,2,4,3.8,1.5,1,6.6,2,0,3,19.0,92,3.08,2,1.384326776898207,12.15375076672696,0.8778301681657564,76723.29848149381,9.245645848802152,2.995732273553991,0.9162907318741551
21,0,2,0,3.0,2.4,1,7.2,3,1,3,12.0,79,3.4,2,1.1318728617817535,14.061136801601103,1.6102145113046793,50789.75419132553,12.526694794914107,2.5649493574615367,1.2237754316221157
19,1,2,0,4.5,1.5,1,6.1,2,1,4,5.0,96,3.72,2,1.5668817774441797,10.641371908015127,0.8778301681657564,86094.79021322812,16.479606987119947,1.791759469228055,0.9162907318741551
22,0,2,0,2.5,0.6,0,7.4,4,0,3,1.0,80,3.96,2,0.9393512133898587,14.718798218821261,2.261698926363226,52549.50742605369,19.922423358919016,0.6931471805599453,0.4700036292457356
19,1,2,0,6.6,1.0,1,5.6,3,1,3,15.0,60,2.95,1,1.9866255656836118,9.201489326998276,1.6102145113046793,24113.25572387178,8.090435723777606,2.772588722239781,0.6931471805599453
19,1,0,6,3.2,2.5,1,8.3,4,0,2,18.0,98,3.21,2,1.2004777883442346,17.809462547767687,2.261698926363226,91038.45997193112,10.501510504182985,2.9444389791664403,1.252762968495368
19,0,2,4,5.7,1.9,1,5.8,1,1,0,18.0,81,3.02,2,1.8249272994757757,9.76858741311186,0.0,54347.230996866165,8.700216465863583,2.9444389791664403,1.0647107369924282
19,0,2,1,10.5,1.2,1,5.7,1,0,1,19.0,57,2.43,1,2.507271830707375,9.483548899985696,0.0,20986.249109062494,4.392835901119548,2.995732273553991,0.7884573603642702
22,1,1,2,1.4,1.9,1,7.6,4,0,3,6.0,92,3.84,2,0.3395493214925278,15.387190975810833,2.261698926363226,76723.29848149381,18.147794866724794,1.9459101490553132,1.0647107369924282
18,1,2,3,8.7,2.1,1,6.5,3,1,4,20.0,73,2.95,1,2.294825646767686,11.845587262709715,1.6102145113046793,41009.67586813584,8.090435723777606,3.044522437723423,1.1314021114911006
19,0,2,1,4.8,1.8,1,5.8,3,0,3,20.0,69,3.11,1,1.6370062359244075,9.76858741311186,1.6102145113046793,35205.91224901557,9.52637544624165,3.044522437723423,1.0296194171811581
17,0,0,0,1.8,1.3,1,8.2,4,0,3,4.0,98,3.88,2,0.5972197629867352,17.455635531354325,2.261698926363226,91038.45997193112,18.72735011125622,1.6094379124341003,0.832909122935104
19,1,2,3,4.0,0.7,1,6.4,3,1,4,8.0,83,4.0,2,1.4395330280586147,11.540249794535706,1.6102145113046793,58057.92927986961,20.53818254914221,2.1972245773362196,0.5306282510621704
19,0,2,4,5.4,1.5,1,5.9,2,1,2,10.0,84,3.34,2,1.7656156766986153,10.056584152579083,0.8778301681657564,59971.57105866405,11.862188377883385,2.3978952727983707,0.9162907318741551
15,1,0,4,4.2,2.3,1,6.3,2,0,1,6.0,85,3.36,2,1.492187365993103,11.237755995802775,0.8778301681657564,61924.51734422166,12.08109121248574,1.9459101490553132,1.1939224684724346
20,1,2,3,6.0,1.6,0,7.2,2,0,1,18.0,66,3.05,1,1.8813563150191603,14.061136801601103,0.8778301681657564,31213.358948090136,8.970276567071865,2.9444389791664403,0.9555114450274363
20,0,2,4,3.9,1.1,1,7.1,3,0,2,10.0,76,3.5,2,1.4122647058505842,13.736367236790857,1.6102145113046793,45734.94462371378,13.686897116192466,2.3978952727983707,0.7419373447293773
18,1,2,2,2.8,1.2,1,7.1,2,1,2,8.0,83,3.55,2,1.0587970088869507,13.736367236790857,0.8778301681657564,58057.92927986961,14.292193415871623,2.1972245773362196,0.7884573603642702
16,0,0,4,3.2,2.5,1,7.8,3,0,0,10.0,85,3.86,2,1.2004777883442346,16.066200853784746,1.6102145113046793,61924.51734422166,18.436086604872493,2.3978952727983707,1.252762968495368
20,0,2,6,10.8,1.2,1,5.2,1,1,2,22.0,62,2.57,1,2.539283315287256,8.103473238889842,0.0,26352.188477075142,5.251611869829937,3.1354942159291497,0.7884573603642702
18,3,2,6,11.1,3.0,1,5.1,1,0,1,29.0,52,2.3,0,2.5704644360674704,7.836637933925062,0.0,16366.980259579506,3.6783847187259155,3.4011973816621555,1.3862943611198906
18,1,0,3,4.1,1.3,1,8.0,3,0,3,15.0,79,3.7,2,1.466163943905982,16.755717770784734,1.6102145113046793,50789.75419132553,16.211695300270975,2.772588722239781,0.832909122935104
16,1,0,2,4.8,2.7,1,7.5,3,0,3,12.0,75,3.14,2,1.6370062359244075,15.05166041856306,1.6102145113046793,44123.69453376821,9.81251648426725,2.5649493574615367,1.308332819650179
20,0,2,0,8.6,2.3,1,5.5,3,1,3,23.0,57,3.06,1,2.2818354611447473,8.92242992355568,1.6102145113046793,20986.249109062494,9.06147389329403,3.1780538303479458,1.1939224684724346
20,2,2,6,5.8,0.4,1,5.6,2,1,2,15.0,69,3.47,2,1.8440428632175376,9.201489326998276,0.8778301681657564,35205.91224901557,13.331834670752924,2.772588722239781,0.33647223662121295
18,0,2,3,6.2,1.6,1,6.4,2,1,3,20.0,76,3.45,2,1.9175112322134875,11.540249794535706,0.8778301681657564,45734.94462371378,13.098476283389891,3.044522437723423,0.9555114450274363
18,0,2,0,5.4,1.4,1,6.6,2,0,4,6.0,97,3.46,2,1.7656156766986153,12.15375076672696,0.8778301681657564,88544.86579764642,13.21482174546893,1.9459101490553132,0.8754687373538999
19,0,2,3,3.7,1.7,1,7.5,3,0,2,10.0,92,3.21,2,1.3556845124032513,15.05166041856306,1.6102145113046793,76723.29848149381,10.501510504182985,2.3978952727983707,0.9932517730102833
17,0,0,4,5.3,2.4,0,8.2,3,1,2,21.0,89,3.51,2,1.7451507197105387,17.455635531354325,1.6102145113046793,70135.94297111471,13.806598784091944,3.091042453358316,1.2237754316221157
17,1,0,3,3.8,1.1,1,7.9,4,0,2,11.0,90,4.0,2,1.384326776898207,16.409652657927705,2.261698926363226,72290.34860143652,20.53818254914221,2.4849066497880004,0.7419373447293773
17,1,0,4,7.5,1.8,0,6.4,3,1,2,16.0,69,3.63,2,2.1286702202484076,11.540249794535706,1.6102145113046793,35205.91224901557,15.296357628263685,2.833213344056216,1.0296194171811581
18,1,2,4,2.0,2.6,0,8.8,5,0,2,9.0,98,3.63,2,0.7062901854968463,19.61678552928072,2.858956583624191,91038.45997193112,15.296357628263685,2.302585092994046,1.2809338454620642
18,1,2,0,5.0,0.6,1,7.8,4,1,1,9.0,74,3.95,2,1.681487870546516,16.066200853784746,2.261698926363226,42548.719285856496,19.770392735367714,2.302585092994046,0.4700036292457356
18,0,2,3,9.5,2.4,1,6.5,2,0,3,17.0,68,2.95,1,2.3939369739111944,11.845587262709715,0.8778301681657564,33841.334443280015,8.090435723777606,2.8903717578961645,1.2237754316221157
19,1,2,0,13.0,2.1,1,3.7,1,1,3,32.0,41,2.38,0,2.7511829730699953,4.4403960165533265,0.0,8599.276398203338,4.108831229646327,3.4965075614664802,1.1314021114911006
17,3,0,6,3.3,2.2,1,5.3,3,0,2,13.0,78,3.54,2,1.2332726085820729,8.3733992567368,1.6102145113046793,49067.63473037756,14.169772787057607,2.6390573296152584,1.1631508098056809
19,0,2,6,8.5,0.8,0,3.8,1,1,3,21.0,57,3.31,1,2.268701594475235,4.661063699804611,0.0,20986.249109062494,11.53866528811148,3.091042453358316,0.5877866649021191
19,0,2,4,6.2,2.2,0,6.1,1,1,2,15.0,79,3.47,2,1.9175112322134875,10.641371908015127,0.0,50789.75419132553,13.331834670752924,2.772588722239781,1.1631508098056809
17,1,0,6,5.5,1.8,1,6.4,2,1,4,19.0,83,3.02,2,1.7857252215541248,11.540249794535706,0.8778301681657564,58057.92927986961,8.700216465863583,2.995732273553991,1.0296194171811581
21,0,0,0,3.3,1.7,2,7.4,4,0,1,13.0,90,3.15,2,1.2332726085820729,14.718798218821261,2.261698926363226,72290.34860143652,9.909108207554391,2.6390573296152584,0.9932517730102833
17,0,0,6,2.2,1.6,1,7.7,4,0,2,6.0,98,4.0,2,0.8054926939148117,15.725375748712496,2.261698926363226,91038.45997193112,20.53818254914221,1.9459101490553132,0.9555114450274363
19,1,2,0,8.9,1.6,1,7.5,2,1,3,19.0,71,3.26,2,2.320387654485076,15.05166041856306,0.8778301681657564,38038.0056657807,11.012217184536736,2.995732273553991,0.9555114450274363
20,0,2,0,5.3,1.5,1,6.3,3,0,2,13.0,80,3.38,2,1.7451507197105387,11.237755995802775,1.6102145113046793,52549.50742605369,12.302588311016644,2.6390573296152584,0.9162907318741551
19,0,2,6,3.1,2.4,1,7.3,2,0,4,13.0,85,3.45,2,1.1666987907776478,14.388618785157242,0.8778301681657564,61924.51734422166,13.098476283389891,2.6390573296152584,1.2237754316221157
15,1,0,0,3.4,3.0,1,6.2,3,0,2,15.0,86,3.64,2,1.2651404807900501,10.938123890491681,1.6102145113046793,63917.09875329975,15.425006368156271,2.772588722239781,1.3862943611198906
19,0,2,2,2.4,0.8,1,8.0,3,0,4,7.0,91,4.0,2,0.8965046417701628,16.755717770784734,1.6102145113046793,74486.02575307926,20.53818254914221,2.0794415416798357,0.5877866649021191
19,1,2,0,5.7,1.5,1,7.1,2,1,3,18.0,79,2.89,2,1.8249272994757757,13.736367236790857,0.8778301681657564,50789.75419132553,7.590058642795928,2.9444389791664403,0.9162907318741551
22,0,1,0,4.5,1.0,1,7.0,2,1,3,13.0,81,3.89,2,1.5668817774441797,13.414325353558693,0.8778301681657564,54347.230996866165,18.87410098953472,2.6390573296152584,0.6931471805599453
21,1,2,0,8.8,1.8,1,6.2,2,0,3,17.0,76,2.85,2,2.307675347857402,10.938123890491681,0.8778301681657564,45734.94462371378,7.267690936157112,2.8903717578961645,1.0296194171811581
17,1,0,3,4.2,1.7,1,7.8,2,1,3,16.0,76,3.4,2,1.492187365993103,16.066200853784746,0.8778301681657564,45734.94462371378,12.526694794914107,2.833213344056216,0.9932517730102833
18,1,2,0,9.7,1.5,0,5.6,1,0,1,14.0,61,3.16,2,2.41747908309299,9.201489326998276,0.0,25217.052320963478,10.006308774393966,2.70805020110221,0.9162907318741551
21,0,2,6,4.8,1.6,1,7.2,3,0,4,11.0,90,3.46,2,1.6370062359244075,14.061136801601103,1.6102145113046793,72290.34860143652,13.21482174546893,2.4849066497880004,0.9555114450274363
16,0,0,0,6.6,2.7,1,6.6,3,0,0,7.0,77,3.74,2,1.9866255656836118,12.15375076672696,1.6102145113046793,47382.81123366814,16.750384849080206,2.0794415416798357,1.308332819650179
18,2,2,4,5.7,1.2,1,5.7,3,1,3,8.0,80,3.24,2,1.8249272994757757,9.483548899985696,1.6102145113046793,52549.50742605369,10.806058782383067,2.1972245773362196,0.7884573603642702
21,0,2,4,4.9,1.6,1,8.3,4,1,4,3.0,88,3.5,2,1.659461753676766,17.809462547767687,2.261698926363226,68022.48375280312,13.686897116192466,1.3862943611198906,0.9555114450274363
17,0,0,0,5.8,2.6,1,6.1,2,1,0,21.0,67,3.23,1,1.8440428632175376,10.641371908015127,0.8778301681657564,32510.60102499727,10.703919338092492,3.091042453358316,1.2809338454620642
18,1,0,6,6.1,0.4,1,6.7,3,1,3,24.0,76,3.61,2,1.8995739499976299,12.464723049102489,1.6102145113046793,45734.94462371378,15.041156949142636,3.2188758248682006,0.33647223662121295
17,1,0,4,7.2,1.7,1,7.2,2,1,3,9.0,82,3.4,2,2.0832033609937755,14.061136801601103,0.8778301681657564,56183.26023893996,12.526694794914107,2.302585092994046,0.9932517730102833
19,0,2,0,2.6,2.7,1,7.4,3,1,2,14.0,98,3.19,2,0.9806061985963926,14.718798218821261,1.6102145113046793,91038.45997193112,10.301582463218029,2.70805020110221,1.308332819650179
16,0,0,6,2.2,1.9,0,7.6,3,0,3,4.0,98,3.85,2,0.8054926939148117,15.387190975810833,1.6102145113046793,91038.45997193112,18.291570207219255,1.6094379124341003,1.0647107369924282
19,0,2,5,6.8,1.6,0,5.8,2,1,4,17.0,73,3.62,2,2.019709544031315,9.76858741311186,0.8778301681657564,41009.67586813584,15.168408451034988,2.8903717578961645,0.9555114450274363
20,0,2,0,3.8,0.7,1,7.3,3,1,2,8.0,93,3.62,2,1.384326776898207,14.388618785157242,1.6102145113046793,79002.48980321265,15.168408451034988,2.1972245773362196,0.5306282510621704
18,0,2,6,7.5,1.4,1,5.3,1,1,3,25.0,63,2.66,1,2.1286702202484076,8.3733992567368,0.0,27519.02697404476,5.854983580710072,3.258096538021482,0.8754687373538999
21,0,2,5,6.2,2.7,2,6.7,2,1,3,18.0,71,2.89,1,1.9175112322134875,12.464723049102489,0.8778301681657564,38038.0056657807,7.590058642795928,2.9444389791664403,1.308332819650179
19,1,2,6,4.2,2.1,1,6.8,3,1,2,17.0,79,3.21,2,1.492187365993103,12.778487214922173,1.6102145113046793,50789.75419132553,10.501510504182985,2.8903717578961645,1.1314021114911006
17,1,0,4,6.9,2.4,1,4.9,1,1,3,13.0,72,2.98,2,2.0359078246346916,7.3123368290812865,0.0,39506.21991155572,8.348306654858234,2.6390573296152584,1.2237754316221157
19,0,2,0,2.7,0.7,1,6.5,3,1,2,13.0,86,3.67,2,1.0203866362587886,11.845587262709715,1.6102145113046793,63917.09875329975,15.81516883547986,2.6390573296152584,0.5306282510621704
18,0,2,0,3.5,1.9,1,8.4,3,0,1,13.0,94,3.48,2,1.2961337421106984,18.16585159714471,1.6102145113046793,81323.92171042044,13.449516948333956,2.6390573296152584,1.0647107369924282
17,1,0,4,4.6,1.6,0,6.7,4,0,2,4.0,84,3.89,2,1.5907355499331142,12.464723049102489,2.261698926363226,59971.57105866405,18.87410098953472,1.6094379124341003,0.9555114450274363
18,0,2,4,4.0,2.2,1,7.0,3,0,1,9.0,84,3.46,2,1.4395330280586147,13.414325353558693,1.6102145113046793,59971.57105866405,13.21482174546893,2.302585092994046,1.1631508098056809
16,0,0,3,4.5,2.4,1,8.4,3,0,4,14.0,91,2.67,2,1.5668817774441797,18.16585159714471,1.6102145113046793,74486.02575307926,5.924579237757003,2.70805020110221,1.2237754316221157
18,1,2,6,2.9,2.2,1,7.3,3,0,2,16.0,76,3.39,2,1.095930983777979,14.388618785157242,1.6102145113046793,45734.94462371378,12.41431443477717,2.833213344056216,1.1631508098056809
22,0,1,0,4.9,1.5,1,7.0,2,0,1,14.0,70,3.89,2,1.659461753676766,13.414325353558693,0.8778301681657564,36604.68597434723,18.87410098953472,2.70805020110221,0.9162907318741551
19,1,2,6,2.7,1.0,1,8.2,4,1,2,8.0,93,3.33,2,1.0203866362587886,17.455635531354325,2.261698926363226,79002.48980321265,11.7537050835968,2.1972245773362196,0.6931471805599453
25,0,1,0,3.4,1.9,1,8.5,4,0,2,9.0,97,4.0,2,1.2651404807900501,18.524790399056656,2.261698926363226,88544.86579764642,20.53818254914221,2.302585092994046,1.0647107369924282
20,0,0,4,1.6,1.4,1,9.7,5,1,3,2.0,98,3.91,2,0.4760221763172826,23.026727920206024,2.858956583624191,91038.45997193112,19.169850419380406,1.0986122886681098,0.8754687373538999
18,0,2,0,3.7,1.6,0,7.5,2,1,3,8.0,84,3.86,2,1.3556845124032513,15.05166041856306,0.8778301681657564,59971.57105866405,18.436086604872493,2.1972245773362196,0.9555114450274363
20,1,2,2,6.2,0.6,1,8.1,2,1,3,12.0,81,3.98,2,1.9175112322134875,17.104383037428352,0.8778301681657564,54347.230996866165,20.228771847318367,2.5649493574615367,0.4700036292457356
23,0,2,0,8.2,0.8,1,4.6,2,1,4,28.0,59,2.67,1,2.228404239984151,6.549692444201377,0.8778301681657564,23040.434161822523,5.924579237757003,3.367295829986474,0.5877866649021191
20,1,2,4,4.8,2.6,1,6.1,1,0,4,16.0,82,3.33,2,1.6370062359244075,10.641371908015127,0.0,56183.26023893996,11.7537050835968,2.833213344056216,1.2809338454620642
20,1,2,4,7.0,2.8,1,5.2,1,0,2,13.0,70,3.29,2,2.0518855355680303,8.103473238889842,0.0,36604.68597434723,11.326181944781949,2.6390573296152584,1.33500106673234
17,1,0,0,3.7,1.4,1,7.2,4,0,1,19.0,76,3.85,2,1.3556845124032513,14.061136801601103,2.261698926363226,45734.94462371378,18.291570207219255,2.995732273553991,0.8754687373538999
19,2,2,0,5.5,1.8,1,6.8,3,1,2,13.0,75,3.55,2,1.7857252215541248,12.778487214922173,1.6102145113046793,44123.69453376821,14.292193415871623,2.6390573296152584,1.0296194171811581
16,1,0,3,4.8,0.7,1,7.4,3,0,3,16.0,92,3.47,2,1.6370062359244075,14.718798218821261,1.6102145113046793,76723.29848149381,13.331834670752924,2.833213344056216,0.5306282510621704
22,1,2,6,2.2,1.2,1,8.2,5,1,1,5.0,98,3.86,2,0.8054926939148117,17.455635531354325,2.858956583624191,91038.45997193112,18.436086604872493,1.791759469228055,0.7884573603642702
18,1,2,4,8.9,1.3,1,6.8,2,0,1,28.0,62,2.29,0,2.320387654485076,12.778487214922173,0.8778301681657564,26352.188477075142,3.6266124586079935,3.367295829986474,0.832909122935104
18,1,2,6,3.6,1.3,1,7.9,3,0,0,10.0,84,3.58,2,1.3263003819268158,16.409652657927705,1.6102145113046793,59971.57105866405,14.663569620587477,2.3978952727983707,0.832909122935104
20,0,2,0,6.6,1.2,1,6.4,2,1,2,21.0,65,3.01,1,1.9866255656836118,11.540249794535706,0.8778301681657564,29949.25362327995,8.611367410342837,3.091042453358316,0.7884573603642702
16,1,0,4,4.4,1.9,1,7.6,3,1,4,15.0,92,3.86,2,1.5425211917840917,15.387190975810833,1.6102145113046793,76723.29848149381,18.436086604872493,2.772588722239781,1.0647107369924282
24,1,1,6,4.8,3.1,0,10.0,5,0,2,13.0,98,2.84,2,1.6370062359244075,24.20706877060446,2.858956583624191,91038.45997193112,7.188483753456278,2.6390573296152584,1.410986973710262
18,3,2,6,6.2,1.3,1,7.3,2,1,3,13.0,63,2.71,1,1.9175112322134875,14.388618785157242,0.8778301681657564,27519.02697404476,6.208159224340435,2.6390573296152584,0.832909122935104
16,1,0,0,3.4,2.0,1,7.6,3,1,2,13.0,78,3.36,2,1.2651404807900501,15.387190975810833,1.6102145113046793,49067.63473037756,12.08109121248574,2.6390573296152584,1.0986122886681098
23,0,1,4,5.4,0.9,1,6.1,3,0,3,19.0,64,3.16,1,1.7656156766986153,10.641371908015127,1.6102145113046793,28717.928887801263,10.006308774393966,2.995732273553991,0.6418538861723948
17,0,0,0,6.2,1.3,1,6.2,2,1,2,8.0,85,3.44,2,1.9175112322134875,10.938123890491681,0.8778301681657564,61924.51734422166,12.982796395310663,2.1972245773362196,0.832909122935104
18,1,2,4,4.0,1.6,2,7.7,3,0,2,9.0,86,3.46,2,1.4395330280586147,15.725375748712496,1.6102145113046793,63917.09875329975,13.21482174546893,2.302585092994046,0.9555114450274363
19,1,2,6,2.1,1.6,1,7.9,3,0,1,8.0,98,3.65,2,0.7570090469002981,16.409652657927705,1.6102145113046793,91038.45997193112,15.554356557932616,2.1972245773362196,0.9555114450274363
19,1,0,3,2.0,1.9,0,8.9,4,0,3,6.0,98,3.36,2,0.7062901854968463,19.985804516313625,2.261698926363226,91038.45997193112,12.08109121248574,1.9459101490553132,1.0647107369924282
20,0,2,4,3.7,1.6,1,7.0,3,1,3,11.0,78,3.48,2,1.3556845124032513,13.414325353558693,1.6102145113046793,49067.63473037756,13.449516948333956,2.4849066497880004,0.9555114450274363
19,0,0,4,5.6,1.5,0,6.2,2,0,2,17.0,72,3.31,2,1.8054918230589363,10.938123890491681,0.8778301681657564,39506.21991155572,11.53866528811148,2.8903717578961645,0.9162907318741551
19,1,0,0,3.8,0.8,2,7.4,3,1,2,15.0,92,3.06,2,1.384326776898207,14.718798218821261,1.6102145113046793,76723.29848149381,9.06147389329403,2.772588722239781,0.5877866649021191
18,0,2,0,4.0,2.2,1,6.1,2,1,3,19.0,81,3.1,2,1.4395330280586147,10.641371908015127,0.8778301681657564,54347.230996866165,9.43220016705984,2.995732273553991,1.1631508098056809
23,0,1,0,1.9,1.4,1,8.7,4,0,4,0.0,96,4.0,2,0.6531132144998397,19.250269148910856,2.261698926363226,86094.79021322812,20.53818254914221,0.0,0.8754687373538999
18,1,2,4,1.3,1.2,0,7.5,4,0,1,1.0,98,4.0,2,0.26423266144669216,15.05166041856306,2.261698926363226,91038.45997193112,20.53818254914221,0.6931471805599453,0.7884573603642702
19,0,2,2,6.3,2.6,1,6.2,2,0,2,16.0,72,3.59,2,1.9351768949585346,10.938123890491681,0.8778301681657564,39506.21991155572,14.788739421516853,2.833213344056216,1.2809338454620642
18,0,2,4,12.7,1.9,2,4.3,1,1,3,27.0,55,2.24,0,2.7243820126005427,5.81627216727231,0.0,19051.54466123719,3.3743963102967145,3.332204510175204,1.0647107369924282
21,0,2,3,3.5,1.4,1,6.7,3,0,3,6.0,76,3.7,2,1.2961337421106984,12.464723049102489,1.6102145113046793,45734.94462371378,16.211695300270975,1.9459101490553132,0.8754687373538999
18,1,2,6,4.3,1.7,1,7.8,2,1,2,14.0,80,3.47,2,1.5176311317383155,16.066200853784746,0.8778301681657564,52549.50742605369,13.331834670752924,2.70805020110221,0.9932517730102833
21,0,2,4,6.3,2.4,1,4.9,1,1,0,20.0,69,3.55,2,1.9351768949585346,7.3123368290812865,0.0,35205.91224901557,14.292193415871623,3.044522437723423,1.2237754316221157
19,2,2,5,10.4,1.0,1,4.4,1,1,3,30.0,55,2.12,0,2.4964088339968074,6.057450511969028,0.0,19051.54466123719,2.8130979477784757,3.4339872044851463,0.6931471805599453
18,1,2,6,6.2,1.4,0,5.5,1,1,4,15.0,78,3.16,2,1.9175112322134875,8.92242992355568,0.0,49067.63473037756,10.006308774393966,2.772588722239781,0.8754687373538999
19,1,2,6,2.8,1.6,1,6.7,4,1,3,4.0,95,3.81,2,1.0587970088869507,12.464723049102489,2.261698926363226,83687.91518516612,17.720896337416892,1.6094379124341003,0.9555114450274363
18,1,2,4,3.5,2.1,1,8.5,3,0,0,9.0,98,3.91,2,1.2961337421106984,18.524790399056656,1.6102145113046793,91038.45997193112,19.169850419380406,2.302585092994046,1.1314021114911006
16,0,0,4,4.9,1.6,1,7.1,3,0,3,14.0,78,3.34,2,1.659461753676766,13.736367236790857,1.6102145113046793,49067.63473037756,11.862188377883385,2.70805020110221,0.9555114450274363
17,0,0,0,4.0,2.7,1,7.0,4,1,1,15.0,84,3.66,2,1.4395330280586147,13.414325353558693,2.261698926363226,59971.57105866405,15.684410084705304,2.772588722239781,1.308332819650179
21,1,2,3,4.3,2.2,0,8.1,3,0,2,12.0,90,3.81,2,1.5176311317383155,17.104383037428352,1.6102145113046793,72290.34860143652,17.720896337416892,2.5649493574615367,1.1631508098056809
21,1,2,0,1.2,1.2,1,7.0,3,0,0,5.0,95,3.47,2,0.1832225230267353,13.414325353558693,1.6102145113046793,83687.91518516612,13.331834670752924,1.791759469228055,0.7884573603642702
16,1,0,6,5.2,1.5,0,6.6,3,1,3,10.0,75,3.2,2,1.7243171824127188,12.15375076672696,1.6102145113046793,44123.69453376821,10.401237330639699,2.3978952727983707,0.9162907318741551
17,1,0,0,4.4,1.0,1,7.4,4,0,4,7.0,83,3.51,2,1.5425211917840917,14.718798218821261,2.261698926363226,58057.92927986961,13.806598784091944,2.0794415416798357,0.6931471805599453
21,0,2,4,5.9,2.2,1,7.9,3,1,4,13.0,72,3.28,2,1.8628491617376208,16.409652657927705,1.6102145113046793,39506.21991155572,11.220894215246592,2.6390573296152584,1.1631508098056809
18,0,2,0,5.1,1.8,1,7.4,2,1,2,13.0,79,3.37,2,1.7031011436641108,14.718798218821261,0.8778301681657564,50789.75419132553,12.19151453362671,2.6390573296152584,1.0296194171811581
18,1,2,4,5.5,2.6,1,6.9,2,1,3,5.0,83,3.65,2,1.7857252215541248,13.095026718981076,0.8778301681657564,58057.92927986961,15.554356557932616,1.791759469228055,1.2809338454620642
21,0,2,0,3.0,2.4,1,6.0,2,0,4,12.0,87,3.63,2,1.1318728617817535,10.347518899102251,0.8778301681657564,65949.64476800284,15.296357628263685,2.5649493574615367,1.2237754316221157
20,0,2,0,5.7,2.9,1,7.6,3,1,4,14.0,89,2.97,2,1.8249272994757757,15.387190975810833,1.6102145113046793,70135.94297111471,8.261775557384002,2.70805020110221,1.3609765531356006
15,1,0,2,2.3,2.2,0,7.3,2,0,2,8.0,87,3.65,2,0.8519347810161471,14.388618785157242,0.8778301681657564,65949.64476800284,15.554356557932616,2.1972245773362196,1.1631508098056809
17,1,0,6,3.0,0.7,1,6.3,2,1,4,20.0,82,3.53,2,1.1318728617817535,11.237755995802775,0.8778301681657564,56183.26023893996,14.048034731048165,3.044522437723423,0.5306282510621704
20,0,2,6,7.3,1.9,1,5.5,2,1,4,17.0,64,3.13,1,2.09855491776158,8.92242992355568,0.8778301681657564,28717.928887801263,9.716531711647102,2.8903717578961645,1.0647107369924282
19,0,2,0,3.4,2.2,0,5.8,2,0,4,2.0,90,3.76,2,1.2651404807900501,9.76858741311186,0.8778301681657564,72290.34860143652,17.024043975850308,1.0986122886681098,1.1631508098056809
21,1,2,3,7.0,2.3,2,6.9,2,1,4,12.0,84,3.54,2,2.0518855355680303,13.095026718981076,0.8778301681657564,59971.57105866405,14.169772787057607,2.5649493574615367,1.1939224684724346
17,1,0,2,8.2,2.9,1,5.4,2,1,1,24.0,59,2.95,1,2.228404239984151,8.646392457066119,0.8778301681657564,23040.434161822523,8.090435723777606,3.2188758248682006,1.3609765531356006
23,2,1,4,5.1,1.1,1,7.3,2,1,4,9.0,93,3.33,2,1.7031011436641108,14.388618785157242,0.8778301681657564,79002.48980321265,11.7537050835968,2.302585092994046,0.7419373447293773
20,0,2,0,6.6,1.8,0,6.6,1,1,4,27.0,73,3.46,1,1.9866255656836118,12.15375076672696,0.0,41009.67586813584,13.21482174546893,3.332204510175204,1.0296194171811581
22,1,2,0,3.1,1.0,1,8.3,4,1,1,10.0,97,3.5,2,1.1666987907776478,17.809462547767687,2.261698926363226,88544.86579764642,13.686897116192466,2.3978952727983707,0.6931471805599453
18,0,2,6,5.9,1.9,1,5.1,1,0,2,23.0,77,3.88,2,1.8628491617376208,7.836637933925062,0.0,47382.81123366814,18.72735011125622,3.1780538303479458,1.0647107369924282
16,0,0,2,1.9,2.4,1,8.3,3,0,2,4.0,98,3.62,2,0.6531132144998397,17.809462547767687,1.6102145113046793,91038.45997193112,15.168408451034988,1.6094379124341003,1.2237754316221157
19,0,2,1,2.3,1.2,1,7.2,3,0,4,5.0,98,4.0,2,0.8519347810161471,14.061136801601103,1.6102145113046793,91038.45997193112,20.53818254914221,1.791759469228055,0.7884573603642702
23,1,1,2,9.6,1.8,1,5.0,1,1,2,23.0,61,3.25,1,2.4057660247033263,7.5729175150710875,0.0,25217.052320963478,10.90882410064474,3.1780538303479458,1.0296194171811581
18,0,0,6,10.1,2.1,1,5.4,1,0,3,24.0,71,2.94,1,2.463216684932441,8.646392457066119,0.0,38038.0056657807,8.005623197120133,3.2188758248682006,1.1314021114911006
19,1,2,4,5.7,1.5,1,6.5,2,1,2,21.0,74,3.92,2,1.8249272994757757,11.845587262709715,0.8778301681657564,42548.719285856496,19.31885273989304,3.091042453358316,0.9162907318741551
18,1,2,4,8.5,2.9,1,6.8,1,1,2,22.0,64,3.42,1,2.268701594475235,12.778487214922173,0.0,28717.928887801263,12.753425783763895,3.1354942159291497,1.3609765531356006
19,1,0,6,5.8,1.8,0,6.5,2,1,4,16.0,84,3.05,2,1.8440428632175376,11.845587262709715,0.8778301681657564,59971.57105866405,8.970276567071865,2.833213344056216,1.0296194171811581
17,0,0,0,5.0,2.3,1,5.2,2,1,2,25.0,74,2.75,1,1.681487870546516,8.103473238889842,0.8778301681657564,42548.719285856496,6.5001461320525165,3.258096538021482,1.1939224684724346
21,0,2,3,2.1,2.2,1,8.4,3,1,0,14.0,95,3.9,2,0.7570090469002981,18.16585159714471,1.6102145113046793,83687.91518516612,19.021600464068523,2.70805020110221,1.1631508098056809
18,1,2,1,7.1,1.9,1,6.5,1,1,1,20.0,81,3.25,2,2.0676487677416864,11.845587262709715,0.0,54347.230996866165,10.90882410064474,3.044522437723423,1.0647107369924282
22,1,1,6,5.7,2.2,1,6.9,1,1,3,4.0,83,3.17,2,1.8249272994757757,13.095026718981076,0.0,58057.92927986961,10.104120077547,1.6094379124341003,1.1631508098056809
22,0,1,0,2.1,2.4,1,8.6,4,1,2,3.0,93,3.61,2,0.7570090469002981,18.886266876241464,2.261698926363226,79002.48980321265,15.041156949142636,1.3862943611198906,1.2237754316221157
22,0,2,4,3.6,1.8,2,6.2,2,1,3,12.0,98,3.39,2,1.3263003819268158,10.938123890491681,0.8778301681657564,91038.45997193112,12.41431443477717,2.5649493574615367,1.0296194171811581
19,0,2,6,3.5,1.8,1,7.7,3,1,3,9.0,88,3.69,2,1.2961337421106984,15.725375748712496,1.6102145113046793,68022.48375280312,16.07880955652339,2.302585092994046,1.0296194171811581
22,1,1,4,7.9,2.5,1,5.8,2,1,1,20.0,55,3.1,1,2.186687359322709,9.76858741311186,0.8778301681657564,19051.54466123719,9.43220016705984,3.044522437723423,1.252762968495368
18,0,2,2,6.0,2.4,1,5.4,2,1,2,12.0,73,3.41,2,1.8813563150191603,8.646392457066119,0.8778301681657564,41009.67586813584,12.639731281317893,2.5649493574615367,1.2237754316221157
17,2,0,0,2.8,1.6,2,7.1,2,0,2,10.0,98,3.82,2,1.0587970088869507,13.736367236790857,0.8778301681657564,91038.45997193112,17.862459817003035,2.3978952727983707,0.9555114450274363
25,0,2,0,4.9,3.0,1,5.9,1,1,3,13.0,78,3.05,2,1.659461753676766,10.056584152579083,0.0,49067.63473037756,8.970276567071865,2.6390573296152584,1.3862943611198906
16,0,0,0,2.9,2.2,1,8.5,3,0,2,4.0,91,3.72,2,1.095930983777979,18.524790399056656,1.6102145113046793,74486.02575307926,16.479606987119947,1.6094379124341003,1.1631508098056809
17,1,0,4,6.2,1.6,0,7.8,4,0,2,19.0,77,3.06,2,1.9175112322134875,16.066200853784746,2.261698926363226,47382.81123366814,9.06147389329403,2.995732273553991,0.9555114450274363
19,0,2,0,8.2,0.8,0,5.5,1,1,1,19.0,60,2.96,1,2.228404239984151,8.92242992355568,0.0,24113.25572387178,8.175819212089252,2.995732273553991,0.5877866649021191
19,1,2,3,10.6,2.4,1,6.3,2,1,1,21.0,53,3.35,1,2.5180373974719235,11.237755995802775,0.8778301681657564,17233.337875033176,11.971316457356032,3.091042453358316,1.2237754316221157
18,1,2,1,5.1,1.7,0,5.8,2,1,4,20.0,71,3.72,2,1.7031011436641108,9.76858741311186,0.8778301681657564,38038.0056657807,16.479606987119947,3.044522437723423,0.9932517730102833
19,0,2,4,4.8,1.6,1,6.1,1,0,4,15.0,77,3.54,2,1.6370062359244075,10.641371908015127,0.0,47382.81123366814,14.169772787057607,2.772588722239781,0.9555114450274363
21,1,0,3,8.5,2.6,0,6.8,2,1,2,24.0,67,3.12,1,2.268701594475235,12.778487214922173,0.8778301681657564,32510.60102499727,9.621151996683725,3.2188758248682006,1.2809338454620642
19,0,0,6,2.0,3.0,2,8.6,5,0,3,6.0,95,3.82,2,0.7062901854968463,18.886266876241464,2.858956583624191,83687.91518516612,17.862459817003035,1.9459101490553132,1.3862943611198906
21,1,2,5,4.4,2.3,0,6.5,2,0,3,15.0,88,3.46,2,1.5425211917840917,11.845587262709715,0.8778301681657564,68022.48375280312,13.21482174546893,2.772588722239781,1.1939224684724346
17,3,0,4,4.0,1.8,0,6.8,2,1,4,9.0,92,2.98,2,1.4395330280586147,12.778487214922173,0.8778301681657564,76723.29848149381,8.348306654858234,2.302585092994046,1.0296194171811581
18,0,0,5,14.0,2.9,1,3.0,1,1,3,28.0,43,2.46,0,2.8364774847199032,2.997232442083743,0.0,9783.04241116226,4.568889989737314,3.367295829986474,1.3609765531356006
17,1,0,0,5.2,1.9,1,8.1,3,1,4,15.0,81,3.53,2,1.7243171824127188,17.104383037428352,1.6102145113046793,54347.230996866165,14.048034731048165,2.772588722239781,1.0647107369924282
17,3,0,0,5.1,1.8,1,6.1,2,1,2,7.0,76,3.25,2,1.7031011436641108,10.641371908015127,0.8778301681657564,45734.94462371378,10.90882410064474,2.0794415416798357,1.0296194171811581
21,0,2,0,5.0,2.9,1,7.4,3,0,4,8.0,95,3.77,2,1.681487870546516,14.718798218821261,1.6102145113046793,83687.91518516612,17.161958728612845,2.1972245773362196,1.3609765531356006
18,1,2,6,6.2,0.5,1,6.3,2,1,1,21.0,70,3.3,1,1.9175112322134875,11.237755995802775,0.8778301681657564,36604.68597434723,11.432105005383404,3.091042453358316,0.4054651081081644
20,0,2,0,2.4,2.6,1,7.0,2,0,3,3.0,91,3.82,2,0.8965046417701628,13.414325353558693,0.8778301681657564,74486.02575307926,17.862459817003035,1.3862943611198906,1.2809338454620642
21,0,2,6,5.1,2.4,1,7.2,3,0,3,14.0,87,3.28,2,1.7031011436641108,14.061136801601103,1.6102145113046793,65949.64476800284,11.220894215246592,2.70805020110221,1.2237754316221157
20,1,2,0,3.6,2.5,1,6.3,2,0,3,10.0,78,3.81,2,1.3263003819268158,11.237755995802775,0.8778301681657564,49067.63473037756,17.720896337416892,2.3978952727983707,1.252762968495368
20,0,2,3,2.0,2.1,1,8.8,4,1,2,14.0,97,3.47,2,0.7062901854968463,19.61678552928072,2.261698926363226,88544.86579764642,13.331834670752924,2.70805020110221,1.1314021114911006
19,0,0,4,10.7,1.8,1,5.3,1,1,1,22.0,61,2.73,1,2.528707315024941,8.3733992567368,0.0,25217.052320963478,6.353094218431751,3.1354942159291497,1.0296194171811581
21,0,0,6,3.4,2.4,1,7.9,4,0,2,10.0,92,3.54,2,1.2651404807900501,16.409652657927705,2.261698926363226,76723.29848149381,14.169772787057607,2.3978952727983707,1.2237754316221157
26,0,2,4,8.0,1.8,1,4.7,1,0,4,19.0,52,3.17,1,2.2007570648755084,6.800697609529523,0.0,16366.980259579506,10.104120077547,2.995732273553991,1.0296194171811581
21,1,2,5,14.0,0.6,1,4.3,1,0,4,24.0,50,2.31,0,2.8364774847199032,5.81627216727231,0.0,14717.856782686873,3.7306044350351613,3.2188758248682006,0.4700036292457356
17,1,0,4,2.6,2.5,1,9.0,4,1,2,7.0,98,3.63,2,0.9806061985963926,20.357314790663057,2.261698926363226,91038.45997193112,15.296357628263685,2.0794415416798357,1.252762968495368
23,1,1,4,3.7,1.8,1,7.9,3,0,2,11.0,83,3.84,2,1.3556845124032513,16.409652657927705,1.6102145113046793,58057.92927986961,18.147794866724794,2.4849066497880004,1.0296194171811581
20,0,2,6,5.7,1.5,1,7.4,3,1,2,12.0,82,3.52,2,1.8249272994757757,14.718798218821261,1.6102145113046793,56183.26023893996,13.926977359533225,2.5649493574615367,0.9162907318741551
19,0,2,0,7.8,1.9,1,6.5,1,0,1,12.0,77,2.92,2,2.172448159416712,11.845587262709715,0.0,47382.81123366814,7.837703446786447,2.5649493574615367,1.0647107369924282
21,1,2,4,9.1,1.8,1,6.2,1,1,2,25.0,63,2.99,1,2.345411940339193,10.938123890491681,0.0,27519.02697404476,8.435414399576228,3.258096538021482,1.0296194171811581
15,1,0,5,7.8,1.7,1,5.3,1,1,3,22.0,65,3.46,1,2.172448159416712,8.3733992567368,0.0,29949.25362327995,13.21482174546893,3.1354942159291497,0.9932517730102833
21,0,0,5,10.5,0.5,1,5.5,1,1,2,25.0,53,2.83,1,2.507271830707375,8.92242992355568,0.0,17233.337875033176,7.10982667490936,3.258096538021482,0.4054651081081644
16,1,0,6,5.3,0.7,1,6.6,2,0,1,6.0,96,3.93,2,1.7451507197105387,12.15375076672696,0.8778301681657564,86094.79021322812,19.4686093099294,1.9459101490553132,0.5306282510621704
22,0,2,4,7.1,2.1,1,6.0,2,1,4,18.0,73,2.74,1,2.0676487677416864,10.347518899102251,0.8778301681657564,41009.67586813584,6.426354611099438,2.9444389791664403,1.1314021114911006
18,1,0,0,3.5,0.9,1,6.8,2,0,4,11.0,81,3.56,2,1.2961337421106984,12.778487214922173,0.8778301681657564,54347.230996866165,14.415298505689877,2.4849066497880004,0.6418538861723948
20,0,2,5,4.4,2.8,1,8.1,4,0,4,7.0,83,4.0,2,1.5425211917840917,17.104383037428352,2.261698926363226,58057.92927986961,20.53818254914221,2.0794415416798357,1.33500106673234
18,0,2,4,9.3,0.8,1,5.3,1,1,3,23.0,65,2.67,1,2.36992126816704,8.3733992567368,0.0,29949.25362327995,5.924579237757003,3.1780538303479458,0.5877866649021191
19,0,2,0,3.2,2.4,1,7.8,2,1,4,18.0,96,4.0,2,1.2004777883442346,16.066200853784746,0.8778301681657564,86094.79021322812,20.53818254914221,2.9444389791664403,1.2237754316221157
18,0,2,4,11.4,2.1,1,3.5,1,1,2,29.0,40,2.93,0,2.600858321956055,4.009728565370655,0.0,8043.082592061444,7.921379736654888,3.4011973816621555,1.1314021114911006
17,1,0,6,7.5,1.8,1,6.7,2,0,3,16.0,68,3.2,2,2.1286702202484076,12.464723049102489,0.8778301681657564,33841.334443280015,10.401237330639699,2.833213344056216,1.0296194171811581
18,0,2,1,7.6,2.8,1,4.5,1,1,2,24.0,69,3.52,1,2.1434440944290047,6.301933826278156,0.0,35205.91224901557,13.926977359533225,3.2188758248682006,1.33500106673234
15,1,0,0,9.0,1.7,1,5.8,1,1,3,14.0,65,2.82,2,2.332965554974335,9.76858741311186,0.0,29949.25362327995,7.031717803560084,2.70805020110221,0.9932517730102833
21,1,2,3,4.5,1.7,1,6.6,3,0,2,12.0,88,3.17,2,1.5668817774441797,12.15375076672696,1.6102145113046793,68022.48375280312,10.104120077547,2.5649493574615367,0.9932517730102833
19,0,2,4,3.7,1.6,1,7.6,3,1,2,6.0,86,3.89,2,1.3556845124032513,15.387190975810833,1.6102145113046793,63917.09875329975,18.87410098953472,1.9459101490553132,0.9555114450274363
20,0,2,3,4.2,1.8,1,7.2,3,0,3,10.0,81,3.54,2,1.492187365993103,14.061136801601103,1.6102145113046793,54347.230996866165,14.169772787057607,2.3978952727983707,1.0296194171811581
19,1,2,4,2.9,1.3,0,5.7,2,0,1,0.0,81,3.81,2,1.095930983777979,9.483548899985696,0.8778301681657564,54347.230996866165,17.720896337416892,0.0,0.832909122935104
20,0,2,6,7.9,1.3,1,5.9,2,1,3,18.0,69,3.25,2,2.186687359322709,10.056584152579083,0.8778301681657564,35205.91224901557,10.90882410064474,2.9444389791664403,0.832909122935104
19,0,2,0,5.6,2.7,1,5.0,1,1,3,23.0,69,3.14,1,1.8054918230589363,7.5729175150710875,0.0,35205.91224901557,9.81251648426725,3.1780538303479458,1.308332819650179
18,0,2,4,7.0,2.4,1,6.5,2,0,2,14.0,65,3.09,2,2.0518855355680303,11.845587262709715,0.8778301681657564,29949.25362327995,9.338624265751184,2.70805020110221,1.2237754316221157
15,0,0,6,4.2,0.6,1,6.9,2,1,1,13.0,88,3.31,2,1.492187365993103,13.095026718981076,0.8778301681657564,68022.48375280312,11.53866528811148,2.6390573296152584,0.4700036292457356
17,0,0,6,2.3,2.0,1,8.1,3,0,2,4.0,84,3.21,2,0.8519347810161471,17.104383037428352,1.6102145113046793,59971.57105866405,10.501510504182985,1.6094379124341003,1.0986122886681098
17,0,0,0,6.3,1.5,1,5.4,1,0,2,8.0,74,3.62,2,1.9351768949585346,8.646392457066119,0.0,42548.719285856496,15.168408451034988,2.1972245773362196,0.9162907318741551
17,0,0,0,5.0,1.1,1,7.0,3,1,2,12.0,62,2.84,2,1.681487870546516,13.414325353558693,1.6102145113046793,26352.188477075142,7.188483753456278,2.5649493574615367,0.7419373447293773
19,0,2,4,6.0,1.4,0,7.7,2,1,2,11.0,74,3.16,2,1.8813563150191603,15.725375748712496,0.8778301681657564,42548.719285856496,10.006308774393966,2.4849066497880004,0.8754687373538999
20,0,2,6,2.8,3.2,2,8.1,3,1,3,9.0,80,4.0,2,1.0587970088869507,17.104383037428352,1.6102145113046793,52549.50742605369,20.53818254914221,2.302585092994046,1.4350845252893227
17,0,0,0,9.8,2.2,2,7.1,2,1,3,24.0,65,2.97,1,2.4290784648391797,13.736367236790857,0.8778301681657564,29949.25362327995,8.261775557384002,3.2188758248682006,1.1631508098056809
19,1,2,5,7.3,1.3,2,7.1,2,1,4,18.0,68,2.99,1,2.09855491776158,13.736367236790857,0.8778301681657564,33841.334443280015,8.435414399576228,2.9444389791664403,0.832909122935104
18,1,0,3,3.2,2.9,0,7.3,4,1,1,10.0,98,3.36,2,1.2004777883442346,14.388618785157242,2.261698926363226,91038.45997193112,12.08109121248574,2.3978952727983707,1.3609765531356006
17,1,0,4,5.3,1.8,1,8.3,3,1,1,9.0,90,3.79,2,1.7451507197105387,17.809462547767687,1.6102145113046793,72290.34860143652,17.43996804213093,2.302585092994046,1.0296194171811581
19,1,2,6,5.4,2.2,1,5.0,2,0,0,15.0,78,3.28,2,1.7656156766986153,7.5729175150710875,0.8778301681657564,49067.63473037756,11.220894215246592,2.772588722239781,1.1631508098056809
17,1,0,0,4.7,1.5,1,6.9,3,0,2,9.0,92,3.46,2,1.6141037337096489,13.095026718981076,1.6102145113046793,76723.29848149381,13.21482174546893,2.302585092994046,0.9162907318741551
22,1,2,2,6.3,1.8,1,6.6,2,1,2,9.0,70,3.52,2,1.9351768949585346,12.15375076672696,0.8778301681657564,36604.68597434723,13.926977359533225,2.302585092994046,1.0296194171811581
19,0,2,6,3.0,2.1,0,7.9,3,0,4,13.0,90,3.34,2,1.1318728617817535,16.409652657927705,1.6102145113046793,72290.34860143652,11.862188377883385,2.6390573296152584,1.1314021114911006
19,0,2,0,6.6,1.2,1,6.8,1,0,4,15.0,70,3.23,2,1.9866255656836118,12.778487214922173,0.0,36604.68597434723,10.703919338092492,2.772588722239781,0.7884573603642702
15,1,0,3,3.5,2.3,1,8.9,4,1,2,8.0,98,3.93,2,1.2961337421106984,19.985804516313625,2.261698926363226,91038.45997193112,19.4686093099294,2.1972245773362196,1.1939224684724346
19,1,2,0,9.7,1.4,1,5.7,1,0,4,26.0,65,2.99,1,2.41747908309299,9.483548899985696,0.0,29949.25362327995,8.435414399576228,3.295836866004329,0.8754687373538999
18,0,2,2,3.9,2.1,0,7.8,3,0,3,9.0,92,4.0,2,1.4122647058505842,16.066200853784746,1.6102145113046793,76723.29848149381,20.53818254914221,2.302585092994046,1.1314021114911006
16,1,0,0,5.7,2.0,1,6.3,1,1,1,20.0,78,3.35,2,1.8249272994757757,11.237755995802775,0.0,49067.63473037756,11.971316457356032,3.044522437723423,1.0986122886681098
18,3,2,6,5.1,3.2,1,6.9,3,1,2,20.0,84,3.4,2,1.7031011436641108,13.095026718981076,1.6102145113046793,59971.57105866405,12.526694794914107,3.044522437723423,1.4350845252893227
18,0,2,4,6.5,1.5,2,7.5,2,1,3,13.0,88,3.49,2,1.9697262931476014,15.05166041856306,0.8778301681657564,68022.48375280312,13.567870467191462,2.6390573296152584,0.9162907318741551
20,0,2,0,7.4,2.6,1,5.8,1,1,3,19.0,64,3.37,1,2.113708815832555,9.76858741311186,0.0,28717.928887801263,12.19151453362671,2.995732273553991,1.2809338454620642
19,1,2,6,3.9,0.7,1,8.1,4,0,0,4.0,89,4.0,2,1.4122647058505842,17.104383037428352,2.261698926363226,70135.94297111471,20.53818254914221,1.6094379124341003,0.5306282510621704
17,0,0,6,7.9,2.0,1,5.3,1,1,1,23.0,66,2.2,1,2.186687359322709,8.3733992567368,0.0,31213.358948090136,3.1804832189494845,3.1780538303479458,1.0986122886681098
20,1,2,4,6.1,2.3,1,5.2,1,1,2,12.0,66,3.14,2,1.8995739499976299,8.103473238889842,0.0,31213.358948090136,9.81251648426725,2.5649493574615367,1.1939224684724346
17,1,0,0,5.5,2.0,1,8.0,3,1,2,7.0,98,2.96,2,1.7857252215541248,16.755717770784734,1.6102145113046793,91038.45997193112,8.175819212089252,2.0794415416798357,1.0986122886681098
20,1,2,4,4.0,1.2,1,7.6,3,0,3,5.0,88,3.84,2,1.4395330280586147,15.387190975810833,1.6102145113046793,68022.48375280312,18.147794866724794,1.791759469228055,0.7884573603642702
20,0,2,6,6.6,2.2,1,5.2,2,1,4,24.0,68,3.34,1,1.9866255656836118,8.103473238889842,0.8778301681657564,33841.334443280015,11.862188377883385,3.2188758248682006,1.1631508098056809
19,1,0,2,2.5,1.4,1,7.6,2,0,1,11.0,94,3.14,2,0.9393512133898587,15.387190975810833,0.8778301681657564,81323.92171042044,9.81251648426725,2.4849066497880004,0.8754687373538999
20,0,2,4,3.8,1.4,1,6.8,3,0,3,10.0,92,4.0,2,1.384326776898207,12.778487214922173,1.6102145113046793,76723.29848149381,20.53818254914221,2.3978952727983707,0.8754687373538999
23,1,2,4,4.7,2.4,1,6.4,2,0,2,15.0,88,3.27,2,1.6141037337096489,11.540249794535706,0.8778301681657564,68022.48375280312,11.116239925597819,2.772588722239781,1.2237754316221157
15,0,0,4,2.1,2.5,1,7.4,4,0,3,13.0,90,3.7,2,0.7570090469002981,14.718798218821261,2.261698926363226,72290.34860143652,16.211695300270975,2.6390573296152584,1.252762968495368
22,1,1,0,4.9,1.3,1,8.0,3,0,2,6.0,98,3.84,2,1.659461753676766,16.755717770784734,1.6102145113046793,91038.45997193112,18.147794866724794,1.9459101490553132,0.832909122935104
20,0,2,4,10.0,1.6,1,5.3,1,0,2,27.0,67,2.82,1,2.4519451177756233,8.3733992567368,0.0,32510.60102499727,7.031717803560084,3.332204510175204,0.9555114450274363
19,0,2,0,5.0,2.2,1,7.2,3,0,1,3.0,81,3.74,2,1.681487870546516,14.061136801601103,1.6102145113046793,54347.230996866165,16.750384849080206,1.3862943611198906,1.1631508098056809
21,1,2,4,4.1,2.0,1,6.7,3,1,1,9.0,92,3.83,2,1.466163943905982,12.464723049102489,1.6102145113046793,76723.29848149381,18.00475869836222,2.302585092994046,1.0986122886681098
19,1,2,0,4.5,2.3,2,7.2,3,1,1,11.0,79,3.0,2,1.5668817774441797,14.061136801601103,1.6102145113046793,50789.75419132553,8.52310068647062,2.4849066497880004,1.1939224684724346
20,0,2,4,4.3,0.9,1,7.8,4,0,4,12.0,88,3.83,2,1.5176311317383155,16.066200853784746,2.261698926363226,68022.48375280312,18.00475869836222,2.5649493574615367,0.6418538861723948
18,0,2,3,3.9,2.2,0,7.8,4,0,2,13.0,83,3.57,2,1.4122647058505842,16.066200853784746,2.261698926363226,58057.92927986961,14.5390899446019,2.6390573296152584,1.1631508098056809
18,1,2,3,2.2,0.0,1,7.7,4,1,4,7.0,98,3.99,2,0.8054926939148117,15.725375748712496,2.261698926363226,91038.45997193112,20.38309347972413,2.0794415416798357,0.0
21,0,2,4,5.2,2.1,1,6.5,2,1,4,12.0,86,3.96,2,1.7243171824127188,11.845587262709715,0.8778301681657564,63917.09875329975,19.922423358919016,2.5649493574615367,1.1314021114911006
17,0,0,0,9.7,1.3,0,5.6,1,0,3,21.0,61,2.97,1,2.41747908309299,9.201489326998276,0.0,25217.052320963478,8.261775557384002,3.091042453358316,0.832909122935104
18,1,2,6,5.6,2.2,0,7.4,3,1,4,15.0,74,3.13,2,1.8054918230589363,14.718798218821261,1.6102145113046793,42548.719285856496,9.716531711647102,2.772588722239781,1.1631508098056809
20,0,2,2,6.0,2.3,1,5.9,2,1,0,17.0,77,3.79,2,1.8813563150191603,10.056584152579083,0.8778301681657564,47382.81123366814,17.43996804213093,2.8903717578961645,1.1939224684724346
16,0,0,4,5.8,0.7,1,5.6,2,1,2,13.0,68,2.98,2,1.8440428632175376,9.201489326998276,0.8778301681657564,33841.334443280015,8.348306654858234,2.6390573296152584,0.5306282510621704
19,1,2,4,8.5,2.5,1,4.8,1,1,4,18.0,51,3.1,1,2.268701594475235,7.054921429048166,0.0,15528.613925862097,9.43220016705984,2.9444389791664403,1.252762968495368
16,1,0,3,1.9,1.0,0,7.7,3,1,1,6.0,89,3.75,2,0.6531132144998397,15.725375748712496,1.6102145113046793,70135.94297111471,16.88685331132323,1.9459101490553132,0.6931471805599453
21,1,2,0,9.1,1.4,1,5.6,1,1,3,21.0,64,2.55,1,2.345411940339193,9.201489326998276,0.0,28717.928887801263,5.123065242759989,3.091042453358316,0.8754687373538999
18,0,2,6,3.5,1.8,1,6.4,3,0,3,11.0,74,3.65,2,1.2961337421106984,11.540249794535706,1.6102145113046793,42548.719285856496,15.554356557932616,2.4849066497880004,1.0296194171811581
19,0,2,0,9.9,0.7,1,6.1,1,1,3,32.0,60,2.75,0,2.440566416418899,10.641371908015127,0.0,24113.25572387178,6.5001461320525165,3.4965075614664802,0.5306282510621704
17,0,0,4,4.1,2.3,1,5.9,3,1,2,14.0,84,3.01,2,1.466163943905982,10.056584152579083,1.6102145113046793,59971.57105866405,8.611367410342837,2.70805020110221,1.1939224684724346
18,0,2,0,1.7,1.6,1,6.0,3,0,2,5.0,87,3.96,2,0.5383079872264196,10.347518899102251,1.6102145113046793,65949.64476800284,19.922423358919016,1.791759469228055,0.9555114450274363
18,0,2,3,4.6,3.0,1,7.4,2,0,3,11.0,87,3.76,2,1.5907355499331142,14.718798218821261,0.8778301681657564,65949.64476800284,17.024043975850308,2.4849066497880004,1.3862943611198906
19,1,2,0,5.7,2.5,1,5.5,2,1,4,22.0,67,3.32,1,1.8249272994757757,8.92242992355568,0.8778301681657564,32510.60102499727,11.645864683908064,3.1354942159291497,1.252762968495368
26,1,2,4,5.1,0.7,1,7.2,4,1,3,7.0,85,4.0,2,1.7031011436641108,14.061136801601103,2.261698926363226,61924.51734422166,20.53818254914221,2.0794415416798357,0.5306282510621704
19,1,2,4,3.9,1.5,1,8.1,3,1,0,10.0,89,3.36,2,1.4122647058505842,17.104383037428352,1.6102145113046793,70135.94297111471,12.08109121248574,2.3978952727983707,0.9162907318741551
20,1,2,5,2.5,2.3,1,8.4,3,0,2,11.0,91,3.56,2,0.9393512133898587,18.16585159714471,1.6102145113046793,74486.02575307926,14.415298505689877,2.4849066497880004,1.1939224684724346
16,1,0,6,6.7,1.3,1,5.7,2,1,2,12.0,77,3.13,2,2.003284337102433,9.483548899985696,0.8778301681657564,47382.81123366814,9.716531711647102,2.5649493574615367,0.832909122935104
19,1,2,4,4.3,3.0,1,9.3,4,0,3,6.0,98,3.79,2,1.5176311317383155,21.486682768630658,2.261698926363226,91038.45997193112,17.43996804213093,1.9459101490553132,1.3862943611198906
19,1,2,4,3.7,2.1,1,7.6,4,0,2,15.0,91,3.27,2,1.3556845124032513,15.387190975810833,2.261698926363226,74486.02575307926,11.116239925597819,2.772588722239781,1.1314021114911006
19,1,2,3,5.8,2.4,1,5.3,1,1,4,14.0,78,3.51,2,1.8440428632175376,8.3733992567368,0.0,49067.63473037756,13.806598784091944,2.70805020110221,1.2237754316221157
20,0,2,3,5.7,1.6,0,5.5,2,1,4,17.0,74,3.53,2,1.8249272994757757,8.92242992355568,0.8778301681657564,42548.719285856496,14.048034731048165,2.8903717578961645,0.9555114450274363
19,1,2,0,8.8,3.4,1,5.9,2,1,2,24.0,73,3.25,1,2.307675347857402,10.056584152579083,0.8778301681657564,41009.67586813584,10.90882410064474,3.2188758248682006,1.4816045409242156
20,0,2,4,4.6,1.4,1,7.4,3,1,4,21.0,86,3.29,2,1.5907355499331142,14.718798218821261,1.6102145113046793,63917.09875329975,11.326181944781949,3.091042453358316,0.8754687373538999
20,0,2,0,2.5,1.7,1,9.6,4,1,3,0.0,98,4.0,2,0.9393512133898587,22.638081291579695,2.261698926363226,91038.45997193112,20.53818254914221,0.0,0.9932517730102833
18,1,2,6,2.2,0.6,1,8.0,3,0,3,5.0,97,4.0,2,0.8054926939148117,16.755717770784734,1.6102145113046793,88544.86579764642,20.53818254914221,1.791759469228055,0.4700036292457356
18,1,2,6,7.6,1.6,0,7.4,3,1,2,17.0,84,3.46,2,2.1434440944290047,14.718798218821261,1.6102145113046793,59971.57105866405,13.21482174546893,2.8903717578961645,0.9555114450274363
18,0,2,5,5.9,2.4,1,6.4,1,1,2,20.0,78,2.99,2,1.8628491617376208,11.540249794535706,0.0,49067.63473037756,8.435414399576228,3.044522437723423,1.2237754316221157
19,0,2,6,5.3,2.4,0,6.8,3,1,2,13.0,91,3.32,2,1.7451507197105387,12.778487214922173,1.6102145113046793,74486.02575307926,11.645864683908064,2.6390573296152584,1.2237754316221157
19,0,2,0,7.6,2.3,1,6.5,3,1,4,19.0,69,3.37,2,2.1434440944290047,11.845587262709715,1.6102145113046793,35205.91224901557,12.19151453362671,2.995732273553991,1.1939224684724346
19,3,2,6,5.3,0.4,1,5.5,2,0,2,14.0,82,2.98,2,1.7451507197105387,8.92242992355568,0.8778301681657564,56183.26023893996,8.348306654858234,2.70805020110221,0.33647223662121295
16,0,0,0,5.1,2.8,1,5.5,2,0,1,14.0,78,3.62,2,1.7031011436641108,8.92242992355568,0.8778301681657564,49067.63473037756,15.168408451034988,2.70805020110221,1.33500106673234
19,1,2,2,7.2,2.3,1,7.4,3,1,3,11.0,85,3.68,2,2.0832033609937755,14.718798218821261,1.6102145113046793,61924.51734422166,15.946634697155112,2.4849066497880004,1.1939224684724346
17,0,0,0,5.1,1.1,1,5.7,3,1,2,17.0,74,3.66,2,1.7031011436641108,9.483548899985696,1.6102145113046793,42548.719285856496,15.684410084705304,2.8903717578961645,0.7419373447293773
17,0,0,0,4.1,0.4,1,5.5,3,1,2,11.0,75,3.38,2,1.466163943905982,8.92242992355568,1.6102145113046793,44123.69453376821,12.302588311016644,2.4849066497880004,0.33647223662121295
23,0,1,4,3.7,3.4,1,5.9,2,1,2,14.0,83,3.84,2,1.3556845124032513,10.056584152579083,0.8778301681657564,58057.92927986961,18.147794866724794,2.70805020110221,1.4816045409242156
23,1,1,0,12.4,2.5,1,4.6,1,1,2,19.0,51,3.51,1,2.696975339309754,6.549692444201377,0.0,15528.613925862097,13.806598784091944,2.995732273553991,1.252762968495368
23,2,2,6,3.9,1.2,1,5.8,2,1,2,10.0,68,3.23,2,1.4122647058505842,9.76858741311186,0.8778301681657564,33841.334443280015,10.703919338092492,2.3978952727983707,0.7884573603642702
20,0,2,0,5.0,1.5,1,8.2,2,0,1,12.0,92,3.99,2,1.681487870546516,17.455635531354325,0.8778301681657564,76723.29848149381,20.38309347972413,2.5649493574615367,0.9162907318741551
17,0,0,0,3.8,0.5,1,7.9,3,0,3,7.0,89,3.69,2,1.384326776898207,16.409652657927705,1.6102145113046793,70135.94297111471,16.07880955652339,2.0794415416798357,0.4054651081081644
20,0,2,3,3.3,1.3,1,8.5,4,0,2,12.0,89,3.57,2,1.2332726085820729,18.524790399056656,2.261698926363226,70135.94297111471,14.5390899446019,2.5649493574615367,0.832909122935104
16,3,0,5,3.2,3.0,1,7.0,2,0,1,10.0,86,3.37,2,1.2004777883442346,13.414325353558693,0.8778301681657564,63917.09875329975,12.19151453362671,2.3978952727983707,1.3862943611198906
17,1,0,4,2.7,0.4,1,6.4,2,0,2,9.0,98,3.89,2,1.0203866362587886,11.540249794535706,0.8778301681657564,91038.45997193112,18.87410098953472,2.302585092994046,0.33647223662121295
17,1,0,4,4.6,2.3,1,7.7,1,1,4,20.0,82,3.11,2,1.5907355499331142,15.725375748712496,0.0,56183.26023893996,9.52637544624165,3.044522437723423,1.1939224684724346
18,0,2,0,4.0,1.6,1,8.4,3,0,2,7.0,89,3.8,2,1.4395330280586147,18.16585159714471,1.6102145113046793,70135.94297111471,17.58006637427118,2.0794415416798357,0.9555114450274363
19,2,2,6,3.7,0.5,1,8.1,3,1,3,7.0,91,3.29,2,1.3556845124032513,17.104383037428352,1.6102145113046793,74486.02575307926,11.326181944781949,2.0794415416798357,0.4054651081081644
18,2,2,3,5.0,2.8,0,5.6,3,1,0,10.0,73,4.0,2,1.681487870546516,9.201489326998276,1.6102145113046793,41009.67586813584,20.53818254914221,2.3978952727983707,1.33500106673234
17,1,0,1,6.4,1.3,0,6.9,3,1,2,21.0,67,3.02,1,1.9525792661508234,13.095026718981076,1.6102145113046793,32510.60102499727,8.700216465863583,3.091042453358316,0.832909122935104
19,1,2,4,6.8,2.4,0,5.6,2,1,1,15.0,73,3.47,2,2.019709544031315,9.201489326998276,0.8778301681657564,41009.67586813584,13.331834670752924,2.772588722239781,1.2237754316221157
19,1,2,2,9.4,2.9,1,5.6,2,1,4,21.0,64,2.82,1,2.381989542783344,9.201489326998276,0.8778301681657564,28717.928887801263,7.031717803560084,3.091042453358316,1.3609765531356006
17,1,0,0,2.9,2.0,0,8.2,3,0,2,8.0,86,3.53,2,1.095930983777979,17.455635531354325,1.6102145113046793,63917.09875329975,14.048034731048165,2.1972245773362196,1.0986122886681098
19,0,2,5,2.8,2.8,1,6.9,3,0,2,9.0,83,3.25,2,1.0587970088869507,13.095026718981076,1.6102145113046793,58057.92927986961,10.90882410064474,2.302585092994046,1.33500106673234
17,1,0,0,10.0,1.4,1,5.8,1,0,3,19.0,61,2.83,1,2.4519451177756233,9.76858741311186,0.0,25217.052320963478,7.10982667490936,2.995732273553991,0.8754687373538999
16,0,0,0,3.0,2.0,1,7.2,2,1,4,10.0,88,3.98,2,1.1318728617817535,14.061136801601103,0.8778301681657564,68022.48375280312,20.228771847318367,2.3978952727983707,1.0986122886681098
19,0,2,3,6.6,1.0,1,6.8,4,0,1,12.0,83,3.36,2,1.9866255656836118,12.778487214922173,2.261698926363226,58057.92927986961,12.08109121248574,2.5649493574615367,0.6931471805599453
19,1,2,0,4.5,2.4,1,7.2,3,0,4,15.0,83,3.66,2,1.5668817774441797,14.061136801601103,1.6102145113046793,58057.92927986961,15.684410084705304,2.772588722239781,1.2237754316221157
17,0,0,6,2.9,1.7,1,7.4,4,0,2,14.0,84,3.44,2,1.095930983777979,14.718798218821261,2.261698926363226,59971.57105866405,12.982796395310663,2.70805020110221,0.9932517730102833
19,1,2,4,5.6,1.0,1,7.1,3,1,2,12.0,91,3.67,2,1.8054918230589363,13.736367236790857,1.6102145113046793,74486.02575307926,15.81516883547986,2.5649493574615367,0.6931471805599453
18,0,0,3,3.1,1.8,1,6.8,3,0,1,10.0,89,3.78,2,1.1666987907776478,12.778487214922173,1.6102145113046793,70135.94297111471,17.300599455458382,2.3978952727983707,1.0296194171811581
20,0,2,0,6.9,2.0,0,4.9,1,1,3,13.0,69,3.04,1,2.0359078246346916,7.3123368290812865,0.0,35205.91224901557,8.879669149882293,2.6390573296152584,1.0986122886681098
19,0,2,0,3.0,1.6,1,6.7,2,0,2,16.0,88,3.29,2,1.1318728617817535,12.464723049102489,0.8778301681657564,68022.48375280312,11.326181944781949,2.833213344056216,0.9555114450274363
21,0,0,0,4.6,3.2,2,7.3,3,1,3,0.0,81,3.53,2,1.5907355499331142,14.388618785157242,1.6102145113046793,54347.230996866165,14.048034731048165,0.0,1.4350845252893227
16,0,0,0,6.4,1.9,1,6.7,2,1,2,12.0,78,3.52,2,1.9525792661508234,12.464723049102489,0.8778301681657564,49067.63473037756,13.926977359533225,2.5649493574615367,1.0647107369924282
21,1,2,0,4.3,1.0,1,6.5,3,1,2,8.0,89,3.57,2,1.5176311317383155,11.845587262709715,1.6102145113046793,70135.94297111471,14.5390899446019,2.1972245773362196,0.6931471805599453
17,1,0,6,11.6,1.4,1,3.9,1,1,2,21.0,53,3.32,1,2.620703352487409,4.885236590833674,0.0,17233.337875033176,11.645864683908064,3.091042453358316,0.8754687373538999
18,0,2,2,3.7,2.4,1,6.1,4,1,3,12.0,77,3.81,2,1.3556845124032513,10.641371908015127,2.261698926363226,47382.81123366814,17.720896337416892,2.5649493574615367,1.2237754316221157
22,1,1,4,3.2,2.6,1,8.6,4,0,2,13.0,98,3.6,2,1.2004777883442346,18.886266876241464,2.261698926363226,91038.45997193112,14.914601235151155,2.6390573296152584,1.2809338454620642
18,0,2,0,1.4,2.3,0,8.3,5,0,2,0.0,98,4.0,2,0.3395493214925278,17.809462547767687,2.858956583624191,91038.45997193112,20.53818254914221,0.0,1.1939224684724346
19,0,2,5,3.5,1.9,1,8.0,3,1,2,15.0,91,3.67,2,1.2961337421106984,16.755717770784734,1.6102145113046793,74486.02575307926,15.81516883547986,2.772588722239781,1.0647107369924282
20,1,2,4,7.9,0.6,1,6.5,2,1,2,24.0,75,3.3,1,2.186687359322709,11.845587262709715,0.8778301681657564,44123.69453376821,11.432105005383404,3.2188758248682006,0.4700036292457356
26,1,1,6,9.2,1.5,1,4.8,1,1,2,13.0,68,2.83,1,2.3577296084820363,7.054921429048166,0.0,33841.334443280015,7.10982667490936,2.6390573296152584,0.9162907318741551
19,1,0,0,5.4,2.8,1,5.9,1,1,3,15.0,79,3.57,2,1.7656156766986153,10.056584152579083,0.0,50789.75419132553,14.5390899446019,2.772588722239781,1.33500106673234
17,0,0,4,3.4,2.6,1,7.9,2,0,2,9.0,77,3.32,2,1.2651404807900501,16.409652657927705,0.8778301681657564,47382.81123366814,11.645864683908064,2.302585092994046,1.2809338454620642
17,0,0,0,3.7,2.5,0,6.8,2,0,3,6.0,93,3.87,2,1.3556845124032513,12.778487214922173,0.8778301681657564,79002.48980321265,18.58134594461001,1.9459101490553132,1.252762968495368
18,1,2,4,4.6,1.0,1,7.4,3,0,3,6.0,92,3.78,2,1.5907355499331142,14.718798218821261,1.6102145113046793,76723.29848149381,17.300599455458382,1.9459101490553132,0.6931471805599453
25,1,1,4,2.0,1.2,1,8.2,3,0,0,2.0,98,3.84,2,0.7062901854968463,17.455635531354325,1.6102145113046793,91038.45997193112,18.147794866724794,1.0986122886681098,0.7884573603642702
22,1,1,0,5.3,2.0,1,5.8,2,1,2,9.0,80,3.14,2,1.7451507197105387,9.76858741311186,0.8778301681657564,52549.50742605369,9.81251648426725,2.302585092994046,1.0986122886681098
19,0,0,6,5.2,2.0,1,6.8,3,1,4,11.0,72,3.42,2,1.7243171824127188,12.778487214922173,1.6102145113046793,39506.21991155572,12.753425783763895,2.4849066497880004,1.0986122886681098
19,0,2,3,11.1,1.1,0,4.0,1,1,3,22.0,52,2.56,1,2.5704644360674704,5.112878346441948,0.0,16366.980259579506,5.187090088695495,3.1354942159291497,0.7419373447293773
20,1,2,4,5.7,1.7,0,6.8,4,1,3,18.0,79,3.29,2,1.8249272994757757,12.778487214922173,2.261698926363226,50789.75419132553,11.326181944781949,2.9444389791664403,0.9932517730102833
19,0,2,6,5.1,1.6,1,6.2,2,1,2,21.0,78,3.34,2,1.7031011436641108,10.938123890491681,0.8778301681657564,49067.63473037756,11.862188377883385,3.091042453358316,0.9555114450274363
19,0,2,3,4.6,2.9,1,7.3,3,1,2,5.0,79,3.4,2,1.5907355499331142,14.388618785157242,1.6102145113046793,50789.75419132553,12.526694794914107,1.791759469228055,1.3609765531356006
18,0,2,5,5.4,1.8,1,7.3,3,1,4,12.0,91,3.49,2,1.7656156766986153,14.388618785157242,1.6102145113046793,74486.02575307926,13.567870467191462,2.5649493574615367,1.0296194171811581
17,1,0,3,6.7,1.8,0,6.5,2,1,2,12.0,89,3.32,2,2.003284337102433,11.845587262709715,0.8778301681657564,70135.94297111471,11.645864683908064,2.5649493574615367,1.0296194171811581
20,0,2,4,5.4,0.9,1,7.8,3,1,2,12.0,82,3.08,2,1.7656156766986153,16.066200853784746,1.6102145113046793,56183.26023893996,9.245645848802152,2.5649493574615367,0.6418538861723948
26,0,1,0,8.6,1.4,1,5.7,2,1,2,9.0,73,3.34,2,2.2818354611447473,9.483548899985696,0.8778301681657564,41009.67586813584,11.862188377883385,2.302585092994046,0.8754687373538999
17,1,0,3,6.5,0.8,1,6.2,2,1,4,12.0,76,3.1,2,1.9697262931476014,10.938123890491681,0.8778301681657564,45734.94462371378,9.43220016705984,2.5649493574615367,0.5877866649021191
18,0,2,5,2.6,1.1,1,7.6,3,1,3,1.0,86,3.87,2,0.9806061985963926,15.387190975810833,1.6102145113046793,63917.09875329975,18.58134594461001,0.6931471805599453,0.7419373447293773
20,1,0,0,4.4,2.9,1,6.5,2,0,2,13.0,82,3.26,2,1.5425211917840917,11.845587262709715,0.8778301681657564,56183.26023893996,11.012217184536736,2.6390573296152584,1.3609765531356006
20,0,2,2,4.3,3.0,1,7.0,3,0,0,12.0,83,3.42,2,1.5176311317383155,13.414325353558693,1.6102145113046793,58057.92927986961,12.753425783763895,2.5649493574615367,1.3862943611198906
21,0,2,0,2.0,1.7,1,8.5,4,0,3,9.0,98,4.0,2,0.7062901854968463,18.524790399056656,2.261698926363226,91038.45997193112,20.53818254914221,2.302585092994046,0.9932517730102833
17,0,0,6,4.5,1.1,1,7.0,2,1,3,13.0,76,3.59,2,1.5668817774441797,13.414325353558693,0.8778301681657564,45734.94462371378,14.788739421516853,2.6390573296152584,0.7419373447293773
18,1,2,4,2.5,0.9,1,7.6,3,1,1,10.0,92,3.13,2,0.9393512133898587,15.387190975810833,1.6102145113046793,76723.29848149381,9.716531711647102,2.3978952727983707,0.6418538861723948
20,1,2,6,1.7,0.9,1,9.1,4,1,2,1.0,98,3.89,2,0.5383079872264196,20.73130520980927,2.261698926363226,91038.45997193112,18.87410098953472,0.6931471805599453,0.6418538861723948
18,3,2,4,8.2,2.2,1,6.6,2,1,1,20.0,65,2.92,1,2.228404239984151,12.15375076672696,0.8778301681657564,29949.25362327995,7.837703446786447,3.044522437723423,1.1631508098056809
16,1,0,6,2.2,1.4,0,7.3,4,0,2,7.0,94,3.26,2,0.8054926939148117,14.388618785157242,2.261698926363226,81323.92171042044,11.012217184536736,2.0794415416798357,0.8754687373538999
21,0,2,6,4.0,2.4,0,6.5,3,0,2,18.0,74,3.42,2,1.4395330280586147,11.845587262709715,1.6102145113046793,42548.719285856496,12.753425783763895,2.9444389791664403,1.2237754316221157
23,1,2,4,13.5,1.3,1,3.6,1,0,1,36.0,36,2.66,0,2.7945774971966166,4.2232712500382465,0.0,6046.635364950908,5.854983580710072,3.6109179126442243,0.832909122935104
17,0,0,0,8.5,2.0,1,6.7,1,1,2,14.0,72,3.28,2,2.268701594475235,12.464723049102489,0.0,39506.21991155572,11.220894215246592,2.70805020110221,1.0986122886681098
17,1,0,4,5.6,1.9,1,7.0,3,1,2,13.0,84,2.92,2,1.8054918230589363,13.414325353558693,1.6102145113046793,59971.57105866405,7.837703446786447,2.6390573296152584,1.0647107369924282
17,1,0,0,8.5,2.0,1,6.7,2,1,4,23.0,69,3.49,1,2.268701594475235,12.464723049102489,0.8778301681657564,35205.91224901557,13.567870467191462,3.1780538303479458,1.0986122886681098
16,1,0,3,4.8,1.0,1,6.9,3,0,2,12.0,76,3.32,2,1.6370062359244075,13.095026718981076,1.6102145113046793,45734.94462371378,11.645864683908064,2.5649493574615367,0.6931471805599453
20,0,2,3,5.6,0.0,1,4.8,2,1,4,13.0,82,3.13,2,1.8054918230589363,7.054921429048166,0.8778301681657564,56183.26023893996,9.716531711647102,2.6390573296152584,0.0
18,1,2,4,6.5,2.0,1,7.5,2,1,3,6.0,82,3.88,2,1.9697262931476014,15.05166041856306,0.8778301681657564,56183.26023893996,18.72735011125622,1.9459101490553132,1.0986122886681098
20,1,2,4,12.2,1.9,1,3.9,1,1,1,27.0,53,2.29,0,2.678353554567644,4.885236590833674,0.0,17233.337875033176,3.6266124586079935,3.332204510175204,1.0647107369924282
19,2,0,3,3.2,2.0,0,7.5,3,1,1,7.0,84,3.86,2,1.2004777883442346,15.05166041856306,1.6102145113046793,59971.57105866405,18.436086604872493,2.0794415416798357,1.0986122886681098
25,0,1,4,2.8,0.9,0,8.1,4,1,3,0.0,98,3.66,2,1.0587970088869507,17.104383037428352,2.261698926363226,91038.45997193112,15.684410084705304,0.0,0.6418538861723948
16,0,0,0,3.3,0.5,1,6.6,2,0,2,9.0,81,3.38,2,1.2332726085820729,12.15375076672696,0.8778301681657564,54347.230996866165,12.302588311016644,2.302585092994046,0.4054651081081644
16,1,0,0,2.2,0.7,1,8.2,3,0,1,10.0,91,4.0,2,0.8054926939148117,17.455635531354325,1.6102145113046793,74486.02575307926,20.53818254914221,2.3978952727983707,0.5306282510621704
15,0,0,4,4.4,1.2,1,7.0,2,0,2,12.0,80,3.46,2,1.5425211917840917,13.414325353558693,0.8778301681657564,52549.50742605369,13.21482174546893,2.5649493574615367,0.7884573603642702
17,1,0,6,5.6,1.5,1,7.6,2,0,1,13.0,81,3.53,2,1.8054918230589363,15.387190975810833,0.8778301681657564,54347.230996866165,14.048034731048165,2.6390573296152584,0.9162907318741551
20,0,2,0,4.4,2.4,1,8.1,4,1,2,18.0,92,3.42,2,1.5425211917840917,17.104383037428352,2.261698926363226,76723.29848149381,12.753425783763895,2.9444389791664403,1.2237754316221157
17,2,0,0,6.6,1.9,1,5.1,1,0,3,16.0,78,3.79,2,1.9866255656836118,7.836637933925062,0.0,49067.63473037756,17.43996804213093,2.833213344056216,1.0647107369924282
15,0,0,6,2.7,3.3,1,7.1,4,0,3,7.0,98,3.35,2,1.0203866362587886,13.736367236790857,2.261698926363226,91038.45997193112,11.971316457356032,2.0794415416798357,1.4586150226995167
18,1,2,6,2.7,1.5,1,8.3,4,0,3,0.0,92,3.71,2,1.0203866362587886,17.809462547767687,2.261698926363226,76723.29848149381,16.345293814978213,0.0,0.9162907318741551
18,0,2,0,3.1,1.7,1,6.6,2,0,3,7.0,92,3.37,2,1.1666987907776478,12.15375076672696,0.8778301681657564,76723.29848149381,12.19151453362671,2.0794415416798357,0.9932517730102833
18,1,2,3,11.1,1.2,1,5.0,1,1,3,25.0,45,2.95,1,2.5704644360674704,7.5729175150710875,0.0,11064.678764162616,8.090435723777606,3.258096538021482,0.7884573603642702
18,0,2,2,3.3,1.4,0,6.7,2,0,3,2.0,90,3.5,2,1.2332726085820729,12.464723049102489,0.8778301681657564,72290.34860143652,13.686897116192466,1.0986122886681098,0.8754687373538999
20,0,2,4,4.9,1.6,1,6.3,3,0,1,9.0,89,3.61,2,1.659461753676766,11.237755995802775,1.6102145113046793,70135.94297111471,15.041156949142636,2.302585092994046,0.9555114450274363
21,1,2,0,3.2,1.9,1,7.6,2,0,2,6.0,98,3.69,2,1.2004777883442346,15.387190975810833,0.8778301681657564,91038.45997193112,16.07880955652339,1.9459101490553132,1.0647107369924282
18,0,2,6,6.1,3.7,1,7.0,3,1,4,17.0,86,3.22,2,1.8995739499976299,13.414325353558693,1.6102145113046793,63917.09875329975,10.602403875992923,2.8903717578961645,1.547562508716013
15,2,0,0,4.7,0.4,1,7.8,2,1,2,9.0,79,3.63,2,1.6141037337096489,16.066200853784746,0.8778301681657564,50789.75419132553,15.296357628263685,2.302585092994046,0.33647223662121295
17,1,0,4,2.3,2.9,1,8.2,3,1,2,0.0,98,4.0,2,0.8519347810161471,17.455635531354325,1.6102145113046793,91038.45997193112,20.53818254914221,0.0,1.3609765531356006
18,1,2,0,4.7,1.8,1,6.9,2,1,1,12.0,83,3.46,2,1.6141037337096489,13.095026718981076,0.8778301681657564,58057.92927986961,13.21482174546893,2.5649493574615367,1.0296194171811581
15,0,0,4,6.5,1.5,1,7.0,3,1,2,12.0,85,2.98,2,1.9697262931476014,13.414325353558693,1.6102145113046793,61924.51734422166,8.348306654858234,2.5649493574615367,0.9162907318741551
19,1,0,4,4.1,2.4,1,6.3,3,0,2,8.0,92,3.58,2,1.466163943905982,11.237755995802775,1.6102145113046793,76723.29848149381,14.663569620587477,2.1972245773362196,1.2237754316221157
19,1,2,4,7.1,0.8,1,4.7,1,0,1,17.0,67,3.02,1,2.0676487677416864,6.800697609529523,0.0,32510.60102499727,8.700216465863583,2.8903717578961645,0.5877866649021191
21,0,2,4,2.3,1.9,0,7.0,4,0,4,10.0,85,3.44,2,0.8519347810161471,13.414325353558693,2.261698926363226,61924.51734422166,12.982796395310663,2.3978952727983707,1.0647107369924282
17,0,0,6,7.8,1.7,1,6.0,1,1,2,30.0,67,2.45,1,2.172448159416712,10.347518899102251,0.0,32510.60102499727,4.509729912673228,3.4339872044851463,0.9932517730102833
19,0,2,4,3.1,3.0,1,8.2,4,0,3,16.0,89,3.45,2,1.1666987907776478,17.455635531354325,2.261698926363226,70135.94297111471,13.098476283389891,2.833213344056216,1.3862943611198906
24,1,1,6,2.3,1.2,1,7.6,4,0,2,2.0,98,4.0,2,0.8519347810161471,15.387190975810833,2.261698926363226,91038.45997193112,20.53818254914221,1.0986122886681098,0.7884573603642702
19,0,2,4,5.6,1.2,1,6.9,3,0,1,14.0,81,3.3,2,1.8054918230589363,13.095026718981076,1.6102145113046793,54347.230996866165,11.432105005383404,2.70805020110221,0.7884573603642702
19,0,2,4,2.7,1.1,1,8.0,3,1,2,20.0,95,3.26,2,1.0203866362587886,16.755717770784734,1.6102145113046793,83687.91518516612,11.012217184536736,3.044522437723423,0.7419373447293773
17,1,0,3,3.7,2.0,1,7.0,2,0,1,11.0,79,3.56,2,1.3556845124032513,13.414325353558693,0.8778301681657564,50789.75419132553,14.415298505689877,2.4849066497880004,1.0986122886681098
20,0,2,4,4.1,3.4,0,7.1,3,1,1,19.0,76,3.38,2,1.466163943905982,13.736367236790857,1.6102145113046793,45734.94462371378,12.302588311016644,2.995732273553991,1.4816045409242156
19,1,0,4,3.7,2.7,1,8.0,4,0,2,14.0,97,3.67,2,1.3556845124032513,16.755717770784734,2.261698926363226,88544.86579764642,15.81516883547986,2.70805020110221,1.308332819650179
17,1,0,6,2.3,2.9,1,7.2,3,0,1,12.0,78,3.65,2,0.8519347810161471,14.061136801601103,1.6102145113046793,49067.63473037756,15.554356557932616,2.5649493574615367,1.3609765531356006
18,0,2,3,3.6,2.9,1,6.4,2,0,3,9.0,82,3.74,2,1.3263003819268158,11.540249794535706,0.8778301681657564,56183.26023893996,16.750384849080206,2.302585092994046,1.3609765531356006
21,1,2,4,2.8,1.7,1,8.6,3,1,2,6.0,87,3.44,2,1.0587970088869507,18.886266876241464,1.6102145113046793,65949.64476800284,12.982796395310663,1.9459101490553132,0.9932517730102833
18,1,2,3,4.9,2.4,1,6.7,2,0,2,10.0,86,3.41,2,1.659461753676766,12.464723049102489,0.8778301681657564,63917.09875329975,12.639731281317893,2.3978952727983707,1.2237754316221157
19,0,2,5,6.1,1.7,1,7.6,2,1,2,5.0,80,3.42,2,1.8995739499976299,15.387190975810833,0.8778301681657564,52549.50742605369,12.753425783763895,1.791759469228055,0.9932517730102833
23,0,1,0,6.6,1.7,1,5.9,1,1,3,11.0,78,3.4,2,1.9866255656836118,10.056584152579083,0.0,49067.63473037756,12.526694794914107,2.4849066497880004,0.9932517730102833
16,0,0,2,3.4,2.4,1,8.4,4,1,2,10.0,92,3.4,2,1.2651404807900501,18.16585159714471,2.261698926363226,76723.29848149381,12.526694794914107,2.3978952727983707,1.2237754316221157
15,0,0,4,2.8,3.4,1,6.3,3,0,3,7.0,83,3.58,2,1.0587970088869507,11.237755995802775,1.6102145113046793,58057.92927986961,14.663569620587477,2.0794415416798357,1.4816045409242156
19,0,2,6,3.1,2.3,1,8.1,3,1,1,7.0,96,3.38,2,1.1666987907776478,17.104383037428352,1.6102145113046793,86094.79021322812,12.302588311016644,2.0794415416798357,1.1939224684724346
18,1,2,0,2.3,1.6,1,9.1,5,0,2,8.0,94,4.0,2,0.8519347810161471,20.73130520980927,2.858956583624191,81323.92171042044,20.53818254914221,2.1972245773362196,0.9555114450274363
17,1,0,6,6.8,3.0,1,7.1,2,1,2,8.0,81,2.93,2,2.019709544031315,13.736367236790857,0.8778301681657564,54347.230996866165,7.921379736654888,2.1972245773362196,1.3862943611198906
20,0,2,6,2.7,1.6,1,7.4,4,1,3,0.0,98,4.0,2,1.0203866362587886,14.718798218821261,2.261698926363226,91038.45997193112,20.53818254914221,0.0,0.9555114450274363
16,1,0,4,7.7,2.7,1,6.5,2,1,1,20.0,60,3.84,2,2.158035210576757,11.845587262709715,0.8778301681657564,24113.25572387178,18.147794866724794,3.044522437723423,1.308332819650179
22,2,2,0,5.8,2.4,1,6.8,3,1,1,11.0,74,2.93,2,1.8440428632175376,12.778487214922173,1.6102145113046793,42548.719285856496,7.921379736654888,2.4849066497880004,1.2237754316221157
17,0,0,2,8.3,1.4,1,4.4,1,1,3,8.0,74,2.66,2,2.2419894696219833,6.057450511969028,0.0,42548.719285856496,5.854983580710072,2.1972245773362196,0.8754687373538999
18,1,2,4,5.6,2.3,1,7.6,3,1,1,11.0,91,3.17,2,1.8054918230589363,15.387190975810833,1.6102145113046793,74486.02575307926,10.104120077547,2.4849066497880004,1.1939224684724346
17,1,0,6,4.5,0.9,1,7.9,3,1,2,2.0,94,3.52,2,1.5668817774441797,16.409652657927705,1.6102145113046793,81323.92171042044,13.926977359533225,1.0986122886681098,0.6418538861723948
17,1,0,4,3.7,1.8,1,6.7,2,1,0,13.0,92,3.76,2,1.3556845124032513,12.464723049102489,0.8778301681657564,76723.29848149381,17.024043975850308,2.6390573296152584,1.0296194171811581
17,0,0,0,7.9,2.6,1,5.6,2,1,1,25.0,70,2.79,1,2.186687359322709,9.201489326998276,0.8778301681657564,36604.68597434723,6.80066146105074,3.258096538021482,1.2809338454620642
17,1,0,4,3.8,2.1,1,7.7,2,1,3,4.0,90,4.0,2,1.384326776898207,15.725375748712496,0.8778301681657564,72290.34860143652,20.53818254914221,1.6094379124341003,1.1314021114911006
17,1,0,6,3.9,1.8,1,7.6,3,1,1,11.0,84,3.89,2,1.4122647058505842,15.387190975810833,1.6102145113046793,59971.57105866405,18.87410098953472,2.4849066497880004,1.0296194171811581
15,0,0,0,6.6,0.7,1,7.1,2,1,1,11.0,70,3.46,2,1.9866255656836118,13.736367236790857,0.8778301681657564,36604.68597434723,13.21482174546893,2.4849066497880004,0.5306282510621704
19,1,2,5,5.1,2.6,1,8.2,3,1,2,9.0,87,4.0,2,1.7031011436641108,17.455635531354325,1.6102145113046793,65949.64476800284,20.53818254914221,2.302585092994046,1.2809338454620642
17,0,0,6,5.2,2.3,1,7.4,3,1,1,5.0,86,3.67,2,1.7243171824127188,14.718798218821261,1.6102145113046793,63917.09875329975,15.81516883547986,1.791759469228055,1.1939224684724346
22,0,1,0,3.5,2.6,1,7.1,3,0,0,16.0,87,3.97,2,1.2961337421106984,13.736367236790857,1.6102145113046793,65949.64476800284,20.075215768293244,2.833213344056216,1.2809338454620642
16,0,0,4,4.0,1.0,1,8.6,3,0,0,7.0,96,3.55,2,1.4395330280586147,18.886266876241464,1.6102145113046793,86094.79021322812,14.292193415871623,2.0794415416798357,0.6931471805599453
19,1,2,5,11.7,1.2,1,4.7,1,1,2,24.0,54,2.64,1,2.630504798570763,6.800697609529523,0.0,18128.066722063846,5.7173381789449556,3.2188758248682006,0.7884573603642702
18,0,2,3,5.1,2.0,1,4.4,1,0,0,19.0,86,3.44,2,1.7031011436641108,6.057450511969028,0.0,63917.09875329975,12.982796395310663,2.995732273553991,1.0986122886681098
18,1,2,3,5.0,3.2,0,7.1,1,0,1,7.0,70,3.77,2,1.681487870546516,13.736367236790857,0.0,36604.68597434723,17.161958728612845,2.0794415416798357,1.4350845252893227
18,0,2,4,3.9,0.7,1,5.5,1,1,2,7.0,89,3.33,2,1.4122647058505842,8.92242992355568,0.0,70135.94297111471,11.7537050835968,2.0794415416798357,0.5306282510621704
15,0,0,6,3.0,2.6,1,6.0,3,1,2,5.0,85,3.48,2,1.1318728617817535,10.347518899102251,1.6102145113046793,61924.51734422166,13.449516948333956,1.791759469228055,1.2809338454620642
18,0,2,0,4.4,2.5,1,8.0,5,0,2,12.0,91,3.12,2,1.5425211917840917,16.755717770784734,2.858956583624191,74486.02575307926,9.621151996683725,2.5649493574615367,1.252762968495368
23,0,1,2,4.4,1.8,0,9.1,3,0,3,19.0,87,3.91,2,1.5425211917840917,20.73130520980927,1.6102145113046793,65949.64476800284,19.169850419380406,2.995732273553991,1.0296194171811581
16,1,0,0,3.6,1.8,0,5.0,2,1,3,18.0,71,2.92,1,1.3263003819268158,7.5729175150710875,0.8778301681657564,38038.0056657807,7.837703446786447,2.9444389791664403,1.0296194171811581
18,1,2,6,8.9,1.5,2,5.4,1,1,3,19.0,62,3.16,1,2.320387654485076,8.646392457066119,0.0,26352.188477075142,10.006308774393966,2.995732273553991,0.9162907318741551
18,0,2,0,1.8,1.6,1,7.6,3,0,2,13.0,94,3.99,2,0.5972197629867352,15.387190975810833,1.6102145113046793,81323.92171042044,20.38309347972413,2.6390573296152584,0.9555114450274363
19,1,2,6,3.8,2.0,0,7.5,3,0,4,13.0,83,3.46,2,1.384326776898207,15.05166041856306,1.6102145113046793,58057.92927986961,13.21482174546893,2.6390573296152584,1.0986122886681098
18,1,2,6,2.9,1.4,2,7.0,3,0,3,13.0,90,3.64,2,1.095930983777979,13.414325353558693,1.6102145113046793,72290.34860143652,15.425006368156271,2.6390573296152584,0.8754687373538999
16,1,0,4,4.3,2.2,1,7.0,2,1,3,13.0,92,3.58,2,1.5176311317383155,13.414325353558693,0.8778301681657564,76723.29848149381,14.663569620587477,2.6390573296152584,1.1631508098056809
18,0,2,4,3.6,2.0,1,7.0,2,0,4,8.0,81,3.38,2,1.3263003819268158,13.414325353558693,0.8778301681657564,54347.230996866165,12.302588311016644,2.1972245773362196,1.0986122886681098
22,1,1,0,4.9,2.9,1,7.6,3,0,0,9.0,83,3.26,2,1.659461753676766,15.387190975810833,1.6102145113046793,58057.92927986961,11.012217184536736,2.302585092994046,1.3609765531356006
18,0,0,0,4.6,0.9,1,6.0,2,1,3,27.0,81,3.84,2,1.5907355499331142,10.347518899102251,0.8778301681657564,54347.230996866165,18.147794866724794,3.332204510175204,0.6418538861723948
18,0,0,0,4.6,1.0,1,7.3,3,0,2,12.0,85,3.81,2,1.5907355499331142,14.388618785157242,1.6102145113046793,61924.51734422166,17.720896337416892,2.5649493574615367,0.6931471805599453
24,1,2,4,3.7,1.5,1,7.5,5,1,3,13.0,91,3.17,2,1.3556845124032513,15.05166041856306,2.858956583624191,74486.02575307926,10.104120077547,2.6390573296152584,0.9162907318741551
19,0,2,4,7.9,2.9,1,4.9,2,1,1,24.0,72,2.94,1,2.186687359322709,7.3123368290812865,0.8778301681657564,39506.21991155572,8.005623197120133,3.2188758248682006,1.3609765531356006
18,1,2,4,2.9,2.3,1,7.6,3,0,1,2.0,98,3.63,2,1.095930983777979,15.387190975810833,1.6102145113046793,91038.45997193112,15.296357628263685,1.0986122886681098,1.1939224684724346
18,1,2,4,7.7,0.7,1,6.9,2,1,2,16.0,74,3.46,2,2.158035210576757,13.095026718981076,0.8778301681657564,42548.719285856496,13.21482174546893,2.833213344056216,0.5306282510621704
18,1,2,4,4.4,1.8,1,7.1,3,0,3,15.0,82,3.4,2,1.5425211917840917,13.736367236790857,1.6102145113046793,56183.26023893996,12.526694794914107,2.772588722239781,1.0296194171811581
18,1,2,0,5.1,1.8,1,5.6,2,1,1,19.0,73,3.37,2,1.7031011436641108,9.201489326998276,0.8778301681657564,41009.67586813584,12.19151453362671,2.995732273553991,1.0296194171811581
18,1,2,6,8.7,2.7,1,7.2,3,1,1,26.0,62,2.86,1,2.294825646767686,14.061136801601103,1.6102145113046793,26352.188477075142,7.347450119829864,3.295836866004329,1.308332819650179
18,0,2,0,7.6,1.7,0,5.4,1,1,1,18.0,64,3.12,1,2.1434440944290047,8.646392457066119,0.0,28717.928887801263,9.621151996683725,2.9444389791664403,0.9932517730102833
18,1,2,4,5.6,1.9,1,8.0,2,1,4,12.0,83,3.4,2,1.8054918230589363,16.755717770784734,0.8778301681657564,58057.92927986961,12.526694794914107,2.5649493574615367,1.0647107369924282
16,2,0,6,4.0,2.2,1,5.9,3,1,3,16.0,73,3.41,2,1.4395330280586147,10.056584152579083,1.6102145113046793,41009.67586813584,12.639731281317893,2.833213344056216,1.1631508098056809
21,1,2,3,3.1,2.1,1,6.7,3,1,4,10.0,92,3.18,2,1.1666987907776478,12.464723049102489,1.6102145113046793,76723.29848149381,10.202544009650545,2.3978952727983707,1.1314021114911006
21,1,2,4,4.6,2.9,0,8.3,5,0,3,17.0,82,3.64,2,1.5907355499331142,17.809462547767687,2.858956583624191,56183.26023893996,15.425006368156271,2.8903717578961645,1.3609765531356006
16,1,0,0,1.7,1.9,1,8.2,3,0,4,6.0,98,3.45,2,0.5383079872264196,17.455635531354325,1.6102145113046793,91038.45997193112,13.098476283389891,1.9459101490553132,1.0647107369924282
17,1,0,0,2.5,0.0,1,6.8,3,1,3,4.0,89,3.62,2,0.9393512133898587,12.778487214922173,1.6102145113046793,70135.94297111471,15.168408451034988,1.6094379124341003,0.0
21,1,2,6,1.9,1.8,1,8.8,5,0,2,7.0,98,3.49,2,0.6531132144998397,19.61678552928072,2.858956583624191,91038.45997193112,13.567870467191462,2.0794415416798357,1.0296194171811581
17,0,0,6,4.2,1.1,1,5.8,2,1,2,11.0,80,3.89,2,1.492187365993103,9.76858741311186,0.8778301681657564,52549.50742605369,18.87410098953472,2.4849066497880004,0.7419373447293773
18,1,0,4,3.9,2.3,1,6.1,2,0,0,24.0,81,3.21,2,1.4122647058505842,10.641371908015127,0.8778301681657564,54347.230996866165,10.501510504182985,3.2188758248682006,1.1939224684724346
22,0,1,0,5.7,1.9,1,6.3,2,1,4,16.0,70,3.43,2,1.8249272994757757,11.237755995802775,0.8778301681657564,36604.68597434723,12.867780191912736,2.833213344056216,1.0647107369924282
18,1,2,6,4.4,2.1,1,6.3,2,0,2,14.0,80,3.32,2,1.5425211917840917,11.237755995802775,0.8778301681657564,52549.50742605369,11.645864683908064,2.70805020110221,1.1314021114911006
17,1,0,2,6.9,1.5,1,6.7,1,1,3,16.0,74,3.33,2,2.0359078246346916,12.464723049102489,0.0,42548.719285856496,11.7537050835968,2.833213344056216,0.9162907318741551
17,0,0,0,3.6,1.0,1,8.1,5,0,2,10.0,85,3.42,2,1.3263003819268158,17.104383037428352,2.858956583624191,61924.51734422166,12.753425783763895,2.3978952727983707,0.6931471805599453
18,1,2,4,4.8,2.3,1,6.9,3,0,3,15.0,73,3.69,2,1.6370062359244075,13.095026718981076,1.6102145113046793,41009.67586813584,16.07880955652339,2.772588722239781,1.1939224684724346
23,0,2,0,7.3,1.5,1,6.7,2,1,1,14.0,69,3.09,2,2.09855491776158,12.464723049102489,0.8778301681657564,35205.91224901557,9.338624265751184,2.70805020110221,0.9162907318741551
17,1,0,4,6.4,2.0,1,6.7,3,1,1,19.0,79,3.02,2,1.9525792661508234,12.464723049102489,1.6102145113046793,50789.75419132553,8.700216465863583,2.995732273553991,1.0986122886681098
16,0,0,0,4.3,2.4,0,8.4,4,1,3,13.0,94,3.72,2,1.5176311317383155,18.16585159714471,2.261698926363226,81323.92171042044,16.479606987119947,2.6390573296152584,1.2237754316221157
16,0,0,6,4.2,2.1,1,8.3,4,0,2,12.0,94,3.56,2,1.492187365993103,17.809462547767687,2.261698926363226,81323.92171042044,14.415298505689877,2.5649493574615367,1.1314021114911006
18,1,0,5,5.7,1.2,1,6.7,3,1,2,9.0,80,3.2,2,1.8249272994757757,12.464723049102489,1.6102145113046793,52549.50742605369,10.401237330639699,2.302585092994046,0.7884573603642702
17,0,0,4,6.4,1.8,1,5.6,2,1,2,20.0,73,3.38,2,1.9525792661508234,9.201489326998276,0.8778301681657564,41009.67586813584,12.302588311016644,3.044522437723423,1.0296194171811581
19,1,2,6,3.0,1.6,0,7.7,4,0,2,9.0,96,4.0,2,1.1318728617817535,15.725375748712496,2.261698926363226,86094.79021322812,20.53818254914221,2.302585092994046,0.9555114450274363
18,1,2,4,10.4,1.9,1,4.8,1,0,2,29.0,56,2.37,0,2.4964088339968074,7.054921429048166,0.0,20004.147513716616,4.053425986670669,3.4011973816621555,1.0647107369924282
21,0,2,0,8.1,2.0,1,6.5,2,1,2,21.0,69,2.91,1,2.2146613748949004,11.845587262709715,0.8778301681657564,35205.91224901557,7.7545924317854675,3.091042453358316,1.0986122886681098
19,0,2,0,6.3,1.8,1,6.8,2,1,3,13.0,85,3.08,2,1.9351768949585346,12.778487214922173,0.8778301681657564,61924.51734422166,9.245645848802152,2.6390573296152584,1.0296194171811581
18,0,2,2,2.8,3.1,1,7.3,3,0,3,10.0,98,3.76,2,1.0587970088869507,14.388618785157242,1.6102145113046793,91038.45997193112,17.024043975850308,2.3978952727983707,1.410986973710262
20,1,2,0,4.7,1.5,1,7.5,3,0,2,7.0,93,3.36,2,1.6141037337096489,15.05166041856306,1.6102145113046793,79002.48980321265,12.08109121248574,2.0794415416798357,0.9162907318741551
22,1,1,2,4.6,0.0,1,7.0,3,1,0,12.0,78,3.61,2,1.5907355499331142,13.414325353558693,1.6102145113046793,49067.63473037756,15.041156949142636,2.5649493574615367,0.0
17,0,0,0,4.4,0.9,1,6.0,3,0,3,11.0,86,3.44,2,1.5425211917840917,10.347518899102251,1.6102145113046793,63917.09875329975,12.982796395310663,2.4849066497880004,0.6418538861723948
18,0,2,3,5.4,2.7,1,7.3,3,1,2,2.0,78,3.82,2,1.7656156766986153,14.388618785157242,1.6102145113046793,49067.63473037756,17.862459817003035,1.0986122886681098,1.308332819650179
17,1,0,5,3.5,1.7,1,7.9,4,1,1,18.0,84,3.53,2,1.2961337421106984,16.409652657927705,2.261698926363226,59971.57105866405,14.048034731048165,2.9444389791664403,0.9932517730102833
20,1,2,0,10.1,2.5,1,4.8,1,1,1,25.0,53,2.94,1,2.463216684932441,7.054921429048166,0.0,17233.337875033176,8.005623197120133,3.258096538021482,1.252762968495368
18,1,2,4,2.9,1.7,1,8.0,4,1,2,16.0,68,3.16,2,1.095930983777979,16.755717770784734,2.261698926363226,33841.334443280015,10.006308774393966,2.833213344056216,0.9932517730102833
18,1,2,6,5.1,2.0,1,5.3,1,0,4,18.0,67,3.2,2,1.7031011436641108,8.3733992567368,0.0,32510.60102499727,10.401237330639699,2.9444389791664403,1.0986122886681098
20,1,2,2,3.3,2.3,1,7.9,4,0,4,7.0,91,3.79,2,1.2332726085820729,16.409652657927705,2.261698926363226,74486.02575307926,17.43996804213093,2.0794415416798357,1.1939224684724346
17,0,0,6,2.1,1.7,0,7.7,3,0,2,3.0,98,3.76,2,0.7570090469002981,15.725375748712496,1.6102145113046793,91038.45997193112,17.024043975850308,1.3862943611198906,0.9932517730102833
17,0,0,4,4.8,2.4,1,8.1,3,1,3,11.0,88,3.68,2,1.6370062359244075,17.104383037428352,1.6102145113046793,68022.48375280312,15.946634697155112,2.4849066497880004,1.2237754316221157
18,0,2,4,2.2,2.2,0,8.2,4,0,3,4.0,85,3.56,2,0.8054926939148117,17.455635531354325,2.261698926363226,61924.51734422166,14.415298505689877,1.6094379124341003,1.1631508098056809
20,0,2,4,3.8,1.5,1,6.8,2,0,1,11.0,74,3.31,2,1.384326776898207,12.778487214922173,0.8778301681657564,42548.719285856496,11.53866528811148,2.4849066497880004,0.9162907318741551
19,0,2,6,7.5,2.0,1,6.8,2,0,2,12.0,71,3.37,2,2.1286702202484076,12.778487214922173,0.8778301681657564,38038.0056657807,12.19151453362671,2.5649493574615367,1.0986122886681098
20,1,2,4,5.0,2.3,1,7.2,3,1,4,15.0,98,3.46,2,1.681487870546516,14.061136801601103,1.6102145113046793,91038.45997193112,13.21482174546893,2.772588722239781,1.1939224684724346
21,0,2,4,5.7,1.1,1,4.7,2,1,2,24.0,61,2.61,1,1.8249272994757757,6.800697609529523,0.8778301681657564,25217.052320963478,5.514706361878341,3.2188758248682006,0.7419373447293773
16,0,0,0,4.6,1.3,1,7.2,3,0,3,7.0,82,3.34,2,1.5907355499331142,14.061136801601103,1.6102145113046793,56183.26023893996,11.862188377883385,2.0794415416798357,0.832909122935104
19,1,2,4,6.6,2.4,1,5.9,1,1,1,13.0,82,3.4,2,1.9866255656836118,10.056584152579083,0.0,56183.26023893996,12.526694794914107,2.6390573296152584,1.2237754316221157
21,0,2,6,3.2,1.7,1,7.3,3,1,3,7.0,79,3.82,2,1.2004777883442346,14.388618785157242,1.6102145113046793,50789.75419132553,17.862459817003035,2.0794415416798357,0.9932517730102833
21,0,2,0,10.0,1.4,1,3.8,1,1,1,36.0,34,2.65,0,2.4519451177756233,4.661063699804611,0.0,5179.54991027035,5.78590386095075,3.6109179126442243,0.8754687373538999
20,1,2,3,2.2,2.3,0,8.6,4,1,2,2.0,93,3.33,2,0.8054926939148117,18.886266876241464,2.261698926363226,79002.48980321265,11.7537050835968,1.0986122886681098,1.1939224684724346
18,1,2,0,2.4,2.2,1,7.9,3,0,2,5.0,91,4.0,2,0.8965046417701628,16.409652657927705,1.6102145113046793,74486.02575307926,20.53818254914221,1.791759469228055,1.1631508098056809
19,0,2,6,4.5,1.7,1,6.0,3,0,4,15.0,74,3.23,2,1.5668817774441797,10.347518899102251,1.6102145113046793,42548.719285856496,10.703919338092492,2.772588722239781,0.9932517730102833
22,1,1,4,11.3,0.8,1,5.5,1,1,3,20.0,55,3.04,1,2.5908119746730964,8.92242992355568,0.0,19051.54466123719,8.879669149882293,3.044522437723423,0.5877866649021191
18,0,2,0,6.1,2.2,1,5.9,3,1,1,10.0,79,3.39,2,1.8995739499976299,10.056584152579083,1.6102145113046793,50789.75419132553,12.41431443477717,2.3978952727983707,1.1631508098056809
17,0,0,3,8.3,2.3,1,5.5,1,1,2,12.0,62,2.71,1,2.2419894696219833,8.92242992355568,0.0,26352.188477075142,6.208159224340435,2.5649493574615367,1.1939224684724346
21,2,2,4,4.6,1.5,1,7.1,2,0,3,5.0,95,3.44,2,1.5907355499331142,13.736367236790857,0.8778301681657564,83687.91518516612,12.982796395310663,1.791759469228055,0.9162907318741551
19,0,2,5,6.7,2.2,0,5.5,2,1,3,11.0,73,3.45,2,2.003284337102433,8.92242992355568,0.8778301681657564,41009.67586813584,13.098476283389891,2.4849066497880004,1.1631508098056809
22,1,2,0,4.8,2.7,1,6.1,1,1,0,14.0,86,3.21,2,1.6370062359244075,10.641371908015127,0.0,63917.09875329975,10.501510504182985,2.70805020110221,1.308332819650179
16,0,0,0,4.0,2.0,1,5.8,2,1,3,4.0,87,3.52,2,1.4395330280586147,9.76858741311186,0.8778301681657564,65949.64476800284,13.926977359533225,1.6094379124341003,1.0986122886681098
18,1,2,0,3.8,1.9,1,7.1,3,0,3,3.0,96,3.8,2,1.384326776898207,13.736367236790857,1.6102145113046793,86094.79021322812,17.58006637427118,1.3862943611198906,1.0647107369924282
22,1,2,4,7.5,2.0,1,5.1,2,1,3,15.0,63,3.43,2,2.1286702202484076,7.836637933925062,0.8778301681657564,27519.02697404476,12.867780191912736,2.772588722239781,1.0986122886681098
21,0,2,4,3.8,1.1,1,6.3,2,1,2,9.0,81,3.94,2,1.384326776898207,11.237755995802775,0.8778301681657564,54347.230996866165,19.619122013712897,2.302585092994046,0.7419373447293773
19,0,2,6,9.3,0.4,1,5.1,1,1,2,23.0,62,3.04,1,2.36992126816704,7.836637933925062,0.0,26352.188477075142,8.879669149882293,3.1780538303479458,0.33647223662121295
17,0,0,0,4.8,2.2,0,5.8,1,1,3,8.0,78,3.9,2,1.6370062359244075,9.76858741311186,0.0,49067.63473037756,19.021600464068523,2.1972245773362196,1.1631508098056809
15,1,0,5,4.2,1.2,1,8.0,4,1,4,8.0,87,3.99,2,1.492187365993103,16.755717770784734,2.261698926363226,65949.64476800284,20.38309347972413,2.1972245773362196,0.7884573603642702
17,1,0,0,3.8,1.6,0,6.6,3,1,3,5.0,89,4.0,2,1.384326776898207,12.15375076672696,1.6102145113046793,70135.94297111471,20.53818254914221,1.791759469228055,0.9555114450274363
26,0,1,0,3.9,1.4,0,8.3,3,0,1,9.0,87,3.84,2,1.4122647058505842,17.809462547767687,1.6102145113046793,65949.64476800284,18.147794866724794,2.302585092994046,0.8754687373538999
16,0,0,4,3.7,2.8,1,6.8,3,0,2,5.0,95,3.44,2,1.3556845124032513,12.778487214922173,1.6102145113046793,83687.91518516612,12.982796395310663,1.791759469228055,1.33500106673234
18,0,2,4,4.0,4.0,1,7.7,5,1,4,16.0,84,3.48,2,1.4395330280586147,15.725375748712496,2.858956583624191,59971.57105866405,13.449516948333956,2.833213344056216,1.6094379124341003
19,1,2,3,2.9,2.3,1,7.1,4,1,0,6.0,95,3.94,2,1.095930983777979,13.736367236790857,2.261698926363226,83687.91518516612,19.619122013712897,1.9459101490553132,1.1939224684724346
18,0,2,5,8.8,1.9,1,6.0,1,1,2,14.0,68,2.85,2,2.307675347857402,10.347518899102251,0.0,33841.334443280015,7.267690936157112,2.70805020110221,1.0647107369924282
20,1,2,0,6.1,1.0,1,6.8,1,1,4,17.0,75,3.26,2,1.8995739499976299,12.778487214922173,0.0,44123.69453376821,11.012217184536736,2.8903717578961645,0.6931471805599453
21,1,2,0,2.3,0.6,1,8.1,5,0,3,11.0,98,3.57,2,0.8519347810161471,17.104383037428352,2.858956583624191,91038.45997193112,14.5390899446019,2.4849066497880004,0.4700036292457356
20,0,2,6,5.2,1.7,1,7.0,3,1,4,12.0,85,3.69,2,1.7243171824127188,13.414325353558693,1.6102145113046793,61924.51734422166,16.07880955652339,2.5649493574615367,0.9932517730102833
17,1,0,0,2.9,0.8,1,7.4,3,0,1,5.0,97,3.62,2,1.095930983777979,14.718798218821261,1.6102145113046793,88544.86579764642,15.168408451034988,1.791759469228055,0.5877866649021191
19,1,2,4,6.1,3.1,0,7.6,3,1,2,14.0,83,3.09,2,1.8995739499976299,15.387190975810833,1.6102145113046793,58057.92927986961,9.338624265751184,2.70805020110221,1.410986973710262
17,0,0,3,9.4,0.3,1,4.9,1,1,4,16.0,77,3.42,2,2.381989542783344,7.3123368290812865,0.0,47382.81123366814,12.753425783763895,2.833213344056216,0.262364264467491
20,0,2,4,8.8,1.6,1,4.9,1,0,2,27.0,69,3.1,1,2.307675347857402,7.3123368290812865,0.0,35205.91224901557,9.43220016705984,3.332204510175204,0.9555114450274363
17,0,0,6,4.4,2.6,1,6.2,2,0,2,14.0,88,3.06,2,1.5425211917840917,10.938123890491681,0.8778301681657564,68022.48375280312,9.06147389329403,2.70805020110221,1.2809338454620642
19,0,2,6,7.7,0.6,0,5.0,1,1,3,13.0,76,3.38,2,2.158035210576757,7.5729175150710875,0.0,45734.94462371378,12.302588311016644,2.6390573296152584,0.4700036292457356
15,0,0,3,3.6,0.2,1,5.8,1,0,2,12.0,81,3.43,2,1.3263003819268158,9.76858741311186,0.0,54347.230996866165,12.867780191912736,2.5649493574615367,0.18232155679395465
22,1,1,6,6.9,2.7,1,6.8,1,1,1,15.0,64,3.35,2,2.0359078246346916,12.778487214922173,0.0,28717.928887801263,11.971316457356032,2.772588722239781,1.308332819650179
17,0,0,0,2.7,0.4,1,7.5,3,0,3,0.0,89,4.0,2,1.0203866362587886,15.05166041856306,1.6102145113046793,70135.94297111471,20.53818254914221,0.0,0.33647223662121295
18,0,2,0,4.3,1.3,1,7.8,3,0,2,8.0,86,3.77,2,1.5176311317383155,16.066200853784746,1.6102145113046793,63917.09875329975,17.161958728612845,2.1972245773362196,0.832909122935104
16,1,0,4,4.6,1.4,1,7.5,3,1,2,9.0,78,3.84,2,1.5907355499331142,15.05166041856306,1.6102145113046793,49067.63473037756,18.147794866724794,2.302585092994046,0.8754687373538999
18,1,2,0,1.3,2.5,1,8.1,4,0,0,1.0,98,4.0,2,0.26423266144669216,17.104383037428352,2.261698926363226,91038.45997193112,20.53818254914221,0.6931471805599453,1.252762968495368
17,0,0,4,3.5,2.1,1,6.7,2,1,2,8.0,98,3.74,2,1.2961337421106984,12.464723049102489,0.8778301681657564,91038.45997193112,16.750384849080206,2.1972245773362196,1.1314021114911006
15,1,0,4,4.4,1.8,0,6.1,2,0,3,13.0,79,3.48,2,1.5425211917840917,10.641371908015127,0.8778301681657564,50789.75419132553,13.449516948333956,2.6390573296152584,1.0296194171811581
17,1,0,4,10.9,1.3,1,4.8,1,1,3,28.0,63,2.98,1,2.5497670831418175,7.054921429048166,0.0,27519.02697404476,8.348306654858234,3.367295829986474,0.832909122935104
15,1,0,6,4.3,2.5,1,7.4,2,0,0,12.0,93,3.51,2,1.5176311317383155,14.718798218821261,0.8778301681657564,79002.48980321265,13.806598784091944,2.5649493574615367,1.252762968495368
22,0,1,6,6.7,2.5,1,6.3,2,1,4,18.0,71,3.01,2,2.003284337102433,11.237755995802775,0.8778301681657564,38038.0056657807,8.611367410342837,2.9444389791664403,1.252762968495368
20,1,2,0,4.8,0.7,1,5.9,3,0,3,15.0,74,3.89,2,1.6370062359244075,10.056584152579083,1.6102145113046793,42548.719285856496,18.87410098953472,2.772588722239781,0.5306282510621704
17,0,0,6,5.2,2.0,1,5.7,2,1,3,24.0,79,3.32,2,1.7243171824127188,9.483548899985696,0.8778301681657564,50789.75419132553,11.645864683908064,3.2188758248682006,1.0986122886681098
18,1,2,0,2.1,1.5,1,7.2,4,0,1,5.0,98,3.75,2,0.7570090469002981,14.061136801601103,2.261698926363226,91038.45997193112,16.88685331132323,1.791759469228055,0.9162907318741551
26,1,1,3,5.8,1.9,1,7.2,3,0,3,14.0,85,3.48,2,1.8440428632175376,14.061136801601103,1.6102145113046793,61924.51734422166,13.449516948333956,2.70805020110221,1.0647107369924282
18,0,2,3,5.4,0.9,1,6.6,3,1,0,17.0,72,3.1,2,1.7656156766986153,12.15375076672696,1.6102145113046793,39506.21991155572,9.43220016705984,2.8903717578961645,0.6418538861723948
19,2,2,3,4.2,1.3,1,6.5,2,0,1,18.0,89,3.33,2,1.492187365993103,11.845587262709715,0.8778301681657564,70135.94297111471,11.7537050835968,2.9444389791664403,0.832909122935104
18,0,2,4,6.6,0.7,1,5.8,3,1,2,14.0,73,3.61,2,1.9866255656836118,9.76858741311186,1.6102145113046793,41009.67586813584,15.041156949142636,2.70805020110221,0.5306282510621704
18,0,2,0,3.6,2.1,0,8.0,4,1,2,8.0,86,3.71,2,1.3263003819268158,16.755717770784734,2.261698926363226,63917.09875329975,16.345293814978213,2.1972245773362196,1.1314021114911006
16,0,0,6,8.9,1.5,1,5.0,1,1,3,21.0,54,2.91,1,2.320387654485076,7.5729175150710875,0.0,18128.066722063846,7.7545924317854675,3.091042453358316,0.9162907318741551
17,0,0,4,3.9,1.7,1,8.1,3,0,3,8.0,90,3.96,2,1.4122647058505842,17.104383037428352,1.6102145113046793,72290.34860143652,19.922423358919016,2.1972245773362196,0.9932517730102833
18,0,2,4,3.1,2.8,1,6.9,2,0,2,16.0,82,3.04,2,1.1666987907776478,13.095026718981076,0.8778301681657564,56183.26023893996,8.879669149882293,2.833213344056216,1.33500106673234
18,0,2,0,5.9,1.8,1,6.4,1,1,3,11.0,76,3.41,2,1.8628491617376208,11.540249794535706,0.0,45734.94462371378,12.639731281317893,2.4849066497880004,1.0296194171811581
18,1,2,4,5.7,1.5,0,6.4,2,1,1,18.0,70,2.94,1,1.8249272994757757,11.540249794535706,0.8778301681657564,36604.68597434723,8.005623197120133,2.9444389791664403,0.9162907318741551
20,0,2,6,6.0,0.2,1,5.8,2,0,2,12.0,80,3.5,2,1.8813563150191603,9.76858741311186,0.8778301681657564,52549.50742605369,13.686897116192466,2.5649493574615367,0.18232155679395465
18,0,0,0,5.0,1.5,1,7.9,4,0,1,6.0,88,3.54,2,1.681487870546516,16.409652657927705,2.261698926363226,68022.48375280312,14.169772787057607,1.9459101490553132,0.9162907318741551
18,0,2,6,3.5,2.3,1,6.4,3,0,2,11.0,86,3.47,2,1.2961337421106984,11.540249794535706,1.6102145113046793,63917.09875329975,13.331834670752924,2.4849066497880004,1.1939224684724346
22,0,1,4,5.6,1.1,1,7.7,4,1,4,13.0,82,3.12,2,1.8054918230589363,15.725375748712496,2.261698926363226,56183.26023893996,9.621151996683725,2.6390573296152584,0.7419373447293773
21,0,2,0,6.1,2.4,0,6.4,2,0,2,8.0,79,3.34,2,1.8995739499976299,11.540249794535706,0.8778301681657564,50789.75419132553,11.862188377883385,2.1972245773362196,1.2237754316221157
19,1,0,4,5.8,1.6,1,7.5,2,1,0,20.0,80,2.93,2,1.8440428632175376,15.05166041856306,0.8778301681657564,52549.50742605369,7.921379736654888,3.044522437723423,0.9555114450274363
20,1,2,6,1.6,1.4,0,8.5,4,0,2,3.0,98,3.84,2,0.4760221763172826,18.524790399056656,2.261698926363226,91038.45997193112,18.147794866724794,1.3862943611198906,0.8754687373538999
18,1,2,0,5.9,1.6,0,5.8,3,1,3,23.0,70,3.27,1,1.8628491617376208,9.76858741311186,1.6102145113046793,36604.68597434723,11.116239925597819,3.1780538303479458,0.9555114450274363
16,1,0,4,10.6,3.7,1,4.9,1,1,2,26.0,60,3.46,1,2.5180373974719235,7.3123368290812865,0.0,24113.25572387178,13.21482174546893,3.295836866004329,1.547562508716013
22,3,1,0,1.9,1.9,1,8.8,4,1,3,0.0,98,3.89,2,0.6531132144998397,19.61678552928072,2.261698926363226,91038.45997193112,18.87410098953472,0.0,1.0647107369924282
17,3,0,0,7.6,1.0,0,6.2,1,0,4,26.0,60,3.04,1,2.1434440944290047,10.938123890491681,0.0,24113.25572387178,8.879669149882293,3.295836866004329,0.6931471805599453
21,1,2,0,5.1,2.6,2,5.5,2,0,4,16.0,84,4.0,2,1.7031011436641108,8.92242992355568,0.8778301681657564,59971.57105866405,20.53818254914221,2.833213344056216,1.2809338454620642
20,0,2,4,12.4,1.1,1,3.3,1,0,0,22.0,47,2.57,1,2.696975339309754,3.5935539872760787,0.0,12447.386303522204,5.251611869829937,3.1354942159291497,0.7419373447293773
17,0,0,6,3.8,2.4,0,8.4,3,1,4,14.0,92,3.49,2,1.384326776898207,18.16585159714471,1.6102145113046793,76723.29848149381,13.567870467191462,2.70805020110221,1.2237754316221157
23,1,1,0,12.0,1.2,1,4.8,1,1,3,37.0,48,2.93,0,2.6594407185539746,7.054921429048166,0.0,13177.630667357054,7.921379736654888,3.6375861597263857,0.7884573603642702
17,1,0,3,1.8,2.3,0,5.9,3,1,4,5.0,81,3.31,2,0.5972197629867352,10.056584152579083,1.6102145113046793,54347.230996866165,11.53866528811148,1.791759469228055,1.1939224684724346
15,0,0,6,1.0,1.1,1,8.2,4,1,1,0.0,98,3.64,2,0.0,17.455635531354325,2.261698926363226,91038.45997193112,15.425006368156271,0.0,0.7419373447293773
17,1,0,0,7.2,2.3,1,6.5,2,1,0,17.0,82,3.75,2,2.0832033609937755,11.845587262709715,0.8778301681657564,56183.26023893996,16.88685331132323,2.8903717578961645,1.1939224684724346
16,0,0,6,2.9,1.4,1,7.5,3,0,1,10.0,93,2.98,2,1.095930983777979,15.05166041856306,1.6102145113046793,79002.48980321265,8.348306654858234,2.3978952727983707,0.8754687373538999
18,0,2,0,5.5,2.0,1,6.5,4,1,3,18.0,83,3.59,2,1.7857252215541248,11.845587262709715,2.261698926363226,58057.92927986961,14.788739421516853,2.9444389791664403,1.0986122886681098
19,1,2,0,4.0,1.7,1,7.3,3,0,2,10.0,86,4.0,2,1.4395330280586147,14.388618785157242,1.6102145113046793,63917.09875329975,20.53818254914221,2.3978952727983707,0.9932517730102833
15,1,0,2,2.1,1.4,1,7.1,3,1,3,7.0,89,3.68,2,0.7570090469002981,13.736367236790857,1.6102145113046793,70135.94297111471,15.946634697155112,2.0794415416798357,0.8754687373538999
18,0,2,4,5.1,1.5,1,6.7,3,1,3,18.0,86,3.63,2,1.7031011436641108,12.464723049102489,1.6102145113046793,63917.09875329975,15.296357628263685,2.9444389791664403,0.9162907318741551
20,0,2,2,3.8,0.8,0,6.2,3,1,3,11.0,89,3.46,2,1.384326776898207,10.938123890491681,1.6102145113046793,70135.94297111471,13.21482174546893,2.4849066497880004,0.5877866649021191
20,1,2,4,7.0,1.5,0,5.5,1,1,2,17.0,66,2.89,1,2.0518855355680303,8.92242992355568,0.0,31213.358948090136,7.590058642795928,2.8903717578961645,0.9162907318741551
18,1,0,4,2.5,2.1,1,7.7,3,0,3,6.0,93,3.8,2,0.9393512133898587,15.725375748712496,1.6102145113046793,79002.48980321265,17.58006637427118,1.9459101490553132,1.1314021114911006
18,1,2,3,3.7,1.3,1,6.0,2,0,2,21.0,78,3.9,2,1.3556845124032513,10.347518899102251,0.8778301681657564,49067.63473037756,19.021600464068523,3.091042453358316,0.832909122935104
19,0,2,4,2.3,2.4,1,7.4,3,0,2,0.0,95,3.7,2,0.8519347810161471,14.718798218821261,1.6102145113046793,83687.91518516612,16.211695300270975,0.0,1.2237754316221157
21,1,2,4,1.9,1.9,0,8.4,4,1,3,8.0,97,3.39,2,0.6531132144998397,18.16585159714471,2.261698926363226,88544.86579764642,12.41431443477717,2.1972245773362196,1.0647107369924282
20,0,0,3,2.1,1.2,1,8.0,3,1,2,8.0,96,4.0,2,0.7570090469002981,16.755717770784734,1.6102145113046793,86094.79021322812,20.53818254914221,2.1972245773362196,0.7884573603642702
18,0,2,0,7.7,1.8,1,5.5,1,1,2,23.0,66,3.35,1,2.158035210576757,8.92242992355568,0.0,31213.358948090136,11.971316457356032,3.1780538303479458,1.0296194171811581
17,0,0,5,6.9,1.2,1,6.3,2,0,1,17.0,68,3.41,2,2.0359078246346916,11.237755995802775,0.8778301681657564,33841.334443280015,12.639731281317893,2.8903717578961645,0.7884573603642702
20,1,2,4,2.2,1.4,1,7.1,3,1,3,7.0,78,3.61,2,0.8054926939148117,13.736367236790857,1.6102145113046793,49067.63473037756,15.041156949142636,2.0794415416798357,0.8754687373538999
19,0,2,0,4.9,2.4,0,6.6,3,0,0,16.0,80,3.72,2,1.659461753676766,12.15375076672696,1.6102145113046793,52549.50742605369,16.479606987119947,2.833213344056216,1.2237754316221157
17,0,0,3,6.5,1.5,1,5.1,2,1,2,11.0,69,3.21,2,1.9697262931476014,7.836637933925062,0.8778301681657564,35205.91224901557,10.501510504182985,2.4849066497880004,0.9162907318741551
21,1,2,4,3.1,2.2,1,5.4,3,0,2,10.0,82,3.46,2,1.1666987907776478,8.646392457066119,1.6102145113046793,56183.26023893996,13.21482174546893,2.3978952727983707,1.1631508098056809
17,3,0,0,4.7,1.3,1,7.4,3,0,4,13.0,86,3.86,2,1.6141037337096489,14.718798218821261,1.6102145113046793,63917.09875329975,18.436086604872493,2.6390573296152584,0.832909122935104
20,0,2,4,5.2,1.9,1,6.3,3,1,3,13.0,89,3.63,2,1.7243171824127188,11.237755995802775,1.6102145113046793,70135.94297111471,15.296357628263685,2.6390573296152584,1.0647107369924282
19,1,2,4,5.6,1.5,1,5.3,1,1,2,24.0,68,3.07,1,1.8054918230589363,8.3733992567368,0.0,33841.334443280015,9.153263022572325,3.2188758248682006,0.9162907318741551
19,0,2,4,4.1,1.1,1,8.5,3,0,2,16.0,86,3.52,2,1.466163943905982,18.524790399056656,1.6102145113046793,63917.09875329975,13.926977359533225,2.833213344056216,0.7419373447293773
19,1,2,3,4.4,2.1,0,6.1,2,1,2,20.0,87,3.08,2,1.5425211917840917,10.641371908015127,0.8778301681657564,65949.64476800284,9.245645848802152,3.044522437723423,1.1314021114911006
15,0,0,0,4.8,2.3,1,5.9,3,1,2,14.0,81,2.71,2,1.6370062359244075,10.056584152579083,1.6102145113046793,54347.230996866165,6.208159224340435,2.70805020110221,1.1939224684724346
16,0,0,4,4.1,2.2,1,6.1,2,0,3,16.0,82,3.43,2,1.466163943905982,10.641371908015127,0.8778301681657564,56183.26023893996,12.867780191912736,2.833213344056216,1.1631508098056809
19,1,2,4,9.0,2.7,1,4.7,1,1,2,27.0,63,2.97,1,2.332965554974335,6.800697609529523,0.0,27519.02697404476,8.261775557384002,3.332204510175204,1.308332819650179
17,0,0,3,6.8,1.6,1,5.9,1,0,2,15.0,89,3.73,2,2.019709544031315,10.056584152579083,0.0,70135.94297111471,16.614636703065745,2.772588722239781,0.9555114450274363
26,1,1,2,6.4,1.4,0,4.7,1,1,0,15.0,72,3.9,2,1.9525792661508234,6.800697609529523,0.0,39506.21991155572,19.021600464068523,2.772588722239781,0.8754687373538999
19,0,0,5,3.1,1.9,1,7.9,3,0,1,1.0,98,4.0,2,1.1666987907776478,16.409652657927705,1.6102145113046793,91038.45997193112,20.53818254914221,0.6931471805599453,1.0647107369924282
21,0,2,0,4.8,2.8,0,9.0,3,1,2,14.0,78,3.54,2,1.6370062359244075,20.357314790663057,1.6102145113046793,49067.63473037756,14.169772787057607,2.70805020110221,1.33500106673234
20,1,2,0,4.7,2.2,1,8.0,2,1,3,13.0,87,3.77,2,1.6141037337096489,16.755717770784734,0.8778301681657564,65949.64476800284,17.161958728612845,2.6390573296152584,1.1631508098056809
19,1,2,0,2.7,0.4,1,7.4,1,1,3,9.0,85,3.19,2,1.0203866362587886,14.718798218821261,0.0,61924.51734422166,10.301582463218029,2.302585092994046,0.33647223662121295
21,1,2,3,2.4,1.8,1,7.3,3,0,1,11.0,94,3.57,2,0.8965046417701628,14.388618785157242,1.6102145113046793,81323.92171042044,14.5390899446019,2.4849066497880004,1.0296194171811581
18,0,2,6,2.6,1.3,1,5.7,3,1,4,16.0,84,3.52,2,0.9806061985963926,9.483548899985696,1.6102145113046793,59971.57105866405,13.926977359533225,2.833213344056216,0.832909122935104
18,1,2,4,6.1,2.1,1,6.1,3,1,2,20.0,70,2.86,1,1.8995739499976299,10.641371908015127,1.6102145113046793,36604.68597434723,7.347450119829864,3.044522437723423,1.1314021114911006
20,3,2,2,14.0,2.4,1,3.7,1,1,2,36.0,47,2.99,0,2.8364774847199032,4.4403960165533265,0.0,12447.386303522204,8.435414399576228,3.6109179126442243,1.2237754316221157
18,1,0,3,3.1,2.0,1,6.9,3,0,4,8.0,91,3.85,2,1.1666987907776478,13.095026718981076,1.6102145113046793,74486.02575307926,18.291570207219255,2.1972245773362196,1.0986122886681098
19,1,2,4,11.5,2.0,0,4.7,1,0,3,31.0,58,3.15,1,2.610821648190186,6.800697609529523,0.0,21998.22133107918,9.909108207554391,3.4657359027997265,1.0986122886681098
18,1,2,4,2.0,1.4,1,7.2,3,0,4,8.0,94,3.86,2,0.7062901854968463,14.061136801601103,1.6102145113046793,81323.92171042044,18.436086604872493,2.1972245773362196,0.8754687373538999
22,1,1,4,3.9,1.1,0,7.2,3,0,3,11.0,92,3.56,2,1.4122647058505842,14.061136801601103,1.6102145113046793,76723.29848149381,14.415298505689877,2.4849066497880004,0.7419373447293773
17,0,0,0,3.5,2.6,1,6.6,2,1,3,13.0,86,3.49,2,1.2961337421106984,12.15375076672696,0.8778301681657564,63917.09875329975,13.567870467191462,2.6390573296152584,1.2809338454620642
19,1,2,0,4.5,1.6,1,7.4,5,0,0,7.0,89,3.97,2,1.5668817774441797,14.718798218821261,2.858956583624191,70135.94297111471,20.075215768293244,2.0794415416798357,0.9555114450274363
18,1,2,0,2.6,2.0,2,6.5,3,1,3,10.0,98,3.54,2,0.9806061985963926,11.845587262709715,1.6102145113046793,91038.45997193112,14.169772787057607,2.3978952727983707,1.0986122886681098
19,0,2,5,6.2,0.3,2,8.4,3,0,3,11.0,88,3.51,2,1.9175112322134875,18.16585159714471,1.6102145113046793,68022.48375280312,13.806598784091944,2.4849066497880004,0.262364264467491
19,3,2,0,5.7,1.5,1,6.9,2,1,3,13.0,89,3.12,2,1.8249272994757757,13.095026718981076,0.8778301681657564,70135.94297111471,9.621151996683725,2.6390573296152584,0.9162907318741551
16,0,0,6,7.0,1.6,1,5.3,1,1,2,2.0,74,4.0,2,2.0518855355680303,8.3733992567368,0.0,42548.719285856496,20.53818254914221,1.0986122886681098,0.9555114450274363
20,0,2,0,4.9,1.1,1,7.6,4,0,3,16.0,81,3.44,2,1.659461753676766,15.387190975810833,2.261698926363226,54347.230996866165,12.982796395310663,2.833213344056216,0.7419373447293773
17,1,0,4,10.5,2.4,1,7.4,2,1,2,25.0,75,3.3,1,2.507271830707375,14.718798218821261,0.8778301681657564,44123.69453376821,11.432105005383404,3.258096538021482,1.2237754316221157
21,1,2,0,9.3,2.6,1,5.1,1,1,1,27.0,64,3.42,1,2.36992126816704,7.836637933925062,0.0,28717.928887801263,12.753425783763895,3.332204510175204,1.2809338454620642
18,0,2,4,9.2,1.4,1,5.1,1,1,1,23.0,58,2.97,1,2.3577296084820363,7.836637933925062,0.0,21998.22133107918,8.261775557384002,3.1780538303479458,0.8754687373538999
19,1,2,6,1.6,1.9,1,7.2,3,0,4,10.0,90,3.61,2,0.4760221763172826,14.061136801601103,1.6102145113046793,72290.34860143652,15.041156949142636,2.3978952727983707,1.0647107369924282
21,1,2,0,3.5,1.8,1,7.0,4,1,2,9.0,86,3.53,2,1.2961337421106984,13.414325353558693,2.261698926363226,63917.09875329975,14.048034731048165,2.302585092994046,1.0296194171811581
19,1,2,6,6.3,2.2,1,5.4,2,1,4,18.0,73,3.38,2,1.9351768949585346,8.646392457066119,0.8778301681657564,41009.67586813584,12.302588311016644,2.9444389791664403,1.1631508098056809
20,0,2,0,3.9,2.0,1,5.8,2,1,3,15.0,78,3.16,2,1.4122647058505842,9.76858741311186,0.8778301681657564,49067.63473037756,10.006308774393966,2.772588722239781,1.0986122886681098
19,1,0,4,6.3,2.4,1,7.0,2,1,2,23.0,71,3.52,1,1.9351768949585346,13.414325353558693,0.8778301681657564,38038.0056657807,13.926977359533225,3.1780538303479458,1.2237754316221157
17,1,0,4,3.2,1.3,1,7.7,4,0,3,11.0,89,3.89,2,1.2004777883442346,15.725375748712496,2.261698926363226,70135.94297111471,18.87410098953472,2.4849066497880004,0.832909122935104
20,1,2,2,3.8,2.0,1,6.7,4,1,2,15.0,87,3.37,2,1.384326776898207,12.464723049102489,2.261698926363226,65949.64476800284,12.19151453362671,2.772588722239781,1.0986122886681098
21,1,2,6,7.9,2.2,1,6.0,2,1,2,20.0,79,2.99,2,2.186687359322709,10.347518899102251,0.8778301681657564,50789.75419132553,8.435414399576228,3.044522437723423,1.1631508098056809
20,1,2,3,5.3,0.4,1,7.1,3,0,2,20.0,71,3.78,2,1.7451507197105387,13.736367236790857,1.6102145113046793,38038.0056657807,17.300599455458382,3.044522437723423,0.33647223662121295
15,0,0,0,3.7,2.0,1,6.2,3,1,3,5.0,84,3.68,2,1.3556845124032513,10.938123890491681,1.6102145113046793,59971.57105866405,15.946634697155112,1.791759469228055,1.0986122886681098
19,1,2,4,10.5,1.2,1,4.8,1,1,2,29.0,48,3.28,1,2.507271830707375,7.054921429048166,0.0,13177.630667357054,11.220894215246592,3.4011973816621555,0.7884573603642702
18,1,2,0,5.8,1.9,1,7.2,2,1,1,13.0,81,3.82,2,1.8440428632175376,14.061136801601103,0.8778301681657564,54347.230996866165,17.862459817003035,2.6390573296152584,1.0647107369924282
16,0,0,6,3.9,1.0,1,7.8,3,0,1,3.0,90,3.28,2,1.4122647058505842,16.066200853784746,1.6102145113046793,72290.34860143652,11.220894215246592,1.3862943611198906,0.6931471805599453
16,1,0,0,5.8,2.6,1,6.9,4,0,3,11.0,86,2.89,2,1.8440428632175376,13.095026718981076,2.261698926363226,63917.09875329975,7.590058642795928,2.4849066497880004,1.2809338454620642
20,1,2,2,11.7,2.1,1,4.8,1,1,3,27.0,57,2.84,1,2.630504798570763,7.054921429048166,0.0,20986.249109062494,7.188483753456278,3.332204510175204,1.1314021114911006
19,1,2,4,1.9,1.7,1,7.1,4,0,2,0.0,90,3.9,2,0.6531132144998397,13.736367236790857,2.261698926363226,72290.34860143652,19.021600464068523,0.0,0.9932517730102833
21,0,2,4,6.7,2.1,1,6.3,3,1,4,13.0,81,3.56,2,2.003284337102433,11.237755995802775,1.6102145113046793,54347.230996866165,14.415298505689877,2.6390573296152584,1.1314021114911006
19,1,0,4,5.0,2.1,1,6.5,2,1,3,21.0,74,3.54,2,1.681487870546516,11.845587262709715,0.8778301681657564,42548.719285856496,14.169772787057607,3.091042453358316,1.1314021114911006
17,0,0,0,4.9,2.4,0,6.0,2,0,3,11.0,87,3.36,2,1.659461753676766,10.347518899102251,0.8778301681657564,65949.64476800284,12.08109121248574,2.4849066497880004,1.2237754316221157
18,0,2,2,5.0,1.6,1,6.7,2,1,2,11.0,90,2.96,2,1.681487870546516,12.464723049102489,0.8778301681657564,72290.34860143652,8.175819212089252,2.4849066497880004,0.9555114450274363
19,1,2,4,3.8,0.6,1,7.2,2,0,2,8.0,89,3.11,2,1.384326776898207,14.061136801601103,0.8778301681657564,70135.94297111471,9.52637544624165,2.1972245773362196,0.4700036292457356
20,0,2,0,3.3,2.6,1,8.2,3,0,3,14.0,83,3.73,2,1.2332726085820729,17.455635531354325,1.6102145113046793,58057.92927986961,16.614636703065745,2.70805020110221,1.2809338454620642
18,1,2,6,2.6,2.2,1,8.3,3,0,3,7.0,98,3.74,2,0.9806061985963926,17.809462547767687,1.6102145113046793,91038.45997193112,16.750384849080206,2.0794415416798357,1.1631508098056809
24,0,1,5,6.8,0.0,1,6.4,2,1,0,10.0,82,3.48,2,2.019709544031315,11.540249794535706,0.8778301681657564,56183.26023893996,13.449516948333956,2.3978952727983707,0.0
19,0,2,1,2.1,1.2,1,8.0,3,0,1,2.0,91,3.85,2,0.7570090469002981,16.755717770784734,1.6102145113046793,74486.02575307926,18.291570207219255,1.0986122886681098,0.7884573603642702
15,0,0,4,2.3,1.5,1,7.3,3,1,2,4.0,98,3.88,2,0.8519347810161471,14.388618785157242,1.6102145113046793,91038.45997193112,18.72735011125622,1.6094379124341003,0.9162907318741551
15,0,0,6,4.2,1.7,0,7.2,3,0,2,10.0,84,3.41,2,1.492187365993103,14.061136801601103,1.6102145113046793,59971.57105866405,12.639731281317893,2.3978952727983707,0.9932517730102833
20,0,2,3,4.9,3.3,1,6.4,2,0,3,6.0,77,3.37,2,1.659461753676766,11.540249794535706,0.8778301681657564,47382.81123366814,12.19151453362671,1.9459101490553132,1.4586150226995167
19,0,2,0,6.8,0.7,1,5.8,3,0,2,15.0,75,2.8,2,2.019709544031315,9.76858741311186,1.6102145113046793,44123.69453376821,6.87713709393498,2.772588722239781,0.5306282510621704
20,1,2,4,2.7,1.4,0,7.2,3,1,2,5.0,84,3.49,2,1.0203866362587886,14.061136801601103,1.6102145113046793,59971.57105866405,13.567870467191462,1.791759469228055,0.8754687373538999
21,1,2,4,4.3,1.3,1,8.1,3,0,1,14.0,94,3.46,2,1.5176311317383155,17.104383037428352,1.6102145113046793,81323.92171042044,13.21482174546893,2.70805020110221,0.832909122935104
19,1,2,3,2.7,1.8,1,7.3,4,0,3,10.0,85,3.85,2,1.0203866362587886,14.388618785157242,2.261698926363226,61924.51734422166,18.291570207219255,2.3978952727983707,1.0296194171811581
19,1,2,4,1.4,0.5,0,6.9,4,1,2,7.0,96,3.4,2,0.3395493214925278,13.095026718981076,2.261698926363226,86094.79021322812,12.526694794914107,2.0794415416798357,0.4054651081081644
17,0,0,4,3.7,2.0,1,8.1,3,0,1,8.0,98,3.49,2,1.3556845124032513,17.104383037428352,1.6102145113046793,91038.45997193112,13.567870467191462,2.1972245773362196,1.0986122886681098
19,0,2,4,3.9,3.6,2,7.4,3,0,3,12.0,81,3.51,2,1.4122647058505842,14.718798218821261,1.6102145113046793,54347.230996866165,13.806598784091944,2.5649493574615367,1.5260563034950492
21,1,2,4,3.4,1.9,1,7.2,3,0,4,0.0,80,3.36,2,1.2651404807900501,14.061136801601103,1.6102145113046793,52549.50742605369,12.08109121248574,0.0,1.0647107369924282
20,0,2,6,4.5,1.0,1,7.0,3,1,0,16.0,90,3.56,2,1.5668817774441797,13.414325353558693,1.6102145113046793,72290.34860143652,14.415298505689877,2.833213344056216,0.6931471805599453
16,0,0,5,4.9,1.2,1,6.7,2,0,2,10.0,86,4.0,2,1.659461753676766,12.464723049102489,0.8778301681657564,63917.09875329975,20.53818254914221,2.3978952727983707,0.7884573603642702
21,0,2,0,8.0,2.0,1,5.8,2,1,3,19.0,60,2.71,1,2.2007570648755084,9.76858741311186,0.8778301681657564,24113.25572387178,6.208159224340435,2.995732273553991,1.0986122886681098
18,0,2,6,11.2,2.5,1,6.0,1,0,3,29.0,65,2.48,1,2.5806811705994916,10.347518899102251,0.0,29949.25362327995,4.688645799522572,3.4011973816621555,1.252762968495368
19,0,2,0,2.8,2.7,1,6.4,3,0,2,13.0,90,3.73,2,1.0587970088869507,11.540249794535706,1.6102145113046793,72290.34860143652,16.614636703065745,2.6390573296152584,1.308332819650179
21,1,2,4,3.1,1.5,1,8.9,4,1,1,7.0,98,4.0,2,1.1666987907776478,19.985804516313625,2.261698926363226,91038.45997193112,20.53818254914221,2.0794415416798357,0.9162907318741551
22,1,1,5,4.5,0.9,0,7.5,3,0,2,21.0,80,3.2,2,1.5668817774441797,15.05166041856306,1.6102145113046793,52549.50742605369,10.401237330639699,3.091042453358316,0.6418538861723948
20,1,2,4,14.0,2.2,1,4.4,1,0,2,24.0,45,2.83,1,2.8364774847199032,6.057450511969028,0.0,11064.678764162616,7.10982667490936,3.2188758248682006,1.1631508098056809
16,0,0,4,7.1,1.7,0,7.2,2,1,1,11.0,66,3.54,2,2.0676487677416864,14.061136801601103,0.8778301681657564,31213.358948090136,14.169772787057607,2.4849066497880004,0.9932517730102833
17,0,0,4,5.2,1.1,1,7.6,3,1,4,14.0,82,3.37,2,1.7243171824127188,15.387190975810833,1.6102145113046793,56183.26023893996,12.19151453362671,2.70805020110221,0.7419373447293773
18,1,2,6,5.0,2.8,1,6.9,2,0,2,16.0,72,3.64,2,1.681487870546516,13.095026718981076,0.8778301681657564,39506.21991155572,15.425006368156271,2.833213344056216,1.33500106673234
18,2,2,2,9.5,2.0,1,4.1,1,1,2,26.0,60,2.7,1,2.3939369739111944,5.343953906546689,0.0,24113.25572387178,6.136480825750305,3.295836866004329,1.0986122886681098
18,0,2,4,3.2,1.5,1,7.2,4,1,0,7.0,80,3.79,2,1.2004777883442346,14.061136801601103,2.261698926363226,52549.50742605369,17.43996804213093,2.0794415416798357,0.9162907318741551
17,1,0,5,7.2,1.8,1,5.9,2,1,1,17.0,74,3.41,2,2.0832033609937755,10.056584152579083,0.8778301681657564,42548.719285856496,12.639731281317893,2.8903717578961645,1.0296194171811581
20,1,2,6,2.4,2.6,1,9.2,4,1,3,0.0,98,3.62,2,0.8965046417701628,21.107764803377655,2.261698926363226,91038.45997193112,15.168408451034988,0.0,1.2809338454620642
18,0,2,0,3.5,2.9,1,6.9,2,1,2,10.0,85,3.26,2,1.2961337421106984,13.095026718981076,0.8778301681657564,61924.51734422166,11.012217184536736,2.3978952727983707,1.3609765531356006
19,1,0,6,4.4,2.0,1,7.2,3,0,3,8.0,98,3.46,2,1.5425211917840917,14.061136801601103,1.6102145113046793,91038.45997193112,13.21482174546893,2.1972245773362196,1.0986122886681098
19,3,2,4,1.8,2.1,1,8.9,4,0,3,0.0,98,4.0,2,0.5972197629867352,19.985804516313625,2.261698926363226,91038.45997193112,20.53818254914221,0.0,1.1314021114911006
19,1,2,0,6.8,2.3,1,6.0,1,0,2,18.0,80,3.14,2,2.019709544031315,10.347518899102251,0.0,52549.50742605369,9.81251648426725,2.9444389791664403,1.1939224684724346
16,1,0,0,5.5,2.7,1,6.3,2,1,3,19.0,63,3.63,2,1.7857252215541248,11.237755995802775,0.8778301681657564,27519.02697404476,15.296357628263685,2.995732273553991,1.308332819650179
18,1,2,1,3.9,2.8,1,8.3,3,0,4,3.0,93,3.65,2,1.4122647058505842,17.809462547767687,1.6102145113046793,79002.48980321265,15.554356557932616,1.3862943611198906,1.33500106673234
21,0,2,6,1.2,1.7,1,6.1,3,0,3,8.0,83,3.91,2,0.1832225230267353,10.641371908015127,1.6102145113046793,58057.92927986961,19.169850419380406,2.1972245773362196,0.9932517730102833
18,1,2,1,5.9,2.1,1,6.8,3,1,2,15.0,77,3.47,2,1.8628491617376208,12.778487214922173,1.6102145113046793,47382.81123366814,13.331834670752924,2.772588722239781,1.1314021114911006
18,0,2,4,1.6,1.2,1,8.2,4,0,2,12.0,85,3.74,2,0.4760221763172826,17.455635531354325,2.261698926363226,61924.51734422166,16.750384849080206,2.5649493574615367,0.7884573603642702
15,1,0,0,2.8,1.6,0,6.2,2,1,0,8.0,93,4.0,2,1.0587970088869507,10.938123890491681,0.8778301681657564,79002.48980321265,20.53818254914221,2.1972245773362196,0.9555114450274363
20,1,2,3,3.9,2.4,1,6.3,2,1,1,15.0,81,3.56,2,1.4122647058505842,11.237755995802775,0.8778301681657564,54347.230996866165,14.415298505689877,2.772588722239781,1.2237754316221157
18,0,2,4,3.5,1.6,1,7.4,3,1,3,18.0,79,3.94,2,1.2961337421106984,14.718798218821261,1.6102145113046793,50789.75419132553,19.619122013712897,2.9444389791664403,0.9555114450274363
15,1,0,6,14.0,2.4,1,3.0,1,1,0,26.0,51,2.11,0,2.8364774847199032,2.997232442083743,0.0,15528.613925862097,2.7690539274821884,3.295836866004329,1.2237754316221157
18,0,2,0,3.5,1.8,0,6.4,3,0,3,8.0,89,3.6,2,1.2961337421106984,11.540249794535706,1.6102145113046793,70135.94297111471,14.914601235151155,2.1972245773362196,1.0296194171811581
18,0,2,0,9.2,1.4,1,5.2,1,1,3,24.0,68,2.63,1,2.3577296084820363,8.103473238889842,0.0,33841.334443280015,5.6492846350101855,3.2188758248682006,0.8754687373538999
19,1,2,4,3.2,0.9,1,7.2,3,1,3,9.0,92,3.83,2,1.2004777883442346,14.061136801601103,1.6102145113046793,76723.29848149381,18.00475869836222,2.302585092994046,0.6418538861723948
16,1,0,0,3.2,1.8,0,7.9,4,1,2,9.0,94,3.76,2,1.2004777883442346,16.409652657927705,2.261698926363226,81323.92171042044,17.024043975850308,2.302585092994046,1.0296194171811581
17,1,0,0,9.5,1.9,1,4.5,1,1,3,25.0,62,2.54,1,2.3939369739111944,6.301933826278156,0.0,26352.188477075142,5.059535430978976,3.258096538021482,1.0647107369924282
20,1,2,5,7.0,2.3,1,7.4,2,1,2,15.0,74,3.49,2,2.0518855355680303,14.718798218821261,0.8778301681657564,42548.719285856496,13.567870467191462,2.772588722239781,1.1939224684724346
18,1,2,0,2.2,1.8,1,7.6,5,0,3,8.0,89,4.0,2,0.8054926939148117,15.387190975810833,2.858956583624191,70135.94297111471,20.53818254914221,2.1972245773362196,1.0296194171811581
17,0,0,6,8.9,2.4,1,5.1,1,1,2,18.0,70,3.15,2,2.320387654485076,7.836637933925062,0.0,36604.68597434723,9.909108207554391,2.9444389791664403,1.2237754316221157
21,0,2,5,6.9,1.0,0,6.3,1,1,3,18.0,74,3.22,2,2.0359078246346916,11.237755995802775,0.0,42548.719285856496,10.602403875992923,2.9444389791664403,0.6931471805599453
22,1,1,0,11.5,0.9,0,4.0,1,1,3,33.0,51,2.7,0,2.610821648190186,5.112878346441948,0.0,15528.613925862097,6.136480825750305,3.5263605246161616,0.6418538861723948
18,1,2,2,7.7,0.6,1,4.8,1,0,0,29.0,65,2.58,1,2.158035210576757,7.054921429048166,0.0,29949.25362327995,5.3166324870540365,3.4011973816621555,0.4700036292457356
21,0,2,4,6.0,2.4,1,6.1,2,1,2,20.0,83,3.34,2,1.8813563150191603,10.641371908015127,0.8778301681657564,58057.92927986961,11.862188377883385,3.044522437723423,1.2237754316221157
15,0,0,0,7.4,1.6,1,4.8,1,1,2,20.0,68,2.86,1,2.113708815832555,7.054921429048166,0.0,33841.334443280015,7.347450119829864,3.044522437723423,0.9555114450274363
17,1,0,4,2.9,1.8,1,6.8,3,1,1,13.0,91,3.2,2,1.095930983777979,12.778487214922173,1.6102145113046793,74486.02575307926,10.401237330639699,2.6390573296152584,1.0296194171811581
16,3,0,0,3.1,0.9,1,6.6,2,0,2,9.0,80,3.45,2,1.1666987907776478,12.15375076672696,0.8778301681657564,52549.50742605369,13.098476283389891,2.302585092994046,0.6418538861723948
18,1,0,0,9.5,1.7,2,6.1,2,1,2,15.0,75,3.13,2,2.3939369739111944,10.641371908015127,0.8778301681657564,44123.69453376821,9.716531711647102,2.772588722239781,0.9932517730102833
19,1,2,6,5.3,0.8,1,6.2,3,1,1,20.0,77,3.26,2,1.7451507197105387,10.938123890491681,1.6102145113046793,47382.81123366814,11.012217184536736,3.044522437723423,0.5877866649021191
17,1,0,0,10.0,1.6,1,4.8,1,1,2,21.0,57,3.15,1,2.4519451177756233,7.054921429048166,0.0,20986.249109062494,9.909108207554391,3.091042453358316,0.9555114450274363
19,1,2,0,4.2,1.0,1,6.6,3,0,3,8.0,73,3.45,2,1.492187365993103,12.15375076672696,1.6102145113046793,41009.67586813584,13.098476283389891,2.1972245773362196,0.6931471805599453
15,0,0,6,2.5,1.6,1,6.0,2,1,3,14.0,85,3.89,2,0.9393512133898587,10.347518899102251,0.8778301681657564,61924.51734422166,18.87410098953472,2.70805020110221,0.9555114450274363
17,1,0,1,4.5,0.6,1,7.2,3,1,2,18.0,88,3.59,2,1.5668817774441797,14.061136801601103,1.6102145113046793,68022.48375280312,14.788739421516853,2.9444389791664403,0.4700036292457356
18,1,2,4,8.3,3.0,1,5.6,2,0,1,22.0,69,3.31,1,2.2419894696219833,9.201489326998276,0.8778301681657564,35205.91224901557,11.53866528811148,3.1354942159291497,1.3862943611198906
17,1,0,4,4.2,1.1,1,7.9,5,0,2,9.0,90,4.0,2,1.492187365993103,16.409652657927705,2.858956583624191,72290.34860143652,20.53818254914221,2.302585092994046,0.7419373447293773
20,1,2,0,3.7,1.3,0,7.2,4,1,1,11.0,93,3.7,2,1.3556845124032513,14.061136801601103,2.261698926363226,79002.48980321265,16.211695300270975,2.4849066497880004,0.832909122935104
22,0,1,1,3.8,2.3,0,7.2,3,0,3,15.0,77,3.76,2,1.384326776898207,14.061136801601103,1.6102145113046793,47382.81123366814,17.024043975850308,2.772588722239781,1.1939224684724346
21,0,2,3,4.1,0.8,1,6.4,3,0,3,6.0,74,3.39,2,1.466163943905982,11.540249794535706,1.6102145113046793,42548.719285856496,12.41431443477717,1.9459101490553132,0.5877866649021191
16,1,0,0,10.3,1.7,1,4.1,1,1,2,20.0,52,2.36,1,2.4854465759314417,5.343953906546689,0.0,16366.980259579506,3.998481532036045,3.044522437723423,0.9932517730102833
21,0,2,6,5.2,2.3,1,6.1,2,1,1,16.0,72,3.4,2,1.7243171824127188,10.641371908015127,0.8778301681657564,39506.21991155572,12.526694794914107,2.833213344056216,1.1939224684724346
19,0,2,5,8.0,2.0,1,5.9,1,1,2,16.0,68,3.29,2,2.2007570648755084,10.056584152579083,0.0,33841.334443280015,11.326181944781949,2.833213344056216,1.0986122886681098
17,0,0,4,2.5,1.2,1,7.2,3,0,2,2.0,98,3.9,2,0.9393512133898587,14.061136801601103,1.6102145113046793,91038.45997193112,19.021600464068523,1.0986122886681098,0.7884573603642702
26,0,1,4,1.1,1.5,1,8.3,4,1,3,4.0,94,4.0,2,0.09555600683054044,17.809462547767687,2.261698926363226,81323.92171042044,20.53818254914221,1.6094379124341003,0.9162907318741551
19,1,2,3,4.8,2.5,0,7.0,2,1,3,9.0,86,3.66,2,1.6370062359244075,13.414325353558693,0.8778301681657564,63917.09875329975,15.684410084705304,2.302585092994046,1.252762968495368
20,1,2,0,12.8,1.4,1,3.4,1,1,2,35.0,39,2.47,0,2.7333816003838423,3.799808682923572,0.0,7510.13604153053,4.628527984535003,3.58351893845611,0.8754687373538999
19,0,2,6,11.3,1.1,1,4.0,1,0,2,20.0,58,2.98,1,2.5908119746730964,5.112878346441948,0.0,21998.22133107918,8.348306654858234,3.044522437723423,0.7419373447293773
19,0,2,0,5.7,1.7,1,6.6,2,1,2,16.0,89,3.46,2,1.8249272994757757,12.15375076672696,0.8778301681657564,70135.94297111471,13.21482174546893,2.833213344056216,0.9932517730102833
20,0,2,0,8.1,2.0,1,5.1,1,1,2,15.0,66,3.2,2,2.2146613748949004,7.836637933925062,0.0,31213.358948090136,10.401237330639699,2.772588722239781,1.0986122886681098
17,1,0,0,3.3,1.6,1,7.4,3,0,3,16.0,86,3.6,2,1.2332726085820729,14.718798218821261,1.6102145113046793,63917.09875329975,14.914601235151155,2.833213344056216,0.9555114450274363
15,0,0,4,3.1,1.8,1,7.1,3,0,2,1.0,96,3.08,2,1.1666987907776478,13.736367236790857,1.6102145113046793,86094.79021322812,9.245645848802152,0.6931471805599453,1.0296194171811581
18,1,2,0,6.2,2.8,1,6.4,3,1,4,11.0,87,3.1,2,1.9175112322134875,11.540249794535706,1.6102145113046793,65949.64476800284,9.43220016705984,2.4849066497880004,1.33500106673234
17,0,0,4,4.7,1.8,1,6.2,2,1,2,9.0,86,4.0,2,1.6141037337096489,10.938123890491681,0.8778301681657564,63917.09875329975,20.53818254914221,2.302585092994046,1.0296194171811581
16,1,0,4,3.3,1.8,0,6.8,2,0,2,17.0,87,3.39,2,1.2332726085820729,12.778487214922173,0.8778301681657564,65949.64476800284,12.41431443477717,2.8903717578961645,1.0296194171811581
18,1,2,4,5.1,1.1,1,6.7,2,1,3,13.0,73,3.16,2,1.7031011436641108,12.464723049102489,0.8778301681657564,41009.67586813584,10.006308774393966,2.6390573296152584,0.7419373447293773
17,1,0,0,7.9,1.5,0,5.2,1,0,3,28.0,60,3.45,1,2.186687359322709,8.103473238889842,0.0,24113.25572387178,13.098476283389891,3.367295829986474,0.9162907318741551
18,0,2,6,7.4,1.6,1,6.5,3,1,0,22.0,73,4.0,2,2.113708815832555,11.845587262709715,1.6102145113046793,41009.67586813584,20.53818254914221,3.1354942159291497,0.9555114450274363
18,1,2,5,4.0,2.0,1,7.6,4,0,4,1.0,92,3.93,2,1.4395330280586147,15.387190975810833,2.261698926363226,76723.29848149381,19.4686093099294,0.6931471805599453,1.0986122886681098
18,0,2,0,1.3,1.9,1,10.5,5,1,4,5.0,98,3.8,2,0.26423266144669216,26.2217301863733,2.858956583624191,91038.45997193112,17.58006637427118,1.791759469228055,1.0647107369924282
18,0,0,4,5.6,1.2,1,7.6,3,1,1,17.0,81,3.8,2,1.8054918230589363,15.387190975810833,1.6102145113046793,54347.230996866165,17.58006637427118,2.8903717578961645,0.7884573603642702
19,0,2,2,2.9,2.9,1,8.0,5,1,1,7.0,98,3.64,2,1.095930983777979,16.755717770784734,2.858956583624191,91038.45997193112,15.425006368156271,2.0794415416798357,1.3609765531356006
15,0,0,6,3.0,1.3,1,6.1,2,1,3,9.0,72,3.24,2,1.1318728617817535,10.641371908015127,0.8778301681657564,39506.21991155572,10.806058782383067,2.302585092994046,0.832909122935104
20,0,2,3,8.7,2.1,1,4.9,1,1,3,13.0,66,3.0,2,2.294825646767686,7.3123368290812865,0.0,31213.358948090136,8.52310068647062,2.6390573296152584,1.1314021114911006
15,0,0,4,4.8,2.3,1,7.7,2,1,2,10.0,79,2.96,2,1.6370062359244075,15.725375748712496,0.8778301681657564,50789.75419132553,8.175819212089252,2.3978952727983707,1.1939224684724346
16,0,0,5,4.7,1.1,1,8.2,2,0,3,4.0,92,3.32,2,1.6141037337096489,17.455635531354325,0.8778301681657564,76723.29848149381,11.645864683908064,1.6094379124341003,0.7419373447293773
19,0,2,0,4.0,1.6,1,7.2,2,0,3,1.0,85,3.62,2,1.4395330280586147,14.061136801601103,0.8778301681657564,61924.51734422166,15.168408451034988,0.6931471805599453,0.9555114450274363
21,1,2,5,5.2,0.8,1,7.4,2,1,4,12.0,73,3.71,2,1.7243171824127188,14.718798218821261,0.8778301681657564,41009.67586813584,16.345293814978213,2.5649493574615367,0.5877866649021191
24,1,1,0,9.1,3.1,1,5.4,1,1,3,20.0,70,3.41,2,2.345411940339193,8.646392457066119,0.0,36604.68597434723,12.639731281317893,3.044522437723423,1.410986973710262
25,0,1,0,6.8,1.5,1,7.9,3,1,4,12.0,83,3.75,2,2.019709544031315,16.409652657927705,1.6102145113046793,58057.92927986961,16.88685331132323,2.5649493574615367,0.9162907318741551
19,1,2,3,5.1,1.6,1,8.1,3,1,2,14.0,90,3.06,2,1.7031011436641108,17.104383037428352,1.6102145113046793,72290.34860143652,9.06147389329403,2.70805020110221,0.9555114450274363
20,1,2,6,9.4,2.0,0,6.3,1,1,2,20.0,70,2.39,1,2.381989542783344,11.237755995802775,0.0,36604.68597434723,4.164699164884756,3.044522437723423,1.0986122886681098
21,1,2,4,8.4,0.4,1,6.3,2,1,3,22.0,63,3.05,1,2.2554207388342977,11.237755995802775,0.8778301681657564,27519.02697404476,8.970276567071865,3.1354942159291497,0.33647223662121295
20,0,2,3,3.9,0.6,1,8.5,4,1,1,13.0,92,4.0,2,1.4122647058505842,18.524790399056656,2.261698926363226,76723.29848149381,20.53818254914221,2.6390573296152584,0.4700036292457356
19,0,2,4,3.4,0.7,1,7.4,4,0,1,4.0,86,3.84,2,1.2651404807900501,14.718798218821261,2.261698926363226,63917.09875329975,18.147794866724794,1.6094379124341003,0.5306282510621704
20,1,2,0,2.7,0.8,1,6.5,4,0,2,9.0,93,3.27,2,1.0203866362587886,11.845587262709715,2.261698926363226,79002.48980321265,11.116239925597819,2.302585092994046,0.5877866649021191
19,1,2,0,7.2,0.0,1,6.3,2,1,3,17.0,78,2.93,2,2.0832033609937755,11.237755995802775,0.8778301681657564,49067.63473037756,7.921379736654888,2.8903717578961645,0.0
19,0,2,3,4.6,0.7,1,6.4,2,0,3,19.0,72,2.99,1,1.5907355499331142,11.540249794535706,0.8778301681657564,39506.21991155572,8.435414399576228,2.995732273553991,0.5306282510621704
19,0,2,6,5.4,1.4,1,7.1,3,0,2,17.0,77,3.63,2,1.7656156766986153,13.736367236790857,1.6102145113046793,47382.81123366814,15.296357628263685,2.8903717578961645,0.8754687373538999
22,1,1,6,5.7,2.7,1,5.4,1,0,3,15.0,86,3.36,2,1.8249272994757757,8.646392457066119,0.0,63917.09875329975,12.08109121248574,2.772588722239781,1.308332819650179
19,1,2,0,2.8,1.1,1,7.7,4,0,1,5.0,86,3.64,2,1.0587970088869507,15.725375748712496,2.261698926363226,63917.09875329975,15.425006368156271,1.791759469228055,0.7419373447293773
18,1,2,0,3.3,1.7,1,7.4,4,0,2,7.0,77,3.14,2,1.2332726085820729,14.718798218821261,2.261698926363226,47382.81123366814,9.81251648426725,2.0794415416798357,0.9932517730102833
17,0,0,2,5.2,0.7,1,7.4,2,1,3,10.0,93,3.67,2,1.7243171824127188,14.718798218821261,0.8778301681657564,79002.48980321265,15.81516883547986,2.3978952727983707,0.5306282510621704
19,1,2,6,3.7,1.8,1,7.6,4,1,4,9.0,82,3.85,2,1.3556845124032513,15.387190975810833,2.261698926363226,56183.26023893996,18.291570207219255,2.302585092994046,1.0296194171811581
17,1,0,0,4.0,2.2,1,7.6,2,1,4,9.0,87,3.6,2,1.4395330280586147,15.387190975810833,0.8778301681657564,65949.64476800284,14.914601235151155,2.302585092994046,1.1631508098056809
16,0,0,0,10.0,0.6,1,6.1,1,0,4,17.0,64,3.15,1,2.4519451177756233,10.641371908015127,0.0,28717.928887801263,9.909108207554391,2.8903717578961645,0.4700036292457356
22,0,1,5,2.8,0.0,1,7.9,4,1,2,5.0,94,3.17,2,1.0587970088869507,16.409652657927705,2.261698926363226,81323.92171042044,10.104120077547,1.791759469228055,0.0
21,1,2,4,1.9,2.9,1,7.4,3,0,2,7.0,97,3.93,2,0.6531132144998397,14.718798218821261,1.6102145113046793,88544.86579764642,19.4686093099294,2.0794415416798357,1.3609765531356006
20,0,0,4,5.1,2.5,0,7.8,3,1,2,10.0,84,3.16,2,1.7031011436641108,16.066200853784746,1.6102145113046793,59971.57105866405,10.006308774393966,2.3978952727983707,1.252762968495368
19,0,2,3,5.2,2.0,1,8.4,3,1,3,3.0,89,3.29,2,1.7243171824127188,18.16585159714471,1.6102145113046793,70135.94297111471,11.326181944781949,1.3862943611198906,1.0986122886681098
19,1,0,4,3.9,0.0,1,5.2,2,1,3,15.0,69,3.55,2,1.4122647058505842,8.103473238889842,0.8778301681657564,35205.91224901557,14.292193415871623,2.772588722239781,0.0
18,1,2,0,11.1,1.4,0,5.8,1,1,4,16.0,82,3.29,2,2.5704644360674704,9.76858741311186,0.0,56183.26023893996,11.326181944781949,2.833213344056216,0.8754687373538999
20,0,2,6,5.7,0.7,1,5.4,2,1,2,16.0,74,3.07,2,1.8249272994757757,8.646392457066119,0.8778301681657564,42548.719285856496,9.153263022572325,2.833213344056216,0.5306282510621704
20,0,2,0,3.8,1.8,1,7.4,3,0,1,11.0,92,3.7,2,1.384326776898207,14.718798218821261,1.6102145113046793,76723.29848149381,16.211695300270975,2.4849066497880004,1.0296194171811581
19,1,2,4,6.9,0.9,1,5.9,2,0,3,30.0,59,3.28,1,2.0359078246346916,10.056584152579083,0.8778301681657564,23040.434161822523,11.220894215246592,3.4339872044851463,0.6418538861723948
21,0,2,4,11.9,1.1,1,3.0,1,1,3,40.0,51,2.08,0,2.6498722011265934,2.997232442083743,0.0,15528.613925862097,2.6393815863439882,3.713572066704308,0.7419373447293773
19,1,2,0,3.5,2.7,1,7.4,2,0,1,14.0,82,3.58,2,1.2961337421106984,14.718798218821261,0.8778301681657564,56183.26023893996,14.663569620587477,2.70805020110221,1.308332819650179
19,0,2,5,5.3,1.3,1,5.8,1,1,3,17.0,89,3.09,2,1.7451507197105387,9.76858741311186,0.0,70135.94297111471,9.338624265751184,2.8903717578961645,0.832909122935104
22,1,2,4,7.0,1.8,1,7.1,1,1,0,28.0,76,3.46,1,2.0518855355680303,13.736367236790857,0.0,45734.94462371378,13.21482174546893,3.367295829986474,1.0296194171811581
19,0,2,4,1.6,1.8,1,7.8,3,0,3,5.0,86,3.85,2,0.4760221763172826,16.066200853784746,1.6102145113046793,63917.09875329975,18.291570207219255,1.791759469228055,1.0296194171811581
17,2,0,4,8.6,1.9,1,5.3,1,1,2,24.0,58,3.2,1,2.2818354611447473,8.3733992567368,0.0,21998.22133107918,10.401237330639699,3.2188758248682006,1.0647107369924282
16,1,0,6,12.6,1.9,1,3.8,1,1,2,29.0,39,2.66,0,2.7153151393422355,4.661063699804611,0.0,7510.13604153053,5.854983580710072,3.4011973816621555,1.0647107369924282
21,0,2,4,1.6,2.8,1,8.9,4,1,2,8.0,98,3.39,2,0.4760221763172826,19.985804516313625,2.261698926363226,91038.45997193112,12.41431443477717,2.1972245773362196,1.33500106673234
19,1,2,0,2.7,2.2,1,7.4,3,1,2,9.0,98,4.0,2,1.0203866362587886,14.718798218821261,1.6102145113046793,91038.45997193112,20.53818254914221,2.302585092994046,1.1631508098056809
19,0,2,4,6.8,2.9,1,7.3,3,1,2,19.0,76,3.62,2,2.019709544031315,14.388618785157242,1.6102145113046793,45734.94462371378,15.168408451034988,2.995732273553991,1.3609765531356006
17,0,0,1,2.5,1.2,1,7.5,4,0,3,0.0,98,3.44,2,0.9393512133898587,15.05166041856306,2.261698926363226,91038.45997193112,12.982796395310663,0.0,0.7884573603642702
18,0,2,0,10.1,1.9,1,5.4,1,1,2,21.0,58,2.92,1,2.463216684932441,8.646392457066119,0.0,21998.22133107918,7.837703446786447,3.091042453358316,1.0647107369924282
19,0,2,0,3.4,1.8,1,6.0,3,0,3,5.0,80,3.8,2,1.2651404807900501,10.347518899102251,1.6102145113046793,52549.50742605369,17.58006637427118,1.791759469228055,1.0296194171811581
17,0,0,6,3.6,3.2,1,5.5,3,1,2,19.0,82,3.47,2,1.3263003819268158,8.92242992355568,1.6102145113046793,56183.26023893996,13.331834670752924,2.995732273553991,1.4350845252893227
19,0,2,5,4.8,1.1,1,7.8,3,0,3,8.0,87,3.45,2,1.6370062359244075,16.066200853784746,1.6102145113046793,65949.64476800284,13.098476283389891,2.1972245773362196,0.7419373447293773
19,2,2,6,6.0,2.3,1,6.8,2,1,0,26.0,75,3.2,1,1.8813563150191603,12.778487214922173,0.8778301681657564,44123.69453376821,10.401237330639699,3.295836866004329,1.1939224684724346
17,1,0,2,3.5,1.4,1,4.9,3,1,3,10.0,87,3.7,2,1.2961337421106984,7.3123368290812865,1.6102145113046793,65949.64476800284,16.211695300270975,2.3978952727983707,0.8754687373538999
20,0,0,5,3.3,1.1,1,8.0,3,0,4,10.0,98,3.47,2,1.2332726085820729,16.755717770784734,1.6102145113046793,91038.45997193112,13.331834670752924,2.3978952727983707,0.7419373447293773
17,1,0,0,3.7,2.2,1,7.2,3,0,2,14.0,89,3.93,2,1.3556845124032513,14.061136801601103,1.6102145113046793,70135.94297111471,19.4686093099294,2.70805020110221,1.1631508098056809
19,0,2,3,2.0,1.2,1,8.0,5,1,1,6.0,89,3.82,2,0.7062901854968463,16.755717770784734,2.858956583624191,70135.94297111471,17.862459817003035,1.9459101490553132,0.7884573603642702
19,1,2,1,2.9,1.5,1,8.0,2,1,2,13.0,85,3.55,2,1.095930983777979,16.755717770784734,0.8778301681657564,61924.51734422166,14.292193415871623,2.6390573296152584,0.9162907318741551
18,1,2,4,6.7,0.8,1,6.0,1,1,3,11.0,80,3.25,2,2.003284337102433,10.347518899102251,0.0,52549.50742605369,10.90882410064474,2.4849066497880004,0.5877866649021191
18,1,2,3,4.3,1.1,0,6.4,3,1,1,20.0,79,3.6,2,1.5176311317383155,11.540249794535706,1.6102145113046793,50789.75419132553,14.914601235151155,3.044522437723423,0.7419373447293773
17,1,0,0,8.5,2.0,1,5.6,1,1,2,18.0,72,2.73,1,2.268701594475235,9.201489326998276,0.0,39506.21991155572,6.353094218431751,2.9444389791664403,1.0986122886681098
19,1,2,5,7.0,2.4,1,6.3,1,1,4,13.0,73,3.16,2,2.0518855355680303,11.237755995802775,0.0,41009.67586813584,10.006308774393966,2.6390573296152584,1.2237754316221157
15,0,0,6,11.1,3.0,0,4.8,1,0,3,17.0,58,2.67,1,2.5704644360674704,7.054921429048166,0.0,21998.22133107918,5.924579237757003,2.8903717578961645,1.3862943611198906
21,1,2,4,3.7,1.3,1,6.4,3,1,0,16.0,80,3.16,2,1.3556845124032513,11.540249794535706,1.6102145113046793,52549.50742605369,10.006308774393966,2.833213344056216,0.832909122935104
21,1,2,3,5.1,1.9,1,7.6,3,0,2,16.0,78,3.36,2,1.7031011436641108,15.387190975810833,1.6102145113046793,49067.63473037756,12.08109121248574,2.833213344056216,1.0647107369924282
17,0,0,6,3.3,1.2,0,9.2,3,1,3,12.0,94,3.87,2,1.2332726085820729,21.107764803377655,1.6102145113046793,81323.92171042044,18.58134594461001,2.5649493574615367,0.7884573603642702
18,1,2,4,3.9,1.6,1,7.2,3,1,2,14.0,85,3.21,2,1.4122647058505842,14.061136801601103,1.6102145113046793,61924.51734422166,10.501510504182985,2.70805020110221,0.9555114450274363
18,0,2,3,3.5,0.9,1,8.6,5,0,1,11.0,86,3.35,2,1.2961337421106984,18.886266876241464,2.858956583624191,63917.09875329975,11.971316457356032,2.4849066497880004,0.6418538861723948
18,1,2,2,5.4,1.7,1,6.1,2,1,2,16.0,74,3.02,2,1.7656156766986153,10.641371908015127,0.8778301681657564,42548.719285856496,8.700216465863583,2.833213344056216,0.9932517730102833
20,0,0,6,2.9,1.4,0,6.1,3,0,3,9.0,85,3.54,2,1.095930983777979,10.641371908015127,1.6102145113046793,61924.51734422166,14.169772787057607,2.302585092994046,0.8754687373538999
17,1,0,4,3.3,1.8,1,8.0,4,0,1,5.0,94,3.93,2,1.2332726085820729,16.755717770784734,2.261698926363226,81323.92171042044,19.4686093099294,1.791759469228055,1.0296194171811581
24,2,1,3,2.3,2.9,1,8.5,4,1,1,6.0,90,3.72,2,0.8519347810161471,18.524790399056656,2.261698926363226,72290.34860143652,16.479606987119947,1.9459101490553132,1.3609765531356006
19,1,2,5,6.1,2.6,1,5.1,2,0,3,19.0,70,3.37,2,1.8995739499976299,7.836637933925062,0.8778301681657564,36604.68597434723,12.19151453362671,2.995732273553991,1.2809338454620642
15,0,0,0,2.6,0.8,1,7.2,3,1,4,10.0,76,3.48,2,0.9806061985963926,14.061136801601103,1.6102145113046793,45734.94462371378,13.449516948333956,2.3978952727983707,0.5877866649021191
23,0,2,4,2.6,2.2,1,6.4,2,1,3,10.0,88,3.9,2,0.9806061985963926,11.540249794535706,0.8778301681657564,68022.48375280312,19.021600464068523,2.3978952727983707,1.1631508098056809
19,2,0,4,4.7,1.3,1,7.3,4,1,3,8.0,85,3.6,2,1.6141037337096489,14.388618785157242,2.261698926363226,61924.51734422166,14.914601235151155,2.1972245773362196,0.832909122935104
16,0,0,4,5.4,1.4,1,6.2,2,1,0,17.0,85,3.83,2,1.7656156766986153,10.938123890491681,0.8778301681657564,61924.51734422166,18.00475869836222,2.8903717578961645,0.8754687373538999
17,0,0,4,2.3,1.4,1,7.1,3,0,4,1.0,98,4.0,2,0.8519347810161471,13.736367236790857,1.6102145113046793,91038.45997193112,20.53818254914221,0.6931471805599453,0.8754687373538999
24,0,2,6,4.8,1.7,0,7.4,3,1,3,11.0,78,3.24,2,1.6370062359244075,14.718798218821261,1.6102145113046793,49067.63473037756,10.806058782383067,2.4849066497880004,0.9932517730102833
18,1,0,1,3.3,2.3,0,6.4,3,0,1,2.0,86,3.66,2,1.2332726085820729,11.540249794535706,1.6102145113046793,63917.09875329975,15.684410084705304,1.0986122886681098,1.1939224684724346
17,3,0,0,8.0,1.3,1,5.9,2,1,3,19.0,75,3.16,2,2.2007570648755084,10.056584152579083,0.8778301681657564,44123.69453376821,10.006308774393966,2.995732273553991,0.832909122935104
17,0,0,4,3.3,1.4,1,6.8,3,1,2,11.0,85,3.78,2,1.2332726085820729,12.778487214922173,1.6102145113046793,61924.51734422166,17.300599455458382,2.4849066497880004,0.8754687373538999
17,0,0,0,3.4,1.4,1,7.5,3,0,2,2.0,92,3.93,2,1.2651404807900501,15.05166041856306,1.6102145113046793,76723.29848149381,19.4686093099294,1.0986122886681098,0.8754687373538999
18,1,2,0,8.0,2.6,1,6.4,2,1,3,28.0,62,3.26,1,2.2007570648755084,11.540249794535706,0.8778301681657564,26352.188477075142,11.012217184536736,3.367295829986474,1.2809338454620642
18,0,2,3,8.8,1.6,1,5.0,1,1,1,18.0,53,3.08,1,2.307675347857402,7.5729175150710875,0.0,17233.337875033176,9.245645848802152,2.9444389791664403,0.9555114450274363
17,0,0,1,8.3,1.7,1,5.4,1,1,1,20.0,62,3.21,1,2.2419894696219833,8.646392457066119,0.0,26352.188477075142,10.501510504182985,3.044522437723423,0.9932517730102833
18,2,2,0,3.5,1.6,1,7.9,3,1,1,7.0,87,3.82,2,1.2961337421106984,16.409652657927705,1.6102145113046793,65949.64476800284,17.862459817003035,2.0794415416798357,0.9555114450274363
15,1,0,6,2.7,1.9,0,7.1,3,0,4,9.0,76,4.0,2,1.0203866362587886,13.736367236790857,1.6102145113046793,45734.94462371378,20.53818254914221,2.302585092994046,1.0647107369924282
18,1,2,4,8.2,2.1,1,6.0,2,0,3,21.0,70,3.17,1,2.228404239984151,10.347518899102251,0.8778301681657564,36604.68597434723,10.104120077547,3.091042453358316,1.1314021114911006
18,1,0,4,3.4,0.4,1,7.3,2,0,1,7.0,92,3.61,2,1.2651404807900501,14.388618785157242,0.8778301681657564,76723.29848149381,15.041156949142636,2.0794415416798357,0.33647223662121295
21,0,2,4,3.4,2.1,1,7.9,3,0,2,8.0,88,3.54,2,1.2651404807900501,16.409652657927705,1.6102145113046793,68022.48375280312,14.169772787057607,2.1972245773362196,1.1314021114911006
18,0,2,6,7.2,1.1,0,6.4,2,1,0,13.0,78,3.54,2,2.0832033609937755,11.540249794535706,0.8778301681657564,49067.63473037756,14.169772787057607,2.6390573296152584,0.7419373447293773
18,1,2,4,2.5,1.9,1,7.1,4,1,1,10.0,88,3.69,2,0.9393512133898587,13.736367236790857,2.261698926363226,68022.48375280312,16.07880955652339,2.3978952727983707,1.0647107369924282
18,0,2,4,3.8,2.2,1,8.3,3,0,2,8.0,91,3.92,2,1.384326776898207,17.809462547767687,1.6102145113046793,74486.02575307926,19.31885273989304,2.1972245773362196,1.1631508098056809
21,0,2,6,3.2,2.4,1,9.2,5,0,2,1.0,97,4.0,2,1.2004777883442346,21.107764803377655,2.858956583624191,88544.86579764642,20.53818254914221,0.6931471805599453,1.2237754316221157
19,0,2,6,6.7,0.4,1,7.6,3,1,2,9.0,81,3.41,2,2.003284337102433,15.387190975810833,1.6102145113046793,54347.230996866165,12.639731281317893,2.302585092994046,0.33647223662121295
20,0,2,4,5.2,1.5,1,7.5,4,1,3,14.0,83,3.45,2,1.7243171824127188,15.05166041856306,2.261698926363226,58057.92927986961,13.098476283389891,2.70805020110221,0.9162907318741551
22,0,2,4,5.8,2.0,0,5.8,2,1,2,17.0,75,3.14,2,1.8440428632175376,9.76858741311186,0.8778301681657564,44123.69453376821,9.81251648426725,2.8903717578961645,1.0986122886681098
18,0,2,3,10.4,2.5,1,4.7,1,1,4,25.0,60,2.87,1,2.4964088339968074,6.800697609529523,0.0,24113.25572387178,7.4277632011547565,3.258096538021482,1.252762968495368
20,1,2,0,1.5,1.0,1,8.4,3,0,3,2.0,98,3.7,2,0.4099390405603449,18.16585159714471,1.6102145113046793,91038.45997193112,16.211695300270975,1.0986122886681098,0.6931471805599453
20,0,2,5,4.5,2.0,1,6.0,2,0,3,18.0,79,3.46,2,1.5668817774441797,10.347518899102251,0.8778301681657564,50789.75419132553,13.21482174546893,2.9444389791664403,1.0986122886681098
26,1,1,0,3.4,1.0,1,8.1,4,1,2,3.0,98,3.97,2,1.2651404807900501,17.104383037428352,2.261698926363226,91038.45997193112,20.075215768293244,1.3862943611198906,0.6931471805599453
20,1,2,0,5.6,0.5,1,7.1,2,1,3,11.0,83,3.73,2,1.8054918230589363,13.736367236790857,0.8778301681657564,58057.92927986961,16.614636703065745,2.4849066497880004,0.4054651081081644
17,2,0,2,8.4,2.1,1,5.2,1,1,3,26.0,75,3.59,1,2.2554207388342977,8.103473238889842,0.0,44123.69453376821,14.788739421516853,3.295836866004329,1.1314021114911006
17,1,0,0,3.5,2.4,1,6.3,3,1,2,5.0,92,3.91,2,1.2961337421106984,11.237755995802775,1.6102145113046793,76723.29848149381,19.169850419380406,1.791759469228055,1.2237754316221157
19,1,2,4,3.0,1.9,2,6.4,4,0,3,7.0,87,3.33,2,1.1318728617817535,11.540249794535706,2.261698926363226,65949.64476800284,11.7537050835968,2.0794415416798357,1.0647107369924282
20,1,2,6,3.9,1.5,1,7.0,3,1,1,13.0,83,4.0,2,1.4122647058505842,13.414325353558693,1.6102145113046793,58057.92927986961,20.53818254914221,2.6390573296152584,0.9162907318741551
18,1,2,6,4.5,1.7,1,7.6,3,1,2,12.0,86,3.74,2,1.5668817774441797,15.387190975810833,1.6102145113046793,63917.09875329975,16.750384849080206,2.5649493574615367,0.9932517730102833
20,0,2,4,7.0,2.3,1,5.1,2,0,2,21.0,71,3.13,1,2.0518855355680303,7.836637933925062,0.8778301681657564,38038.0056657807,9.716531711647102,3.091042453358316,1.1939224684724346
16,1,0,4,14.0,2.4,1,4.5,1,0,2,40.0,45,2.73,0,2.8364774847199032,6.301933826278156,0.0,11064.678764162616,6.353094218431751,3.713572066704308,1.2237754316221157
20,1,2,6,4.8,2.8,1,8.1,3,1,3,6.0,78,3.13,2,1.6370062359244075,17.104383037428352,1.6102145113046793,49067.63473037756,9.716531711647102,1.9459101490553132,1.33500106673234
18,1,2,4,2.7,1.8,1,9.0,4,0,2,6.0,98,3.46,2,1.0203866362587886,20.357314790663057,2.261698926363226,91038.45997193112,13.21482174546893,1.9459101490553132,1.0296194171811581
18,1,2,6,5.1,2.0,1,6.7,2,1,1,14.0,80,4.0,2,1.7031011436641108,12.464723049102489,0.8778301681657564,52549.50742605369,20.53818254914221,2.70805020110221,1.0986122886681098
22,1,1,6,4.3,1.2,1,7.8,4,0,3,0.0,94,3.76,2,1.5176311317383155,16.066200853784746,2.261698926363226,81323.92171042044,17.024043975850308,0.0,0.7884573603642702
19,1,2,0,5.1,1.4,1,6.2,3,1,3,14.0,78,3.68,2,1.7031011436641108,10.938123890491681,1.6102145113046793,49067.63473037756,15.946634697155112,2.70805020110221,0.8754687373538999
19,0,2,0,3.7,2.5,1,8.2,3,1,2,0.0,89,4.0,2,1.3556845124032513,17.455635531354325,1.6102145113046793,70135.94297111471,20.53818254914221,0.0,1.252762968495368
18,1,2,6,4.6,3.0,1,7.0,3,1,3,17.0,83,3.3,2,1.5907355499331142,13.414325353558693,1.6102145113046793,58057.92927986961,11.432105005383404,2.8903717578961645,1.3862943611198906
21,0,2,4,7.2,2.7,0,6.3,2,1,0,8.0,63,3.45,2,2.0832033609937755,11.237755995802775,0.8778301681657564,27519.02697404476,13.098476283389891,2.1972245773362196,1.308332819650179
20,0,0,4,8.5,3.7,1,6.3,3,1,3,21.0,84,2.67,1,2.268701594475235,11.237755995802775,1.6102145113046793,59971.57105866405,5.924579237757003,3.091042453358316,1.547562508716013
19,1,2,0,6.1,2.0,1,5.9,1,1,2,10.0,71,3.66,2,1.8995739499976299,10.056584152579083,0.0,38038.0056657807,15.684410084705304,2.3978952727983707,1.0986122886681098
19,1,2,6,9.8,2.8,0,4.8,1,1,2,31.0,62,2.74,1,2.4290784648391797,7.054921429048166,0.0,26352.188477075142,6.426354611099438,3.4657359027997265,1.33500106673234
16,1,0,4,9.4,1.6,0,4.4,1,1,2,19.0,67,3.32,2,2.381989542783344,6.057450511969028,0.0,32510.60102499727,11.645864683908064,2.995732273553991,0.9555114450274363
19,0,2,0,9.2,1.3,1,5.3,2,1,0,20.0,67,2.8,1,2.3577296084820363,8.3733992567368,0.8778301681657564,32510.60102499727,6.87713709393498,3.044522437723423,0.832909122935104
17,2,0,3,4.4,1.7,1,7.0,3,0,1,16.0,82,3.21,2,1.5425211917840917,13.414325353558693,1.6102145113046793,56183.26023893996,10.501510504182985,2.833213344056216,0.9932517730102833
24,1,1,4,6.7,1.8,1,4.5,1,1,1,20.0,60,2.9,1,2.003284337102433,6.301933826278156,0.0,24113.25572387178,7.672044795788171,3.044522437723423,1.0296194171811581
19,0,2,0,6.7,1.3,1,7.6,3,1,1,18.0,74,3.42,2,2.003284337102433,15.387190975810833,1.6102145113046793,42548.719285856496,12.753425783763895,2.9444389791664403,0.832909122935104
19,0,2,3,10.7,2.2,1,4.3,1,1,1,29.0,33,2.39,0,2.528707315024941,5.81627216727231,0.0,4777.3035912764235,4.164699164884756,3.4011973816621555,1.1631508098056809
26,0,1,6,7.1,1.5,1,5.7,1,1,2,13.0,71,3.62,2,2.0676487677416864,9.483548899985696,0.0,38038.0056657807,15.168408451034988,2.6390573296152584,0.9162907318741551
16,0,0,6,4.4,1.5,1,5.4,2,0,2,24.0,71,3.59,1,1.5425211917840917,8.646392457066119,0.8778301681657564,38038.0056657807,14.788739421516853,3.2188758248682006,0.9162907318741551
18,1,2,6,4.4,1.5,1,7.3,3,1,3,14.0,84,3.55,2,1.5425211917840917,14.388618785157242,1.6102145113046793,59971.57105866405,14.292193415871623,2.70805020110221,0.9162907318741551
21,1,2,6,2.7,1.3,1,8.5,3,0,1,1.0,93,3.89,2,1.0203866362587886,18.524790399056656,1.6102145113046793,79002.48980321265,18.87410098953472,0.6931471805599453,0.832909122935104
20,1,2,1,9.2,1.4,1,4.9,1,1,2,25.0,67,3.23,1,2.3577296084820363,7.3123368290812865,0.0,32510.60102499727,10.703919338092492,3.258096538021482,0.8754687373538999
15,0,0,6,5.1,1.5,1,6.9,2,1,3,11.0,80,3.34,2,1.7031011436641108,13.095026718981076,0.8778301681657564,52549.50742605369,11.862188377883385,2.4849066497880004,0.9162907318741551
17,0,0,4,7.3,2.5,1,6.0,2,1,2,14.0,78,3.28,2,2.09855491776158,10.347518899102251,0.8778301681657564,49067.63473037756,11.220894215246592,2.70805020110221,1.252762968495368
18,1,2,4,2.3,1.9,1,9.2,5,0,2,5.0,98,4.0,2,0.8519347810161471,21.107764803377655,2.858956583624191,91038.45997193112,20.53818254914221,1.791759469228055,1.0647107369924282
19,1,2,3,4.5,1.3,1,7.6,3,0,1,19.0,87,3.14,2,1.5668817774441797,15.387190975810833,1.6102145113046793,65949.64476800284,9.81251648426725,2.995732273553991,0.832909122935104
20,1,2,2,4.8,1.7,0,7.6,3,0,2,7.0,88,4.0,2,1.6370062359244075,15.387190975810833,1.6102145113046793,68022.48375280312,20.53818254914221,2.0794415416798357,0.9932517730102833
19,0,2,0,4.7,1.1,1,5.9,2,1,4,10.0,75,2.93,2,1.6141037337096489,10.056584152579083,0.8778301681657564,44123.69453376821,7.921379736654888,2.3978952727983707,0.7419373447293773
18,0,2,6,6.5,2.7,1,6.2,2,1,2,17.0,75,3.31,2,1.9697262931476014,10.938123890491681,0.8778301681657564,44123.69453376821,11.53866528811148,2.8903717578961645,1.308332819650179
18,1,2,2,4.3,1.7,1,7.3,2,0,1,2.0,88,3.95,2,1.5176311317383155,14.388618785157242,0.8778301681657564,68022.48375280312,19.770392735367714,1.0986122886681098,0.9932517730102833
17,0,0,6,3.1,1.3,1,8.3,4,0,2,9.0,87,3.54,2,1.1666987907776478,17.809462547767687,2.261698926363226,65949.64476800284,14.169772787057607,2.302585092994046,0.832909122935104
20,1,2,6,7.4,1.1,1,4.9,1,1,3,18.0,72,3.02,2,2.113708815832555,7.3123368290812865,0.0,39506.21991155572,8.700216465863583,2.9444389791664403,0.7419373447293773
20,0,2,4,4.5,3.0,1,6.8,2,1,1,9.0,76,4.0,2,1.5668817774441797,12.778487214922173,0.8778301681657564,45734.94462371378,20.53818254914221,2.302585092994046,1.3862943611198906
20,0,2,3,4.6,2.6,1,5.1,1,1,3,12.0,72,3.6,2,1.5907355499331142,7.836637933925062,0.0,39506.21991155572,14.914601235151155,2.5649493574615367,1.2809338454620642
21,0,2,4,5.0,0.5,1,7.4,3,1,2,18.0,83,3.29,2,1.681487870546516,14.718798218821261,1.6102145113046793,58057.92927986961,11.326181944781949,2.9444389791664403,0.4054651081081644
16,0,0,0,4.0,1.1,1,7.3,3,1,4,19.0,88,3.19,2,1.4395330280586147,14.388618785157242,1.6102145113046793,68022.48375280312,10.301582463218029,2.995732273553991,0.7419373447293773
17,1,0,3,8.9,1.4,0,5.9,1,1,1,32.0,62,2.8,0,2.320387654485076,10.056584152579083,0.0,26352.188477075142,6.87713709393498,3.4965075614664802,0.8754687373538999
17,0,0,0,6.5,1.9,1,5.7,1,1,2,24.0,61,3.4,1,1.9697262931476014,9.483548899985696,0.0,25217.052320963478,12.526694794914107,3.2188758248682006,1.0647107369924282
18,1,0,2,5.6,2.1,1,6.3,2,1,3,17.0,76,3.32,2,1.8054918230589363,11.237755995802775,0.8778301681657564,45734.94462371378,11.645864683908064,2.8903717578961645,1.1314021114911006
15,1,0,2,3.9,1.9,1,6.1,2,1,2,13.0,74,3.47,2,1.4122647058505842,10.641371908015127,0.8778301681657564,42548.719285856496,13.331834670752924,2.6390573296152584,1.0647107369924282
21,1,2,3,9.1,3.3,1,5.9,1,1,3,21.0,69,3.46,1,2.345411940339193,10.056584152579083,0.0,35205.91224901557,13.21482174546893,3.091042453358316,1.4586150226995167
18,1,2,0,5.7,1.7,1,6.4,2,1,1,13.0,78,3.71,2,1.8249272994757757,11.540249794535706,0.8778301681657564,49067.63473037756,16.345293814978213,2.6390573296152584,0.9932517730102833
22,0,2,4,7.4,2.4,1,4.1,1,1,2,14.0,64,3.57,2,2.113708815832555,5.343953906546689,0.0,28717.928887801263,14.5390899446019,2.70805020110221,1.2237754316221157
17,1,0,0,3.0,2.0,1,6.3,3,1,4,14.0,88,3.54,2,1.1318728617817535,11.237755995802775,1.6102145113046793,68022.48375280312,14.169772787057607,2.70805020110221,1.0986122886681098
23,0,2,0,3.8,2.6,1,7.0,2,1,3,14.0,82,3.41,2,1.384326776898207,13.414325353558693,0.8778301681657564,56183.26023893996,12.639731281317893,2.70805020110221,1.2809338454620642
18,1,2,4,3.9,1.6,1,7.9,3,0,4,14.0,88,4.0,2,1.4122647058505842,16.409652657927705,1.6102145113046793,68022.48375280312,20.53818254914221,2.70805020110221,0.9555114450274363
18,0,2,0,2.7,2.1,1,6.1,2,1,4,9.0,90,3.2,2,1.0203866362587886,10.641371908015127,0.8778301681657564,72290.34860143652,10.401237330639699,2.302585092994046,1.1314021114911006
17,0,0,0,4.1,2.3,0,6.0,3,0,3,17.0,80,3.14,2,1.466163943905982,10.347518899102251,1.6102145113046793,52549.50742605369,9.81251648426725,2.8903717578961645,1.1939224684724346
19,1,2,4,6.4,2.2,1,7.7,4,1,2,11.0,79,3.22,2,1.9525792661508234,15.725375748712496,2.261698926363226,50789.75419132553,10.602403875992923,2.4849066497880004,1.1631508098056809
18,0,2,4,4.8,2.7,1,8.0,3,0,3,11.0,73,3.61,2,1.6370062359244075,16.755717770784734,1.6102145113046793,41009.67586813584,15.041156949142636,2.4849066497880004,1.308332819650179
17,0,0,0,3.2,1.1,1,8.3,3,1,2,11.0,98,3.44,2,1.2004777883442346,17.809462547767687,1.6102145113046793,91038.45997193112,12.982796395310663,2.4849066497880004,0.7419373447293773
21,1,2,3,3.0,3.3,1,7.7,3,0,3,3.0,98,3.64,2,1.1318728617817535,15.725375748712496,1.6102145113046793,91038.45997193112,15.425006368156271,1.3862943611198906,1.4586150226995167
22,0,1,3,3.8,2.8,1,6.6,3,0,2,15.0,85,3.52,2,1.384326776898207,12.15375076672696,1.6102145113046793,61924.51734422166,13.926977359533225,2.772588722239781,1.33500106673234
18,1,2,6,5.2,1.9,1,6.9,1,1,2,21.0,75,3.44,2,1.7243171824127188,13.095026718981076,0.0,44123.69453376821,12.982796395310663,3.091042453358316,1.0647107369924282
20,0,2,4,6.8,2.0,1,6.0,2,1,3,20.0,69,3.69,2,2.019709544031315,10.347518899102251,0.8778301681657564,35205.91224901557,16.07880955652339,3.044522437723423,1.0986122886681098
19,0,2,6,12.0,1.2,1,3.9,1,0,2,32.0,51,2.44,0,2.6594407185539746,4.885236590833674,0.0,15528.613925862097,4.4510458507263575,3.4965075614664802,0.7884573603642702
15,1,0,4,1.5,3.5,1,8.5,4,1,3,5.0,98,3.46,2,0.4099390405603449,18.524790399056656,2.261698926363226,91038.45997193112,13.21482174546893,1.791759469228055,1.5040773967762742
19,0,2,4,2.9,1.2,1,6.8,2,0,2,7.0,79,3.6,2,1.095930983777979,12.778487214922173,0.8778301681657564,50789.75419132553,14.914601235151155,2.0794415416798357,0.7884573603642702
18,0,2,3,3.1,1.3,1,8.2,3,0,0,9.0,87,3.87,2,1.1666987907776478,17.455635531354325,1.6102145113046793,65949.64476800284,18.58134594461001,2.302585092994046,0.832909122935104
17,0,0,4,3.3,2.3,1,8.3,3,0,2,6.0,89,3.22,2,1.2332726085820729,17.809462547767687,1.6102145113046793,70135.94297111471,10.602403875992923,1.9459101490553132,1.1939224684724346
19,1,2,0,6.8,0.7,1,7.5,2,1,4,19.0,79,3.22,2,2.019709544031315,15.05166041856306,0.8778301681657564,50789.75419132553,10.602403875992923,2.995732273553991,0.5306282510621704
18,1,2,3,6.2,0.8,1,7.9,3,1,1,12.0,85,3.43,2,1.9175112322134875,16.409652657927705,1.6102145113046793,61924.51734422166,12.867780191912736,2.5649493574615367,0.5877866649021191
20,0,2,0,6.3,2.1,1,7.7,2,1,0,16.0,81,3.86,2,1.9351768949585346,15.725375748712496,0.8778301681657564,54347.230996866165,18.436086604872493,2.833213344056216,1.1314021114911006
22,1,2,4,11.5,1.5,1,4.6,1,0,4,33.0,55,2.35,0,2.610821648190186,6.549692444201377,0.0,19051.54466123719,3.9439959616544056,3.5263605246161616,0.9162907318741551
18,0,2,0,11.1,2.0,1,4.9,1,1,3,28.0,47,2.49,0,2.5704644360674704,7.3123368290812865,0.0,12447.386303522204,4.749245336996854,3.367295829986474,1.0986122886681098
21,0,0,0,2.9,1.3,1,8.4,3,0,2,9.0,88,3.46,2,1.095930983777979,18.16585159714471,1.6102145113046793,68022.48375280312,13.21482174546893,2.302585092994046,0.832909122935104
19,0,2,0,6.8,0.0,1,5.7,1,1,2,19.0,79,3.48,2,2.019709544031315,9.483548899985696,0.0,50789.75419132553,13.449516948333956,2.995732273553991,0.0
17,1,0,0,6.0,0.2,0,6.2,2,1,3,13.0,89,3.97,2,1.8813563150191603,10.938123890491681,0.8778301681657564,70135.94297111471,20.075215768293244,2.6390573296152584,0.18232155679395465
18,0,2,4,5.1,0.6,1,6.8,2,0,4,17.0,67,3.81,2,1.7031011436641108,12.778487214922173,0.8778301681657564,32510.60102499727,17.720896337416892,2.8903717578961645,0.4700036292457356
18,0,2,0,5.2,2.0,1,5.8,2,1,3,12.0,80,3.48,2,1.7243171824127188,9.76858741311186,0.8778301681657564,52549.50742605369,13.449516948333956,2.5649493574615367,1.0986122886681098
18,0,2,4,5.4,1.7,1,5.5,2,1,2,16.0,74,3.46,2,1.7656156766986153,8.92242992355568,0.8778301681657564,42548.719285856496,13.21482174546893,2.833213344056216,0.9932517730102833
17,0,0,4,5.8,0.9,1,7.1,3,1,3,21.0,71,3.31,1,1.8440428632175376,13.736367236790857,1.6102145113046793,38038.0056657807,11.53866528811148,3.091042453358316,0.6418538861723948
17,0,0,6,5.9,1.2,2,6.0,2,1,1,12.0,74,3.56,2,1.8628491617376208,10.347518899102251,0.8778301681657564,42548.719285856496,14.415298505689877,2.5649493574615367,0.7884573603642702
20,0,0,0,4.5,1.3,1,7.7,2,0,1,12.0,85,3.52,2,1.5668817774441797,15.725375748712496,0.8778301681657564,61924.51734422166,13.926977359533225,2.5649493574615367,0.832909122935104
19,0,0,6,2.7,1.3,1,6.8,3,1,2,6.0,93,3.72,2,1.0203866362587886,12.778487214922173,1.6102145113046793,79002.48980321265,16.479606987119947,1.9459101490553132,0.832909122935104
22,1,1,0,7.5,1.9,1,5.4,2,1,3,29.0,64,2.68,1,2.1286702202484076,8.646392457066119,0.8778301681657564,28717.928887801263,5.994692731477807,3.4011973816621555,1.0647107369924282
20,1,2,1,4.4,1.2,1,7.1,2,0,2,14.0,80,3.6,2,1.5425211917840917,13.736367236790857,0.8778301681657564,52549.50742605369,14.914601235151155,2.70805020110221,0.7884573603642702
23,0,1,0,2.4,2.4,0,8.1,4,0,4,10.0,83,3.85,2,0.8965046417701628,17.104383037428352,2.261698926363226,58057.92927986961,18.291570207219255,2.3978952727983707,1.2237754316221157
18,0,2,6,7.0,1.7,1,7.7,3,1,3,17.0,90,3.07,2,2.0518855355680303,15.725375748712496,1.6102145113046793,72290.34860143652,9.153263022572325,2.8903717578961645,0.9932517730102833
21,1,2,4,2.4,1.6,0,8.5,4,1,2,1.0,85,3.9,2,0.8965046417701628,18.524790399056656,2.261698926363226,61924.51734422166,19.021600464068523,0.6931471805599453,0.9555114450274363
19,0,0,3,3.5,2.1,0,7.4,3,0,1,20.0,88,3.11,2,1.2961337421106984,14.718798218821261,1.6102145113046793,68022.48375280312,9.52637544624165,3.044522437723423,1.1314021114911006
18,1,2,3,6.4,1.5,1,6.7,2,1,2,22.0,75,2.98,1,1.9525792661508234,12.464723049102489,0.8778301681657564,44123.69453376821,8.348306654858234,3.1354942159291497,0.9162907318741551
18,1,2,4,3.8,1.1,1,6.7,3,0,2,10.0,92,3.17,2,1.384326776898207,12.464723049102489,1.6102145113046793,76723.29848149381,10.104120077547,2.3978952727983707,0.7419373447293773
17,1,0,0,2.4,2.5,1,8.1,3,0,4,8.0,89,3.94,2,0.8965046417701628,17.104383037428352,1.6102145113046793,70135.94297111471,19.619122013712897,2.1972245773362196,1.252762968495368
19,0,2,3,14.0,2.1,1,3.8,1,1,2,37.0,39,2.86,0,2.8364774847199032,4.661063699804611,0.0,7510.13604153053,7.347450119829864,3.6375861597263857,1.1314021114911006
21,0,2,0,4.5,2.1,0,6.9,2,0,3,9.0,88,2.95,2,1.5668817774441797,13.095026718981076,0.8778301681657564,68022.48375280312,8.090435723777606,2.302585092994046,1.1314021114911006
16,0,0,0,7.1,1.9,1,5.7,2,1,1,18.0,81,3.34,2,2.0676487677416864,9.483548899985696,0.8778301681657564,54347.230996866165,11.862188377883385,2.9444389791664403,1.0647107369924282
18,0,2,1,4.2,2.8,1,8.1,3,1,4,12.0,82,3.53,2,1.492187365993103,17.104383037428352,1.6102145113046793,56183.26023893996,14.048034731048165,2.5649493574615367,1.33500106673234
18,0,0,1,7.5,0.7,2,6.1,2,1,4,13.0,77,2.86,2,2.1286702202484076,10.641371908015127,0.8778301681657564,47382.81123366814,7.347450119829864,2.6390573296152584,0.5306282510621704
20,1,2,4,4.2,1.3,0,5.8,2,1,1,17.0,77,3.36,2,1.492187365993103,9.76858741311186,0.8778301681657564,47382.81123366814,12.08109121248574,2.8903717578961645,0.832909122935104
24,2,2,3,4.9,2.0,1,8.0,3,1,1,14.0,82,3.6,2,1.659461753676766,16.755717770784734,1.6102145113046793,56183.26023893996,14.914601235151155,2.70805020110221,1.0986122886681098
18,0,2,4,5.5,2.1,1,6.2,2,1,1,17.0,72,3.29,2,1.7857252215541248,10.938123890491681,0.8778301681657564,39506.21991155572,11.326181944781949,2.8903717578961645,1.1314021114911006
18,0,2,0,2.8,1.6,1,6.9,3,0,2,7.0,87,3.82,2,1.0587970088869507,13.095026718981076,1.6102145113046793,65949.64476800284,17.862459817003035,2.0794415416798357,0.9555114450274363
16,1,0,0,1.3,1.3,1,10.0,5,1,2,3.0,98,4.0,2,0.26423266144669216,24.20706877060446,2.858956583624191,91038.45997193112,20.53818254914221,1.3862943611198906,0.832909122935104
21,1,2,2,1.8,0.7,1,7.0,3,0,3,9.0,94,4.0,2,0.5972197629867352,13.414325353558693,1.6102145113046793,81323.92171042044,20.53818254914221,2.302585092994046,0.5306282510621704
18,1,2,0,4.4,1.2,1,7.3,3,1,2,19.0,78,2.88,2,1.5425211917840917,14.388618785157242,1.6102145113046793,49067.63473037756,7.508632076674728,2.995732273553991,0.7884573603642702
17,1,0,0,4.6,2.1,0,7.9,4,0,2,5.0,89,3.57,2,1.5907355499331142,16.409652657927705,2.261698926363226,70135.94297111471,14.5390899446019,1.791759469228055,1.1314021114911006
18,1,2,4,2.5,0.3,1,8.3,3,1,4,4.0,98,3.88,2,0.9393512133898587,17.809462547767687,1.6102145113046793,91038.45997193112,18.72735011125622,1.6094379124341003,0.262364264467491
19,0,2,2,2.5,2.3,1,7.5,4,0,2,8.0,73,3.45,2,0.9393512133898587,15.05166041856306,2.261698926363226,41009.67586813584,13.098476283389891,2.1972245773362196,1.1939224684724346
21,0,2,4,6.2,0.4,1,6.5,1,1,2,15.0,70,3.52,2,1.9175112322134875,11.845587262709715,0.0,36604.68597434723,13.926977359533225,2.772588722239781,0.33647223662121295
19,1,2,2,1.2,2.1,1,9.1,4,0,1,5.0,98,3.71,2,0.1832225230267353,20.73130520980927,2.261698926363226,91038.45997193112,16.345293814978213,1.791759469228055,1.1314021114911006
19,1,2,0,14.0,1.9,1,3.3,1,1,3,37.0,35,2.31,0,2.8364774847199032,3.5935539872760787,0.0,5602.5173174979045,3.7306044350351613,3.6375861597263857,1.0647107369924282
16,1,0,6,4.8,1.6,1,7.0,3,0,2,10.0,87,3.68,2,1.6370062359244075,13.414325353558693,1.6102145113046793,65949.64476800284,15.946634697155112,2.3978952727983707,0.9555114450274363
26,0,2,0,7.5,1.9,1,5.4,1,1,3,16.0,68,3.04,2,2.1286702202484076,8.646392457066119,0.0,33841.334443280015,8.879669149882293,2.833213344056216,1.0647107369924282
18,0,2,4,8.7,1.5,0,5.1,1,1,4,16.0,73,2.97,2,2.294825646767686,7.836637933925062,0.0,41009.67586813584,8.261775557384002,2.833213344056216,0.9162907318741551
19,1,2,0,1.7,2.0,1,8.0,4,0,1,2.0,98,4.0,2,0.5383079872264196,16.755717770784734,2.261698926363226,91038.45997193112,20.53818254914221,1.0986122886681098,1.0986122886681098
19,1,2,0,7.1,2.1,1,5.7,1,1,4,15.0,62,3.08,2,2.0676487677416864,9.483548899985696,0.0,26352.188477075142,9.245645848802152,2.772588722239781,1.1314021114911006
19,0,2,0,7.2,2.2,1,5.9,2,1,1,12.0,76,3.62,2,2.0832033609937755,10.056584152579083,0.8778301681657564,45734.94462371378,15.168408451034988,2.5649493574615367,1.1631508098056809
16,1,0,0,5.8,2.1,1,7.5,2,1,1,16.0,72,3.35,2,1.8440428632175376,15.05166041856306,0.8778301681657564,39506.21991155572,11.971316457356032,2.833213344056216,1.1314021114911006
16,0,0,0,7.1,2.6,1,5.8,1,1,2,9.0,64,2.97,2,2.0676487677416864,9.76858741311186,0.0,28717.928887801263,8.261775557384002,2.302585092994046,1.2809338454620642
18,0,2,6,5.8,1.7,1,6.3,3,0,1,16.0,67,3.17,2,1.8440428632175376,11.237755995802775,1.6102145113046793,32510.60102499727,10.104120077547,2.833213344056216,0.9932517730102833
22,0,1,6,4.1,1.0,1,6.6,2,0,3,15.0,74,4.0,2,1.466163943905982,12.15375076672696,0.8778301681657564,42548.719285856496,20.53818254914221,2.772588722239781,0.6931471805599453
19,0,2,0,4.3,1.1,1,7.1,3,1,4,14.0,79,3.55,2,1.5176311317383155,13.736367236790857,1.6102145113046793,50789.75419132553,14.292193415871623,2.70805020110221,0.7419373447293773
17,0,0,4,3.1,1.7,1,8.4,4,0,3,4.0,92,3.22,2,1.1666987907776478,18.16585159714471,2.261698926363226,76723.29848149381,10.602403875992923,1.6094379124341003,0.9932517730102833
16,1,0,4,3.2,1.5,1,8.0,4,0,1,0.0,89,3.85,2,1.2004777883442346,16.755717770784734,2.261698926363226,70135.94297111471,18.291570207219255,0.0,0.9162907318741551
18,1,2,0,5.6,1.5,1,7.0,2,1,2,17.0,87,3.58,2,1.8054918230589363,13.414325353558693,0.8778301681657564,65949.64476800284,14.663569620587477,2.8903717578961645,0.9162907318741551
19,1,2,4,4.7,2.1,0,6.1,2,1,2,15.0,80,3.13,2,1.6141037337096489,10.641371908015127,0.8778301681657564,52549.50742605369,9.716531711647102,2.772588722239781,1.1314021114911006
18,0,2,0,5.2,1.9,1,6.2,1,0,1,12.0,87,3.36,2,1.7243171824127188,10.938123890491681,0.0,65949.64476800284,12.08109121248574,2.5649493574615367,1.0647107369924282
16,1,0,3,6.1,0.9,1,6.4,1,1,3,12.0,75,3.36,2,1.8995739499976299,11.540249794535706,0.0,44123.69453376821,12.08109121248574,2.5649493574615367,0.6418538861723948
22,0,2,0,4.7,1.3,1,6.0,2,0,2,16.0,77,3.66,2,1.6141037337096489,10.347518899102251,0.8778301681657564,47382.81123366814,15.684410084705304,2.833213344056216,0.832909122935104
22,1,1,5,7.1,3.3,1,5.8,1,0,4,18.0,66,3.48,2,2.0676487677416864,9.76858741311186,0.0,31213.358948090136,13.449516948333956,2.9444389791664403,1.4586150226995167
17,1,0,2,4.5,3.2,0,6.5,2,0,3,10.0,80,3.46,2,1.5668817774441797,11.845587262709715,0.8778301681657564,52549.50742605369,13.21482174546893,2.3978952727983707,1.4350845252893227
19,1,2,3,3.0,1.9,1,7.9,3,1,2,5.0,94,3.45,2,1.1318728617817535,16.409652657927705,1.6102145113046793,81323.92171042044,13.098476283389891,1.791759469228055,1.0647107369924282
16,1,0,0,6.6,2.3,2,6.2,2,1,4,23.0,67,3.46,1,1.9866255656836118,10.938123890491681,0.8778301681657564,32510.60102499727,13.21482174546893,3.1780538303479458,1.1939224684724346
18,1,2,0,3.8,1.2,1,5.5,2,1,1,19.0,70,3.57,2,1.384326776898207,8.92242992355568,0.8778301681657564,36604.68597434723,14.5390899446019,2.995732273553991,0.7884573603642702
19,0,2,0,4.4,2.3,1,6.9,2,0,2,23.0,74,2.97,1,1.5425211917840917,13.095026718981076,0.8778301681657564,42548.719285856496,8.261775557384002,3.1780538303479458,1.1939224684724346
18,0,2,2,8.3,1.7,1,6.6,2,1,0,17.0,66,3.51,2,2.2419894696219833,12.15375076672696,0.8778301681657564,31213.358948090136,13.806598784091944,2.8903717578961645,0.9932517730102833
24,0,2,6,3.9,2.3,1,6.7,3,0,4,10.0,81,3.02,2,1.4122647058505842,12.464723049102489,1.6102145113046793,54347.230996866165,8.700216465863583,2.3978952727983707,1.1939224684724346
18,1,2,0,5.9,2.0,2,5.5,2,1,1,13.0,81,3.41,2,1.8628491617376208,8.92242992355568,0.8778301681657564,54347.230996866165,12.639731281317893,2.6390573296152584,1.0986122886681098
19,0,2,6,5.0,0.7,1,7.1,3,0,4,10.0,86,3.25,2,1.681487870546516,13.736367236790857,1.6102145113046793,63917.09875329975,10.90882410064474,2.3978952727983707,0.5306282510621704
18,0,2,4,3.1,1.2,1,5.4,2,1,2,8.0,89,3.76,2,1.1666987907776478,8.646392457066119,0.8778301681657564,70135.94297111471,17.024043975850308,2.1972245773362196,0.7884573603642702
17,1,0,4,8.3,0.8,1,6.3,1,0,1,16.0,75,3.39,2,2.2419894696219833,11.237755995802775,0.0,44123.69453376821,12.41431443477717,2.833213344056216,0.5877866649021191
19,1,2,0,5.5,2.0,1,7.5,2,1,2,3.0,87,3.38,2,1.7857252215541248,15.05166041856306,0.8778301681657564,65949.64476800284,12.302588311016644,1.3862943611198906,1.0986122886681098
20,0,2,0,3.2,1.8,1,8.2,3,1,2,0.0,98,3.78,2,1.2004777883442346,17.455635531354325,1.6102145113046793,91038.45997193112,17.300599455458382,0.0,1.0296194171811581
19,2,2,4,3.0,2.2,0,6.9,3,0,1,10.0,90,4.0,2,1.1318728617817535,13.095026718981076,1.6102145113046793,72290.34860143652,20.53818254914221,2.3978952727983707,1.1631508098056809
22,1,2,4,2.8,2.4,1,7.6,3,0,2,10.0,98,3.82,2,1.0587970088869507,15.387190975810833,1.6102145113046793,91038.45997193112,17.862459817003035,2.3978952727983707,1.2237754316221157
18,0,2,0,5.2,1.5,0,6.3,2,1,2,8.0,88,3.92,2,1.7243171824127188,11.237755995802775,0.8778301681657564,68022.48375280312,19.31885273989304,2.1972245773362196,0.9162907318741551
18,2,2,0,4.8,1.1,1,5.6,1,1,3,14.0,70,3.38,2,1.6370062359244075,9.201489326998276,0.0,36604.68597434723,12.302588311016644,2.70805020110221,0.7419373447293773
19,0,2,0,3.0,1.3,1,6.7,2,1,0,7.0,98,3.44,2,1.1318728617817535,12.464723049102489,0.8778301681657564,91038.45997193112,12.982796395310663,2.0794415416798357,0.832909122935104
15,1,0,2,4.8,1.6,1,6.0,1,0,3,10.0,86,3.56,2,1.6370062359244075,10.347518899102251,0.0,63917.09875329975,14.415298505689877,2.3978952727983707,0.9555114450274363
17,0,0,0,4.2,2.8,1,6.9,4,0,1,7.0,83,3.01,2,1.492187365993103,13.095026718981076,2.261698926363226,58057.92927986961,8.611367410342837,2.0794415416798357,1.33500106673234
18,1,2,6,4.7,1.8,1,6.8,3,0,2,7.0,81,3.61,2,1.6141037337096489,12.778487214922173,1.6102145113046793,54347.230996866165,15.041156949142636,2.0794415416798357,1.0296194171811581
24,1,1,6,3.8,1.6,1,7.2,3,1,4,9.0,93,3.5,2,1.384326776898207,14.061136801601103,1.6102145113046793,79002.48980321265,13.686897116192466,2.302585092994046,0.9555114450274363
18,1,2,4,3.1,2.6,1,8.1,3,0,1,14.0,89,3.03,2,1.1666987907776478,17.104383037428352,1.6102145113046793,70135.94297111471,8.789649747573227,2.70805020110221,1.2809338454620642
19,0,2,0,3.7,0.4,1,8.1,3,0,4,11.0,83,3.84,2,1.3556845124032513,17.104383037428352,1.6102145113046793,58057.92927986961,18.147794866724794,2.4849066497880004,0.33647223662121295
19,0,2,1,4.6,1.3,0,8.6,3,0,3,10.0,88,4.0,2,1.5907355499331142,18.886266876241464,1.6102145113046793,68022.48375280312,20.53818254914221,2.3978952727983707,0.832909122935104
19,0,2,6,4.8,2.1,2,7.0,3,0,2,9.0,85,3.4,2,1.6370062359244075,13.414325353558693,1.6102145113046793,61924.51734422166,12.526694794914107,2.302585092994046,1.1314021114911006
18,0,2,4,4.1,2.1,1,8.7,3,1,3,8.0,94,3.47,2,1.466163943905982,19.250269148910856,1.6102145113046793,81323.92171042044,13.331834670752924,2.1972245773362196,1.1314021114911006
19,1,2,4,3.8,1.9,1,7.2,2,1,1,14.0,91,3.69,2,1.384326776898207,14.061136801601103,0.8778301681657564,74486.02575307926,16.07880955652339,2.70805020110221,1.0647107369924282
24,0,1,4,4.1,1.5,1,7.2,3,1,1,18.0,84,3.71,2,1.466163943905982,14.061136801601103,1.6102145113046793,59971.57105866405,16.345293814978213,2.9444389791664403,0.9162907318741551
17,2,0,0,1.7,2.8,1,8.6,4,0,4,5.0,98,3.78,2,0.5383079872264196,18.886266876241464,2.261698926363226,91038.45997193112,17.300599455458382,1.791759469228055,1.33500106673234
18,1,2,3,7.3,0.0,1,4.7,1,1,2,22.0,67,3.71,2,2.09855491776158,6.800697609529523,0.0,32510.60102499727,16.345293814978213,3.1354942159291497,0.0
18,0,2,1,3.5,1.6,1,6.8,2,1,2,18.0,79,3.48,2,1.2961337421106984,12.778487214922173,0.8778301681657564,50789.75419132553,13.449516948333956,2.9444389791664403,0.9555114450274363
19,1,2,4,2.1,0.5,2,7.1,4,1,2,10.0,95,3.61,2,0.7570090469002981,13.736367236790857,2.261698926363226,83687.91518516612,15.041156949142636,2.3978952727983707,0.4054651081081644
18,0,2,6,3.9,2.0,1,6.4,2,1,3,11.0,84,3.46,2,1.4122647058505842,11.540249794535706,0.8778301681657564,59971.57105866405,13.21482174546893,2.4849066497880004,1.0986122886681098
19,1,0,0,5.1,0.3,1,7.3,1,0,3,15.0,82,3.93,2,1.7031011436641108,14.388618785157242,0.0,56183.26023893996,19.4686093099294,2.772588722239781,0.262364264467491
16,1,0,6,4.5,1.6,0,5.7,1,1,1,11.0,88,3.43,2,1.5668817774441797,9.483548899985696,0.0,68022.48375280312,12.867780191912736,2.4849066497880004,0.9555114450274363
17,0,0,0,10.7,0.2,0,5.2,1,1,2,32.0,57,2.14,0,2.528707315024941,8.103473238889842,0.0,20986.249109062494,2.902427299511352,3.4965075614664802,0.18232155679395465
18,0,2,0,4.1,0.9,1,6.4,2,0,1,12.0,85,3.59,2,1.466163943905982,11.540249794535706,0.8778301681657564,61924.51734422166,14.788739421516853,2.5649493574615367,0.6418538861723948
16,1,0,0,2.8,1.8,1,6.1,2,1,3,9.0,92,3.98,2,1.0587970088869507,10.641371908015127,0.8778301681657564,76723.29848149381,20.228771847318367,2.302585092994046,1.0296194171811581
20,0,2,5,2.7,2.5,1,6.5,2,0,2,10.0,92,3.94,2,1.0203866362587886,11.845587262709715,0.8778301681657564,76723.29848149381,19.619122013712897,2.3978952727983707,1.252762968495368
17,0,0,4,4.9,1.6,1,7.7,2,0,1,17.0,71,3.67,2,1.659461753676766,15.725375748712496,0.8778301681657564,38038.0056657807,15.81516883547986,2.8903717578961645,0.9555114450274363
21,0,2,1,7.6,1.3,1,6.0,1,1,2,22.0,71,3.14,1,2.1434440944290047,10.347518899102251,0.0,38038.0056657807,9.81251648426725,3.1354942159291497,0.832909122935104
16,0,0,4,3.4,1.6,0,8.0,3,0,4,18.0,91,3.59,2,1.2651404807900501,16.755717770784734,1.6102145113046793,74486.02575307926,14.788739421516853,2.9444389791664403,0.9555114450274363
17,0,0,6,2.7,1.7,1,9.1,5,0,4,1.0,98,4.0,2,1.0203866362587886,20.73130520980927,2.858956583624191,91038.45997193112,20.53818254914221,0.6931471805599453,0.9932517730102833
19,1,2,3,3.7,1.8,1,7.9,4,1,3,10.0,95,3.36,2,1.3556845124032513,16.409652657927705,2.261698926363226,83687.91518516612,12.08109121248574,2.3978952727983707,1.0296194171811581
18,0,2,0,6.1,2.0,1,5.9,2,1,4,9.0,75,3.62,2,1.8995739499976299,10.056584152579083,0.8778301681657564,44123.69453376821,15.168408451034988,2.302585092994046,1.0986122886681098
17,0,0,2,6.4,1.0,1,7.0,2,1,2,15.0,74,3.16,2,1.9525792661508234,13.414325353558693,0.8778301681657564,42548.719285856496,10.006308774393966,2.772588722239781,0.6931471805599453
19,0,2,5,2.8,1.2,1,9.5,4,0,4,4.0,97,3.16,2,1.0587970088869507,22.251851415527764,2.261698926363226,88544.86579764642,10.006308774393966,1.6094379124341003,0.7884573603642702
17,1,0,0,4.2,3.0,0,7.0,3,0,3,7.0,89,3.72,2,1.492187365993103,13.414325353558693,1.6102145113046793,70135.94297111471,16.479606987119947,2.0794415416798357,1.3862943611198906
20,1,2,3,3.9,2.0,1,7.8,3,0,2,8.0,89,3.42,2,1.4122647058505842,16.066200853784746,1.6102145113046793,70135.94297111471,12.753425783763895,2.1972245773362196,1.0986122886681098
17,1,0,0,3.2,2.1,1,8.1,3,1,2,5.0,90,3.97,2,1.2004777883442346,17.104383037428352,1.6102145113046793,72290.34860143652,20.075215768293244,1.791759469228055,1.1314021114911006
21,0,2,4,6.5,0.7,1,5.7,2,1,2,17.0,73,3.02,2,1.9697262931476014,9.483548899985696,0.8778301681657564,41009.67586813584,8.700216465863583,2.8903717578961645,0.5306282510621704
17,0,0,4,4.2,2.5,1,6.3,2,0,1,9.0,81,3.2,2,1.492187365993103,11.237755995802775,0.8778301681657564,54347.230996866165,10.401237330639699,2.302585092994046,1.252762968495368
19,0,2,4,7.4,1.7,1,5.9,1,1,3,18.0,78,3.16,2,2.113708815832555,10.056584152579083,0.0,49067.63473037756,10.006308774393966,2.9444389791664403,0.9932517730102833
20,1,2,4,14.0,2.5,0,4.4,1,1,1,30.0,43,2.97,0,2.8364774847199032,6.057450511969028,0.0,9783.04241116226,8.261775557384002,3.4339872044851463,1.252762968495368
16,0,0,4,3.2,1.5,1,8.0,3,1,2,8.0,80,3.78,2,1.2004777883442346,16.755717770784734,1.6102145113046793,52549.50742605369,17.300599455458382,2.1972245773362196,0.9162907318741551
18,0,2,4,4.0,1.1,0,8.4,3,0,3,5.0,89,3.88,2,1.4395330280586147,18.16585159714471,1.6102145113046793,70135.94297111471,18.72735011125622,1.791759469228055,0.7419373447293773
20,1,2,6,2.3,1.6,1,7.4,3,0,1,10.0,84,3.78,2,0.8519347810161471,14.718798218821261,1.6102145113046793,59971.57105866405,17.300599455458382,2.3978952727983707,0.9555114450274363
22,2,1,0,2.7,3.0,1,6.7,2,0,3,8.0,84,3.2,2,1.0203866362587886,12.464723049102489,0.8778301681657564,59971.57105866405,10.401237330639699,2.1972245773362196,1.3862943611198906
16,0,0,4,10.2,2.3,1,5.5,1,1,3,19.0,55,2.81,1,2.4743831724778294,8.92242992355568,0.0,19051.54466123719,6.954155242313397,2.995732273553991,1.1939224684724346
17,1,0,4,10.3,0.9,1,5.7,2,1,4,25.0,58,2.92,1,2.4854465759314417,9.483548899985696,0.8778301681657564,21998.22133107918,7.837703446786447,3.258096538021482,0.6418538861723948
20,0,2,4,3.4,1.8,0,6.5,3,0,3,19.0,84,3.2,2,1.2651404807900501,11.845587262709715,1.6102145113046793,59971.57105866405,10.401237330639699,2.995732273553991,1.0296194171811581
16,0,0,0,5.5,0.9,0,7.3,3,1,3,17.0,81,4.0,2,1.7857252215541248,14.388618785157242,1.6102145113046793,54347.230996866165,20.53818254914221,2.8903717578961645,0.6418538861723948
20,1,2,0,5.6,2.0,1,6.8,3,1,2,15.0,82,3.51,2,1.8054918230589363,12.778487214922173,1.6102145113046793,56183.26023893996,13.806598784091944,2.772588722239781,1.0986122886681098
20,0,2,6,4.5,0.8,1,7.0,3,1,1,11.0,96,3.33,2,1.5668817774441797,13.414325353558693,1.6102145113046793,86094.79021322812,11.7537050835968,2.4849066497880004,0.5877866649021191
18,0,2,0,4.3,1.0,2,5.6,2,0,2,13.0,79,3.41,2,1.5176311317383155,9.201489326998276,0.8778301681657564,50789.75419132553,12.639731281317893,2.6390573296152584,0.6931471805599453
19,0,2,3,10.8,3.0,1,4.1,1,1,3,25.0,63,2.82,1,2.539283315287256,5.343953906546689,0.0,27519.02697404476,7.031717803560084,3.258096538021482,1.3862943611198906
16,0,0,0,3.5,1.5,1,7.6,3,0,4,15.0,89,3.46,2,1.2961337421106984,15.387190975810833,1.6102145113046793,70135.94297111471,13.21482174546893,2.772588722239781,0.9162907318741551
20,1,2,6,4.1,1.6,0,8.2,2,0,1,3.0,85,3.94,2,1.466163943905982,17.455635531354325,0.8778301681657564,61924.51734422166,19.619122013712897,1.3862943611198906,0.9555114450274363
17,0,0,0,2.6,3.1,0,8.6,2,1,2,1.0,83,4.0,2,0.9806061985963926,18.886266876241464,0.8778301681657564,58057.92927986961,20.53818254914221,0.6931471805599453,1.410986973710262
18,0,2,6,2.1,2.0,1,6.8,3,1,3,11.0,88,3.8,2,0.7570090469002981,12.778487214922173,1.6102145113046793,68022.48375280312,17.58006637427118,2.4849066497880004,1.0986122886681098
20,1,2,0,6.1,1.9,1,6.7,1,0,3,16.0,77,2.74,2,1.8995739499976299,12.464723049102489,0.0,47382.81123366814,6.426354611099438,2.833213344056216,1.0647107369924282
18,0,2,0,3.1,1.3,1,7.5,2,1,2,10.0,82,3.83,2,1.1666987907776478,15.05166041856306,0.8778301681657564,56183.26023893996,18.00475869836222,2.3978952727983707,0.832909122935104
19,2,2,0,8.9,0.9,0,5.3,1,1,2,18.0,65,2.82,1,2.320387654485076,8.3733992567368,0.0,29949.25362327995,7.031717803560084,2.9444389791664403,0.6418538861723948
18,1,2,4,2.6,2.0,0,6.7,2,0,3,10.0,81,3.27,2,0.9806061985963926,12.464723049102489,0.8778301681657564,54347.230996866165,11.116239925597819,2.3978952727983707,1.0986122886681098
17,1,0,4,7.5,1.9,1,6.1,3,1,1,20.0,77,3.23,2,2.1286702202484076,10.641371908015127,1.6102145113046793,47382.81123366814,10.703919338092492,3.044522437723423,1.0647107369924282
18,1,2,6,5.8,2.3,0,6.8,3,1,3,10.0,82,3.46,2,1.8440428632175376,12.778487214922173,1.6102145113046793,56183.26023893996,13.21482174546893,2.3978952727983707,1.1939224684724346
26,0,2,6,3.6,1.2,1,7.5,3,0,4,10.0,90,3.97,2,1.3263003819268158,15.05166041856306,1.6102145113046793,72290.34860143652,20.075215768293244,2.3978952727983707,0.7884573603642702
21,2,2,4,4.3,2.4,1,7.0,4,0,1,13.0,87,3.61,2,1.5176311317383155,13.414325353558693,2.261698926363226,65949.64476800284,15.041156949142636,2.6390573296152584,1.2237754316221157
20,0,2,4,4.4,2.9,1,7.4,3,0,1,15.0,83,3.74,2,1.5425211917840917,14.718798218821261,1.6102145113046793,58057.92927986961,16.750384849080206,2.772588722239781,1.3609765531356006
17,1,0,3,1.5,2.2,2,7.7,3,0,3,8.0,94,3.96,2,0.4099390405603449,15.725375748712496,1.6102145113046793,81323.92171042044,19.922423358919016,2.1972245773362196,1.1631508098056809
17,1,0,6,8.7,2.5,1,5.2,1,1,4,24.0,60,2.87,1,2.294825646767686,8.103473238889842,0.0,24113.25572387178,7.4277632011547565,3.2188758248682006,1.252762968495368
19,0,2,0,4.2,1.2,0,7.2,2,0,2,17.0,93,3.84,2,1.492187365993103,14.061136801601103,0.8778301681657564,79002.48980321265,18.147794866724794,2.8903717578961645,0.7884573603642702
20,1,2,4,6.7,0.9,1,5.8,2,1,1,15.0,73,3.14,2,2.003284337102433,9.76858741311186,0.8778301681657564,41009.67586813584,9.81251648426725,2.772588722239781,0.6418538861723948
17,1,0,3,6.0,1.7,1,5.7,2,1,1,21.0,73,3.23,2,1.8813563150191603,9.483548899985696,0.8778301681657564,41009.67586813584,10.703919338092492,3.091042453358316,0.9932517730102833
19,0,2,6,4.9,0.4,0,7.3,4,1,4,9.0,93,3.57,2,1.659461753676766,14.388618785157242,2.261698926363226,79002.48980321265,14.5390899446019,2.302585092994046,0.33647223662121295
18,0,2,4,5.5,1.4,1,5.9,1,1,1,18.0,75,3.37,2,1.7857252215541248,10.056584152579083,0.0,44123.69453376821,12.19151453362671,2.9444389791664403,0.8754687373538999
18,0,2,4,4.2,1.4,1,7.6,3,1,4,9.0,86,3.61,2,1.492187365993103,15.387190975810833,1.6102145113046793,63917.09875329975,15.041156949142636,2.302585092994046,0.8754687373538999
18,1,2,1,2.8,1.8,1,8.6,4,1,2,7.0,98,3.77,2,1.0587970088869507,18.886266876241464,2.261698926363226,91038.45997193112,17.161958728612845,2.0794415416798357,1.0296194171811581
17,0,0,3,2.9,1.9,1,8.5,5,0,1,11.0,98,2.95,2,1.095930983777979,18.524790399056656,2.858956583624191,91038.45997193112,8.090435723777606,2.4849066497880004,1.0647107369924282
17,0,0,4,6.9,1.1,1,4.7,1,1,3,18.0,70,3.39,2,2.0359078246346916,6.800697609529523,0.0,36604.68597434723,12.41431443477717,2.9444389791664403,0.7419373447293773
17,1,0,0,1.8,1.0,1,7.9,4,0,0,6.0,97,4.0,2,0.5972197629867352,16.409652657927705,2.261698926363226,88544.86579764642,20.53818254914221,1.9459101490553132,0.6931471805599453
20,0,2,6,8.1,3.8,1,5.6,1,1,4,23.0,72,2.72,1,2.2146613748949004,9.201489326998276,0.0,39506.21991155572,6.280363055682415,3.1780538303479458,1.5686159179138452
19,1,2,5,2.1,2.0,0,7.6,3,1,1,6.0,98,3.94,2,0.7570090469002981,15.387190975810833,1.6102145113046793,91038.45997193112,19.619122013712897,1.9459101490553132,1.0986122886681098
17,0,0,4,11.5,2.2,1,4.8,1,1,4,23.0,53,2.94,1,2.610821648190186,7.054921429048166,0.0,17233.337875033176,8.005623197120133,3.1780538303479458,1.1631508098056809
19,1,2,0,2.4,1.6,1,7.9,4,0,4,12.0,95,3.37,2,0.8965046417701628,16.409652657927705,2.261698926363226,83687.91518516612,12.19151453362671,2.5649493574615367,0.9555114450274363
18,0,2,0,8.0,0.6,1,5.8,2,1,3,19.0,62,3.46,1,2.2007570648755084,9.76858741311186,0.8778301681657564,26352.188477075142,13.21482174546893,2.995732273553991,0.4700036292457356
20,1,2,0,5.9,2.8,1,7.7,3,1,1,10.0,94,3.71,2,1.8628491617376208,15.725375748712496,1.6102145113046793,81323.92171042044,16.345293814978213,2.3978952727983707,1.33500106673234
19,0,0,0,7.5,1.9,1,5.9,2,1,1,13.0,82,2.91,2,2.1286702202484076,10.056584152579083,0.8778301681657564,56183.26023893996,7.7545924317854675,2.6390573296152584,1.0647107369924282
19,0,2,0,4.2,1.7,1,6.6,3,1,2,5.0,88,3.91,2,1.492187365993103,12.15375076672696,1.6102145113046793,68022.48375280312,19.169850419380406,1.791759469228055,0.9932517730102833
17,0,0,5,1.9,1.6,1,7.9,3,0,3,8.0,93,3.82,2,0.6531132144998397,16.409652657927705,1.6102145113046793,79002.48980321265,17.862459817003035,2.1972245773362196,0.9555114450274363
18,0,2,4,3.4,1.2,0,8.1,3,0,2,4.0,94,3.8,2,1.2651404807900501,17.104383037428352,1.6102145113046793,81323.92171042044,17.58006637427118,1.6094379124341003,0.7884573603642702
19,1,2,6,3.2,0.8,1,6.5,2,1,3,10.0,87,3.51,2,1.2004777883442346,11.845587262709715,0.8778301681657564,65949.64476800284,13.806598784091944,2.3978952727983707,0.5877866649021191
18,0,2,2,3.8,2.1,1,6.7,3,0,2,18.0,70,3.56,2,1.384326776898207,12.464723049102489,1.6102145113046793,36604.68597434723,14.415298505689877,2.9444389791664403,1.1314021114911006
19,1,2,4,5.4,1.5,1,7.2,4,1,3,18.0,73,3.85,2,1.7656156766986153,14.061136801601103,2.261698926363226,41009.67586813584,18.291570207219255,2.9444389791664403,0.9162907318741551
16,1,0,6,4.8,2.2,1,4.6,2,1,3,24.0,69,3.19,1,1.6370062359244075,6.549692444201377,0.8778301681657564,35205.91224901557,10.301582463218029,3.2188758248682006,1.1631508098056809
22,0,1,3,3.5,1.5,1,7.5,3,0,0,8.0,96,3.48,2,1.2961337421106984,15.05166041856306,1.6102145113046793,86094.79021322812,13.449516948333956,2.1972245773362196,0.9162907318741551
19,0,2,3,3.5,2.5,1,7.5,3,0,3,8.0,83,3.78,2,1.2961337421106984,15.05166041856306,1.6102145113046793,58057.92927986961,17.300599455458382,2.1972245773362196,1.252762968495368
19,0,0,6,4.2,1.9,0,6.9,2,0,4,16.0,78,3.46,2,1.492187365993103,13.095026718981076,0.8778301681657564,49067.63473037756,13.21482174546893,2.833213344056216,1.0647107369924282
19,1,2,4,3.5,1.7,1,7.8,3,1,4,15.0,90,3.81,2,1.2961337421106984,16.066200853784746,1.6102145113046793,72290.34860143652,17.720896337416892,2.772588722239781,0.9932517730102833
18,1,2,6,1.5,2.7,0,7.7,4,0,3,8.0,97,3.33,2,0.4099390405603449,15.725375748712496,2.261698926363226,88544.86579764642,11.7537050835968,2.1972245773362196,1.308332819650179
18,0,2,0,8.1,1.7,1,4.7,1,1,3,20.0,63,3.02,1,2.2146613748949004,6.800697609529523,0.0,27519.02697404476,8.700216465863583,3.044522437723423,0.9932517730102833
20,0,2,6,6.2,1.9,1,6.7,3,1,3,16.0,81,3.13,2,1.9175112322134875,12.464723049102489,1.6102145113046793,54347.230996866165,9.716531711647102,2.833213344056216,1.0647107369924282
18,0,2,6,5.5,1.7,1,7.2,3,0,2,16.0,80,2.68,2,1.7857252215541248,14.061136801601103,1.6102145113046793,52549.50742605369,5.994692731477807,2.833213344056216,0.9932517730102833
19,1,2,0,4.1,2.8,1,8.7,4,1,3,16.0,81,3.82,2,1.466163943905982,19.250269148910856,2.261698926363226,54347.230996866165,17.862459817003035,2.833213344056216,1.33500106673234
18,0,2,4,9.8,0.6,0,5.7,1,1,1,19.0,74,3.21,2,2.4290784648391797,9.483548899985696,0.0,42548.719285856496,10.501510504182985,2.995732273553991,0.4700036292457356
22,1,1,4,3.3,2.0,2,8.0,3,1,1,10.0,95,3.31,2,1.2332726085820729,16.755717770784734,1.6102145113046793,83687.91518516612,11.53866528811148,2.3978952727983707,1.0986122886681098
22,0,1,0,11.2,2.6,0,5.7,1,1,3,28.0,65,2.82,1,2.5806811705994916,9.483548899985696,0.0,29949.25362327995,7.031717803560084,3.367295829986474,1.2809338454620642
17,1,0,6,4.5,2.5,1,7.0,2,1,2,4.0,85,3.71,2,1.5668817774441797,13.414325353558693,0.8778301681657564,61924.51734422166,16.345293814978213,1.6094379124341003,1.252762968495368
16,0,0,4,7.2,2.6,0,6.7,2,1,2,14.0,81,3.55,2,2.0832033609937755,12.464723049102489,0.8778301681657564,54347.230996866165,14.292193415871623,2.70805020110221,1.2809338454620642
18,0,2,0,4.4,1.3,1,7.7,3,0,1,3.0,86,3.29,2,1.5425211917840917,15.725375748712496,1.6102145113046793,63917.09875329975,11.326181944781949,1.3862943611198906,0.832909122935104
18,1,2,3,4.4,1.1,1,7.0,3,1,2,7.0,81,3.79,2,1.5425211917840917,13.414325353558693,1.6102145113046793,54347.230996866165,17.43996804213093,2.0794415416798357,0.7419373447293773
20,1,2,0,10.0,2.7,1,4.3,1,1,1,25.0,58,2.66,1,2.4519451177756233,5.81627216727231,0.0,21998.22133107918,5.854983580710072,3.258096538021482,1.308332819650179
19,0,2,4,2.5,2.0,1,6.8,3,0,1,5.0,80,3.47,2,0.9393512133898587,12.778487214922173,1.6102145113046793,52549.50742605369,13.331834670752924,1.791759469228055,1.0986122886681098
16,0,0,0,4.8,1.7,1,7.3,2,0,1,10.0,87,3.67,2,1.6370062359244075,14.388618785157242,0.8778301681657564,65949.64476800284,15.81516883547986,2.3978952727983707,0.9932517730102833
18,3,2,4,1.6,1.2,1,7.3,4,0,3,10.0,94,3.28,2,0.4760221763172826,14.388618785157242,2.261698926363226,81323.92171042044,11.220894215246592,2.3978952727983707,0.7884573603642702
18,0,2,0,2.0,2.0,1,9.4,4,0,2,1.0,98,4.0,2,0.7062901854968463,21.8680484661252,2.261698926363226,91038.45997193112,20.53818254914221,0.6931471805599453,1.0986122886681098
16,0,0,4,4.8,1.7,1,6.5,2,0,4,13.0,80,3.52,2,1.6370062359244075,11.845587262709715,0.8778301681657564,52549.50742605369,13.926977359533225,2.6390573296152584,0.9932517730102833
17,1,0,4,4.3,0.8,1,5.5,1,1,1,16.0,79,3.26,2,1.5176311317383155,8.92242992355568,0.0,50789.75419132553,11.012217184536736,2.833213344056216,0.5877866649021191
19,0,2,4,5.7,2.8,1,6.3,2,1,2,12.0,84,3.04,2,1.8249272994757757,11.237755995802775,0.8778301681657564,59971.57105866405,8.879669149882293,2.5649493574615367,1.33500106673234
20,0,2,6,3.2,2.2,1,6.6,2,0,1,10.0,88,4.0,2,1.2004777883442346,12.15375076672696,0.8778301681657564,68022.48375280312,20.53818254914221,2.3978952727983707,1.1631508098056809
19,0,2,4,3.6,1.3,1,6.8,2,0,2,0.0,87,3.84,2,1.3263003819268158,12.778487214922173,0.8778301681657564,65949.64476800284,18.147794866724794,0.0,0.832909122935104
18,1,2,0,14.0,2.0,1,4.5,1,1,2,25.0,53,2.55,1,2.8364774847199032,6.301933826278156,0.0,17233.337875033176,5.123065242759989,3.258096538021482,1.0986122886681098
18,1,0,0,2.2,1.0,1,7.4,4,0,3,10.0,83,3.73,2,0.8054926939148117,14.718798218821261,2.261698926363226,58057.92927986961,16.614636703065745,2.3978952727983707,0.6931471805599453
19,1,2,2,7.2,2.5,1,6.5,2,1,3,15.0,75,2.93,2,2.0832033609937755,11.845587262709715,0.8778301681657564,44123.69453376821,7.921379736654888,2.772588722239781,1.252762968495368
24,0,1,1,3.4,2.2,1,7.5,4,0,3,12.0,80,4.0,2,1.2651404807900501,15.05166041856306,2.261698926363226,52549.50742605369,20.53818254914221,2.5649493574615367,1.1631508098056809
19,1,2,0,4.6,3.4,2,6.3,3,0,4,9.0,87,3.34,2,1.5907355499331142,11.237755995802775,1.6102145113046793,65949.64476800284,11.862188377883385,2.302585092994046,1.4816045409242156
17,1,0,0,8.1,1.5,1,6.2,2,1,3,16.0,80,3.13,2,2.2146613748949004,10.938123890491681,0.8778301681657564,52549.50742605369,9.716531711647102,2.833213344056216,0.9162907318741551
20,1,2,4,5.9,2.0,1,7.4,3,0,2,12.0,85,3.61,2,1.8628491617376208,14.718798218821261,1.6102145113046793,61924.51734422166,15.041156949142636,2.5649493574615367,1.0986122886681098
17,1,0,4,2.8,2.5,1,7.8,3,0,4,7.0,93,3.96,2,1.0587970088869507,16.066200853784746,1.6102145113046793,79002.48980321265,19.922423358919016,2.0794415416798357,1.252762968495368
21,1,2,4,3.8,0.6,0,5.8,3,0,2,15.0,80,2.96,2,1.384326776898207,9.76858741311186,1.6102145113046793,52549.50742605369,8.175819212089252,2.772588722239781,0.4700036292457356
17,0,0,4,8.8,2.7,1,3.4,1,1,0,30.0,54,2.74,0,2.307675347857402,3.799808682923572,0.0,18128.066722063846,6.426354611099438,3.4339872044851463,1.308332819650179
15,1,0,0,3.3,1.8,1,6.9,2,0,2,13.0,82,3.87,2,1.2332726085820729,13.095026718981076,0.8778301681657564,56183.26023893996,18.58134594461001,2.6390573296152584,1.0296194171811581
18,0,2,0,9.2,2.6,1,4.9,1,1,2,18.0,60,3.21,1,2.3577296084820363,7.3123368290812865,0.0,24113.25572387178,10.501510504182985,2.9444389791664403,1.2809338454620642
21,1,2,1,10.2,1.2,1,4.1,1,1,3,27.0,56,3.22,1,2.4743831724778294,5.343953906546689,0.0,20004.147513716616,10.602403875992923,3.332204510175204,0.7884573603642702
19,1,2,2,5.9,1.9,1,7.2,3,1,1,14.0,86,2.92,2,1.8628491617376208,14.061136801601103,1.6102145113046793,63917.09875329975,7.837703446786447,2.70805020110221,1.0647107369924282
18,1,2,3,5.4,1.5,1,6.2,4,1,1,9.0,83,2.99,2,1.7656156766986153,10.938123890491681,2.261698926363226,58057.92927986961,8.435414399576228,2.302585092994046,0.9162907318741551
19,1,2,0,2.1,2.2,1,8.6,4,1,1,4.0,98,3.72,2,0.7570090469002981,18.886266876241464,2.261698926363226,91038.45997193112,16.479606987119947,1.6094379124341003,1.1631508098056809
21,0,2,0,3.6,2.2,0,7.4,3,0,3,7.0,95,3.69,2,1.3263003819268158,14.718798218821261,1.6102145113046793,83687.91518516612,16.07880955652339,2.0794415416798357,1.1631508098056809
19,1,2,0,6.5,1.4,1,6.1,1,1,2,16.0,70,2.85,2,1.9697262931476014,10.641371908015127,0.0,36604.68597434723,7.267690936157112,2.833213344056216,0.8754687373538999
18,1,2,4,11.6,1.6,1,4.3,1,1,4,23.0,45,2.7,1,2.620703352487409,5.81627216727231,0.0,11064.678764162616,6.136480825750305,3.1780538303479458,0.9555114450274363
19,1,2,6,4.7,3.0,1,6.1,2,1,2,8.0,77,3.27,2,1.6141037337096489,10.641371908015127,0.8778301681657564,47382.81123366814,11.116239925597819,2.1972245773362196,1.3862943611198906
18,1,0,0,4.5,1.9,1,7.1,3,0,2,14.0,84,3.68,2,1.5668817774441797,13.736367236790857,1.6102145113046793,59971.57105866405,15.946634697155112,2.70805020110221,1.0647107369924282
19,0,2,4,2.5,0.9,1,8.5,4,0,3,7.0,87,3.54,2,0.9393512133898587,18.524790399056656,2.261698926363226,65949.64476800284,14.169772787057607,2.0794415416798357,0.6418538861723948
20,1,2,4,2.9,1.3,1,7.5,3,1,2,7.0,91,4.0,2,1.095930983777979,15.05166041856306,1.6102145113046793,74486.02575307926,20.53818254914221,2.0794415416798357,0.832909122935104
15,1,0,0,2.5,2.2,0,6.3,3,0,2,6.0,91,3.66,2,0.9393512133898587,11.237755995802775,1.6102145113046793,74486.02575307926,15.684410084705304,1.9459101490553132,1.1631508098056809
18,0,2,5,5.1,2.1,1,4.9,1,1,2,21.0,61,2.85,1,1.7031011436641108,7.3123368290812865,0.0,25217.052320963478,7.267690936157112,3.091042453358316,1.1314021114911006
19,0,2,6,4.2,1.8,1,6.7,2,1,3,16.0,82,3.47,2,1.492187365993103,12.464723049102489,0.8778301681657564,56183.26023893996,13.331834670752924,2.833213344056216,1.0296194171811581
18,0,2,6,4.5,1.8,1,7.6,3,0,4,12.0,83,3.65,2,1.5668817774441797,15.387190975810833,1.6102145113046793,58057.92927986961,15.554356557932616,2.5649493574615367,1.0296194171811581
21,1,2,6,4.8,2.5,1,6.1,2,0,1,8.0,87,2.99,2,1.6370062359244075,10.641371908015127,0.8778301681657564,65949.64476800284,8.435414399576228,2.1972245773362196,1.252762968495368
18,0,2,4,5.2,1.8,1,8.1,3,0,3,14.0,71,3.88,2,1.7243171824127188,17.104383037428352,1.6102145113046793,38038.0056657807,18.72735011125622,2.70805020110221,1.0296194171811581
21,0,2,4,6.0,2.1,1,7.2,2,0,2,13.0,76,3.11,2,1.8813563150191603,14.061136801601103,0.8778301681657564,45734.94462371378,9.52637544624165,2.6390573296152584,1.1314021114911006
19,1,2,0,3.2,1.5,1,7.2,2,0,2,6.0,89,3.46,2,1.2004777883442346,14.061136801601103,0.8778301681657564,70135.94297111471,13.21482174546893,1.9459101490553132,0.9162907318741551
18,1,2,6,14.0,1.0,1,3.2,1,1,2,40.0,37,2.58,0,2.8364774847199032,3.3910086472942322,0.0,6512.330032231414,5.3166324870540365,3.713572066704308,0.6931471805599453
21,0,2,6,3.7,1.6,1,7.0,3,0,2,13.0,96,3.62,2,1.3556845124032513,13.414325353558693,1.6102145113046793,86094.79021322812,15.168408451034988,2.6390573296152584,0.9555114450274363
21,1,2,4,5.2,1.9,1,7.2,3,1,4,7.0,77,3.53,2,1.7243171824127188,14.061136801601103,1.6102145113046793,47382.81123366814,14.048034731048165,2.0794415416798357,1.0647107369924282
17,0,0,2,2.5,2.6,1,7.5,3,1,1,5.0,98,4.0,2,0.9393512133898587,15.05166041856306,1.6102145113046793,91038.45997193112,20.53818254914221,1.791759469228055,1.2809338454620642
21,1,2,6,7.2,1.2,1,5.7,2,0,3,15.0,72,3.36,2,2.0832033609937755,9.483548899985696,0.8778301681657564,39506.21991155572,12.08109121248574,2.772588722239781,0.7884573603642702
18,1,2,0,5.4,1.5,1,7.0,2,1,3,13.0,92,3.33,2,1.7656156766986153,13.414325353558693,0.8778301681657564,76723.29848149381,11.7537050835968,2.6390573296152584,0.9162907318741551
18,1,2,4,11.2,1.6,1,4.5,1,0,2,28.0,60,2.74,1,2.5806811705994916,6.301933826278156,0.0,24113.25572387178,6.426354611099438,3.367295829986474,0.9555114450274363
17,0,0,1,5.8,1.7,1,6.8,2,1,2,8.0,83,3.76,2,1.8440428632175376,12.778487214922173,0.8778301681657564,58057.92927986961,17.024043975850308,2.1972245773362196,0.9932517730102833
17,0,0,4,6.4,2.7,1,6.8,3,1,2,20.0,74,3.37,2,1.9525792661508234,12.778487214922173,1.6102145113046793,42548.719285856496,12.19151453362671,3.044522437723423,1.308332819650179
18,1,2,5,3.0,1.3,1,6.4,2,1,1,13.0,98,3.7,2,1.1318728617817535,11.540249794535706,0.8778301681657564,91038.45997193112,16.211695300270975,2.6390573296152584,0.832909122935104
18,0,2,5,4.1,1.5,1,7.6,3,1,1,15.0,85,3.67,2,1.466163943905982,15.387190975810833,1.6102145113046793,61924.51734422166,15.81516883547986,2.772588722239781,0.9162907318741551
16,1,0,0,3.2,1.5,0,8.0,3,1,2,16.0,90,3.69,2,1.2004777883442346,16.755717770784734,1.6102145113046793,72290.34860143652,16.07880955652339,2.833213344056216,0.9162907318741551
21,1,2,0,2.8,1.5,1,7.2,4,0,1,10.0,93,3.92,2,1.0587970088869507,14.061136801601103,2.261698926363226,79002.48980321265,19.31885273989304,2.3978952727983707,0.9162907318741551
16,1,0,3,13.1,3.0,0,4.4,1,0,2,28.0,54,2.81,1,2.7599867274701824,6.057450511969028,0.0,18128.066722063846,6.954155242313397,3.367295829986474,1.3862943611198906
19,1,2,5,8.6,1.9,1,4.8,1,0,1,14.0,63,3.14,2,2.2818354611447473,7.054921429048166,0.0,27519.02697404476,9.81251648426725,2.70805020110221,1.0647107369924282
17,1,0,2,4.5,2.5,0,6.3,3,1,2,4.0,81,3.53,2,1.5668817774441797,11.237755995802775,1.6102145113046793,54347.230996866165,14.048034731048165,1.6094379124341003,1.252762968495368
20,0,2,0,5.6,1.4,1,7.1,2,1,2,14.0,70,3.33,2,1.8054918230589363,13.736367236790857,0.8778301681657564,36604.68597434723,11.7537050835968,2.70805020110221,0.8754687373538999
18,0,2,3,6.2,1.0,1,5.5,1,1,3,19.0,63,3.49,2,1.9175112322134875,8.92242992355568,0.0,27519.02697404476,13.567870467191462,2.995732273553991,0.6931471805599453
20,0,2,6,6.2,1.2,1,6.3,2,0,1,16.0,91,2.9,2,1.9175112322134875,11.237755995802775,0.8778301681657564,74486.02575307926,7.672044795788171,2.833213344056216,0.7884573603642702
19,1,2,6,5.1,3.2,0,7.7,3,1,1,12.0,88,3.2,2,1.7031011436641108,15.725375748712496,1.6102145113046793,68022.48375280312,10.401237330639699,2.5649493574615367,1.4350845252893227
20,0,2,0,6.3,1.6,2,7.5,3,1,2,17.0,74,4.0,2,1.9351768949585346,15.05166041856306,1.6102145113046793,42548.719285856496,20.53818254914221,2.8903717578961645,0.9555114450274363
17,1,0,6,3.6,1.5,1,7.6,3,0,1,4.0,98,4.0,2,1.3263003819268158,15.387190975810833,1.6102145113046793,91038.45997193112,20.53818254914221,1.6094379124341003,0.9162907318741551
20,0,2,1,8.8,1.9,1,4.9,1,1,2,27.0,61,2.59,1,2.307675347857402,7.3123368290812865,0.0,25217.052320963478,5.382153841105391,3.332204510175204,1.0647107369924282
15,1,0,6,9.9,1.2,0,3.3,1,1,4,31.0,44,2.47,0,2.440566416418899,3.5935539872760787,0.0,10411.425745453509,4.628527984535003,3.4657359027997265,0.7884573603642702
20,0,2,4,5.6,2.5,1,8.2,3,1,2,17.0,81,2.96,2,1.8054918230589363,17.455635531354325,1.6102145113046793,54347.230996866165,8.175819212089252,2.8903717578961645,1.252762968495368
18,0,2,0,3.9,2.2,1,7.2,3,0,2,12.0,79,3.25,2,1.4122647058505842,14.061136801601103,1.6102145113046793,50789.75419132553,10.90882410064474,2.5649493574615367,1.1631508098056809
17,0,0,3,3.1,2.7,1,8.9,4,0,2,3.0,95,4.0,2,1.1666987907776478,19.985804516313625,2.261698926363226,83687.91518516612,20.53818254914221,1.3862943611198906,1.308332819650179
25,0,1,3,9.8,0.7,1,5.1,1,0,1,15.0,60,3.61,2,2.4290784648391797,7.836637933925062,0.0,24113.25572387178,15.041156949142636,2.772588722239781,0.5306282510621704
19,0,2,0,6.1,1.5,1,7.5,2,1,3,13.0,81,3.36,2,1.8995739499976299,15.05166041856306,0.8778301681657564,54347.230996866165,12.08109121248574,2.6390573296152584,0.9162907318741551
16,0,0,2,7.3,1.3,1,6.2,2,1,4,20.0,72,3.07,1,2.09855491776158,10.938123890491681,0.8778301681657564,39506.21991155572,9.153263022572325,3.044522437723423,0.832909122935104
19,0,2,0,3.8,1.2,0,8.6,5,1,2,0.0,93,4.0,2,1.384326776898207,18.886266876241464,2.858956583624191,79002.48980321265,20.53818254914221,0.0,0.7884573603642702
18,1,2,0,2.0,1.4,1,7.3,4,1,4,16.0,95,3.75,2,0.7062901854968463,14.388618785157242,2.261698926363226,83687.91518516612,16.88685331132323,2.833213344056216,0.8754687373538999
18,0,2,4,4.7,1.7,1,8.0,3,1,2,15.0,84,3.33,2,1.6141037337096489,16.755717770784734,1.6102145113046793,59971.57105866405,11.7537050835968,2.772588722239781,0.9932517730102833
20,0,2,4,5.7,3.2,1,7.5,3,0,1,9.0,82,3.93,2,1.8249272994757757,15.05166041856306,1.6102145113046793,56183.26023893996,19.4686093099294,2.302585092994046,1.4350845252893227
20,1,2,0,6.1,1.9,1,7.6,3,1,3,14.0,79,3.65,2,1.8995739499976299,15.387190975810833,1.6102145113046793,50789.75419132553,15.554356557932616,2.70805020110221,1.0647107369924282
20,0,2,4,9.3,1.2,1,5.3,1,1,2,24.0,61,2.93,1,2.36992126816704,8.3733992567368,0.0,25217.052320963478,7.921379736654888,3.2188758248682006,0.7884573603642702
18,0,2,6,1.6,2.1,2,7.9,3,0,4,12.0,98,3.56,2,0.4760221763172826,16.409652657927705,1.6102145113046793,91038.45997193112,14.415298505689877,2.5649493574615367,1.1314021114911006
20,1,2,0,2.8,2.3,1,7.7,3,1,3,13.0,87,3.83,2,1.0587970088869507,15.725375748712496,1.6102145113046793,65949.64476800284,18.00475869836222,2.6390573296152584,1.1939224684724346
18,0,0,5,6.2,1.1,1,5.8,2,1,0,13.0,76,3.1,2,1.9175112322134875,9.76858741311186,0.8778301681657564,45734.94462371378,9.43220016705984,2.6390573296152584,0.7419373447293773
20,1,2,4,7.5,2.1,1,5.3,1,0,2,19.0,73,2.83,1,2.1286702202484076,8.3733992567368,0.0,41009.67586813584,7.10982667490936,2.995732273553991,1.1314021114911006
20,1,2,3,3.4,1.2,1,4.9,2,0,0,14.0,66,3.97,2,1.2651404807900501,7.3123368290812865,0.8778301681657564,31213.358948090136,20.075215768293244,2.70805020110221,0.7884573603642702
16,1,0,6,6.2,1.0,1,7.2,4,1,2,18.0,80,3.54,2,1.9175112322134875,14.061136801601103,2.261698926363226,52549.50742605369,14.169772787057607,2.9444389791664403,0.6931471805599453
18,0,2,2,4.2,2.3,1,6.3,3,1,1,10.0,82,3.45,2,1.492187365993103,11.237755995802775,1.6102145113046793,56183.26023893996,13.098476283389891,2.3978952727983707,1.1939224684724346
23,0,1,6,5.3,2.4,1,5.1,1,0,3,13.0,59,3.52,2,1.7451507197105387,7.836637933925062,0.0,23040.434161822523,13.926977359533225,2.6390573296152584,1.2237754316221157
19,1,2,6,4.6,2.5,1,6.2,3,1,2,12.0,90,3.35,2,1.5907355499331142,10.938123890491681,1.6102145113046793,72290.34860143652,11.971316457356032,2.5649493574615367,1.252762968495368
18,0,2,6,8.0,1.9,1,6.2,1,1,3,22.0,67,2.85,1,2.2007570648755084,10.938123890491681,0.0,32510.60102499727,7.267690936157112,3.1354942159291497,1.0647107369924282
18,1,2,0,5.1,1.5,1,6.8,3,1,3,4.0,96,3.75,2,1.7031011436641108,12.778487214922173,1.6102145113046793,86094.79021322812,16.88685331132323,1.6094379124341003,0.9162907318741551
18,1,2,4,2.5,2.4,1,8.6,4,0,2,4.0,97,3.96,2,0.9393512133898587,18.886266876241464,2.261698926363226,88544.86579764642,19.922423358919016,1.6094379124341003,1.2237754316221157
17,0,0,4,9.8,2.6,1,5.5,1,1,3,28.0,55,2.88,1,2.4290784648391797,8.92242992355568,0.0,19051.54466123719,7.508632076674728,3.367295829986474,1.2809338454620642
20,1,2,4,10.3,2.4,1,6.2,1,0,2,26.0,64,2.61,1,2.4854465759314417,10.938123890491681,0.0,28717.928887801263,5.514706361878341,3.295836866004329,1.2237754316221157
22,0,1,4,3.6,1.9,0,6.8,2,0,2,13.0,89,3.73,2,1.3263003819268158,12.778487214922173,0.8778301681657564,70135.94297111471,16.614636703065745,2.6390573296152584,1.0647107369924282
20,0,2,0,3.7,1.7,1,7.8,4,0,4,11.0,88,3.51,2,1.3556845124032513,16.066200853784746,2.261698926363226,68022.48375280312,13.806598784091944,2.4849066497880004,0.9932517730102833
16,1,0,2,8.8,2.3,1,5.0,2,1,2,14.0,66,3.34,2,2.307675347857402,7.5729175150710875,0.8778301681657564,31213.358948090136,11.862188377883385,2.70805020110221,1.1939224684724346
16,0,0,3,4.6,1.6,1,7.6,3,0,1,12.0,93,3.35,2,1.5907355499331142,15.387190975810833,1.6102145113046793,79002.48980321265,11.971316457356032,2.5649493574615367,0.9555114450274363
20,2,2,4,7.0,1.7,1,5.7,1,1,4,16.0,75,3.34,2,2.0518855355680303,9.483548899985696,0.0,44123.69453376821,11.862188377883385,2.833213344056216,0.9932517730102833
21,0,0,0,6.5,1.3,1,5.6,2,1,1,19.0,70,3.26,2,1.9697262931476014,9.201489326998276,0.8778301681657564,36604.68597434723,11.012217184536736,2.995732273553991,0.832909122935104
18,1,2,0,6.8,1.2,0,5.3,2,1,3,16.0,66,2.97,1,2.019709544031315,8.3733992567368,0.8778301681657564,31213.358948090136,8.261775557384002,2.833213344056216,0.7884573603642702
20,0,2,6,2.2,0.8,1,6.6,4,0,0,2.0,96,3.27,2,0.8054926939148117,12.15375076672696,2.261698926363226,86094.79021322812,11.116239925597819,1.0986122886681098,0.5877866649021191
19,1,2,2,2.4,0.8,0,8.2,3,0,2,8.0,95,4.0,2,0.8965046417701628,17.455635531354325,1.6102145113046793,83687.91518516612,20.53818254914221,2.1972245773362196,0.5877866649021191
19,1,2,4,4.7,1.4,1,4.9,2,1,4,15.0,80,3.29,2,1.6141037337096489,7.3123368290812865,0.8778301681657564,52549.50742605369,11.326181944781949,2.772588722239781,0.8754687373538999
17,0,0,4,3.4,2.6,1,8.5,3,0,0,8.0,89,3.79,2,1.2651404807900501,18.524790399056656,1.6102145113046793,70135.94297111471,17.43996804213093,2.1972245773362196,1.2809338454620642
18,0,2,2,2.3,0.7,1,8.1,4,1,4,5.0,98,3.75,2,0.8519347810161471,17.104383037428352,2.261698926363226,91038.45997193112,16.88685331132323,1.791759469228055,0.5306282510621704
17,0,0,0,7.6,3.4,1,6.5,3,1,3,14.0,82,3.08,2,2.1434440944290047,11.845587262709715,1.6102145113046793,56183.26023893996,9.245645848802152,2.70805020110221,1.4816045409242156
20,1,0,4,5.3,2.5,1,6.5,2,1,2,16.0,88,3.47,2,1.7451507197105387,11.845587262709715,0.8778301681657564,68022.48375280312,13.331834670752924,2.833213344056216,1.252762968495368
17,1,0,3,14.0,1.0,1,4.1,1,1,3,31.0,42,2.77,0,2.8364774847199032,5.343953906546689,0.0,9179.127346291716,6.6493301515664,3.4657359027997265,0.6931471805599453
17,0,0,4,6.9,1.2,1,6.0,1,1,4,11.0,76,3.49,2,2.0359078246346916,10.347518899102251,0.0,45734.94462371378,13.567870467191462,2.4849066497880004,0.7884573603642702
19,0,2,0,2.8,1.2,0,6.8,4,1,3,10.0,92,3.59,2,1.0587970088869507,12.778487214922173,2.261698926363226,76723.29848149381,14.788739421516853,2.3978952727983707,0.7884573603642702
15,1,0,5,10.5,1.4,1,5.7,1,1,1,20.0,67,3.08,1,2.507271830707375,9.483548899985696,0.0,32510.60102499727,9.245645848802152,3.044522437723423,0.8754687373538999
16,0,0,6,3.5,1.3,1,6.2,4,0,1,15.0,77,3.44,2,1.2961337421106984,10.938123890491681,2.261698926363226,47382.81123366814,12.982796395310663,2.772588722239781,0.832909122935104
18,1,2,6,4.8,2.7,1,6.9,2,0,3,9.0,86,3.14,2,1.6370062359244075,13.095026718981076,0.8778301681657564,63917.09875329975,9.81251648426725,2.302585092994046,1.308332819650179
18,1,2,0,8.3,1.8,1,6.5,2,0,3,34.0,74,2.9,1,2.2419894696219833,11.845587262709715,0.8778301681657564,42548.719285856496,7.672044795788171,3.5553480614894135,1.0296194171811581
17,0,0,4,3.7,1.9,1,7.1,3,1,4,7.0,95,3.93,2,1.3556845124032513,13.736367236790857,1.6102145113046793,83687.91518516612,19.4686093099294,2.0794415416798357,1.0647107369924282
17,1,0,0,4.6,2.0,1,6.8,5,0,1,15.0,74,3.49,2,1.5907355499331142,12.778487214922173,2.858956583624191,42548.719285856496,13.567870467191462,2.772588722239781,1.0986122886681098
19,0,2,6,5.3,2.1,1,6.2,2,1,2,15.0,78,3.25,2,1.7451507197105387,10.938123890491681,0.8778301681657564,49067.63473037756,10.90882410064474,2.772588722239781,1.1314021114911006
18,0,0,4,4.4,1.9,0,7.1,3,0,2,8.0,92,3.7,2,1.5425211917840917,13.736367236790857,1.6102145113046793,76723.29848149381,16.211695300270975,2.1972245773362196,1.0647107369924282
18,1,2,2,9.0,1.0,0,3.8,1,1,4,25.0,70,2.64,1,2.332965554974335,4.661063699804611,0.0,36604.68597434723,5.7173381789449556,3.258096538021482,0.6931471805599453
25,0,1,5,3.3,0.4,1,6.9,3,0,2,7.0,80,3.57,2,1.2332726085820729,13.095026718981076,1.6102145113046793,52549.50742605369,14.5390899446019,2.0794415416798357,0.33647223662121295
19,1,2,2,6.3,2.9,0,8.5,3,0,1,10.0,82,3.96,2,1.9351768949585346,18.524790399056656,1.6102145113046793,56183.26023893996,19.922423358919016,2.3978952727983707,1.3609765531356006
20,2,2,4,5.5,1.8,0,6.7,3,1,0,13.0,82,3.46,2,1.7857252215541248,12.464723049102489,1.6102145113046793,56183.26023893996,13.21482174546893,2.6390573296152584,1.0296194171811581
19,1,2,2,2.9,2.3,1,6.9,2,0,3,17.0,89,3.53,2,1.095930983777979,13.095026718981076,0.8778301681657564,70135.94297111471,14.048034731048165,2.8903717578961645,1.1939224684724346
21,1,2,4,5.1,2.4,1,7.1,3,1,2,12.0,88,3.5,2,1.7031011436641108,13.736367236790857,1.6102145113046793,68022.48375280312,13.686897116192466,2.5649493574615367,1.2237754316221157
18,1,2,2,6.9,1.9,1,4.7,1,1,3,14.0,70,3.14,2,2.0359078246346916,6.800697609529523,0.0,36604.68597434723,9.81251648426725,2.70805020110221,1.0647107369924282
18,0,2,4,5.4,1.1,1,7.3,3,0,1,7.0,84,3.4,2,1.7656156766986153,14.388618785157242,1.6102145113046793,59971.57105866405,12.526694794914107,2.0794415416798357,0.7419373447293773
19,2,2,3,7.3,1.2,1,5.7,1,1,2,8.0,82,3.1,2,2.09855491776158,9.483548899985696,0.0,56183.26023893996,9.43220016705984,2.1972245773362196,0.7884573603642702
19,0,2,4,4.7,2.0,1,7.4,2,1,1,3.0,90,3.81,2,1.6141037337096489,14.718798218821261,0.8778301681657564,72290.34860143652,17.720896337416892,1.3862943611198906,1.0986122886681098
20,0,2,6,2.5,1.9,1,8.3,3,0,3,8.0,98,3.49,2,0.9393512133898587,17.809462547767687,1.6102145113046793,91038.45997193112,13.567870467191462,2.1972245773362196,1.0647107369924282
19,0,2,4,8.2,1.7,1,5.0,1,1,1,24.0,54,2.99,1,2.228404239984151,7.5729175150710875,0.0,18128.066722063846,8.435414399576228,3.2188758248682006,0.9932517730102833
20,1,0,0,6.0,2.7,1,3.7,1,1,1,16.0,70,2.77,1,1.8813563150191603,4.4403960165533265,0.0,36604.68597434723,6.6493301515664,2.833213344056216,1.308332819650179
20,1,2,4,3.9,1.0,1,6.4,2,1,3,15.0,84,3.08,2,1.4122647058505842,11.540249794535706,0.8778301681657564,59971.57105866405,9.245645848802152,2.772588722239781,0.6931471805599453
15,1,0,0,2.6,1.9,0,7.6,3,1,2,10.0,88,3.7,2,0.9806061985963926,15.387190975810833,1.6102145113046793,68022.48375280312,16.211695300270975,2.3978952727983707,1.0647107369924282
15,0,0,4,7.1,1.0,0,7.0,2,1,0,15.0,72,3.17,2,2.0676487677416864,13.414325353558693,0.8778301681657564,39506.21991155572,10.104120077547,2.772588722239781,0.6931471805599453
19,1,2,3,5.9,2.0,1,5.2,2,1,3,18.0,69,3.37,2,1.8628491617376208,8.103473238889842,0.8778301681657564,35205.91224901557,12.19151453362671,2.9444389791664403,1.0986122886681098
19,0,2,6,4.1,2.3,1,6.3,3,1,1,11.0,79,3.66,2,1.466163943905982,11.237755995802775,1.6102145113046793,50789.75419132553,15.684410084705304,2.4849066497880004,1.1939224684724346
20,0,2,0,6.5,1.6,1,6.3,2,1,4,17.0,78,3.66,2,1.9697262931476014,11.237755995802775,0.8778301681657564,49067.63473037756,15.684410084705304,2.8903717578961645,0.9555114450274363
17,1,0,0,3.8,1.2,1,7.7,4,0,2,18.0,92,3.82,2,1.384326776898207,15.725375748712496,2.261698926363226,76723.29848149381,17.862459817003035,2.9444389791664403,0.7884573603642702
18,1,2,3,6.5,2.2,1,6.8,2,0,2,18.0,76,3.02,2,1.9697262931476014,12.778487214922173,0.8778301681657564,45734.94462371378,8.700216465863583,2.9444389791664403,1.1631508098056809
21,1,2,4,3.0,2.1,1,7.8,3,0,2,9.0,95,3.75,2,1.1318728617817535,16.066200853784746,1.6102145113046793,83687.91518516612,16.88685331132323,2.302585092994046,1.1314021114911006
19,1,2,0,1.1,2.8,1,8.0,3,1,3,2.0,96,4.0,2,0.09555600683054044,16.755717770784734,1.6102145113046793,86094.79021322812,20.53818254914221,1.0986122886681098,1.33500106673234
19,0,2,3,6.3,2.1,1,6.1,1,1,1,17.0,77,3.83,2,1.9351768949585346,10.641371908015127,0.0,47382.81123366814,18.00475869836222,2.8903717578961645,1.1314021114911006
18,0,2,0,4.3,2.2,0,5.1,2,1,2,19.0,73,3.72,2,1.5176311317383155,7.836637933925062,0.8778301681657564,41009.67586813584,16.479606987119947,2.995732273553991,1.1631508098056809
17,1,0,4,3.7,2.3,1,7.9,3,1,4,3.0,90,3.37,2,1.3556845124032513,16.409652657927705,1.6102145113046793,72290.34860143652,12.19151453362671,1.3862943611198906,1.1939224684724346
18,0,2,4,4.8,1.2,1,6.9,3,0,0,14.0,84,3.13,2,1.6370062359244075,13.095026718981076,1.6102145113046793,59971.57105866405,9.716531711647102,2.70805020110221,0.7884573603642702
19,0,2,0,8.9,1.9,1,4.1,1,1,1,13.0,52,2.72,1,2.320387654485076,5.343953906546689,0.0,16366.980259579506,6.280363055682415,2.6390573296152584,1.0647107369924282
19,0,2,0,7.1,1.8,1,5.4,1,1,2,15.0,74,3.36,2,2.0676487677416864,8.646392457066119,0.0,42548.719285856496,12.08109121248574,2.772588722239781,1.0296194171811581
17,0,0,3,7.7,2.8,1,6.1,3,1,3,24.0,69,2.95,1,2.158035210576757,10.641371908015127,1.6102145113046793,35205.91224901557,8.090435723777606,3.2188758248682006,1.33500106673234
19,1,2,4,2.8,1.4,1,7.9,4,0,3,3.0,98,3.82,2,1.0587970088869507,16.409652657927705,2.261698926363226,91038.45997193112,17.862459817003035,1.3862943611198906,0.8754687373538999
26,0,1,6,3.5,1.5,1,6.4,1,1,2,18.0,78,3.81,2,1.2961337421106984,11.540249794535706,0.0,49067.63473037756,17.720896337416892,2.9444389791664403,0.9162907318741551
21,0,2,3,5.2,2.0,1,5.9,3,1,3,15.0,69,3.36,2,1.7243171824127188,10.056584152579083,1.6102145113046793,35205.91224901557,12.08109121248574,2.772588722239781,1.0986122886681098
19,1,2,0,2.8,2.5,1,7.7,2,0,2,8.0,98,3.63,2,1.0587970088869507,15.725375748712496,0.8778301681657564,91038.45997193112,15.296357628263685,2.1972245773362196,1.252762968495368
19,0,2,4,5.4,1.7,0,6.9,3,1,4,13.0,79,3.49,2,1.7656156766986153,13.095026718981076,1.6102145113046793,50789.75419132553,13.567870467191462,2.6390573296152584,0.9932517730102833
20,0,2,6,5.2,2.1,1,6.8,3,1,1,10.0,85,3.49,2,1.7243171824127188,12.778487214922173,1.6102145113046793,61924.51734422166,13.567870467191462,2.3978952727983707,1.1314021114911006
18,0,2,4,2.9,1.9,1,7.5,3,0,0,12.0,88,3.63,2,1.095930983777979,15.05166041856306,1.6102145113046793,68022.48375280312,15.296357628263685,2.5649493574615367,1.0647107369924282
18,1,2,2,7.4,2.8,1,4.6,1,1,3,15.0,68,3.64,2,2.113708815832555,6.549692444201377,0.0,33841.334443280015,15.425006368156271,2.772588722239781,1.33500106673234
22,1,1,4,9.8,2.6,1,4.5,1,1,3,25.0,52,3.4,1,2.4290784648391797,6.301933826278156,0.0,16366.980259579506,12.526694794914107,3.258096538021482,1.2809338454620642
18,0,2,0,2.4,1.4,0,8.3,4,1,1,6.0,98,3.48,2,0.8965046417701628,17.809462547767687,2.261698926363226,91038.45997193112,13.449516948333956,1.9459101490553132,0.8754687373538999
20,1,2,0,4.5,2.0,1,6.2,1,1,1,15.0,87,3.71,2,1.5668817774441797,10.938123890491681,0.0,65949.64476800284,16.345293814978213,2.772588722239781,1.0986122886681098
18,0,2,0,9.7,2.8,0,5.4,1,1,3,17.0,54,3.44,1,2.41747908309299,8.646392457066119,0.0,18128.066722063846,12.982796395310663,2.8903717578961645,1.33500106673234
20,0,2,3,3.1,1.6,1,7.8,3,0,2,8.0,94,4.0,2,1.1666987907776478,16.066200853784746,1.6102145113046793,81323.92171042044,20.53818254914221,2.1972245773362196,0.9555114450274363
18,1,2,4,2.7,1.7,0,7.5,4,0,3,12.0,88,3.48,2,1.0203866362587886,15.05166041856306,2.261698926363226,68022.48375280312,13.449516948333956,2.5649493574615367,0.9932517730102833
19,0,2,4,2.1,1.0,1,7.1,4,0,4,7.0,94,4.0,2,0.7570090469002981,13.736367236790857,2.261698926363226,81323.92171042044,20.53818254914221,2.0794415416798357,0.6931471805599453
25,0,1,0,2.2,0.9,1,7.2,3,0,3,7.0,97,4.0,2,0.8054926939148117,14.061136801601103,1.6102145113046793,88544.86579764642,20.53818254914221,2.0794415416798357,0.6418538861723948
19,2,2,4,4.2,1.5,1,8.7,3,1,2,8.0,84,3.79,2,1.492187365993103,19.250269148910856,1.6102145113046793,59971.57105866405,17.43996804213093,2.1972245773362196,0.9162907318741551
17,0,0,5,5.2,2.2,1,6.4,3,1,3,19.0,82,2.61,2,1.7243171824127188,11.540249794535706,1.6102145113046793,56183.26023893996,5.514706361878341,2.995732273553991,1.1631508098056809
18,2,2,0,6.6,2.4,1,6.2,2,1,3,20.0,70,3.15,1,1.9866255656836118,10.938123890491681,0.8778301681657564,36604.68597434723,9.909108207554391,3.044522437723423,1.2237754316221157
19,1,2,0,2.5,2.0,1,7.9,4,0,2,7.0,95,3.68,2,0.9393512133898587,16.409652657927705,2.261698926363226,83687.91518516612,15.946634697155112,2.0794415416798357,1.0986122886681098
20,0,2,0,6.3,3.2,1,5.3,2,1,2,16.0,69,3.88,2,1.9351768949585346,8.3733992567368,0.8778301681657564,35205.91224901557,18.72735011125622,2.833213344056216,1.4350845252893227
17,0,0,0,3.6,1.5,1,5.1,3,1,4,18.0,87,3.5,2,1.3263003819268158,7.836637933925062,1.6102145113046793,65949.64476800284,13.686897116192466,2.9444389791664403,0.9162907318741551
18,1,2,6,7.3,1.4,0,6.9,2,0,3,13.0,81,3.21,2,2.09855491776158,13.095026718981076,0.8778301681657564,54347.230996866165,10.501510504182985,2.6390573296152584,0.8754687373538999
26,0,1,1,4.4,1.1,1,7.0,2,0,4,14.0,73,3.5,2,1.5425211917840917,13.414325353558693,0.8778301681657564,41009.67586813584,13.686897116192466,2.70805020110221,0.7419373447293773
24,0,1,6,9.7,1.6,1,5.4,1,1,1,24.0,68,3.15,1,2.41747908309299,8.646392457066119,0.0,33841.334443280015,9.909108207554391,3.2188758248682006,0.9555114450274363
20,1,2,5,2.3,2.7,1,7.0,4,0,3,13.0,89,4.0,2,0.8519347810161471,13.414325353558693,2.261698926363226,70135.94297111471,20.53818254914221,2.6390573296152584,1.308332819650179
19,0,2,4,6.8,0.0,1,5.3,2,0,2,10.0,83,3.57,2,2.019709544031315,8.3733992567368,0.8778301681657564,58057.92927986961,14.5390899446019,2.3978952727983707,0.0
19,0,2,4,4.9,1.8,1,6.2,3,0,1,11.0,71,2.72,2,1.659461753676766,10.938123890491681,1.6102145113046793,38038.0056657807,6.280363055682415,2.4849066497880004,1.0296194171811581
19,1,2,6,8.0,1.3,1,6.6,3,0,2,19.0,76,3.53,2,2.2007570648755084,12.15375076672696,1.6102145113046793,45734.94462371378,14.048034731048165,2.995732273553991,0.832909122935104
17,1,0,3,5.1,2.3,1,6.3,1,1,3,8.0,91,3.4,2,1.7031011436641108,11.237755995802775,0.0,74486.02575307926,12.526694794914107,2.1972245773362196,1.1939224684724346
17,1,0,3,3.3,0.3,1,9.6,4,0,2,4.0,98,3.78,2,1.2332726085820729,22.638081291579695,2.261698926363226,91038.45997193112,17.300599455458382,1.6094379124341003,0.262364264467491
21,0,2,6,2.2,0.6,1,9.0,4,0,1,4.0,98,3.76,2,0.8054926939148117,20.357314790663057,2.261698926363226,91038.45997193112,17.024043975850308,1.6094379124341003,0.4700036292457356
19,1,0,4,4.0,2.4,1,7.3,3,0,3,7.0,89,3.46,2,1.4395330280586147,14.388618785157242,1.6102145113046793,70135.94297111471,13.21482174546893,2.0794415416798357,1.2237754316221157
19,3,2,0,9.0,1.7,0,5.4,1,1,1,30.0,53,2.87,0,2.332965554974335,8.646392457066119,0.0,17233.337875033176,7.4277632011547565,3.4339872044851463,0.9932517730102833
19,0,2,4,2.5,0.6,1,8.1,4,0,2,6.0,93,3.51,2,0.9393512133898587,17.104383037428352,2.261698926363226,79002.48980321265,13.806598784091944,1.9459101490553132,0.4700036292457356
15,0,0,2,6.8,1.9,1,5.0,1,1,1,23.0,66,2.88,1,2.019709544031315,7.5729175150710875,0.0,31213.358948090136,7.508632076674728,3.1780538303479458,1.0647107369924282
16,0,0,4,9.0,1.5,0,6.2,2,1,4,25.0,64,3.55,1,2.332965554974335,10.938123890491681,0.8778301681657564,28717.928887801263,14.292193415871623,3.258096538021482,0.9162907318741551
20,1,2,1,3.9,1.7,1,7.0,3,0,1,14.0,83,3.3,2,1.4122647058505842,13.414325353558693,1.6102145113046793,58057.92927986961,11.432105005383404,2.70805020110221,0.9932517730102833
20,1,2,4,7.7,1.6,1,4.8,1,0,4,27.0,58,3.2,1,2.158035210576757,7.054921429048166,0.0,21998.22133107918,10.401237330639699,3.332204510175204,0.9555114450274363
20,1,2,6,8.8,2.6,1,5.8,1,1,2,22.0,63,3.33,1,2.307675347857402,9.76858741311186,0.0,27519.02697404476,11.7537050835968,3.1354942159291497,1.2809338454620642
19,3,2,0,2.0,1.6,1,8.9,2,0,3,2.0,97,3.9,2,0.7062901854968463,19.985804516313625,0.8778301681657564,88544.86579764642,19.021600464068523,1.0986122886681098,0.9555114450274363
19,0,2,6,7.7,0.9,1,6.5,2,0,1,22.0,71,2.87,1,2.158035210576757,11.845587262709715,0.8778301681657564,38038.0056657807,7.4277632011547565,3.1354942159291497,0.6418538861723948
21,1,2,0,5.2,1.0,1,5.5,2,1,0,15.0,90,3.13,2,1.7243171824127188,8.92242992355568,0.8778301681657564,72290.34860143652,9.716531711647102,2.772588722239781,0.6931471805599453
22,0,1,6,1.6,2.2,1,7.1,3,0,2,6.0,98,3.57,2,0.4760221763172826,13.736367236790857,1.6102145113046793,91038.45997193112,14.5390899446019,1.9459101490553132,1.1631508098056809
19,0,2,0,8.0,1.4,1,4.8,1,1,2,24.0,62,2.76,1,2.2007570648755084,7.054921429048166,0.0,26352.188477075142,6.574470679514594,3.2188758248682006,0.8754687373538999
18,0,2,4,3.3,2.2,1,7.9,3,0,3,0.0,94,4.0,2,1.2332726085820729,16.409652657927705,1.6102145113046793,81323.92171042044,20.53818254914221,0.0,1.1631508098056809
17,1,0,6,7.3,1.6,1,4.9,1,1,2,17.0,65,3.03,1,2.09855491776158,7.3123368290812865,0.0,29949.25362327995,8.789649747573227,2.8903717578961645,0.9555114450274363
19,1,0,4,4.7,1.2,1,7.5,3,1,3,13.0,80,3.93,2,1.6141037337096489,15.05166041856306,1.6102145113046793,52549.50742605369,19.4686093099294,2.6390573296152584,0.7884573603642702
20,3,2,6,2.3,1.9,1,7.5,3,1,0,3.0,94,4.0,2,0.8519347810161471,15.05166041856306,1.6102145113046793,81323.92171042044,20.53818254914221,1.3862943611198906,1.0647107369924282
20,0,2,0,6.6,1.2,1,7.1,2,1,2,19.0,88,3.33,2,1.9866255656836118,13.736367236790857,0.8778301681657564,68022.48375280312,11.7537050835968,2.995732273553991,0.7884573603642702
18,1,2,0,12.4,2.8,1,4.7,1,1,3,26.0,51,3.46,1,2.696975339309754,6.800697609529523,0.0,15528.613925862097,13.21482174546893,3.295836866004329,1.33500106673234
25,0,1,0,3.8,2.8,1,6.7,2,0,2,18.0,89,3.42,2,1.384326776898207,12.464723049102489,0.8778301681657564,70135.94297111471,12.753425783763895,2.9444389791664403,1.33500106673234
19,0,2,4,5.4,1.0,1,5.6,1,0,1,10.0,71,2.99,2,1.7656156766986153,9.201489326998276,0.0,38038.0056657807,8.435414399576228,2.3978952727983707,0.6931471805599453
18,1,2,3,4.5,1.9,1,7.0,2,0,2,7.0,90,3.41,2,1.5668817774441797,13.414325353558693,0.8778301681657564,72290.34860143652,12.639731281317893,2.0794415416798357,1.0647107369924282
19,1,2,3,9.4,1.5,1,5.6,1,1,4,25.0,62,3.05,1,2.381989542783344,9.201489326998276,0.0,26352.188477075142,8.970276567071865,3.258096538021482,0.9162907318741551
23,0,1,0,5.9,1.6,1,6.8,3,1,2,17.0,79,2.53,2,1.8628491617376208,12.778487214922173,1.6102145113046793,50789.75419132553,4.996498752153662,2.8903717578961645,0.9555114450274363
20,1,0,6,3.9,1.7,1,8.7,3,0,1,14.0,85,3.69,2,1.4122647058505842,19.250269148910856,1.6102145113046793,61924.51734422166,16.07880955652339,2.70805020110221,0.9932517730102833
18,0,2,0,5.4,1.0,1,8.2,3,1,2,11.0,75,3.97,2,1.7656156766986153,17.455635531354325,1.6102145113046793,44123.69453376821,20.075215768293244,2.4849066497880004,0.6931471805599453
21,0,2,6,4.3,1.9,1,6.6,3,0,3,12.0,85,3.31,2,1.5176311317383155,12.15375076672696,1.6102145113046793,61924.51734422166,11.53866528811148,2.5649493574615367,1.0647107369924282
17,1,0,3,2.3,1.2,2,6.3,3,0,1,16.0,78,3.69,2,0.8519347810161471,11.237755995802775,1.6102145113046793,49067.63473037756,16.07880955652339,2.833213344056216,0.7884573603642702
22,1,1,0,2.5,3.6,1,6.4,3,0,1,10.0,90,4.0,2,0.9393512133898587,11.540249794535706,1.6102145113046793,72290.34860143652,20.53818254914221,2.3978952727983707,1.5260563034950492
18,3,2,4,3.7,1.2,1,7.7,3,0,2,15.0,83,3.86,2,1.3556845124032513,15.725375748712496,1.6102145113046793,58057.92927986961,18.436086604872493,2.772588722239781,0.7884573603642702
22,0,1,2,2.4,2.4,1,8.1,3,0,2,0.0,98,3.99,2,0.8965046417701628,17.104383037428352,1.6102145113046793,91038.45997193112,20.38309347972413,0.0,1.2237754316221157
23,0,1,6,6.7,0.2,1,6.8,3,0,2,11.0,76,3.73,2,2.003284337102433,12.778487214922173,1.6102145113046793,45734.94462371378,16.614636703065745,2.4849066497880004,0.18232155679395465
20,1,2,2,3.4,1.5,1,7.0,3,0,2,8.0,76,3.57,2,1.2651404807900501,13.414325353558693,1.6102145113046793,45734.94462371378,14.5390899446019,2.1972245773362196,0.9162907318741551
17,1,0,6,5.3,1.6,1,5.6,1,0,4,13.0,81,3.52,2,1.7451507197105387,9.201489326998276,0.0,54347.230996866165,13.926977359533225,2.6390573296152584,0.9555114450274363
18,0,2,0,9.3,1.2,1,5.8,1,0,2,25.0,66,3.01,1,2.36992126816704,9.76858741311186,0.0,31213.358948090136,8.611367410342837,3.258096538021482,0.7884573603642702
21,0,2,3,2.5,2.1,1,8.2,4,1,3,7.0,88,3.58,2,0.9393512133898587,17.455635531354325,2.261698926363226,68022.48375280312,14.663569620587477,2.0794415416798357,1.1314021114911006
19,1,2,0,8.8,1.6,1,5.4,1,1,3,21.0,71,3.17,1,2.307675347857402,8.646392457066119,0.0,38038.0056657807,10.104120077547,3.091042453358316,0.9555114450274363
17,1,0,4,6.8,1.2,1,6.7,2,1,2,21.0,71,3.06,1,2.019709544031315,12.464723049102489,0.8778301681657564,38038.0056657807,9.06147389329403,3.091042453358316,0.7884573603642702
18,1,2,4,4.7,2.2,1,7.0,2,0,4,14.0,80,3.41,2,1.6141037337096489,13.414325353558693,0.8778301681657564,52549.50742605369,12.639731281317893,2.70805020110221,1.1631508098056809
21,0,2,0,5.5,1.2,1,6.4,2,1,2,15.0,74,3.69,2,1.7857252215541248,11.540249794535706,0.8778301681657564,42548.719285856496,16.07880955652339,2.772588722239781,0.7884573603642702
23,0,1,4,4.0,2.9,1,7.6,3,1,0,7.0,96,3.54,2,1.4395330280586147,15.387190975810833,1.6102145113046793,86094.79021322812,14.169772787057607,2.0794415416798357,1.3609765531356006
17,0,0,6,3.9,2.8,1,7.4,3,1,2,14.0,91,3.48,2,1.4122647058505842,14.718798218821261,1.6102145113046793,74486.02575307926,13.449516948333956,2.70805020110221,1.33500106673234
19,3,2,4,6.0,1.2,2,5.6,1,1,1,13.0,88,3.12,2,1.8813563150191603,9.201489326998276,0.0,68022.48375280312,9.621151996683725,2.6390573296152584,0.7884573603642702
18,1,2,4,4.0,2.1,1,7.9,3,0,0,7.0,90,3.63,2,1.4395330280586147,16.409652657927705,1.6102145113046793,72290.34860143652,15.296357628263685,2.0794415416798357,1.1314021114911006
20,1,0,2,2.9,1.8,1,8.1,5,1,2,2.0,98,4.0,2,1.095930983777979,17.104383037428352,2.858956583624191,91038.45997193112,20.53818254914221,1.0986122886681098,1.0296194171811581
17,1,0,0,6.0,1.2,1,5.7,2,1,3,21.0,67,2.73,1,1.8813563150191603,9.483548899985696,0.8778301681657564,32510.60102499727,6.353094218431751,3.091042453358316,0.7884573603642702
16,0,0,0,4.4,2.9,1,6.9,3,0,2,11.0,84,3.82,2,1.5425211917840917,13.095026718981076,1.6102145113046793,59971.57105866405,17.862459817003035,2.4849066497880004,1.3609765531356006
19,0,2,4,4.0,3.0,1,5.2,1,1,2,18.0,77,3.85,2,1.4395330280586147,8.103473238889842,0.0,47382.81123366814,18.291570207219255,2.9444389791664403,1.3862943611198906
19,0,2,0,8.6,2.1,1,5.1,1,1,2,15.0,66,2.72,1,2.2818354611447473,7.836637933925062,0.0,31213.358948090136,6.280363055682415,2.772588722239781,1.1314021114911006
20,1,2,4,9.3,2.1,0,4.7,1,0,1,21.0,65,2.99,1,2.36992126816704,6.800697609529523,0.0,29949.25362327995,8.435414399576228,3.091042453358316,1.1314021114911006
23,1,1,0,6.4,1.6,1,6.1,2,1,2,25.0,69,3.45,1,1.9525792661508234,10.641371908015127,0.8778301681657564,35205.91224901557,13.098476283389891,3.258096538021482,0.9555114450274363
24,1,1,6,7.4,1.2,1,5.9,2,1,4,19.0,71,3.21,2,2.113708815832555,10.056584152579083,0.8778301681657564,38038.0056657807,10.501510504182985,2.995732273553991,0.7884573603642702
21,1,2,0,4.5,2.1,1,7.6,3,1,3,8.0,80,3.93,2,1.5668817774441797,15.387190975810833,1.6102145113046793,52549.50742605369,19.4686093099294,2.1972245773362196,1.1314021114911006
18,0,2,0,2.7,2.0,0,8.1,4,0,3,14.0,98,3.46,2,1.0203866362587886,17.104383037428352,2.261698926363226,91038.45997193112,13.21482174546893,2.70805020110221,1.0986122886681098
19,1,2,0,3.3,0.9,1,6.8,3,0,4,7.0,81,3.27,2,1.2332726085820729,12.778487214922173,1.6102145113046793,54347.230996866165,11.116239925597819,2.0794415416798357,0.6418538861723948
18,0,2,0,3.2,1.0,1,8.2,5,0,2,16.0,85,3.31,2,1.2004777883442346,17.455635531354325,2.858956583624191,61924.51734422166,11.53866528811148,2.833213344056216,0.6931471805599453
20,3,2,0,6.8,2.5,1,7.0,3,1,3,18.0,71,2.86,1,2.019709544031315,13.414325353558693,1.6102145113046793,38038.0056657807,7.347450119829864,2.9444389791664403,1.252762968495368
17,1,0,6,11.2,3.0,1,3.2,1,1,1,26.0,43,2.51,0,2.5806811705994916,3.3910086472942322,0.0,9783.04241116226,4.871897187799562,3.295836866004329,1.3862943611198906
18,0,2,3,4.8,0.9,1,6.5,1,1,1,11.0,73,3.66,2,1.6370062359244075,11.845587262709715,0.0,41009.67586813584,15.684410084705304,2.4849066497880004,0.6418538861723948
18,0,2,0,8.2,1.9,1,5.1,2,1,3,16.0,68,3.44,2,2.228404239984151,7.836637933925062,0.8778301681657564,33841.334443280015,12.982796395310663,2.833213344056216,1.0647107369924282
20,0,2,3,2.6,2.0,1,8.1,4,0,3,12.0,98,3.17,2,0.9806061985963926,17.104383037428352,2.261698926363226,91038.45997193112,10.104120077547,2.5649493574615367,1.0986122886681098
20,1,2,0,3.8,0.3,0,7.9,4,1,2,5.0,82,3.44,2,1.384326776898207,16.409652657927705,2.261698926363226,56183.26023893996,12.982796395310663,1.791759469228055,0.262364264467491
21,1,2,0,3.8,1.9,1,6.3,2,0,4,14.0,71,3.88,2,1.384326776898207,11.237755995802775,0.8778301681657564,38038.0056657807,18.72735011125622,2.70805020110221,1.0647107369924282
21,0,2,6,2.9,0.0,1,7.6,4,1,2,5.0,88,3.91,2,1.095930983777979,15.387190975810833,2.261698926363226,68022.48375280312,19.169850419380406,1.791759469228055,0.0
20,1,2,4,8.6,2.1,1,6.6,2,1,3,15.0,74,2.98,2,2.2818354611447473,12.15375076672696,0.8778301681657564,42548.719285856496,8.348306654858234,2.772588722239781,1.1314021114911006
16,1,0,6,3.9,1.1,1,7.9,3,0,2,15.0,89,3.43,2,1.4122647058505842,16.409652657927705,1.6102145113046793,70135.94297111471,12.867780191912736,2.772588722239781,0.7419373447293773
19,0,2,4,3.0,1.1,2,7.7,3,0,4,9.0,94,3.63,2,1.1318728617817535,15.725375748712496,1.6102145113046793,81323.92171042044,15.296357628263685,2.302585092994046,0.7419373447293773
19,0,2,4,4.2,1.7,1,6.2,3,0,4,8.0,78,3.35,2,1.492187365993103,10.938123890491681,1.6102145113046793,49067.63473037756,11.971316457356032,2.1972245773362196,0.9932517730102833
17,0,0,5,6.0,1.6,0,7.5,2,1,4,14.0,81,3.51,2,1.8813563150191603,15.05166041856306,0.8778301681657564,54347.230996866165,13.806598784091944,2.70805020110221,0.9555114450274363
15,0,0,0,7.0,1.5,1,5.8,2,1,1,20.0,65,3.12,1,2.0518855355680303,9.76858741311186,0.8778301681657564,29949.25362327995,9.621151996683725,3.044522437723423,0.9162907318741551
18,0,2,6,6.5,0.8,1,6.1,1,1,2,17.0,80,3.55,2,1.9697262931476014,10.641371908015127,0.0,52549.50742605369,14.292193415871623,2.8903717578961645,0.5877866649021191
17,0,0,0,7.5,2.4,1,5.9,1,0,1,10.0,74,3.25,2,2.1286702202484076,10.056584152579083,0.0,42548.719285856496,10.90882410064474,2.3978952727983707,1.2237754316221157
18,0,2,4,14.0,3.4,1,4.0,1,1,1,30.0,46,2.43,0,2.8364774847199032,5.112878346441948,0.0,11743.200224808417,4.392835901119548,3.4339872044851463,1.4816045409242156
16,1,0,0,4.9,0.3,1,6.5,2,0,2,6.0,82,3.47,2,1.659461753676766,11.845587262709715,0.8778301681657564,56183.26023893996,13.331834670752924,1.9459101490553132,0.262364264467491
17,0,0,4,6.7,1.7,1,5.9,2,1,3,8.0,72,3.19,2,2.003284337102433,10.056584152579083,0.8778301681657564,39506.21991155572,10.301582463218029,2.1972245773362196,0.9932517730102833
19,1,2,4,11.5,2.5,0,5.0,1,1,1,32.0,41,2.8,0,2.610821648190186,7.5729175150710875,0.0,8599.276398203338,6.87713709393498,3.4965075614664802,1.252762968495368
23,1,1,4,9.8,1.3,1,4.2,1,0,0,24.0,68,3.28,1,2.4290784648391797,5.578429418447326,0.0,33841.334443280015,11.220894215246592,3.2188758248682006,0.832909122935104
18,1,2,0,11.5,2.7,1,5.0,1,1,1,33.0,54,2.64,0,2.610821648190186,7.5729175150710875,0.0,18128.066722063846,5.7173381789449556,3.5263605246161616,1.308332819650179
22,0,1,0,6.2,1.9,1,6.5,2,1,3,12.0,94,3.24,2,1.9175112322134875,11.845587262709715,0.8778301681657564,81323.92171042044,10.806058782383067,2.5649493574615367,1.0647107369924282
18,0,2,0,2.7,2.0,0,8.0,4,1,2,3.0,98,3.82,2,1.0203866362587886,16.755717770784734,2.261698926363226,91038.45997193112,17.862459817003035,1.3862943611198906,1.0986122886681098
26,3,2,0,5.1,2.7,1,6.7,3,1,1,13.0,76,3.56,2,1.7031011436641108,12.464723049102489,1.6102145113046793,45734.94462371378,14.415298505689877,2.6390573296152584,1.308332819650179
20,1,2,0,5.2,1.4,1,7.7,3,1,4,17.0,80,3.52,2,1.7243171824127188,15.725375748712496,1.6102145113046793,52549.50742605369,13.926977359533225,2.8903717578961645,0.8754687373538999
18,0,2,0,4.2,1.3,1,8.0,3,0,3,1.0,98,3.52,2,1.492187365993103,16.755717770784734,1.6102145113046793,91038.45997193112,13.926977359533225,0.6931471805599453,0.832909122935104
17,0,0,4,14.0,0.6,1,4.2,1,1,4,22.0,45,2.91,1,2.8364774847199032,5.578429418447326,0.0,11064.678764162616,7.7545924317854675,3.1354942159291497,0.4700036292457356
18,1,2,4,4.8,2.7,0,7.5,2,1,2,14.0,83,3.45,2,1.6370062359244075,15.05166041856306,0.8778301681657564,58057.92927986961,13.098476283389891,2.70805020110221,1.308332819650179
23,1,1,4,7.1,2.0,0,6.6,2,0,3,17.0,80,3.68,2,2.0676487677416864,12.15375076672696,0.8778301681657564,52549.50742605369,15.946634697155112,2.8903717578961645,1.0986122886681098
23,1,2,0,6.6,2.1,1,6.9,3,1,3,18.0,80,3.42,2,1.9866255656836118,13.095026718981076,1.6102145113046793,52549.50742605369,12.753425783763895,2.9444389791664403,1.1314021114911006
18,0,2,6,2.9,2.4,1,5.5,1,1,3,15.0,75,3.96,2,1.095930983777979,8.92242992355568,0.0,44123.69453376821,19.922423358919016,2.772588722239781,1.2237754316221157
19,1,2,6,3.8,1.6,1,7.1,2,0,4,6.0,84,3.46,2,1.384326776898207,13.736367236790857,0.8778301681657564,59971.57105866405,13.21482174546893,1.9459101490553132,0.9555114450274363
19,0,2,4,6.7,3.0,1,5.6,2,0,4,18.0,72,3.37,2,2.003284337102433,9.201489326998276,0.8778301681657564,39506.21991155572,12.19151453362671,2.9444389791664403,1.3862943611198906
21,1,2,6,2.0,1.8,1,7.3,3,1,1,8.0,86,3.74,2,0.7062901854968463,14.388618785157242,1.6102145113046793,63917.09875329975,16.750384849080206,2.1972245773362196,1.0296194171811581
16,0,0,4,5.8,1.5,1,7.0,3,1,2,10.0,86,3.6,2,1.8440428632175376,13.414325353558693,1.6102145113046793,63917.09875329975,14.914601235151155,2.3978952727983707,0.9162907318741551
19,1,2,4,7.2,3.0,1,6.7,2,1,1,9.0,80,3.36,2,2.0832033609937755,12.464723049102489,0.8778301681657564,52549.50742605369,12.08109121248574,2.302585092994046,1.3862943611198906
21,0,0,6,4.2,1.2,0,6.5,2,0,2,13.0,72,3.05,2,1.492187365993103,11.845587262709715,0.8778301681657564,39506.21991155572,8.970276567071865,2.6390573296152584,0.7884573603642702
18,0,2,4,5.6,1.9,1,6.4,3,1,1,18.0,76,3.32,2,1.8054918230589363,11.540249794535706,1.6102145113046793,45734.94462371378,11.645864683908064,2.9444389791664403,1.0647107369924282
17,1,0,0,3.1,1.3,1,8.7,4,0,3,2.0,86,4.0,2,1.1666987907776478,19.250269148910856,2.261698926363226,63917.09875329975,20.53818254914221,1.0986122886681098,0.832909122935104
18,0,2,6,4.0,3.6,2,6.9,3,0,3,15.0,88,3.4,2,1.4395330280586147,13.095026718981076,1.6102145113046793,68022.48375280312,12.526694794914107,2.772588722239781,1.5260563034950492
17,1,0,0,2.2,1.9,0,7.5,2,1,4,13.0,89,3.43,2,0.8054926939148117,15.05166041856306,0.8778301681657564,70135.94297111471,12.867780191912736,2.6390573296152584,1.0647107369924282
16,0,0,0,5.3,1.9,1,7.5,2,1,3,11.0,89,3.47,2,1.7451507197105387,15.05166041856306,0.8778301681657564,70135.94297111471,13.331834670752924,2.4849066497880004,1.0647107369924282
19,0,2,0,2.9,2.2,1,6.8,4,0,3,15.0,86,3.92,2,1.095930983777979,12.778487214922173,2.261698926363226,63917.09875329975,19.31885273989304,2.772588722239781,1.1631508098056809
21,0,2,6,2.1,0.2,1,8.3,4,1,0,12.0,94,3.49,2,0.7570090469002981,17.809462547767687,2.261698926363226,81323.92171042044,13.567870467191462,2.5649493574615367,0.18232155679395465
19,0,2,0,11.3,1.9,1,4.1,1,1,3,26.0,56,2.21,0,2.5908119746730964,5.343953906546689,0.0,20004.147513716616,3.228314131453175,3.295836866004329,1.0647107369924282
17,1,0,0,6.1,1.3,1,6.7,2,1,2,10.0,83,3.5,2,1.8995739499976299,12.464723049102489,0.8778301681657564,58057.92927986961,13.686897116192466,2.3978952727983707,0.832909122935104
21,0,2,4,7.9,2.9,1,6.8,2,0,2,15.0,69,3.49,2,2.186687359322709,12.778487214922173,0.8778301681657564,35205.91224901557,13.567870467191462,2.772588722239781,1.3609765531356006
18,0,2,4,3.2,2.8,1,7.9,3,0,2,17.0,87,3.77,2,1.2004777883442346,16.409652657927705,1.6102145113046793,65949.64476800284,17.161958728612845,2.8903717578961645,1.33500106673234
20,0,2,0,3.2,2.0,1,6.6,4,0,1,15.0,86,3.58,2,1.2004777883442346,12.15375076672696,2.261698926363226,63917.09875329975,14.663569620587477,2.772588722239781,1.0986122886681098
17,1,0,4,1.9,0.7,1,7.1,4,1,2,0.0,96,4.0,2,0.6531132144998397,13.736367236790857,2.261698926363226,86094.79021322812,20.53818254914221,0.0,0.5306282510621704
19,1,2,3,8.0,0.5,1,5.3,1,1,2,17.0,67,3.46,2,2.2007570648755084,8.3733992567368,0.0,32510.60102499727,13.21482174546893,2.8903717578961645,0.4054651081081644
18,1,2,0,4.8,1.7,0,6.5,2,0,1,13.0,81,3.63,2,1.6370062359244075,11.845587262709715,0.8778301681657564,54347.230996866165,15.296357628263685,2.6390573296152584,0.9932517730102833
23,1,1,5,2.6,1.8,1,8.5,4,0,3,6.0,92,4.0,2,0.9806061985963926,18.524790399056656,2.261698926363226,76723.29848149381,20.53818254914221,1.9459101490553132,1.0296194171811581
19,0,2,0,7.5,2.9,1,7.7,4,0,4,17.0,70,3.48,2,2.1286702202484076,15.725375748712496,2.261698926363226,36604.68597434723,13.449516948333956,2.8903717578961645,1.3609765531356006
15,1,0,3,3.7,2.4,1,8.3,4,0,4,6.0,89,4.0,2,1.3556845124032513,17.809462547767687,2.261698926363226,70135.94297111471,20.53818254914221,1.9459101490553132,1.2237754316221157
18,0,2,2,10.6,0.7,1,5.7,1,0,2,21.0,54,2.87,1,2.5180373974719235,9.483548899985696,0.0,18128.066722063846,7.4277632011547565,3.091042453358316,0.5306282510621704
22,0,1,4,2.5,2.3,1,7.2,3,0,1,8.0,90,4.0,2,0.9393512133898587,14.061136801601103,1.6102145113046793,72290.34860143652,20.53818254914221,2.1972245773362196,1.1939224684724346
17,0,0,0,3.0,1.8,1,8.8,4,0,2,8.0,84,3.83,2,1.1318728617817535,19.61678552928072,2.261698926363226,59971.57105866405,18.00475869836222,2.1972245773362196,1.0296194171811581
19,1,2,0,4.2,0.2,1,6.9,2,0,3,19.0,80,4.0,2,1.492187365993103,13.095026718981076,0.8778301681657564,52549.50742605369,20.53818254914221,2.995732273553991,0.18232155679395465
21,1,2,6,5.2,2.5,1,6.6,2,1,2,8.0,79,3.4,2,1.7243171824127188,12.15375076672696,0.8778301681657564,50789.75419132553,12.526694794914107,2.1972245773362196,1.252762968495368
19,0,2,6,1.7,0.6,1,6.8,3,0,2,10.0,86,3.42,2,0.5383079872264196,12.778487214922173,1.6102145113046793,63917.09875329975,12.753425783763895,2.3978952727983707,0.4700036292457356
16,1,0,0,12.6,0.5,1,3.3,1,0,1,31.0,45,2.67,0,2.7153151393422355,3.5935539872760787,0.0,11064.678764162616,5.924579237757003,3.4657359027997265,0.4054651081081644
22,1,1,5,6.4,2.0,1,7.2,3,1,3,17.0,90,2.98,2,1.9525792661508234,14.061136801601103,1.6102145113046793,72290.34860143652,8.348306654858234,2.8903717578961645,1.0986122886681098
21,1,2,0,3.8,1.1,1,6.7,2,0,3,8.0,96,3.23,2,1.384326776898207,12.464723049102489,0.8778301681657564,86094.79021322812,10.703919338092492,2.1972245773362196,0.7419373447293773
21,0,2,6,10.9,0.0,1,4.0,1,0,3,22.0,64,2.67,1,2.5497670831418175,5.112878346441948,0.0,28717.928887801263,5.924579237757003,3.1354942159291497,0.0
20,0,2,0,3.4,1.6,1,7.3,4,0,1,5.0,98,3.98,2,1.2651404807900501,14.388618785157242,2.261698926363226,91038.45997193112,20.228771847318367,1.791759469228055,0.9555114450274363
17,1,0,0,5.8,3.1,2,5.5,2,1,2,13.0,74,3.46,2,1.8440428632175376,8.92242992355568,0.8778301681657564,42548.719285856496,13.21482174546893,2.6390573296152584,1.410986973710262
19,0,2,4,3.7,1.0,1,6.4,3,1,3,14.0,74,3.5,2,1.3556845124032513,11.540249794535706,1.6102145113046793,42548.719285856496,13.686897116192466,2.70805020110221,0.6931471805599453
19,0,2,0,5.7,1.6,0,5.9,1,1,4,10.0,83,3.19,2,1.8249272994757757,10.056584152579083,0.0,58057.92927986961,10.301582463218029,2.3978952727983707,0.9555114450274363
18,0,2,0,11.5,1.5,0,3.6,1,0,3,21.0,47,3.08,1,2.610821648190186,4.2232712500382465,0.0,12447.386303522204,9.245645848802152,3.091042453358316,0.9162907318741551
20,0,2,4,8.0,1.5,1,4.8,1,1,1,28.0,75,3.21,1,2.2007570648755084,7.054921429048166,0.0,44123.69453376821,10.501510504182985,3.367295829986474,0.9162907318741551
18,0,2,1,5.3,1.5,1,6.7,3,1,2,19.0,81,3.26,2,1.7451507197105387,12.464723049102489,1.6102145113046793,54347.230996866165,11.012217184536736,2.995732273553991,0.9162907318741551
18,1,2,4,3.2,0.8,1,7.9,3,0,4,7.0,89,3.98,2,1.2004777883442346,16.409652657927705,1.6102145113046793,70135.94297111471,20.228771847318367,2.0794415416798357,0.5877866649021191
17,0,0,0,4.2,2.0,1,6.5,2,1,4,13.0,76,3.69,2,1.492187365993103,11.845587262709715,0.8778301681657564,45734.94462371378,16.07880955652339,2.6390573296152584,1.0986122886681098
19,1,2,6,5.0,0.9,1,5.6,3,1,3,16.0,80,3.29,2,1.681487870546516,9.201489326998276,1.6102145113046793,52549.50742605369,11.326181944781949,2.833213344056216,0.6418538861723948
18,0,2,4,6.2,2.7,1,6.5,2,1,2,10.0,78,3.08,2,1.9175112322134875,11.845587262709715,0.8778301681657564,49067.63473037756,9.245645848802152,2.3978952727983707,1.308332819650179
18,0,2,0,6.3,1.2,1,7.0,4,1,1,10.0,81,3.46,2,1.9351768949585346,13.414325353558693,2.261698926363226,54347.230996866165,13.21482174546893,2.3978952727983707,0.7884573603642702
22,0,1,0,8.3,2.1,1,5.5,2,1,2,24.0,59,2.4,1,2.2419894696219833,8.92242992355568,0.8778301681657564,23040.434161822523,4.221031696142082,3.2188758248682006,1.1314021114911006
23,1,1,6,4.0,0.8,0,8.3,2,0,4,6.0,95,3.61,2,1.4395330280586147,17.809462547767687,0.8778301681657564,83687.91518516612,15.041156949142636,1.9459101490553132,0.5877866649021191
17,1,0,0,9.8,2.8,1,4.7,1,1,2,24.0,57,2.76,1,2.4290784648391797,6.800697609529523,0.0,20986.249109062494,6.574470679514594,3.2188758248682006,1.33500106673234
19,0,2,6,2.9,1.4,1,9.4,4,0,1,4.0,97,3.84,2,1.095930983777979,21.8680484661252,2.261698926363226,88544.86579764642,18.147794866724794,1.6094379124341003,0.8754687373538999
16,1,0,4,4.7,1.3,1,7.0,3,0,2,8.0,85,3.19,2,1.6141037337096489,13.414325353558693,1.6102145113046793,61924.51734422166,10.301582463218029,2.1972245773362196,0.832909122935104
21,0,2,4,3.2,2.3,1,5.6,1,1,1,18.0,81,3.6,2,1.2004777883442346,9.201489326998276,0.0,54347.230996866165,14.914601235151155,2.9444389791664403,1.1939224684724346
19,0,2,6,8.0,2.0,1,6.6,2,1,2,20.0,73,3.2,2,2.2007570648755084,12.15375076672696,0.8778301681657564,41009.67586813584,10.401237330639699,3.044522437723423,1.0986122886681098
20,0,2,1,2.6,1.6,1,7.6,4,1,1,5.0,89,3.73,2,0.9806061985963926,15.387190975810833,2.261698926363226,70135.94297111471,16.614636703065745,1.791759469228055,0.9555114450274363
19,0,2,0,2.3,2.1,1,9.5,4,0,4,8.0,88,3.74,2,0.8519347810161471,22.251851415527764,2.261698926363226,68022.48375280312,16.750384849080206,2.1972245773362196,1.1314021114911006
19,0,2,6,6.1,0.8,1,7.3,3,1,2,10.0,68,3.41,2,1.8995739499976299,14.388618785157242,1.6102145113046793,33841.334443280015,12.639731281317893,2.3978952727983707,0.5877866649021191
20,1,2,4,4.7,0.3,1,8.2,3,0,2,2.0,90,3.82,2,1.6141037337096489,17.455635531354325,1.6102145113046793,72290.34860143652,17.862459817003035,1.0986122886681098,0.262364264467491
17,1,0,4,3.1,2.5,1,7.5,2,0,3,10.0,92,3.79,2,1.1666987907776478,15.05166041856306,0.8778301681657564,76723.29848149381,17.43996804213093,2.3978952727983707,1.252762968495368
16,1,0,0,3.9,1.4,1,6.4,2,0,3,17.0,82,3.41,2,1.4122647058505842,11.540249794535706,0.8778301681657564,56183.26023893996,12.639731281317893,2.8903717578961645,0.8754687373538999
19,0,2,0,3.9,1.5,1,7.2,3,1,2,6.0,86,3.84,2,1.4122647058505842,14.061136801601103,1.6102145113046793,63917.09875329975,18.147794866724794,1.9459101490553132,0.9162907318741551
19,1,2,0,3.1,2.0,1,7.5,3,1,3,15.0,91,3.72,2,1.1666987907776478,15.05166041856306,1.6102145113046793,74486.02575307926,16.479606987119947,2.772588722239781,1.0986122886681098
19,1,2,4,1.7,2.1,1,8.9,5,0,3,6.0,98,3.95,2,0.5383079872264196,19.985804516313625,2.858956583624191,91038.45997193112,19.770392735367714,1.9459101490553132,1.1314021114911006
16,1,0,0,9.5,2.1,0,4.8,1,1,3,29.0,59,2.48,0,2.3939369739111944,7.054921429048166,0.0,23040.434161822523,4.688645799522572,3.4011973816621555,1.1314021114911006
18,0,2,5,3.8,1.4,1,6.7,2,0,2,5.0,84,3.41,2,1.384326776898207,12.464723049102489,0.8778301681657564,59971.57105866405,12.639731281317893,1.791759469228055,0.8754687373538999
19,0,2,6,7.8,1.8,1,5.4,1,1,3,18.0,64,3.32,2,2.172448159416712,8.646392457066119,0.0,28717.928887801263,11.645864683908064,2.9444389791664403,1.0296194171811581
17,0,0,0,14.0,2.2,1,3.9,1,1,3,32.0,45,2.58,0,2.8364774847199032,4.885236590833674,0.0,11064.678764162616,5.3166324870540365,3.4965075614664802,1.1631508098056809
21,0,2,0,4.0,2.1,1,7.4,4,0,3,9.0,94,3.64,2,1.4395330280586147,14.718798218821261,2.261698926363226,81323.92171042044,15.425006368156271,2.302585092994046,1.1314021114911006
21,0,2,0,10.5,2.2,1,4.8,1,1,2,28.0,48,2.17,0,2.507271830707375,7.054921429048166,0.0,13177.630667357054,3.0395532268462016,3.367295829986474,1.1631508098056809
18,1,2,4,5.3,0.7,1,6.0,3,1,1,19.0,79,3.44,2,1.7451507197105387,10.347518899102251,1.6102145113046793,50789.75419132553,12.982796395310663,2.995732273553991,0.5306282510621704
18,1,2,4,4.2,0.8,1,6.4,3,1,1,12.0,69,3.53,2,1.492187365993103,11.540249794535706,1.6102145113046793,35205.91224901557,14.048034731048165,2.5649493574615367,0.5877866649021191
22,0,1,0,1.3,3.1,1,7.6,5,0,2,0.0,98,4.0,2,0.26423266144669216,15.387190975810833,2.858956583624191,91038.45997193112,20.53818254914221,0.0,1.410986973710262
17,1,0,1,5.4,1.8,1,6.4,2,1,4,15.0,85,3.33,2,1.7656156766986153,11.540249794535706,0.8778301681657564,61924.51734422166,11.7537050835968,2.772588722239781,1.0296194171811581
19,1,2,5,4.6,3.6,1,7.2,2,1,3,2.0,87,3.68,2,1.5907355499331142,14.061136801601103,0.8778301681657564,65949.64476800284,15.946634697155112,1.0986122886681098,1.5260563034950492
19,0,0,4,3.0,2.6,1,8.1,3,0,4,4.0,97,3.61,2,1.1318728617817535,17.104383037428352,1.6102145113046793,88544.86579764642,15.041156949142636,1.6094379124341003,1.2809338454620642
20,0,2,0,4.6,1.3,1,7.5,3,1,2,14.0,83,3.74,2,1.5907355499331142,15.05166041856306,1.6102145113046793,58057.92927986961,16.750384849080206,2.70805020110221,0.832909122935104
19,0,0,4,1.7,2.7,1,8.0,4,0,3,3.0,93,3.8,2,0.5383079872264196,16.755717770784734,2.261698926363226,79002.48980321265,17.58006637427118,1.3862943611198906,1.308332819650179
15,0,0,3,8.9,1.4,2,5.7,1,1,2,24.0,61,3.32,1,2.320387654485076,9.483548899985696,0.0,25217.052320963478,11.645864683908064,3.2188758248682006,0.8754687373538999
18,1,2,4,5.3,2.3,1,7.3,3,1,0,14.0,85,3.45,2,1.7451507197105387,14.388618785157242,1.6102145113046793,61924.51734422166,13.098476283389891,2.70805020110221,1.1939224684724346
24,0,1,5,2.5,1.2,1,7.1,3,1,0,16.0,89,3.32,2,0.9393512133898587,13.736367236790857,1.6102145113046793,70135.94297111471,11.645864683908064,2.833213344056216,0.7884573603642702
17,0,0,0,6.7,1.5,0,4.4,1,0,2,23.0,58,3.26,1,2.003284337102433,6.057450511969028,0.0,21998.22133107918,11.012217184536736,3.1780538303479458,0.9162907318741551
17,1,0,0,4.4,2.0,1,6.4,1,0,4,12.0,80,3.47,2,1.5425211917840917,11.540249794535706,0.0,52549.50742605369,13.331834670752924,2.5649493574615367,1.0986122886681098
18,0,0,0,9.8,1.2,1,5.1,3,1,3,25.0,49,2.95,1,2.4290784648391797,7.836637933925062,1.6102145113046793,13934.324543079843,8.090435723777606,3.258096538021482,0.7884573603642702
17,1,0,3,5.5,2.6,0,7.1,3,1,3,13.0,78,3.68,2,1.7857252215541248,13.736367236790857,1.6102145113046793,49067.63473037756,15.946634697155112,2.6390573296152584,1.2809338454620642
19,0,2,0,3.4,2.6,1,7.2,3,1,2,11.0,85,3.01,2,1.2651404807900501,14.061136801601103,1.6102145113046793,61924.51734422166,8.611367410342837,2.4849066497880004,1.2809338454620642
18,1,2,0,5.9,0.8,0,6.8,3,1,4,7.0,82,2.89,2,1.8628491617376208,12.778487214922173,1.6102145113046793,56183.26023893996,7.590058642795928,2.0794415416798357,0.5877866649021191
18,0,2,3,3.6,2.0,1,6.9,3,1,2,6.0,85,3.95,2,1.3263003819268158,13.095026718981076,1.6102145113046793,61924.51734422166,19.770392735367714,1.9459101490553132,1.0986122886681098
17,0,0,4,4.9,1.4,1,6.8,3,0,3,12.0,88,3.16,2,1.659461753676766,12.778487214922173,1.6102145113046793,68022.48375280312,10.006308774393966,2.5649493574615367,0.8754687373538999
16,0,0,0,7.3,1.0,1,6.2,2,1,1,18.0,60,2.89,1,2.09855491776158,10.938123890491681,0.8778301681657564,24113.25572387178,7.590058642795928,2.9444389791664403,0.6931471805599453
16,0,0,4,9.8,1.8,1,4.4,1,1,1,25.0,54,2.47,1,2.4290784648391797,6.057450511969028,0.0,18128.066722063846,4.628527984535003,3.258096538021482,1.0296194171811581
17,1,0,0,5.2,0.9,1,8.4,4,1,4,6.0,92,3.5,2,1.7243171824127188,18.16585159714471,2.261698926363226,76723.29848149381,13.686897116192466,1.9459101490553132,0.6418538861723948
19,1,2,6,4.9,1.2,1,6.1,2,0,2,12.0,86,3.85,2,1.659461753676766,10.641371908015127,0.8778301681657564,63917.09875329975,18.291570207219255,2.5649493574615367,0.7884573603642702
16,1,0,0,7.9,1.9,1,6.4,3,1,3,26.0,58,2.85,1,2.186687359322709,11.540249794535706,1.6102145113046793,21998.22133107918,7.267690936157112,3.295836866004329,1.0647107369924282
18,0,2,0,11.8,1.8,1,3.8,1,0,3,20.0,56,2.75,1,2.6402273159631737,4.661063699804611,0.0,20004.147513716616,6.5001461320525165,3.044522437723423,1.0296194171811581
15,0,0,4,3.8,1.0,1,8.9,4,1,2,1.0,98,3.67,2,1.384326776898207,19.985804516313625,2.261698926363226,91038.45997193112,15.81516883547986,0.6931471805599453,0.6931471805599453
21,1,2,0,2.4,1.7,1,7.5,3,1,1,10.0,98,3.56,2,0.8965046417701628,15.05166041856306,1.6102145113046793,91038.45997193112,14.415298505689877,2.3978952727983707,0.9932517730102833
19,1,2,3,4.3,2.4,1,7.6,4,0,4,7.0,89,3.81,2,1.5176311317383155,15.387190975810833,2.261698926363226,70135.94297111471,17.720896337416892,2.0794415416798357,1.2237754316221157
20,0,2,3,5.3,1.0,1,6.0,2,1,2,15.0,71,3.25,2,1.7451507197105387,10.347518899102251,0.8778301681657564,38038.0056657807,10.90882410064474,2.772588722239781,0.6931471805599453
19,0,2,4,6.4,2.1,1,5.8,2,1,3,8.0,73,3.49,2,1.9525792661508234,9.76858741311186,0.8778301681657564,41009.67586813584,13.567870467191462,2.1972245773362196,1.1314021114911006
18,0,2,6,6.9,1.2,1,6.6,2,1,2,18.0,81,3.64,2,2.0359078246346916,12.15375076672696,0.8778301681657564,54347.230996866165,15.425006368156271,2.9444389791664403,0.7884573603642702
18,0,2,0,4.1,1.6,1,8.7,4,1,2,6.0,90,3.97,2,1.466163943905982,19.250269148910856,2.261698926363226,72290.34860143652,20.075215768293244,1.9459101490553132,0.9555114450274363
18,1,2,4,4.7,1.5,0,6.2,1,0,2,14.0,71,3.64,2,1.6141037337096489,10.938123890491681,0.0,38038.0056657807,15.425006368156271,2.70805020110221,0.9162907318741551
19,1,2,0,5.1,1.6,1,7.3,2,0,3,8.0,85,3.61,2,1.7031011436641108,14.388618785157242,0.8778301681657564,61924.51734422166,15.041156949142636,2.1972245773362196,0.9555114450274363
18,1,2,6,4.5,2.7,1,8.1,2,1,2,11.0,85,3.7,2,1.5668817774441797,17.104383037428352,0.8778301681657564,61924.51734422166,16.211695300270975,2.4849066497880004,1.308332819650179
18,1,2,0,5.2,1.7,0,7.1,2,1,2,14.0,81,3.19,2,1.7243171824127188,13.736367236790857,0.8778301681657564,54347.230996866165,10.301582463218029,2.70805020110221,0.9932517730102833
21,1,2,0,2.4,3.1,1,7.8,3,1,3,3.0,89,3.85,2,0.8965046417701628,16.066200853784746,1.6102145113046793,70135.94297111471,18.291570207219255,1.3862943611198906,1.410986973710262
18,1,2,1,2.5,1.4,1,7.3,3,1,2,3.0,86,3.97,2,0.9393512133898587,14.388618785157242,1.6102145113046793,63917.09875329975,20.075215768293244,1.3862943611198906,0.8754687373538999
19,1,2,3,10.8,1.4,1,5.2,1,0,1,29.0,55,3.1,1,2.539283315287256,8.103473238889842,0.0,19051.54466123719,9.43220016705984,3.4011973816621555,0.8754687373538999
18,0,0,6,4.3,1.6,1,7.0,4,1,2,6.0,85,3.42,2,1.5176311317383155,13.414325353558693,2.261698926363226,61924.51734422166,12.753425783763895,1.9459101490553132,0.9555114450274363
19,1,2,6,8.5,1.4,1,5.5,1,1,2,17.0,68,3.19,2,2.268701594475235,8.92242992355568,0.0,33841.334443280015,10.301582463218029,2.8903717578961645,0.8754687373538999
18,1,2,4,5.9,2.7,1,4.1,1,1,2,18.0,73,3.23,2,1.8628491617376208,5.343953906546689,0.0,41009.67586813584,10.703919338092492,2.9444389791664403,1.308332819650179
19,1,2,0,3.1,0.3,1,5.6,2,1,2,12.0,74,2.99,2,1.1666987907776478,9.201489326998276,0.8778301681657564,42548.719285856496,8.435414399576228,2.5649493574615367,0.262364264467491
18,0,0,4,5.4,1.8,0,5.8,2,1,1,19.0,75,4.0,2,1.7656156766986153,9.76858741311186,0.8778301681657564,44123.69453376821,20.53818254914221,2.995732273553991,1.0296194171811581
15,1,0,2,6.2,1.0,1,5.8,3,1,2,21.0,71,2.84,1,1.9175112322134875,9.76858741311186,1.6102145113046793,38038.0056657807,7.188483753456278,3.091042453358316,0.6931471805599453
21,0,2,0,3.0,1.9,1,7.0,3,1,1,7.0,72,3.57,2,1.1318728617817535,13.414325353558693,1.6102145113046793,39506.21991155572,14.5390899446019,2.0794415416798357,1.0647107369924282
19,1,2,6,2.3,2.6,1,9.0,3,0,1,7.0,98,4.0,2,0.8519347810161471,20.357314790663057,1.6102145113046793,91038.45997193112,20.53818254914221,2.0794415416798357,1.2809338454620642
20,2,2,0,3.9,1.6,1,7.8,2,1,2,11.0,98,3.49,2,1.4122647058505842,16.066200853784746,0.8778301681657564,91038.45997193112,13.567870467191462,2.4849066497880004,0.9555114450274363
19,2,2,0,5.6,1.2,1,6.0,3,1,3,22.0,67,3.29,1,1.8054918230589363,10.347518899102251,1.6102145113046793,32510.60102499727,11.326181944781949,3.1354942159291497,0.7884573603642702
19,0,2,6,6.4,1.8,0,5.1,2,0,3,22.0,66,3.23,1,1.9525792661508234,7.836637933925062,0.8778301681657564,31213.358948090136,10.703919338092492,3.1354942159291497,1.0296194171811581
16,1,0,0,3.6,1.2,1,8.0,3,0,4,12.0,98,3.81,2,1.3263003819268158,16.755717770784734,1.6102145113046793,91038.45997193112,17.720896337416892,2.5649493574615367,0.7884573603642702
18,0,2,0,5.4,1.7,1,7.0,4,1,3,6.0,82,3.43,2,1.7656156766986153,13.414325353558693,2.261698926363226,56183.26023893996,12.867780191912736,1.9459101490553132,0.9932517730102833
20,0,2,4,6.4,1.5,1,5.6,1,1,3,19.0,72,3.28,2,1.9525792661508234,9.201489326998276,0.0,39506.21991155572,11.220894215246592,2.995732273553991,0.9162907318741551
17,1,0,0,2.5,0.9,1,7.2,3,0,0,10.0,85,4.0,2,0.9393512133898587,14.061136801601103,1.6102145113046793,61924.51734422166,20.53818254914221,2.3978952727983707,0.6418538861723948
22,1,2,3,3.2,2.4,1,8.2,3,0,3,10.0,90,3.95,2,1.2004777883442346,17.455635531354325,1.6102145113046793,72290.34860143652,19.770392735367714,2.3978952727983707,1.2237754316221157
20,3,2,0,5.8,1.1,1,7.2,3,1,2,15.0,77,3.43,2,1.8440428632175376,14.061136801601103,1.6102145113046793,47382.81123366814,12.867780191912736,2.772588722239781,0.7419373447293773
17,1,0,0,11.0,2.6,1,3.7,1,1,3,20.0,47,2.3,1,2.560160258129247,4.4403960165533265,0.0,12447.386303522204,3.6783847187259155,3.044522437723423,1.2809338454620642
22,0,1,0,4.6,1.6,1,6.1,2,0,4,14.0,84,3.45,2,1.5907355499331142,10.641371908015127,0.8778301681657564,59971.57105866405,13.098476283389891,2.70805020110221,0.9555114450274363
17,1,0,6,4.4,2.3,1,8.2,3,1,2,9.0,93,3.82,2,1.5425211917840917,17.455635531354325,1.6102145113046793,79002.48980321265,17.862459817003035,2.302585092994046,1.1939224684724346
18,0,2,6,5.9,0.8,1,6.1,3,1,2,10.0,77,3.48,2,1.8628491617376208,10.641371908015127,1.6102145113046793,47382.81123366814,13.449516948333956,2.3978952727983707,0.5877866649021191
18,1,2,5,2.8,1.8,1,8.6,5,0,2,13.0,87,3.5,2,1.0587970088869507,18.886266876241464,2.858956583624191,65949.64476800284,13.686897116192466,2.6390573296152584,1.0296194171811581
19,1,2,6,5.5,1.8,1,7.4,2,1,2,10.0,74,3.7,2,1.7857252215541248,14.718798218821261,0.8778301681657564,42548.719285856496,16.211695300270975,2.3978952727983707,1.0296194171811581
20,1,2,2,1.7,1.9,1,5.7,3,0,3,10.0,85,3.97,2,0.5383079872264196,9.483548899985696,1.6102145113046793,61924.51734422166,20.075215768293244,2.3978952727983707,1.0647107369924282
17,1,0,3,5.5,1.1,1,6.0,2,1,3,19.0,73,3.41,2,1.7857252215541248,10.347518899102251,0.8778301681657564,41009.67586813584,12.639731281317893,2.995732273553991,0.7419373447293773
18,0,2,2,4.9,2.4,1,6.0,2,1,3,2.0,87,4.0,2,1.659461753676766,10.347518899102251,0.8778301681657564,65949.64476800284,20.53818254914221,1.0986122886681098,1.2237754316221157
19,1,2,4,5.7,1.2,0,6.1,2,0,3,11.0,88,3.19,2,1.8249272994757757,10.641371908015127,0.8778301681657564,68022.48375280312,10.301582463218029,2.4849066497880004,0.7884573603642702
19,1,2,4,3.2,2.0,1,7.2,4,0,0,9.0,80,3.83,2,1.2004777883442346,14.061136801601103,2.261698926363226,52549.50742605369,18.00475869836222,2.302585092994046,1.0986122886681098
17,1,0,0,7.2,1.6,1,5.5,1,0,1,3.0,73,3.73,2,2.0832033609937755,8.92242992355568,0.0,41009.67586813584,16.614636703065745,1.3862943611198906,0.9555114450274363
15,1,0,0,3.5,1.6,1,8.0,4,1,4,7.0,98,4.0,2,1.2961337421106984,16.755717770784734,2.261698926363226,91038.45997193112,20.53818254914221,2.0794415416798357,0.9555114450274363
19,1,0,0,4.7,2.5,1,5.7,1,1,2,12.0,76,3.4,2,1.6141037337096489,9.483548899985696,0.0,45734.94462371378,12.526694794914107,2.5649493574615367,1.252762968495368
16,1,0,0,2.7,1.2,1,8.5,3,0,2,10.0,83,3.92,2,1.0203866362587886,18.524790399056656,1.6102145113046793,58057.92927986961,19.31885273989304,2.3978952727983707,0.7884573603642702
18,1,2,2,5.7,2.0,1,7.0,3,1,3,21.0,68,3.54,2,1.8249272994757757,13.414325353558693,1.6102145113046793,33841.334443280015,14.169772787057607,3.091042453358316,1.0986122886681098
18,1,0,6,9.0,1.0,0,4.7,1,1,1,20.0,60,3.16,1,2.332965554974335,6.800697609529523,0.0,24113.25572387178,10.006308774393966,3.044522437723423,0.6931471805599453
20,0,2,0,2.8,1.7,1,8.6,4,1,2,9.0,89,3.14,2,1.0587970088869507,18.886266876241464,2.261698926363226,70135.94297111471,9.81251648426725,2.302585092994046,0.9932517730102833
17,1,0,0,7.8,1.6,1,6.5,1,1,3,13.0,83,3.52,2,2.172448159416712,11.845587262709715,0.0,58057.92927986961,13.926977359533225,2.6390573296152584,0.9555114450274363
20,0,2,4,11.3,3.3,1,4.3,1,1,3,30.0,53,2.44,0,2.5908119746730964,5.81627216727231,0.0,17233.337875033176,4.4510458507263575,3.4339872044851463,1.4586150226995167
20,0,2,6,4.3,1.4,1,7.6,3,0,0,3.0,95,3.56,2,1.5176311317383155,15.387190975810833,1.6102145113046793,83687.91518516612,14.415298505689877,1.3862943611198906,0.8754687373538999
20,1,2,2,7.0,1.8,1,7.0,3,0,3,19.0,72,3.07,2,2.0518855355680303,13.414325353558693,1.6102145113046793,39506.21991155572,9.153263022572325,2.995732273553991,1.0296194171811581
18,0,2,4,1.9,2.7,1,6.6,2,1,3,2.0,98,4.0,2,0.6531132144998397,12.15375076672696,0.8778301681657564,91038.45997193112,20.53818254914221,1.0986122886681098,1.308332819650179
21,3,2,1,3.3,1.6,1,6.3,2,1,4,16.0,95,3.68,2,1.2332726085820729,11.237755995802775,0.8778301681657564,83687.91518516612,15.946634697155112,2.833213344056216,0.9555114450274363
20,0,2,6,4.7,2.4,1,6.7,1,0,4,20.0,75,3.32,2,1.6141037337096489,12.464723049102489,0.0,44123.69453376821,11.645864683908064,3.044522437723423,1.2237754316221157
20,1,2,5,7.2,2.1,1,7.6,2,1,4,4.0,86,3.14,2,2.0832033609937755,15.387190975810833,0.8778301681657564,63917.09875329975,9.81251648426725,1.6094379124341003,1.1314021114911006
19,0,2,6,3.1,2.7,1,7.7,4,0,2,10.0,78,3.91,2,1.1666987907776478,15.725375748712496,2.261698926363226,49067.63473037756,19.169850419380406,2.3978952727983707,1.308332819650179
17,3,0,5,7.7,2.4,1,5.7,1,1,2,19.0,55,3.81,1,2.158035210576757,9.483548899985696,0.0,19051.54466123719,17.720896337416892,2.995732273553991,1.2237754316221157
20,0,2,0,4.1,2.8,0,8.1,3,0,1,12.0,85,3.8,2,1.466163943905982,17.104383037428352,1.6102145113046793,61924.51734422166,17.58006637427118,2.5649493574615367,1.33500106673234
15,0,0,0,4.8,2.2,1,5.7,1,1,3,12.0,77,3.15,2,1.6370062359244075,9.483548899985696,0.0,47382.81123366814,9.909108207554391,2.5649493574615367,1.1631508098056809
17,1,0,0,4.5,1.5,1,6.9,3,0,1,10.0,81,3.18,2,1.5668817774441797,13.095026718981076,1.6102145113046793,54347.230996866165,10.202544009650545,2.3978952727983707,0.9162907318741551
18,0,2,0,3.7,1.5,1,6.5,2,1,3,10.0,85,3.21,2,1.3556845124032513,11.845587262709715,0.8778301681657564,61924.51734422166,10.501510504182985,2.3978952727983707,0.9162907318741551
18,1,2,3,7.8,1.6,1,5.0,2,1,3,21.0,68,2.75,1,2.172448159416712,7.5729175150710875,0.8778301681657564,33841.334443280015,6.5001461320525165,3.091042453358316,0.9555114450274363
18,1,2,6,2.9,1.1,1,8.2,4,1,2,12.0,98,3.13,2,1.095930983777979,17.455635531354325,2.261698926363226,91038.45997193112,9.716531711647102,2.5649493574615367,0.7419373447293773
17,1,0,4,2.4,2.1,0,7.9,3,0,2,8.0,92,3.72,2,0.8965046417701628,16.409652657927705,1.6102145113046793,76723.29848149381,16.479606987119947,2.1972245773362196,1.1314021114911006
20,0,2,6,5.0,1.4,0,5.5,2,0,4,8.0,89,3.16,2,1.681487870546516,8.92242992355568,0.8778301681657564,70135.94297111471,10.006308774393966,2.1972245773362196,0.8754687373538999
16,1,0,0,1.5,2.0,0,9.3,4,0,0,2.0,98,3.73,2,0.4099390405603449,21.486682768630658,2.261698926363226,91038.45997193112,16.614636703065745,1.0986122886681098,1.0986122886681098
17,1,0,6,4.2,1.7,1,6.2,3,0,4,5.0,81,3.5,2,1.492187365993103,10.938123890491681,1.6102145113046793,54347.230996866165,13.686897116192466,1.791759469228055,0.9932517730102833
18,1,2,4,6.2,2.4,1,7.0,3,0,3,10.0,80,3.99,2,1.9175112322134875,13.414325353558693,1.6102145113046793,52549.50742605369,20.38309347972413,2.3978952727983707,1.2237754316221157
19,2,2,4,10.3,1.8,1,4.0,1,1,2,32.0,54,2.8,0,2.4854465759314417,5.112878346441948,0.0,18128.066722063846,6.87713709393498,3.4965075614664802,1.0296194171811581
20,0,2,3,8.3,0.9,1,5.2,1,1,2,12.0,71,3.25,2,2.2419894696219833,8.103473238889842,0.0,38038.0056657807,10.90882410064474,2.5649493574615367,0.6418538861723948
18,0,2,0,3.2,3.6,1,8.5,2,0,3,8.0,98,3.87,2,1.2004777883442346,18.524790399056656,0.8778301681657564,91038.45997193112,18.58134594461001,2.1972245773362196,1.5260563034950492
17,1,0,6,3.7,1.8,1,8.0,4,0,3,5.0,88,3.36,2,1.3556845124032513,16.755717770784734,2.261698926363226,68022.48375280312,12.08109121248574,1.791759469228055,1.0296194171811581
18,1,2,0,2.4,1.4,1,8.2,4,1,2,8.0,98,3.63,2,0.8965046417701628,17.455635531354325,2.261698926363226,91038.45997193112,15.296357628263685,2.1972245773362196,0.8754687373538999
18,0,2,5,3.3,1.8,1,6.6,3,1,2,4.0,87,4.0,2,1.2332726085820729,12.15375076672696,1.6102145113046793,65949.64476800284,20.53818254914221,1.6094379124341003,1.0296194171811581
18,2,2,0,4.4,2.5,1,6.5,3,1,4,10.0,73,3.41,2,1.5425211917840917,11.845587262709715,1.6102145113046793,41009.67586813584,12.639731281317893,2.3978952727983707,1.252762968495368
17,1,0,4,2.8,2.3,1,7.6,3,0,1,3.0,94,3.57,2,1.0587970088869507,15.387190975810833,1.6102145113046793,81323.92171042044,14.5390899446019,1.3862943611198906,1.1939224684724346
16,0,0,4,4.9,3.2,2,7.8,3,1,0,14.0,83,3.77,2,1.659461753676766,16.066200853784746,1.6102145113046793,58057.92927986961,17.161958728612845,2.70805020110221,1.4350845252893227
20,1,2,0,4.6,1.1,1,6.4,2,1,1,14.0,88,3.82,2,1.5907355499331142,11.540249794535706,0.8778301681657564,68022.48375280312,17.862459817003035,2.70805020110221,0.7419373447293773
22,0,1,0,2.5,0.2,1,6.1,2,0,2,11.0,94,3.16,2,0.9393512133898587,10.641371908015127,0.8778301681657564,81323.92171042044,10.006308774393966,2.4849066497880004,0.18232155679395465
17,0,0,6,2.6,2.4,0,7.7,3,1,3,9.0,88,3.69,2,0.9806061985963926,15.725375748712496,1.6102145113046793,68022.48375280312,16.07880955652339,2.302585092994046,1.2237754316221157
17,0,0,5,5.9,2.7,1,7.1,2,1,1,19.0,82,3.1,2,1.8628491617376208,13.736367236790857,0.8778301681657564,56183.26023893996,9.43220016705984,2.995732273553991,1.308332819650179
17,1,0,0,4.0,1.6,2,5.9,2,1,4,13.0,81,3.22,2,1.4395330280586147,10.056584152579083,0.8778301681657564,54347.230996866165,10.602403875992923,2.6390573296152584,0.9555114450274363
18,1,2,0,3.4,1.0,1,8.0,4,1,2,17.0,86,3.73,2,1.2651404807900501,16.755717770784734,2.261698926363226,63917.09875329975,16.614636703065745,2.8903717578961645,0.6931471805599453
22,0,1,5,3.8,0.8,1,7.9,2,0,2,11.0,85,3.76,2,1.384326776898207,16.409652657927705,0.8778301681657564,61924.51734422166,17.024043975850308,2.4849066497880004,0.5877866649021191
19,0,2,4,4.6,2.0,0,7.5,4,0,2,9.0,88,3.61,2,1.5907355499331142,15.05166041856306,2.261698926363226,68022.48375280312,15.041156949142636,2.302585092994046,1.0986122886681098
18,2,2,3,4.5,0.9,1,7.9,3,1,2,3.0,84,3.92,2,1.5668817774441797,16.409652657927705,1.6102145113046793,59971.57105866405,19.31885273989304,1.3862943611198906,0.6418538861723948
16,0,0,0,2.2,1.5,1,6.1,2,1,1,5.0,86,3.53,2,0.8054926939148117,10.641371908015127,0.8778301681657564,63917.09875329975,14.048034731048165,1.791759469228055,0.9162907318741551
19,1,2,0,12.2,1.5,0,4.0,1,1,3,28.0,52,2.97,1,2.678353554567644,5.112878346441948,0.0,16366.980259579506,8.261775557384002,3.367295829986474,0.9162907318741551
18,0,2,3,4.4,2.3,1,7.1,3,0,1,18.0,87,3.55,2,1.5425211917840917,13.736367236790857,1.6102145113046793,65949.64476800284,14.292193415871623,2.9444389791664403,1.1939224684724346
18,1,2,2,7.4,1.8,1,6.3,3,1,2,13.0,72,3.37,2,2.113708815832555,11.237755995802775,1.6102145113046793,39506.21991155572,12.19151453362671,2.6390573296152584,1.0296194171811581
18,0,2,0,4.0,0.9,1,5.6,3,1,2,7.0,94,3.54,2,1.4395330280586147,9.201489326998276,1.6102145113046793,81323.92171042044,14.169772787057607,2.0794415416798357,0.6418538861723948
24,0,1,4,2.7,2.6,1,8.6,3,1,1,0.0,90,4.0,2,1.0203866362587886,18.886266876241464,1.6102145113046793,72290.34860143652,20.53818254914221,0.0,1.2809338454620642
17,0,0,4,6.2,3.3,0,6.2,2,1,0,20.0,59,3.31,1,1.9175112322134875,10.938123890491681,0.8778301681657564,23040.434161822523,11.53866528811148,3.044522437723423,1.4586150226995167
22,1,1,0,4.3,1.2,1,6.9,3,0,3,15.0,76,3.18,2,1.5176311317383155,13.095026718981076,1.6102145113046793,45734.94462371378,10.202544009650545,2.772588722239781,0.7884573603642702
17,2,0,4,11.1,2.1,1,6.1,1,1,0,26.0,57,2.88,1,2.5704644360674704,10.641371908015127,0.0,20986.249109062494,7.508632076674728,3.295836866004329,1.1314021114911006
23,0,1,6,4.5,1.4,0,6.6,2,1,2,14.0,78,4.0,2,1.5668817774441797,12.15375076672696,0.8778301681657564,49067.63473037756,20.53818254914221,2.70805020110221,0.8754687373538999
17,1,0,6,6.0,2.1,1,7.1,3,1,3,14.0,80,3.27,2,1.8813563150191603,13.736367236790857,1.6102145113046793,52549.50742605369,11.116239925597819,2.70805020110221,1.1314021114911006
15,0,0,3,7.1,1.2,1,5.7,2,1,4,15.0,70,3.22,2,2.0676487677416864,9.483548899985696,0.8778301681657564,36604.68597434723,10.602403875992923,2.772588722239781,0.7884573603642702
18,0,2,0,4.2,0.5,0,6.9,4,0,4,4.0,84,3.63,2,1.492187365993103,13.095026718981076,2.261698926363226,59971.57105866405,15.296357628263685,1.6094379124341003,0.4054651081081644
21,1,2,0,5.9,1.6,1,6.5,3,1,2,17.0,80,3.78,2,1.8628491617376208,11.845587262709715,1.6102145113046793,52549.50742605369,17.300599455458382,2.8903717578961645,0.9555114450274363
18,1,2,0,5.6,1.3,1,7.5,3,0,3,14.0,80,3.61,2,1.8054918230589363,15.05166041856306,1.6102145113046793,52549.50742605369,15.041156949142636,2.70805020110221,0.832909122935104
22,1,2,3,5.5,1.1,1,6.5,2,0,1,15.0,77,3.28,2,1.7857252215541248,11.845587262709715,0.8778301681657564,47382.81123366814,11.220894215246592,2.772588722239781,0.7419373447293773
17,0,0,4,3.1,1.8,1,7.1,3,1,2,11.0,81,4.0,2,1.1666987907776478,13.736367236790857,1.6102145113046793,54347.230996866165,20.53818254914221,2.4849066497880004,1.0296194171811581
17,1,0,3,6.9,1.4,1,6.3,2,1,2,10.0,70,3.78,2,2.0359078246346916,11.237755995802775,0.8778301681657564,36604.68597434723,17.300599455458382,2.3978952727983707,0.8754687373538999
22,1,1,0,6.6,1.8,0,6.2,2,1,3,17.0,69,3.62,2,1.9866255656836118,10.938123890491681,0.8778301681657564,35205.91224901557,15.168408451034988,2.8903717578961645,1.0296194171811581
19,0,2,0,2.6,1.4,1,6.6,3,0,2,12.0,86,3.32,2,0.9806061985963926,12.15375076672696,1.6102145113046793,63917.09875329975,11.645864683908064,2.5649493574615367,0.8754687373538999
18,0,2,6,0.9,2.4,1,7.6,5,0,3,9.0,93,3.59,2,-0.105061194566514,15.387190975810833,2.858956583624191,79002.48980321265,14.788739421516853,2.302585092994046,1.2237754316221157
16,0,0,3,7.0,1.9,1,6.1,1,1,2,21.0,72,3.32,2,2.0518855355680303,10.641371908015127,0.0,39506.21991155572,11.645864683908064,3.091042453358316,1.0647107369924282
19,0,2,0,2.5,1.5,1,7.1,3,0,3,6.0,91,3.46,2,0.9393512133898587,13.736367236790857,1.6102145113046793,74486.02575307926,13.21482174546893,1.9459101490553132,0.9162907318741551
17,2,0,4,5.7,2.8,1,5.3,2,1,1,9.0,76,3.42,2,1.8249272994757757,8.3733992567368,0.8778301681657564,45734.94462371378,12.753425783763895,2.302585092994046,1.33500106673234
21,1,2,0,3.8,1.7,1,6.3,2,1,1,13.0,85,3.43,2,1.384326776898207,11.237755995802775,0.8778301681657564,61924.51734422166,12.867780191912736,2.6390573296152584,0.9932517730102833
17,1,0,0,2.5,2.2,1,7.4,3,1,3,6.0,93,3.65,2,0.9393512133898587,14.718798218821261,1.6102145113046793,79002.48980321265,15.554356557932616,1.9459101490553132,1.1631508098056809
16,1,0,4,4.2,2.6,2,6.0,1,0,2,15.0,82,3.28,2,1.492187365993103,10.347518899102251,0.0,56183.26023893996,11.220894215246592,2.772588722239781,1.2809338454620642
21,0,2,4,11.8,1.8,1,4.7,1,1,0,25.0,43,3.24,1,2.6402273159631737,6.800697609529523,0.0,9783.04241116226,10.806058782383067,3.258096538021482,1.0296194171811581
17,2,0,3,4.7,2.7,1,6.7,2,0,2,11.0,66,4.0,2,1.6141037337096489,12.464723049102489,0.8778301681657564,31213.358948090136,20.53818254914221,2.4849066497880004,1.308332819650179
17,1,0,6,1.3,2.5,1,9.2,4,0,1,1.0,98,3.6,2,0.26423266144669216,21.107764803377655,2.261698926363226,91038.45997193112,14.914601235151155,0.6931471805599453,1.252762968495368
17,1,0,5,6.2,0.1,1,6.3,3,0,1,17.0,84,3.84,2,1.9175112322134875,11.237755995802775,1.6102145113046793,59971.57105866405,18.147794866724794,2.8903717578961645,0.09531017980432487
19,3,2,3,3.5,1.6,1,8.4,3,0,2,14.0,88,3.89,2,1.2961337421106984,18.16585159714471,1.6102145113046793,68022.48375280312,18.87410098953472,2.70805020110221,0.9555114450274363
18,0,2,4,3.2,1.3,1,7.2,3,0,3,15.0,80,3.69,2,1.2004777883442346,14.061136801601103,1.6102145113046793,52549.50742605369,16.07880955652339,2.772588722239781,0.832909122935104
17,1,0,0,7.9,1.9,1,7.1,4,1,1,21.0,77,3.18,2,2.186687359322709,13.736367236790857,2.261698926363226,47382.81123366814,10.202544009650545,3.091042453358316,1.0647107369924282
22,0,2,3,3.9,1.6,1,8.0,3,0,2,12.0,89,4.0,2,1.4122647058505842,16.755717770784734,1.6102145113046793,70135.94297111471,20.53818254914221,2.5649493574615367,0.9555114450274363
20,1,2,6,3.1,1.5,1,7.4,3,0,4,13.0,98,3.99,2,1.1666987907776478,14.718798218821261,1.6102145113046793,91038.45997193112,20.38309347972413,2.6390573296152584,0.9162907318741551
21,0,2,0,5.6,1.0,1,5.6,1,1,1,11.0,72,3.17,2,1.8054918230589363,9.201489326998276,0.0,39506.21991155572,10.104120077547,2.4849066497880004,0.6931471805599453
19,0,2,3,3.8,2.2,1,5.9,3,1,3,14.0,74,3.8,2,1.384326776898207,10.056584152579083,1.6102145113046793,42548.719285856496,17.58006637427118,2.70805020110221,1.1631508098056809
19,1,2,0,5.0,0.2,1,7.4,3,0,3,6.0,84,3.35,2,1.681487870546516,14.718798218821261,1.6102145113046793,59971.57105866405,11.971316457356032,1.9459101490553132,0.18232155679395465
18,1,2,0,3.2,2.0,0,7.0,4,0,1,11.0,92,3.99,2,1.2004777883442346,13.414325353558693,2.261698926363226,76723.29848149381,20.38309347972413,2.4849066497880004,1.0986122886681098
22,0,1,0,12.6,2.2,1,3.5,1,1,2,40.0,37,2.68,0,2.7153151393422355,4.009728565370655,0.0,6512.330032231414,5.994692731477807,3.713572066704308,1.1631508098056809
20,1,0,4,14.0,1.9,1,3.0,1,1,1,34.0,36,1.97,0,2.8364774847199032,2.997232442083743,0.0,6046.635364950908,2.1947476391181,3.5553480614894135,1.0647107369924282
18,0,0,0,6.4,1.4,1,5.8,2,0,2,14.0,72,3.11,2,1.9525792661508234,9.76858741311186,0.8778301681657564,39506.21991155572,9.52637544624165,2.70805020110221,0.8754687373538999
22,0,2,4,4.4,1.6,0,7.6,3,1,0,12.0,87,3.23,2,1.5425211917840917,15.387190975810833,1.6102145113046793,65949.64476800284,10.703919338092492,2.5649493574615367,0.9555114450274363
18,1,2,4,2.1,2.2,1,8.6,4,1,2,5.0,93,3.61,2,0.7570090469002981,18.886266876241464,2.261698926363226,79002.48980321265,15.041156949142636,1.791759469228055,1.1631508098056809
18,0,2,0,4.4,1.9,1,7.9,2,1,1,9.0,82,3.55,2,1.5425211917840917,16.409652657927705,0.8778301681657564,56183.26023893996,14.292193415871623,2.302585092994046,1.0647107369924282
17,0,0,6,8.1,2.4,0,6.3,1,1,4,14.0,66,3.91,2,2.2146613748949004,11.237755995802775,0.0,31213.358948090136,19.169850419380406,2.70805020110221,1.2237754316221157
19,0,2,6,2.4,2.3,1,8.0,3,1,3,11.0,90,3.86,2,0.8965046417701628,16.755717770784734,1.6102145113046793,72290.34860143652,18.436086604872493,2.4849066497880004,1.1939224684724346
20,1,2,4,4.0,1.8,1,5.8,2,1,3,9.0,84,3.67,2,1.4395330280586147,9.76858741311186,0.8778301681657564,59971.57105866405,15.81516883547986,2.302585092994046,1.0296194171811581
18,1,2,0,7.6,3.2,1,6.7,2,1,2,24.0,69,3.09,1,2.1434440944290047,12.464723049102489,0.8778301681657564,35205.91224901557,9.338624265751184,3.2188758248682006,1.4350845252893227
19,0,2,0,3.9,2.5,1,6.9,2,0,0,15.0,86,3.32,2,1.4122647058505842,13.095026718981076,0.8778301681657564,63917.09875329975,11.645864683908064,2.772588722239781,1.252762968495368
19,2,2,3,9.9,1.8,1,6.1,1,1,4,27.0,57,2.85,1,2.440566416418899,10.641371908015127,0.0,20986.249109062494,7.267690936157112,3.332204510175204,1.0296194171811581
25,1,2,4,12.7,2.1,2,4.4,1,0,1,25.0,46,2.63,0,2.7243820126005427,6.057450511969028,0.0,11743.200224808417,5.6492846350101855,3.258096538021482,1.1314021114911006
18,1,2,0,1.6,1.9,1,7.8,3,0,3,9.0,89,4.0,2,0.4760221763172826,16.066200853784746,1.6102145113046793,70135.94297111471,20.53818254914221,2.302585092994046,1.0647107369924282
20,1,2,6,3.2,2.0,1,5.6,3,1,4,19.0,74,3.25,2,1.2004777883442346,9.201489326998276,1.6102145113046793,42548.719285856496,10.90882410064474,2.995732273553991,1.0986122886681098
15,1,0,0,5.4,0.3,1,5.3,1,1,4,10.0,73,3.63,2,1.7656156766986153,8.3733992567368,0.0,41009.67586813584,15.296357628263685,2.3978952727983707,0.262364264467491
17,1,0,4,6.7,1.6,1,8.0,3,1,3,15.0,87,3.39,2,2.003284337102433,16.755717770784734,1.6102145113046793,65949.64476800284,12.41431443477717,2.772588722239781,0.9555114450274363
17,0,0,5,3.5,2.0,1,6.1,4,0,2,12.0,79,3.62,2,1.2961337421106984,10.641371908015127,2.261698926363226,50789.75419132553,15.168408451034988,2.5649493574615367,1.0986122886681098
17,0,0,0,2.3,2.4,1,7.6,3,1,2,15.0,80,3.6,2,0.8519347810161471,15.387190975810833,1.6102145113046793,52549.50742605369,14.914601235151155,2.772588722239781,1.2237754316221157
17,0,0,6,6.8,1.3,1,5.8,1,1,2,13.0,65,2.81,1,2.019709544031315,9.76858741311186,0.0,29949.25362327995,6.954155242313397,2.6390573296152584,0.832909122935104
20,0,2,6,4.0,2.0,1,7.1,2,0,0,9.0,82,2.96,2,1.4395330280586147,13.736367236790857,0.8778301681657564,56183.26023893996,8.175819212089252,2.302585092994046,1.0986122886681098
19,1,2,5,4.2,0.6,1,7.2,3,1,3,9.0,83,3.49,2,1.492187365993103,14.061136801601103,1.6102145113046793,58057.92927986961,13.567870467191462,2.302585092994046,0.4700036292457356
18,1,2,3,5.1,0.9,1,6.1,2,1,3,10.0,85,3.27,2,1.7031011436641108,10.641371908015127,0.8778301681657564,61924.51734422166,11.116239925597819,2.3978952727983707,0.6418538861723948
17,0,0,6,2.6,2.0,1,7.5,2,1,1,6.0,93,3.53,2,0.9806061985963926,15.05166041856306,0.8778301681657564,79002.48980321265,14.048034731048165,1.9459101490553132,1.0986122886681098
22,1,1,0,6.9,1.8,1,4.9,2,1,1,15.0,79,3.53,2,2.0359078246346916,7.3123368290812865,0.8778301681657564,50789.75419132553,14.048034731048165,2.772588722239781,1.0296194171811581
17,0,0,0,4.6,1.6,2,6.9,3,1,3,9.0,71,3.84,2,1.5907355499331142,13.095026718981076,1.6102145113046793,38038.0056657807,18.147794866724794,2.302585092994046,0.9555114450274363
18,0,2,0,5.0,2.0,2,7.7,3,0,2,13.0,81,3.55,2,1.681487870546516,15.725375748712496,1.6102145113046793,54347.230996866165,14.292193415871623,2.6390573296152584,1.0986122886681098
18,1,2,2,1.7,3.5,1,8.1,4,0,0,12.0,94,4.0,2,0.5383079872264196,17.104383037428352,2.261698926363226,81323.92171042044,20.53818254914221,2.5649493574615367,1.5040773967762742
19,0,0,0,5.3,1.3,1,5.9,1,1,1,22.0,82,2.84,1,1.7451507197105387,10.056584152579083,0.0,56183.26023893996,7.188483753456278,3.1354942159291497,0.832909122935104
18,1,2,6,6.1,2.3,1,6.4,2,1,2,9.0,74,3.13,2,1.8995739499976299,11.540249794535706,0.8778301681657564,42548.719285856496,9.716531711647102,2.302585092994046,1.1939224684724346
18,0,2,3,2.4,1.5,1,8.6,4,0,2,6.0,98,4.0,2,0.8965046417701628,18.886266876241464,2.261698926363226,91038.45997193112,20.53818254914221,1.9459101490553132,0.9162907318741551
21,1,2,0,5.7,1.5,2,6.2,2,0,1,13.0,79,3.42,2,1.8249272994757757,10.938123890491681,0.8778301681657564,50789.75419132553,12.753425783763895,2.6390573296152584,0.9162907318741551
21,1,2,0,5.7,2.8,1,7.6,3,1,1,10.0,79,4.0,2,1.8249272994757757,15.387190975810833,1.6102145113046793,50789.75419132553,20.53818254914221,2.3978952727983707,1.33500106673234
22,0,1,0,3.8,1.6,0,8.5,3,0,2,6.0,95,3.79,2,1.384326776898207,18.524790399056656,1.6102145113046793,83687.91518516612,17.43996804213093,1.9459101490553132,0.9555114450274363
15,1,0,4,3.0,2.4,0,8.3,4,0,1,8.0,97,3.81,2,1.1318728617817535,17.809462547767687,2.261698926363226,88544.86579764642,17.720896337416892,2.1972245773362196,1.2237754316221157
16,1,0,6,4.0,1.9,1,7.4,3,1,1,12.0,93,3.78,2,1.4395330280586147,14.718798218821261,1.6102145113046793,79002.48980321265,17.300599455458382,2.5649493574615367,1.0647107369924282
22,0,1,0,6.7,2.2,1,7.2,2,0,3,23.0,80,2.96,1,2.003284337102433,14.061136801601103,0.8778301681657564,52549.50742605369,8.175819212089252,3.1780538303479458,1.1631508098056809
20,0,2,4,2.8,1.7,0,7.5,3,1,3,13.0,87,3.5,2,1.0587970088869507,15.05166041856306,1.6102145113046793,65949.64476800284,13.686897116192466,2.6390573296152584,0.9932517730102833
18,0,2,0,4.8,2.6,0,6.8,2,0,2,9.0,78,3.69,2,1.6370062359244075,12.778487214922173,0.8778301681657564,49067.63473037756,16.07880955652339,2.302585092994046,1.2809338454620642
16,1,0,6,7.5,3.7,1,6.6,2,0,1,16.0,78,3.2,2,2.1286702202484076,12.15375076672696,0.8778301681657564,49067.63473037756,10.401237330639699,2.833213344056216,1.547562508716013
17,3,0,4,2.8,2.7,1,7.1,3,0,0,11.0,95,3.57,2,1.0587970088869507,13.736367236790857,1.6102145113046793,83687.91518516612,14.5390899446019,2.4849066497880004,1.308332819650179
18,0,0,4,3.0,0.9,1,8.6,3,1,2,8.0,98,3.48,2,1.1318728617817535,18.886266876241464,1.6102145113046793,91038.45997193112,13.449516948333956,2.1972245773362196,0.6418538861723948
19,1,2,3,3.6,1.5,1,7.8,3,0,2,14.0,71,3.25,2,1.3263003819268158,16.066200853784746,1.6102145113046793,38038.0056657807,10.90882410064474,2.70805020110221,0.9162907318741551
20,0,2,4,3.2,3.7,1,6.3,3,1,1,11.0,81,3.43,2,1.2004777883442346,11.237755995802775,1.6102145113046793,54347.230996866165,12.867780191912736,2.4849066497880004,1.547562508716013
23,0,2,0,5.9,1.5,1,7.1,3,1,1,19.0,76,3.52,2,1.8628491617376208,13.736367236790857,1.6102145113046793,45734.94462371378,13.926977359533225,2.995732273553991,0.9162907318741551
18,3,2,6,5.5,2.1,1,5.3,2,1,3,18.0,73,3.5,2,1.7857252215541248,8.3733992567368,0.8778301681657564,41009.67586813584,13.686897116192466,2.9444389791664403,1.1314021114911006
23,0,2,0,5.3,2.0,0,6.5,2,1,3,15.0,72,3.1,2,1.7451507197105387,11.845587262709715,0.8778301681657564,39506.21991155572,9.43220016705984,2.772588722239781,1.0986122886681098
21,0,2,6,2.3,3.1,0,6.4,3,0,2,8.0,94,4.0,2,0.8519347810161471,11.540249794535706,1.6102145113046793,81323.92171042044,20.53818254914221,2.1972245773362196,1.410986973710262
19,1,2,2,2.9,3.0,1,8.6,5,0,2,13.0,88,3.34,2,1.095930983777979,18.886266876241464,2.858956583624191,68022.48375280312,11.862188377883385,2.6390573296152584,1.3862943611198906
18,1,2,4,4.0,1.5,1,6.6,3,1,1,10.0,78,3.84,2,1.4395330280586147,12.15375076672696,1.6102145113046793,49067.63473037756,18.147794866724794,2.3978952727983707,0.9162907318741551
17,0,0,0,2.9,2.7,1,7.1,3,0,2,19.0,95,3.39,2,1.095930983777979,13.736367236790857,1.6102145113046793,83687.91518516612,12.41431443477717,2.995732273553991,1.308332819650179
19,0,2,4,10.1,1.4,1,5.7,2,1,2,24.0,54,3.24,1,2.463216684932441,9.483548899985696,0.8778301681657564,18128.066722063846,10.806058782383067,3.2188758248682006,0.8754687373538999
21,0,2,4,5.3,1.9,0,6.4,3,1,1,18.0,86,3.02,2,1.7451507197105387,11.540249794535706,1.6102145113046793,63917.09875329975,8.700216465863583,2.9444389791664403,1.0647107369924282
17,1,0,1,4.6,0.9,1,8.0,3,1,3,13.0,90,3.31,2,1.5907355499331142,16.755717770784734,1.6102145113046793,72290.34860143652,11.53866528811148,2.6390573296152584,0.6418538861723948
24,0,2,4,7.1,2.5,1,6.6,2,1,1,19.0,74,3.3,2,2.0676487677416864,12.15375076672696,0.8778301681657564,42548.719285856496,11.432105005383404,2.995732273553991,1.252762968495368
19,0,2,4,1.3,1.4,0,6.5,2,1,2,10.0,91,4.0,2,0.26423266144669216,11.845587262709715,0.8778301681657564,74486.02575307926,20.53818254914221,2.3978952727983707,0.8754687373538999
18,0,2,4,5.3,1.3,1,6.5,2,0,3,21.0,77,3.07,2,1.7451507197105387,11.845587262709715,0.8778301681657564,47382.81123366814,9.153263022572325,3.091042453358316,0.832909122935104
17,1,0,3,2.8,1.5,0,7.8,4,1,1,17.0,88,3.77,2,1.0587970088869507,16.066200853784746,2.261698926363226,68022.48375280312,17.161958728612845,2.8903717578961645,0.9162907318741551
16,0,0,4,8.0,3.2,1,6.3,1,1,1,22.0,59,3.03,1,2.2007570648755084,11.237755995802775,0.0,23040.434161822523,8.789649747573227,3.1354942159291497,1.4350845252893227
17,1,0,0,3.3,2.1,1,7.4,3,0,3,4.0,97,4.0,2,1.2332726085820729,14.718798218821261,1.6102145113046793,88544.86579764642,20.53818254914221,1.6094379124341003,1.1314021114911006
18,1,2,6,3.7,1.3,1,7.4,3,0,2,2.0,83,3.49,2,1.3556845124032513,14.718798218821261,1.6102145113046793,58057.92927986961,13.567870467191462,1.0986122886681098,0.832909122935104
18,1,2,6,3.8,2.1,1,7.8,4,1,2,6.0,80,3.44,2,1.384326776898207,16.066200853784746,2.261698926363226,52549.50742605369,12.982796395310663,1.9459101490553132,1.1314021114911006
19,1,2,4,4.7,1.4,2,6.7,1,1,4,10.0,87,3.39,2,1.6141037337096489,12.464723049102489,0.0,65949.64476800284,12.41431443477717,2.3978952727983707,0.8754687373538999
19,0,2,0,8.1,1.0,0,5.5,2,1,2,23.0,58,2.62,1,2.2146613748949004,8.92242992355568,0.8778301681657564,21998.22133107918,5.58174132931499,3.1780538303479458,0.6931471805599453
18,0,2,0,4.7,1.9,0,6.7,3,0,3,8.0,82,3.35,2,1.6141037337096489,12.464723049102489,1.6102145113046793,56183.26023893996,11.971316457356032,2.1972245773362196,1.0647107369924282
16,0,0,4,9.6,1.9,1,5.1,1,1,4,26.0,56,3.26,1,2.4057660247033263,7.836637933925062,0.0,20004.147513716616,11.012217184536736,3.295836866004329,1.0647107369924282
19,1,2,0,5.8,2.6,1,5.9,3,1,1,20.0,68,2.97,1,1.8440428632175376,10.056584152579083,1.6102145113046793,33841.334443280015,8.261775557384002,3.044522437723423,1.2809338454620642
15,0,0,0,6.8,2.0,1,6.4,3,1,3,17.0,82,3.29,2,2.019709544031315,11.540249794535706,1.6102145113046793,56183.26023893996,11.326181944781949,2.8903717578961645,1.0986122886681098
22,0,1,3,3.8,1.5,1,7.0,3,1,1,15.0,83,3.19,2,1.384326776898207,13.414325353558693,1.6102145113046793,58057.92927986961,10.301582463218029,2.772588722239781,0.9162907318741551
19,1,2,3,7.5,1.7,1,6.2,2,1,4,17.0,75,2.88,2,2.1286702202484076,10.938123890491681,0.8778301681657564,44123.69453376821,7.508632076674728,2.8903717578961645,0.9932517730102833
20,0,0,4,2.7,2.4,1,8.4,3,0,2,0.0,84,3.29,2,1.0203866362587886,18.16585159714471,1.6102145113046793,59971.57105866405,11.326181944781949,0.0,1.2237754316221157
18,0,2,0,6.0,1.6,1,8.2,3,0,2,8.0,87,3.58,2,1.8813563150191603,17.455635531354325,1.6102145113046793,65949.64476800284,14.663569620587477,2.1972245773362196,0.9555114450274363
20,0,2,0,6.2,2.4,0,6.7,4,0,4,21.0,79,3.36,2,1.9175112322134875,12.464723049102489,2.261698926363226,50789.75419132553,12.08109121248574,3.091042453358316,1.2237754316221157
18,1,2,3,1.3,1.5,0,7.9,4,1,3,0.0,98,3.97,2,0.26423266144669216,16.409652657927705,2.261698926363226,91038.45997193112,20.075215768293244,0.0,0.9162907318741551
16,3,0,0,4.9,1.0,1,6.8,3,0,2,16.0,89,3.62,2,1.659461753676766,12.778487214922173,1.6102145113046793,70135.94297111471,15.168408451034988,2.833213344056216,0.6931471805599453
18,0,2,2,3.0,1.3,1,8.3,4,0,1,2.0,97,3.58,2,1.1318728617817535,17.809462547767687,2.261698926363226,88544.86579764642,14.663569620587477,1.0986122886681098,0.832909122935104
18,3,2,4,2.1,1.5,0,7.1,3,1,2,2.0,94,3.94,2,0.7570090469002981,13.736367236790857,1.6102145113046793,81323.92171042044,19.619122013712897,1.0986122886681098,0.9162907318741551
16,0,0,5,6.8,2.1,1,7.1,2,1,1,17.0,83,2.93,2,2.019709544031315,13.736367236790857,0.8778301681657564,58057.92927986961,7.921379736654888,2.8903717578961645,1.1314021114911006
17,1,0,0,7.0,1.4,1,6.0,1,1,3,25.0,73,3.11,1,2.0518855355680303,10.347518899102251,0.0,41009.67586813584,9.52637544624165,3.258096538021482,0.8754687373538999
16,0,0,4,5.4,2.7,1,6.8,2,1,1,9.0,90,4.0,2,1.7656156766986153,12.778487214922173,0.8778301681657564,72290.34860143652,20.53818254914221,2.302585092994046,1.308332819650179
17,1,0,4,4.1,2.0,1,6.2,3,0,2,5.0,86,3.38,2,1.466163943905982,10.938123890491681,1.6102145113046793,63917.09875329975,12.302588311016644,1.791759469228055,1.0986122886681098
18,0,2,0,5.9,2.0,1,5.9,2,1,0,17.0,71,3.49,2,1.8628491617376208,10.056584152579083,0.8778301681657564,38038.0056657807,13.567870467191462,2.8903717578961645,1.0986122886681098
17,0,0,0,1.9,2.6,0,8.5,4,1,1,13.0,97,3.96,2,0.6531132144998397,18.524790399056656,2.261698926363226,88544.86579764642,19.922423358919016,2.6390573296152584,1.2809338454620642
19,1,2,4,4.9,3.2,1,6.2,4,1,3,13.0,77,3.76,2,1.659461753676766,10.938123890491681,2.261698926363226,47382.81123366814,17.024043975850308,2.6390573296152584,1.4350845252893227
22,1,1,6,5.8,2.4,1,7.3,3,1,3,11.0,78,3.53,2,1.8440428632175376,14.388618785157242,1.6102145113046793,49067.63473037756,14.048034731048165,2.4849066497880004,1.2237754316221157
17,0,0,0,4.3,1.4,1,7.8,4,1,2,7.0,90,3.35,2,1.5176311317383155,16.066200853784746,2.261698926363226,72290.34860143652,11.971316457356032,2.0794415416798357,0.8754687373538999
20,0,2,4,2.9,1.1,1,8.1,3,1,2,2.0,98,3.9,2,1.095930983777979,17.104383037428352,1.6102145113046793,91038.45997193112,19.021600464068523,1.0986122886681098,0.7419373447293773
19,0,2,6,4.1,1.6,1,7.1,3,1,3,6.0,85,3.31,2,1.466163943905982,13.736367236790857,1.6102145113046793,61924.51734422166,11.53866528811148,1.9459101490553132,0.9555114450274363
17,3,0,6,8.9,0.7,1,5.8,2,1,3,17.0,69,2.86,1,2.320387654485076,9.76858741311186,0.8778301681657564,35205.91224901557,7.347450119829864,2.8903717578961645,0.5306282510621704
17,0,0,2,3.2,1.9,0,8.6,5,0,3,9.0,91,3.52,2,1.2004777883442346,18.886266876241464,2.858956583624191,74486.02575307926,13.926977359533225,2.302585092994046,1.0647107369924282
17,1,0,6,6.2,2.1,0,6.8,2,1,2,14.0,86,3.35,2,1.9175112322134875,12.778487214922173,0.8778301681657564,63917.09875329975,11.971316457356032,2.70805020110221,1.1314021114911006
16,1,0,1,2.5,1.8,1,9.5,5,1,4,1.0,94,3.46,2,0.9393512133898587,22.251851415527764,2.858956583624191,81323.92171042044,13.21482174546893,0.6931471805599453,1.0296194171811581
17,1,0,4,3.5,2.0,1,8.0,3,1,3,6.0,82,3.64,2,1.2961337421106984,16.755717770784734,1.6102145113046793,56183.26023893996,15.425006368156271,1.9459101490553132,1.0986122886681098
22,0,1,6,2.4,1.8,1,7.4,4,1,4,2.0,87,3.72,2,0.8965046417701628,14.718798218821261,2.261698926363226,65949.64476800284,16.479606987119947,1.0986122886681098,1.0296194171811581
19,0,2,4,8.4,1.7,1,5.0,1,1,3,26.0,50,3.03,1,2.2554207388342977,7.5729175150710875,0.0,14717.856782686873,8.789649747573227,3.295836866004329,0.9932517730102833
15,1,0,5,5.5,1.5,0,6.2,3,1,2,8.0,88,3.48,2,1.7857252215541248,10.938123890491681,1.6102145113046793,68022.48375280312,13.449516948333956,2.1972245773362196,0.9162907318741551
23,0,1,0,4.4,2.9,1,6.3,2,0,3,17.0,91,3.69,2,1.5425211917840917,11.237755995802775,0.8778301681657564,74486.02575307926,16.07880955652339,2.8903717578961645,1.3609765531356006
20,0,2,4,3.0,1.4,1,9.2,5,0,2,13.0,98,3.42,2,1.1318728617817535,21.107764803377655,2.858956583624191,91038.45997193112,12.753425783763895,2.6390573296152584,0.8754687373538999
17,0,0,0,3.9,0.9,1,7.5,3,1,0,15.0,80,3.68,2,1.4122647058505842,15.05166041856306,1.6102145113046793,52549.50742605369,15.946634697155112,2.772588722239781,0.6418538861723948
17,1,0,2,7.4,1.3,0,4.6,1,1,1,17.0,71,3.1,2,2.113708815832555,6.549692444201377,0.0,38038.0056657807,9.43220016705984,2.8903717578961645,0.832909122935104
21,0,2,4,4.0,1.7,0,7.8,3,0,2,10.0,93,3.36,2,1.4395330280586147,16.066200853784746,1.6102145113046793,79002.48980321265,12.08109121248574,2.3978952727983707,0.9932517730102833
19,0,2,4,5.7,1.3,1,6.2,2,1,2,10.0,81,3.26,2,1.8249272994757757,10.938123890491681,0.8778301681657564,54347.230996866165,11.012217184536736,2.3978952727983707,0.832909122935104
20,1,2,0,6.1,2.6,1,6.5,3,1,4,8.0,83,3.68,2,1.8995739499976299,11.845587262709715,1.6102145113046793,58057.92927986961,15.946634697155112,2.1972245773362196,1.2809338454620642
18,0,2,0,2.9,0.4,1,6.8,3,1,3,21.0,89,3.46,2,1.095930983777979,12.778487214922173,1.6102145113046793,70135.94297111471,13.21482174546893,3.091042453358316,0.33647223662121295
19,0,2,3,6.1,1.0,1,7.3,2,1,1,11.0,76,3.21,2,1.8995739499976299,14.388618785157242,0.8778301681657564,45734.94462371378,10.501510504182985,2.4849066497880004,0.6931471805599453
18,1,2,3,2.7,1.8,1,7.4,4,0,3,0.0,87,3.83,2,1.0203866362587886,14.718798218821261,2.261698926363226,65949.64476800284,18.00475869836222,0.0,1.0296194171811581
16,0,0,6,3.4,2.0,1,7.4,3,1,3,8.0,91,4.0,2,1.2651404807900501,14.718798218821261,1.6102145113046793,74486.02575307926,20.53818254914221,2.1972245773362196,1.0986122886681098
16,1,0,4,1.9,2.8,1,7.4,3,0,4,10.0,88,3.97,2,0.6531132144998397,14.718798218821261,1.6102145113046793,68022.48375280312,20.075215768293244,2.3978952727983707,1.33500106673234
19,1,0,0,7.6,1.9,1,6.0,2,1,2,10.0,73,3.25,2,2.1434440944290047,10.347518899102251,0.8778301681657564,41009.67586813584,10.90882410064474,2.3978952727983707,1.0647107369924282
19,2,2,6,4.9,1.6,1,7.4,3,0,3,14.0,80,3.57,2,1.659461753676766,14.718798218821261,1.6102145113046793,52549.50742605369,14.5390899446019,2.70805020110221,0.9555114450274363
19,2,2,6,5.5,0.7,1,6.7,3,0,4,13.0,71,2.69,2,1.7857252215541248,12.464723049102489,1.6102145113046793,38038.0056657807,6.065325961111475,2.6390573296152584,0.5306282510621704
19,0,2,0,5.4,2.9,1,6.5,2,0,3,12.0,83,3.61,2,1.7656156766986153,11.845587262709715,0.8778301681657564,58057.92927986961,15.041156949142636,2.5649493574615367,1.3609765531356006
18,1,2,0,8.1,1.3,1,5.6,1,1,2,23.0,69,3.11,1,2.2146613748949004,9.201489326998276,0.0,35205.91224901557,9.52637544624165,3.1780538303479458,0.832909122935104
20,0,0,4,5.9,1.9,1,7.0,2,1,2,17.0,84,3.32,2,1.8628491617376208,13.414325353558693,0.8778301681657564,59971.57105866405,11.645864683908064,2.8903717578961645,1.0647107369924282
20,1,2,0,3.9,2.2,1,8.3,3,0,2,4.0,89,3.65,2,1.4122647058505842,17.809462547767687,1.6102145113046793,70135.94297111471,15.554356557932616,1.6094379124341003,1.1631508098056809
17,0,0,6,12.5,2.2,1,4.0,1,0,2,31.0,36,2.96,0,2.706179937505591,5.112878346441948,0.0,6046.635364950908,8.175819212089252,3.4657359027997265,1.1631508098056809
18,1,2,3,6.0,2.3,1,5.7,1,1,2,16.0,69,3.48,2,1.8813563150191603,9.483548899985696,0.0,35205.91224901557,13.449516948333956,2.833213344056216,1.1939224684724346
18,1,2,0,2.3,2.0,1,7.6,2,1,3,5.0,89,4.0,2,0.8519347810161471,15.387190975810833,0.8778301681657564,70135.94297111471,20.53818254914221,1.791759469228055,1.0986122886681098
20,0,2,0,1.7,0.9,1,8.8,5,1,3,19.0,98,3.66,2,0.5383079872264196,19.61678552928072,2.858956583624191,91038.45997193112,15.684410084705304,2.995732273553991,0.6418538861723948
19,1,2,1,3.0,0.9,1,8.4,3,0,4,2.0,96,4.0,2,1.1318728617817535,18.16585159714471,1.6102145113046793,86094.79021322812,20.53818254914221,1.0986122886681098,0.6418538861723948
19,1,2,6,6.0,2.3,1,6.2,2,0,3,14.0,76,2.94,2,1.8813563150191603,10.938123890491681,0.8778301681657564,45734.94462371378,8.005623197120133,2.70805020110221,1.1939224684724346
18,1,2,0,6.7,1.5,1,5.9,2,1,3,9.0,76,3.09,2,2.003284337102433,10.056584152579083,0.8778301681657564,45734.94462371378,9.338624265751184,2.302585092994046,0.9162907318741551
21,1,0,4,4.3,1.1,1,6.0,2,1,3,14.0,79,3.6,2,1.5176311317383155,10.347518899102251,0.8778301681657564,50789.75419132553,14.914601235151155,2.70805020110221,0.7419373447293773
16,1,0,0,3.6,2.5,1,6.0,2,1,4,7.0,83,3.4,2,1.3263003819268158,10.347518899102251,0.8778301681657564,58057.92927986961,12.526694794914107,2.0794415416798357,1.252762968495368
16,0,0,4,3.9,0.9,0,7.1,3,0,3,17.0,91,4.0,2,1.4122647058505842,13.736367236790857,1.6102145113046793,74486.02575307926,20.53818254914221,2.8903717578961645,0.6418538861723948
22,0,1,0,3.5,1.5,1,6.8,3,0,1,15.0,90,3.18,2,1.2961337421106984,12.778487214922173,1.6102145113046793,72290.34860143652,10.202544009650545,2.772588722239781,0.9162907318741551
21,1,2,4,2.0,1.3,1,9.4,4,1,4,0.0,98,4.0,2,0.7062901854968463,21.8680484661252,2.261698926363226,91038.45997193112,20.53818254914221,0.0,0.832909122935104
23,0,1,6,2.7,1.9,1,8.0,3,0,2,16.0,98,4.0,2,1.0203866362587886,16.755717770784734,1.6102145113046793,91038.45997193112,20.53818254914221,2.833213344056216,1.0647107369924282
18,1,2,4,3.8,1.5,1,7.2,3,0,3,11.0,81,3.48,2,1.384326776898207,14.061136801601103,1.6102145113046793,54347.230996866165,13.449516948333956,2.4849066497880004,0.9162907318741551
21,0,2,0,4.9,1.5,1,8.3,2,0,2,3.0,83,3.95,2,1.659461753676766,17.809462547767687,0.8778301681657564,58057.92927986961,19.770392735367714,1.3862943611198906,0.9162907318741551
21,1,2,0,3.5,2.0,1,8.2,4,0,3,10.0,92,3.32,2,1.2961337421106984,17.455635531354325,2.261698926363226,76723.29848149381,11.645864683908064,2.3978952727983707,1.0986122886681098
19,0,2,0,4.7,1.5,1,6.1,2,1,0,16.0,83,3.33,2,1.6141037337096489,10.641371908015127,0.8778301681657564,58057.92927986961,11.7537050835968,2.833213344056216,0.9162907318741551
19,1,2,0,7.1,1.9,1,7.0,3,0,2,17.0,82,3.06,2,2.0676487677416864,13.414325353558693,1.6102145113046793,56183.26023893996,9.06147389329403,2.8903717578961645,1.0647107369924282
19,3,2,3,6.0,1.1,1,6.8,2,0,1,11.0,80,3.1,2,1.8813563150191603,12.778487214922173,0.8778301681657564,52549.50742605369,9.43220016705984,2.4849066497880004,0.7419373447293773
17,0,0,3,4.6,1.8,1,6.0,2,0,3,19.0,81,3.66,2,1.5907355499331142,10.347518899102251,0.8778301681657564,54347.230996866165,15.684410084705304,2.995732273553991,1.0296194171811581
18,1,2,0,2.7,1.5,1,6.7,3,0,1,9.0,70,4.0,2,1.0203866362587886,12.464723049102489,1.6102145113046793,36604.68597434723,20.53818254914221,2.302585092994046,0.9162907318741551
20,1,2,2,3.8,3.0,0,7.4,2,0,3,22.0,83,3.18,2,1.384326776898207,14.718798218821261,0.8778301681657564,58057.92927986961,10.202544009650545,3.1354942159291497,1.3862943611198906
17,0,0,6,5.1,0.6,1,8.1,2,1,2,5.0,81,3.69,2,1.7031011436641108,17.104383037428352,0.8778301681657564,54347.230996866165,16.07880955652339,1.791759469228055,0.4700036292457356
19,1,2,0,3.4,1.0,1,9.0,4,1,1,4.0,98,4.0,2,1.2651404807900501,20.357314790663057,2.261698926363226,91038.45997193112,20.53818254914221,1.6094379124341003,0.6931471805599453
18,0,2,4,2.5,2.0,1,5.7,3,1,4,16.0,92,3.34,2,0.9393512133898587,9.483548899985696,1.6102145113046793,76723.29848149381,11.862188377883385,2.833213344056216,1.0986122886681098
20,1,2,3,2.9,2.6,0,7.7,3,0,2,9.0,98,3.62,2,1.095930983777979,15.725375748712496,1.6102145113046793,91038.45997193112,15.168408451034988,2.302585092994046,1.2809338454620642
20,0,2,0,3.3,1.4,1,7.1,3,0,2,10.0,87,3.54,2,1.2332726085820729,13.736367236790857,1.6102145113046793,65949.64476800284,14.169772787057607,2.3978952727983707,0.8754687373538999
17,1,0,6,13.9,1.6,1,3.6,1,1,2,28.0,41,2.57,0,2.828211989334324,4.2232712500382465,0.0,8599.276398203338,5.251611869829937,3.367295829986474,0.9555114450274363
20,0,2,0,4.0,2.2,1,7.0,3,1,2,6.0,91,3.94,2,1.4395330280586147,13.414325353558693,1.6102145113046793,74486.02575307926,19.619122013712897,1.9459101490553132,1.1631508098056809
16,0,0,4,4.1,2.6,1,5.4,3,1,4,15.0,78,3.78,2,1.466163943905982,8.646392457066119,1.6102145113046793,49067.63473037756,17.300599455458382,2.772588722239781,1.2809338454620642
21,3,2,2,2.5,2.3,1,7.0,2,0,4,10.0,90,3.86,2,0.9393512133898587,13.414325353558693,0.8778301681657564,72290.34860143652,18.436086604872493,2.3978952727983707,1.1939224684724346
18,0,2,0,2.9,1.4,1,7.1,2,1,3,11.0,85,3.59,2,1.095930983777979,13.736367236790857,0.8778301681657564,61924.51734422166,14.788739421516853,2.4849066497880004,0.8754687373538999
18,1,2,6,6.0,1.2,1,5.7,1,1,3,16.0,67,2.98,2,1.8813563150191603,9.483548899985696,0.0,32510.60102499727,8.348306654858234,2.833213344056216,0.7884573603642702
19,1,2,3,2.6,2.8,1,7.7,3,0,2,11.0,82,3.76,2,0.9806061985963926,15.725375748712496,1.6102145113046793,56183.26023893996,17.024043975850308,2.4849066497880004,1.33500106673234
17,0,0,2,6.7,1.5,1,5.4,2,1,1,13.0,74,3.14,2,2.003284337102433,8.646392457066119,0.8778301681657564,42548.719285856496,9.81251648426725,2.6390573296152584,0.9162907318741551
18,1,2,5,9.5,3.0,0,6.0,2,1,3,25.0,69,2.95,1,2.3939369739111944,10.347518899102251,0.8778301681657564,35205.91224901557,8.090435723777606,3.258096538021482,1.3862943611198906
18,0,2,4,4.3,1.1,1,8.3,2,1,1,19.0,88,3.46,2,1.5176311317383155,17.809462547767687,0.8778301681657564,68022.48375280312,13.21482174546893,2.995732273553991,0.7419373447293773
17,0,0,4,4.8,1.8,0,7.1,1,1,4,16.0,83,3.04,2,1.6370062359244075,13.736367236790857,0.0,58057.92927986961,8.879669149882293,2.833213344056216,1.0296194171811581
15,0,0,4,5.3,3.4,1,6.8,2,0,1,15.0,73,2.89,2,1.7451507197105387,12.778487214922173,0.8778301681657564,41009.67586813584,7.590058642795928,2.772588722239781,1.4816045409242156
21,0,2,2,7.9,1.7,1,4.8,1,1,1,21.0,69,3.08,1,2.186687359322709,7.054921429048166,0.0,35205.91224901557,9.245645848802152,3.091042453358316,0.9932517730102833
15,0,0,4,5.9,1.3,1,4.5,3,1,3,13.0,79,3.33,2,1.8628491617376208,6.301933826278156,1.6102145113046793,50789.75419132553,11.7537050835968,2.6390573296152584,0.832909122935104
18,1,2,3,5.6,1.3,1,6.3,2,1,3,19.0,77,3.73,2,1.8054918230589363,11.237755995802775,0.8778301681657564,47382.81123366814,16.614636703065745,2.995732273553991,0.832909122935104
19,1,2,6,6.9,3.0,1,6.2,2,0,3,8.0,77,3.15,2,2.0359078246346916,10.938123890491681,0.8778301681657564,47382.81123366814,9.909108207554391,2.1972245773362196,1.3862943611198906
15,0,0,0,11.4,1.7,1,4.5,1,1,2,33.0,45,2.19,0,2.600858321956055,6.301933826278156,0.0,11064.678764162616,3.1330807020643316,3.5263605246161616,0.9932517730102833
21,0,2,6,3.4,2.0,1,6.9,2,1,0,10.0,88,3.48,2,1.2651404807900501,13.095026718981076,0.8778301681657564,68022.48375280312,13.449516948333956,2.3978952727983707,1.0986122886681098
18,0,2,5,4.5,2.2,1,6.3,2,1,2,7.0,84,3.7,2,1.5668817774441797,11.237755995802775,0.8778301681657564,59971.57105866405,16.211695300270975,2.0794415416798357,1.1631508098056809
19,0,2,6,1.7,0.0,1,8.6,5,1,1,7.0,98,4.0,2,0.5383079872264196,18.886266876241464,2.858956583624191,91038.45997193112,20.53818254914221,2.0794415416798357,0.0
17,1,0,4,4.1,2.1,1,8.6,4,0,0,9.0,87,4.0,2,1.466163943905982,18.886266876241464,2.261698926363226,65949.64476800284,20.53818254914221,2.302585092994046,1.1314021114911006
15,1,0,0,5.8,1.3,1,5.6,1,1,1,16.0,82,2.97,2,1.8440428632175376,9.201489326998276,0.0,56183.26023893996,8.261775557384002,2.833213344056216,0.832909122935104
17,1,0,4,7.7,2.1,1,5.1,1,1,2,22.0,55,3.31,1,2.158035210576757,7.836637933925062,0.0,19051.54466123719,11.53866528811148,3.1354942159291497,1.1314021114911006
16,1,0,4,3.5,2.3,1,8.4,4,0,2,0.0,91,4.0,2,1.2961337421106984,18.16585159714471,2.261698926363226,74486.02575307926,20.53818254914221,0.0,1.1939224684724346
19,0,2,4,4.9,2.0,1,7.2,4,1,2,14.0,82,3.29,2,1.659461753676766,14.061136801601103,2.261698926363226,56183.26023893996,11.326181944781949,2.70805020110221,1.0986122886681098
20,1,2,4,4.9,1.3,1,6.8,2,1,3,18.0,80,3.46,2,1.659461753676766,12.778487214922173,0.8778301681657564,52549.50742605369,13.21482174546893,2.9444389791664403,0.832909122935104
23,1,2,3,5.8,1.4,0,7.0,4,1,3,16.0,70,3.24,2,1.8440428632175376,13.414325353558693,2.261698926363226,36604.68597434723,10.806058782383067,2.833213344056216,0.8754687373538999
22,1,1,0,1.8,1.6,0,8.0,4,0,4,8.0,94,3.66,2,0.5972197629867352,16.755717770784734,2.261698926363226,81323.92171042044,15.684410084705304,2.1972245773362196,0.9555114450274363
20,1,2,6,5.2,2.0,1,7.3,4,1,2,15.0,79,3.29,2,1.7243171824127188,14.388618785157242,2.261698926363226,50789.75419132553,11.326181944781949,2.772588722239781,1.0986122886681098
17,1,0,6,2.8,1.6,1,7.6,4,1,1,0.0,88,3.88,2,1.0587970088869507,15.387190975810833,2.261698926363226,68022.48375280312,18.72735011125622,0.0,0.9555114450274363
17,1,0,4,3.9,2.2,1,7.9,3,1,2,9.0,92,3.84,2,1.4122647058505842,16.409652657927705,1.6102145113046793,76723.29848149381,18.147794866724794,2.302585092994046,1.1631508098056809
23,0,2,0,7.2,2.7,1,5.5,1,1,2,13.0,70,3.29,2,2.0832033609937755,8.92242992355568,0.0,36604.68597434723,11.326181944781949,2.6390573296152584,1.308332819650179
18,1,0,4,7.9,1.9,1,4.8,1,1,1,24.0,55,2.83,1,2.186687359322709,7.054921429048166,0.0,19051.54466123719,7.10982667490936,3.2188758248682006,1.0647107369924282
20,0,2,1,6.1,2.5,1,7.4,3,1,2,15.0,74,3.49,2,1.8995739499976299,14.718798218821261,1.6102145113046793,42548.719285856496,13.567870467191462,2.772588722239781,1.252762968495368
19,1,2,0,9.4,1.9,0,4.5,1,0,2,20.0,66,2.34,1,2.381989542783344,6.301933826278156,0.0,31213.358948090136,3.889967371270665,3.044522437723423,1.0647107369924282
18,0,2,4,1.8,0.8,1,7.1,5,0,1,3.0,98,4.0,2,0.5972197629867352,13.736367236790857,2.858956583624191,91038.45997193112,20.53818254914221,1.3862943611198906,0.5877866649021191
17,0,0,6,2.9,3.2,0,7.2,2,1,2,11.0,93,3.34,2,1.095930983777979,14.061136801601103,0.8778301681657564,79002.48980321265,11.862188377883385,2.4849066497880004,1.4350845252893227
19,0,2,2,3.3,1.8,1,7.7,4,1,1,9.0,92,3.69,2,1.2332726085820729,15.725375748712496,2.261698926363226,76723.29848149381,16.07880955652339,2.302585092994046,1.0296194171811581
20,1,0,0,9.4,0.0,1,5.7,1,1,2,20.0,63,3.41,1,2.381989542783344,9.483548899985696,0.0,27519.02697404476,12.639731281317893,3.044522437723423,0.0
19,1,2,4,4.1,2.3,0,7.6,3,0,2,16.0,81,3.17,2,1.466163943905982,15.387190975810833,1.6102145113046793,54347.230996866165,10.104120077547,2.833213344056216,1.1939224684724346
18,0,0,6,10.6,1.4,1,4.3,1,1,4,25.0,56,3.0,1,2.5180373974719235,5.81627216727231,0.0,20004.147513716616,8.52310068647062,3.258096538021482,0.8754687373538999
19,1,2,3,6.8,1.0,1,5.5,2,1,1,20.0,59,3.32,1,2.019709544031315,8.92242992355568,0.8778301681657564,23040.434161822523,11.645864683908064,3.044522437723423,0.6931471805599453
18,1,2,0,3.0,0.9,1,6.9,4,1,3,8.0,96,3.56,2,1.1318728617817535,13.095026718981076,2.261698926363226,86094.79021322812,14.415298505689877,2.1972245773362196,0.6418538861723948
19,1,2,4,4.5,2.1,1,6.3,3,0,2,11.0,89,3.88,2,1.5668817774441797,11.237755995802775,1.6102145113046793,70135.94297111471,18.72735011125622,2.4849066497880004,1.1314021114911006
19,1,2,0,3.1,2.3,1,7.0,4,1,3,16.0,93,3.78,2,1.1666987907776478,13.414325353558693,2.261698926363226,79002.48980321265,17.300599455458382,2.833213344056216,1.1939224684724346
20,1,2,0,3.7,1.3,1,7.1,3,0,1,9.0,98,3.72,2,1.3556845124032513,13.736367236790857,1.6102145113046793,91038.45997193112,16.479606987119947,2.302585092994046,0.832909122935104
21,0,2,0,3.8,2.0,1,5.8,2,0,1,14.0,76,3.49,2,1.384326776898207,9.76858741311186,0.8778301681657564,45734.94462371378,13.567870467191462,2.70805020110221,1.0986122886681098
20,1,2,4,3.8,1.8,0,6.6,2,1,2,7.0,82,3.94,2,1.384326776898207,12.15375076672696,0.8778301681657564,56183.26023893996,19.619122013712897,2.0794415416798357,1.0296194171811581
17,1,0,2,4.8,1.6,1,7.5,3,0,4,20.0,84,3.42,2,1.6370062359244075,15.05166041856306,1.6102145113046793,59971.57105866405,12.753425783763895,3.044522437723423,0.9555114450274363
18,1,2,1,3.6,3.4,1,7.6,2,0,0,12.0,89,3.76,2,1.3263003819268158,15.387190975810833,0.8778301681657564,70135.94297111471,17.024043975850308,2.5649493574615367,1.4816045409242156
18,1,2,3,1.4,3.0,1,10.4,5,0,2,0.0,98,4.0,2,0.3395493214925278,25.814098842950802,2.858956583624191,91038.45997193112,20.53818254914221,0.0,1.3862943611198906
19,0,2,0,3.8,2.3,1,7.2,3,1,0,11.0,90,3.67,2,1.384326776898207,14.061136801601103,1.6102145113046793,72290.34860143652,15.81516883547986,2.4849066497880004,1.1939224684724346
18,1,2,4,3.4,2.3,1,6.4,1,0,2,13.0,92,3.52,2,1.2651404807900501,11.540249794535706,0.0,76723.29848149381,13.926977359533225,2.6390573296152584,1.1939224684724346
19,1,2,3,8.1,2.5,1,6.8,2,0,4,13.0,74,3.37,2,2.2146613748949004,12.778487214922173,0.8778301681657564,42548.719285856496,12.19151453362671,2.6390573296152584,1.252762968495368
20,0,2,3,12.0,0.9,1,4.1,1,1,1,31.0,54,2.74,0,2.6594407185539746,5.343953906546689,0.0,18128.066722063846,6.426354611099438,3.4657359027997265,0.6418538861723948
20,1,2,0,4.8,2.2,1,8.0,3,0,0,6.0,98,3.77,2,1.6370062359244075,16.755717770784734,1.6102145113046793,91038.45997193112,17.161958728612845,1.9459101490553132,1.1631508098056809
18,0,2,4,6.0,2.4,1,4.9,2,1,2,30.0,64,2.77,1,1.8813563150191603,7.3123368290812865,0.8778301681657564,28717.928887801263,6.6493301515664,3.4339872044851463,1.2237754316221157
18,1,2,4,6.2,1.0,1,9.0,3,1,3,7.0,84,3.46,2,1.9175112322134875,20.357314790663057,1.6102145113046793,59971.57105866405,13.21482174546893,2.0794415416798357,0.6931471805599453
20,0,2,4,8.9,2.5,1,6.1,1,1,1,28.0,62,3.24,1,2.320387654485076,10.641371908015127,0.0,26352.188477075142,10.806058782383067,3.367295829986474,1.252762968495368
16,0,0,4,4.4,1.8,2,7.0,3,0,2,14.0,81,3.75,2,1.5425211917840917,13.414325353558693,1.6102145113046793,54347.230996866165,16.88685331132323,2.70805020110221,1.0296194171811581
18,0,2,4,8.1,2.2,1,5.1,1,1,0,27.0,60,3.51,1,2.2146613748949004,7.836637933925062,0.0,24113.25572387178,13.806598784091944,3.332204510175204,1.1631508098056809
19,1,2,0,4.1,0.9,1,6.9,4,0,0,10.0,84,3.7,2,1.466163943905982,13.095026718981076,2.261698926363226,59971.57105866405,16.211695300270975,2.3978952727983707,0.6418538861723948
19,0,2,6,2.3,1.4,1,7.3,3,1,3,8.0,90,3.88,2,0.8519347810161471,14.388618785157242,1.6102145113046793,72290.34860143652,18.72735011125622,2.1972245773362196,0.8754687373538999
19,0,2,4,4.8,2.4,1,6.5,2,1,1,13.0,83,3.38,2,1.6370062359244075,11.845587262709715,0.8778301681657564,58057.92927986961,12.302588311016644,2.6390573296152584,1.2237754316221157
15,1,0,4,3.5,1.0,1,7.6,4,1,4,8.0,88,3.74,2,1.2961337421106984,15.387190975810833,2.261698926363226,68022.48375280312,16.750384849080206,2.1972245773362196,0.6931471805599453
17,1,0,6,2.5,3.3,1,7.8,3,0,3,12.0,85,3.53,2,0.9393512133898587,16.066200853784746,1.6102145113046793,61924.51734422166,14.048034731048165,2.5649493574615367,1.4586150226995167
18,0,0,0,3.8,2.8,1,6.7,2,0,1,7.0,90,3.49,2,1.384326776898207,12.464723049102489,0.8778301681657564,72290.34860143652,13.567870467191462,2.0794415416798357,1.33500106673234
19,0,2,2,8.0,1.4,1,4.8,1,1,0,16.0,68,3.07,2,2.2007570648755084,7.054921429048166,0.0,33841.334443280015,9.153263022572325,2.833213344056216,0.8754687373538999
19,0,2,4,6.2,1.6,1,6.7,2,1,1,26.0,74,3.41,1,1.9175112322134875,12.464723049102489,0.8778301681657564,42548.719285856496,12.639731281317893,3.295836866004329,0.9555114450274363
18,1,2,6,6.6,1.2,1,6.8,1,1,4,10.0,79,3.74,2,1.9866255656836118,12.778487214922173,0.0,50789.75419132553,16.750384849080206,2.3978952727983707,0.7884573603642702
17,0,0,6,2.1,0.8,0,6.6,4,0,2,17.0,94,3.98,2,0.7570090469002981,12.15375076672696,2.261698926363226,81323.92171042044,20.228771847318367,2.8903717578961645,0.5877866649021191
19,1,2,4,2.0,1.7,1,7.8,3,0,3,9.0,98,3.91,2,0.7062901854968463,16.066200853784746,1.6102145113046793,91038.45997193112,19.169850419380406,2.302585092994046,0.9932517730102833
18,1,2,2,1.5,1.2,1,7.0,3,0,2,7.0,95,4.0,2,0.4099390405603449,13.414325353558693,1.6102145113046793,83687.91518516612,20.53818254914221,2.0794415416798357,0.7884573603642702
18,0,2,0,6.3,1.7,1,5.4,1,1,3,24.0,66,3.04,1,1.9351768949585346,8.646392457066119,0.0,31213.358948090136,8.879669149882293,3.2188758248682006,0.9932517730102833
18,0,2,6,1.4,2.9,1,8.7,4,0,3,12.0,93,3.99,2,0.3395493214925278,19.250269148910856,2.261698926363226,79002.48980321265,20.38309347972413,2.5649493574615367,1.3609765531356006
18,1,2,4,8.0,1.8,2,6.2,2,1,4,18.0,64,3.05,1,2.2007570648755084,10.938123890491681,0.8778301681657564,28717.928887801263,8.970276567071865,2.9444389791664403,1.0296194171811581
20,1,0,6,2.9,0.6,1,7.9,4,0,2,14.0,98,3.48,2,1.095930983777979,16.409652657927705,2.261698926363226,91038.45997193112,13.449516948333956,2.70805020110221,0.4700036292457356
18,0,2,6,6.5,2.5,0,7.0,3,1,4,14.0,82,3.55,2,1.9697262931476014,13.414325353558693,1.6102145113046793,56183.26023893996,14.292193415871623,2.70805020110221,1.252762968495368
18,0,2,4,9.9,2.1,1,6.2,1,1,4,28.0,56,2.91,1,2.440566416418899,10.938123890491681,0.0,20004.147513716616,7.7545924317854675,3.367295829986474,1.1314021114911006
19,0,2,6,13.3,0.0,1,4.0,1,1,3,31.0,46,2.44,0,2.777405131484266,5.112878346441948,0.0,11743.200224808417,4.4510458507263575,3.4657359027997265,0.0
16,0,0,0,12.6,1.8,1,3.6,1,1,3,27.0,51,2.6,0,2.7153151393422355,4.2232712500382465,0.0,15528.613925862097,5.448177832569099,3.332204510175204,1.0296194171811581
18,0,2,0,4.5,1.2,1,7.9,3,0,1,11.0,85,3.41,2,1.5668817774441797,16.409652657927705,1.6102145113046793,61924.51734422166,12.639731281317893,2.4849066497880004,0.7884573603642702
20,0,2,3,4.1,1.9,1,7.9,4,1,0,8.0,91,3.68,2,1.466163943905982,16.409652657927705,2.261698926363226,74486.02575307926,15.946634697155112,2.1972245773362196,1.0647107369924282
20,1,2,6,4.7,2.3,1,5.6,1,1,2,13.0,83,3.46,2,1.6141037337096489,9.201489326998276,0.0,58057.92927986961,13.21482174546893,2.6390573296152584,1.1939224684724346
24,0,1,0,3.2,0.6,0,8.6,3,0,2,6.0,93,3.21,2,1.2004777883442346,18.886266876241464,1.6102145113046793,79002.48980321265,10.501510504182985,1.9459101490553132,0.4700036292457356
16,1,0,6,3.9,2.4,1,7.6,3,0,1,7.0,92,3.46,2,1.4122647058505842,15.387190975810833,1.6102145113046793,76723.29848149381,13.21482174546893,2.0794415416798357,1.2237754316221157
17,0,0,0,7.3,1.0,0,7.0,3,0,2,21.0,70,3.31,1,2.09855491776158,13.414325353558693,1.6102145113046793,36604.68597434723,11.53866528811148,3.091042453358316,0.6931471805599453
19,1,2,0,2.1,1.7,1,6.4,3,0,4,14.0,86,3.78,2,0.7570090469002981,11.540249794535706,1.6102145113046793,63917.09875329975,17.300599455458382,2.70805020110221,0.9932517730102833
17,1,0,6,11.5,0.6,1,5.3,1,0,4,22.0,54,2.44,1,2.610821648190186,8.3733992567368,0.0,18128.066722063846,4.4510458507263575,3.1354942159291497,0.4700036292457356
17,1,0,4,9.6,0.5,1,5.1,1,1,2,25.0,54,2.98,1,2.4057660247033263,7.836637933925062,0.0,18128.066722063846,8.348306654858234,3.258096538021482,0.4054651081081644
18,0,2,4,5.2,1.3,1,7.8,3,0,0,12.0,74,3.94,2,1.7243171824127188,16.066200853784746,1.6102145113046793,42548.719285856496,19.619122013712897,2.5649493574615367,0.832909122935104
20,1,2,0,3.0,1.6,1,7.7,3,0,1,11.0,96,3.36,2,1.1318728617817535,15.725375748712496,1.6102145113046793,86094.79021322812,12.08109121248574,2.4849066497880004,0.9555114450274363
19,0,2,4,3.2,2.7,1,7.1,3,0,1,12.0,86,3.06,2,1.2004777883442346,13.736367236790857,1.6102145113046793,63917.09875329975,9.06147389329403,2.5649493574615367,1.308332819650179
16,1,0,6,4.3,1.0,1,6.6,3,0,4,13.0,79,4.0,2,1.5176311317383155,12.15375076672696,1.6102145113046793,50789.75419132553,20.53818254914221,2.6390573296152584,0.6931471805599453
17,1,0,0,4.5,2.1,1,5.6,3,1,1,16.0,79,3.05,2,1.5668817774441797,9.201489326998276,1.6102145113046793,50789.75419132553,8.970276567071865,2.833213344056216,1.1314021114911006
16,0,0,0,6.2,1.9,1,5.5,2,1,1,15.0,79,2.75,2,1.9175112322134875,8.92242992355568,0.8778301681657564,50789.75419132553,6.5001461320525165,2.772588722239781,1.0647107369924282
19,1,2,0,3.4,2.8,1,6.7,4,0,2,11.0,73,3.43,2,1.2651404807900501,12.464723049102489,2.261698926363226,41009.67586813584,12.867780191912736,2.4849066497880004,1.33500106673234
18,1,2,6,4.6,1.9,1,7.7,3,0,3,8.0,77,4.0,2,1.5907355499331142,15.725375748712496,1.6102145113046793,47382.81123366814,20.53818254914221,2.1972245773362196,1.0647107369924282
18,0,2,4,6.3,0.7,0,7.1,3,1,1,19.0,78,3.01,2,1.9351768949585346,13.736367236790857,1.6102145113046793,49067.63473037756,8.611367410342837,2.995732273553991,0.5306282510621704
18,0,2,0,3.3,1.5,1,7.7,3,0,3,11.0,87,3.72,2,1.2332726085820729,15.725375748712496,1.6102145113046793,65949.64476800284,16.479606987119947,2.4849066497880004,0.9162907318741551
19,1,2,0,3.9,1.8,1,7.0,3,1,3,5.0,83,3.12,2,1.4122647058505842,13.414325353558693,1.6102145113046793,58057.92927986961,9.621151996683725,1.791759469228055,1.0296194171811581
15,0,0,2,1.4,1.7,1,7.8,3,0,3,8.0,96,3.6,2,0.3395493214925278,16.066200853784746,1.6102145113046793,86094.79021322812,14.914601235151155,2.1972245773362196,0.9932517730102833
17,1,0,0,3.4,1.6,1,7.9,2,1,4,15.0,72,3.55,2,1.2651404807900501,16.409652657927705,0.8778301681657564,39506.21991155572,14.292193415871623,2.772588722239781,0.9555114450274363
17,0,0,0,3.6,3.6,1,6.5,2,0,1,17.0,85,3.67,2,1.3263003819268158,11.845587262709715,0.8778301681657564,61924.51734422166,15.81516883547986,2.8903717578961645,1.5260563034950492
19,0,2,3,4.3,1.4,0,8.7,4,0,3,7.0,82,3.72,2,1.5176311317383155,19.250269148910856,2.261698926363226,56183.26023893996,16.479606987119947,2.0794415416798357,0.8754687373538999
15,2,0,0,5.9,1.6,1,7.0,4,0,1,7.0,83,3.78,2,1.8628491617376208,13.414325353558693,2.261698926363226,58057.92927986961,17.300599455458382,2.0794415416798357,0.9555114450274363
18,0,0,4,4.8,1.1,1,7.3,2,1,2,7.0,87,3.5,2,1.6370062359244075,14.388618785157242,0.8778301681657564,65949.64476800284,13.686897116192466,2.0794415416798357,0.7419373447293773
21,1,2,2,2.6,3.1,1,6.9,4,1,0,15.0,75,3.44,2,0.9806061985963926,13.095026718981076,2.261698926363226,44123.69453376821,12.982796395310663,2.772588722239781,1.410986973710262
20,1,2,0,2.1,0.9,1,8.4,4,0,2,6.0,91,3.82,2,0.7570090469002981,18.16585159714471,2.261698926363226,74486.02575307926,17.862459817003035,1.9459101490553132,0.6418538861723948
18,1,2,4,5.0,1.6,1,7.7,3,0,2,19.0,68,3.17,1,1.681487870546516,15.725375748712496,1.6102145113046793,33841.334443280015,10.104120077547,2.995732273553991,0.9555114450274363
18,1,0,0,1.4,1.1,1,9.1,4,0,3,8.0,98,4.0,2,0.3395493214925278,20.73130520980927,2.261698926363226,91038.45997193112,20.53818254914221,2.1972245773362196,0.7419373447293773
21,3,2,3,7.8,2.3,1,5.5,1,1,1,22.0,64,2.87,1,2.172448159416712,8.92242992355568,0.0,28717.928887801263,7.4277632011547565,3.1354942159291497,1.1939224684724346
19,1,2,2,1.6,2.3,0,8.7,5,0,1,0.0,98,3.91,2,0.4760221763172826,19.250269148910856,2.858956583624191,91038.45997193112,19.169850419380406,0.0,1.1939224684724346
15,1,0,6,2.3,1.5,1,8.5,3,0,2,4.0,97,4.0,2,0.8519347810161471,18.524790399056656,1.6102145113046793,88544.86579764642,20.53818254914221,1.6094379124341003,0.9162907318741551
20,1,2,4,12.5,1.4,1,5.0,1,0,2,28.0,49,2.87,0,2.706179937505591,7.5729175150710875,0.0,13934.324543079843,7.4277632011547565,3.367295829986474,0.8754687373538999
17,1,0,3,4.3,1.4,1,7.6,2,1,0,18.0,85,3.44,2,1.5176311317383155,15.387190975810833,0.8778301681657564,61924.51734422166,12.982796395310663,2.9444389791664403,0.8754687373538999
17,1,0,6,3.6,1.8,1,7.7,3,1,3,9.0,87,3.32,2,1.3263003819268158,15.725375748712496,1.6102145113046793,65949.64476800284,11.645864683908064,2.302585092994046,1.0296194171811581
18,1,2,0,5.5,1.5,0,6.1,2,1,2,17.0,71,3.61,2,1.7857252215541248,10.641371908015127,0.8778301681657564,38038.0056657807,15.041156949142636,2.8903717578961645,0.9162907318741551
16,0,0,0,3.7,1.4,1,7.6,3,0,2,5.0,87,3.4,2,1.3556845124032513,15.387190975810833,1.6102145113046793,65949.64476800284,12.526694794914107,1.791759469228055,0.8754687373538999
19,0,2,6,4.2,1.7,1,6.6,2,0,2,17.0,83,3.99,2,1.492187365993103,12.15375076672696,0.8778301681657564,58057.92927986961,20.38309347972413,2.8903717578961645,0.9932517730102833
21,0,0,4,6.2,1.7,1,6.8,2,1,2,9.0,80,3.39,2,1.9175112322134875,12.778487214922173,0.8778301681657564,52549.50742605369,12.41431443477717,2.302585092994046,0.9932517730102833
18,0,2,0,4.6,2.1,1,6.6,2,0,1,2.0,79,3.95,2,1.5907355499331142,12.15375076672696,0.8778301681657564,50789.75419132553,19.770392735367714,1.0986122886681098,1.1314021114911006
21,0,2,4,2.6,1.1,1,6.5,3,0,3,9.0,82,3.72,2,0.9806061985963926,11.845587262709715,1.6102145113046793,56183.26023893996,16.479606987119947,2.302585092994046,0.7419373447293773
17,0,0,2,3.3,1.3,1,6.9,3,0,4,6.0,85,3.55,2,1.2332726085820729,13.095026718981076,1.6102145113046793,61924.51734422166,14.292193415871623,1.9459101490553132,0.832909122935104
19,0,2,4,3.7,2.4,1,7.0,3,0,2,16.0,80,3.08,2,1.3556845124032513,13.414325353558693,1.6102145113046793,52549.50742605369,9.245645848802152,2.833213344056216,1.2237754316221157
20,1,2,3,5.7,2.1,1,6.7,2,0,3,10.0,73,3.23,2,1.8249272994757757,12.464723049102489,0.8778301681657564,41009.67586813584,10.703919338092492,2.3978952727983707,1.1314021114911006
17,0,0,0,4.0,2.1,1,7.2,3,0,0,9.0,93,3.32,2,1.4395330280586147,14.061136801601103,1.6102145113046793,79002.48980321265,11.645864683908064,2.302585092994046,1.1314021114911006
18,1,2,2,10.5,2.6,0,5.1,1,1,3,21.0,49,2.53,1,2.507271830707375,7.836637933925062,0.0,13934.324543079843,4.996498752153662,3.091042453358316,1.2809338454620642
17,0,0,4,5.8,1.2,0,7.9,3,1,4,11.0,90,3.27,2,1.8440428632175376,16.409652657927705,1.6102145113046793,72290.34860143652,11.116239925597819,2.4849066497880004,0.7884573603642702
19,0,2,5,4.8,2.1,1,6.7,2,1,4,6.0,86,3.94,2,1.6370062359244075,12.464723049102489,0.8778301681657564,63917.09875329975,19.619122013712897,1.9459101490553132,1.1314021114911006
18,1,0,4,4.5,1.5,1,6.8,3,0,2,13.0,76,3.66,2,1.5668817774441797,12.778487214922173,1.6102145113046793,45734.94462371378,15.684410084705304,2.6390573296152584,0.9162907318741551
19,0,2,4,3.5,2.1,1,6.5,2,0,2,12.0,80,3.61,2,1.2961337421106984,11.845587262709715,0.8778301681657564,52549.50742605369,15.041156949142636,2.5649493574615367,1.1314021114911006
16,1,0,4,4.9,2.3,1,6.5,2,1,4,14.0,88,3.48,2,1.659461753676766,11.845587262709715,0.8778301681657564,68022.48375280312,13.449516948333956,2.70805020110221,1.1939224684724346
26,1,2,0,3.4,1.1,1,8.3,4,1,2,11.0,94,3.48,2,1.2651404807900501,17.809462547767687,2.261698926363226,81323.92171042044,13.449516948333956,2.4849066497880004,0.7419373447293773
18,1,2,6,5.7,2.7,1,4.8,1,1,3,11.0,76,3.08,2,1.8249272994757757,7.054921429048166,0.0,45734.94462371378,9.245645848802152,2.4849066497880004,1.308332819650179
15,1,0,0,3.5,0.4,1,6.6,2,1,1,17.0,81,3.16,2,1.2961337421106984,12.15375076672696,0.8778301681657564,54347.230996866165,10.006308774393966,2.8903717578961645,0.33647223662121295
20,0,2,4,3.1,0.5,1,8.8,4,0,4,6.0,98,4.0,2,1.1666987907776478,19.61678552928072,2.261698926363226,91038.45997193112,20.53818254914221,1.9459101490553132,0.4054651081081644
19,0,2,2,3.1,2.2,1,8.9,3,0,3,9.0,98,3.26,2,1.1666987907776478,19.985804516313625,1.6102145113046793,91038.45997193112,11.012217184536736,2.302585092994046,1.1631508098056809
15,1,0,6,5.3,1.3,0,6.8,3,1,3,8.0,87,3.76,2,1.7451507197105387,12.778487214922173,1.6102145113046793,65949.64476800284,17.024043975850308,2.1972245773362196,0.832909122935104
19,1,2,0,3.4,1.9,1,5.8,2,1,2,12.0,78,3.33,2,1.2651404807900501,9.76858741311186,0.8778301681657564,49067.63473037756,11.7537050835968,2.5649493574615367,1.0647107369924282
21,0,2,0,4.4,2.3,1,6.4,3,0,2,13.0,80,3.53,2,1.5425211917840917,11.540249794535706,1.6102145113046793,52549.50742605369,14.048034731048165,2.6390573296152584,1.1939224684724346
19,1,0,0,3.5,1.5,0,6.7,2,0,4,16.0,75,3.3,2,1.2961337421106984,12.464723049102489,0.8778301681657564,44123.69453376821,11.432105005383404,2.833213344056216,0.9162907318741551
20,1,2,4,3.9,2.1,1,7.5,3,0,2,18.0,88,3.7,2,1.4122647058505842,15.05166041856306,1.6102145113046793,68022.48375280312,16.211695300270975,2.9444389791664403,1.1314021114911006
19,1,2,4,4.2,2.2,1,6.5,2,1,3,14.0,86,3.71,2,1.492187365993103,11.845587262709715,0.8778301681657564,63917.09875329975,16.345293814978213,2.70805020110221,1.1631508098056809
18,0,2,5,4.2,1.3,1,6.7,2,0,1,11.0,90,3.64,2,1.492187365993103,12.464723049102489,0.8778301681657564,72290.34860143652,15.425006368156271,2.4849066497880004,0.832909122935104
19,0,2,2,2.1,3.3,1,7.8,3,0,2,8.0,90,3.43,2,0.7570090469002981,16.066200853784746,1.6102145113046793,72290.34860143652,12.867780191912736,2.1972245773362196,1.4586150226995167
26,1,2,4,4.7,1.5,1,5.6,1,1,3,12.0,81,3.74,2,1.6141037337096489,9.201489326998276,0.0,54347.230996866165,16.750384849080206,2.5649493574615367,0.9162907318741551
17,1,0,4,3.2,1.8,1,7.4,3,0,2,11.0,76,3.66,2,1.2004777883442346,14.718798218821261,1.6102145113046793,45734.94462371378,15.684410084705304,2.4849066497880004,1.0296194171811581
21,1,2,3,12.6,2.6,1,5.4,1,1,2,28.0,50,2.57,0,2.7153151393422355,8.646392457066119,0.0,14717.856782686873,5.251611869829937,3.367295829986474,1.2809338454620642
15,1,0,0,10.0,1.8,1,4.4,1,1,1,25.0,51,2.91,1,2.4519451177756233,6.057450511969028,0.0,15528.613925862097,7.7545924317854675,3.258096538021482,1.0296194171811581
20,1,0,4,6.1,1.8,1,5.6,2,1,3,19.0,76,3.58,2,1.8995739499976299,9.201489326998276,0.8778301681657564,45734.94462371378,14.663569620587477,2.995732273553991,1.0296194171811581
20,1,2,4,5.1,2.0,1,5.7,2,1,2,12.0,70,3.3,2,1.7031011436641108,9.483548899985696,0.8778301681657564,36604.68597434723,11.432105005383404,2.5649493574615367,1.0986122886681098
16,1,0,0,7.7,2.3,1,5.7,1,0,3,18.0,80,3.08,2,2.158035210576757,9.483548899985696,0.0,52549.50742605369,9.245645848802152,2.9444389791664403,1.1939224684724346
19,0,2,6,2.9,2.1,1,6.7,4,0,2,13.0,84,3.85,2,1.095930983777979,12.464723049102489,2.261698926363226,59971.57105866405,18.291570207219255,2.6390573296152584,1.1314021114911006
18,0,2,4,5.2,1.0,1,5.5,1,1,3,16.0,75,3.55,2,1.7243171824127188,8.92242992355568,0.0,44123.69453376821,14.292193415871623,2.833213344056216,0.6931471805599453
19,0,2,6,2.9,2.1,1,7.6,3,0,1,8.0,97,3.43,2,1.095930983777979,15.387190975810833,1.6102145113046793,88544.86579764642,12.867780191912736,2.1972245773362196,1.1314021114911006
18,1,2,3,3.3,0.8,1,6.8,3,0,2,11.0,82,3.49,2,1.2332726085820729,12.778487214922173,1.6102145113046793,56183.26023893996,13.567870467191462,2.4849066497880004,0.5877866649021191
21,0,2,0,3.4,2.6,1,8.6,3,1,0,14.0,96,3.89,2,1.2651404807900501,18.886266876241464,1.6102145113046793,86094.79021322812,18.87410098953472,2.70805020110221,1.2809338454620642
20,0,2,6,6.8,1.7,1,6.6,3,0,4,18.0,74,3.54,2,2.019709544031315,12.15375076672696,1.6102145113046793,42548.719285856496,14.169772787057607,2.9444389791664403,0.9932517730102833
16,0,0,0,13.2,3.4,1,3.5,1,1,3,28.0,44,2.57,0,2.768727136766414,4.009728565370655,0.0,10411.425745453509,5.251611869829937,3.367295829986474,1.4816045409242156
18,1,0,4,7.3,2.6,1,6.2,1,0,3,11.0,79,3.31,2,2.09855491776158,10.938123890491681,0.0,50789.75419132553,11.53866528811148,2.4849066497880004,1.2809338454620642
16,0,0,6,3.4,1.7,1,7.8,3,0,1,7.0,87,3.6,2,1.2651404807900501,16.066200853784746,1.6102145113046793,65949.64476800284,14.914601235151155,2.0794415416798357,0.9932517730102833
17,0,0,4,2.6,1.4,1,6.8,3,0,3,8.0,78,3.98,2,0.9806061985963926,12.778487214922173,1.6102145113046793,49067.63473037756,20.228771847318367,2.1972245773362196,0.8754687373538999
21,1,2,0,4.3,2.4,1,6.7,3,0,2,9.0,90,3.72,2,1.5176311317383155,12.464723049102489,1.6102145113046793,72290.34860143652,16.479606987119947,2.302585092994046,1.2237754316221157
19,1,2,4,5.8,2.6,1,5.7,1,0,1,15.0,78,2.69,2,1.8440428632175376,9.483548899985696,0.0,49067.63473037756,6.065325961111475,2.772588722239781,1.2809338454620642
20,0,2,4,5.6,1.0,1,6.3,2,1,2,20.0,63,3.3,1,1.8054918230589363,11.237755995802775,0.8778301681657564,27519.02697404476,11.432105005383404,3.044522437723423,0.6931471805599453
17,0,0,4,6.5,2.2,0,3.9,1,1,2,22.0,67,3.2,1,1.9697262931476014,4.885236590833674,0.0,32510.60102499727,10.401237330639699,3.1354942159291497,1.1631508098056809
18,0,2,4,6.5,1.4,1,8.0,3,0,2,13.0,73,3.26,2,1.9697262931476014,16.755717770784734,1.6102145113046793,41009.67586813584,11.012217184536736,2.6390573296152584,0.8754687373538999
15,0,0,3,3.7,2.2,1,9.2,4,1,4,1.0,89,3.68,2,1.3556845124032513,21.107764803377655,2.261698926363226,70135.94297111471,15.946634697155112,0.6931471805599453,1.1631508098056809
17,1,0,3,4.6,3.4,1,6.8,3,1,1,8.0,88,3.61,2,1.5907355499331142,12.778487214922173,1.6102145113046793,68022.48375280312,15.041156949142636,2.1972245773362196,1.4816045409242156
17,0,0,4,2.7,2.2,1,7.8,3,0,2,5.0,91,3.74,2,1.0203866362587886,16.066200853784746,1.6102145113046793,74486.02575307926,16.750384849080206,1.791759469228055,1.1631508098056809
20,1,2,4,4.4,1.9,2,7.9,4,0,4,10.0,93,3.81,2,1.5425211917840917,16.409652657927705,2.261698926363226,79002.48980321265,17.720896337416892,2.3978952727983707,1.0647107369924282
18,0,0,6,3.1,1.9,1,7.1,3,0,0,10.0,88,3.58,2,1.1666987907776478,13.736367236790857,1.6102145113046793,68022.48375280312,14.663569620587477,2.3978952727983707,1.0647107369924282
19,1,2,0,4.1,2.4,1,7.2,3,1,3,17.0,82,3.38,2,1.466163943905982,14.061136801601103,1.6102145113046793,56183.26023893996,12.302588311016644,2.8903717578961645,1.2237754316221157
15,0,0,4,3.1,1.2,1,6.5,4,1,2,5.0,93,4.0,2,1.1666987907776478,11.845587262709715,2.261698926363226,79002.48980321265,20.53818254914221,1.791759469228055,0.7884573603642702
16,1,0,6,8.8,1.6,1,6.7,1,1,2,16.0,67,3.01,2,2.307675347857402,12.464723049102489,0.0,32510.60102499727,8.611367410342837,2.833213344056216,0.9555114450274363
16,0,0,4,1.9,2.1,2,7.8,4,0,2,11.0,79,3.56,2,0.6531132144998397,16.066200853784746,2.261698926363226,50789.75419132553,14.415298505689877,2.4849066497880004,1.1314021114911006
23,1,1,2,6.3,0.5,1,6.4,3,1,3,22.0,68,3.61,2,1.9351768949585346,11.540249794535706,1.6102145113046793,33841.334443280015,15.041156949142636,3.1354942159291497,0.4054651081081644
19,0,2,6,5.6,2.3,1,6.9,2,1,4,10.0,90,2.94,2,1.8054918230589363,13.095026718981076,0.8778301681657564,72290.34860143652,8.005623197120133,2.3978952727983707,1.1939224684724346
20,1,2,4,3.8,2.1,1,6.1,1,0,2,6.0,83,3.41,2,1.384326776898207,10.641371908015127,0.0,58057.92927986961,12.639731281317893,1.9459101490553132,1.1314021114911006
20,1,2,6,4.9,1.2,1,6.2,2,1,3,18.0,82,3.31,2,1.659461753676766,10.938123890491681,0.8778301681657564,56183.26023893996,11.53866528811148,2.9444389791664403,0.7884573603642702
23,2,1,4,2.0,1.9,1,7.8,5,1,3,12.0,91,3.68,2,0.7062901854968463,16.066200853784746,2.858956583624191,74486.02575307926,15.946634697155112,2.5649493574615367,1.0647107369924282
24,0,1,6,2.5,2.1,1,7.0,4,0,3,9.0,94,3.58,2,0.9393512133898587,13.414325353558693,2.261698926363226,81323.92171042044,14.663569620587477,2.302585092994046,1.1314021114911006
19,0,2,2,4.8,1.8,1,7.0,3,0,2,1.0,82,3.83,2,1.6370062359244075,13.414325353558693,1.6102145113046793,56183.26023893996,18.00475869836222,0.6931471805599453,1.0296194171811581
20,0,2,2,4.7,1.7,2,8.3,4,0,3,9.0,82,4.0,2,1.6141037337096489,17.809462547767687,2.261698926363226,56183.26023893996,20.53818254914221,2.302585092994046,0.9932517730102833
18,0,2,3,3.2,1.9,1,8.3,4,1,1,3.0,81,3.71,2,1.2004777883442346,17.809462547767687,2.261698926363226,54347.230996866165,16.345293814978213,1.3862943611198906,1.0647107369924282
22,1,1,5,5.5,2.8,1,7.2,2,1,1,6.0,94,3.83,2,1.7857252215541248,14.061136801601103,0.8778301681657564,81323.92171042044,18.00475869836222,1.9459101490553132,1.33500106673234
19,0,2,4,5.9,2.4,0,6.5,2,1,2,7.0,85,3.51,2,1.8628491617376208,11.845587262709715,0.8778301681657564,61924.51734422166,13.806598784091944,2.0794415416798357,1.2237754316221157
17,0,0,2,6.8,1.4,1,6.2,3,0,1,11.0,64,3.23,2,2.019709544031315,10.938123890491681,1.6102145113046793,28717.928887801263,10.703919338092492,2.4849066497880004,0.8754687373538999
20,0,2,4,10.8,1.6,1,3.8,1,1,2,30.0,43,2.43,0,2.539283315287256,4.661063699804611,0.0,9783.04241116226,4.392835901119548,3.4339872044851463,0.9555114450274363
21,1,2,3,4.5,2.8,0,6.8,3,1,1,17.0,82,3.08,2,1.5668817774441797,12.778487214922173,1.6102145113046793,56183.26023893996,9.245645848802152,2.8903717578961645,1.33500106673234
17,1,0,6,4.9,1.6,1,6.1,2,0,4,15.0,83,3.55,2,1.659461753676766,10.641371908015127,0.8778301681657564,58057.92927986961,14.292193415871623,2.772588722239781,0.9555114450274363
17,1,0,3,2.8,2.4,0,7.2,4,0,3,14.0,84,3.64,2,1.0587970088869507,14.061136801601103,2.261698926363226,59971.57105866405,15.425006368156271,2.70805020110221,1.2237754316221157
16,1,0,4,3.2,2.3,1,6.4,4,1,2,19.0,78,3.64,2,1.2004777883442346,11.540249794535706,2.261698926363226,49067.63473037756,15.425006368156271,2.995732273553991,1.1939224684724346
19,0,2,4,4.5,1.7,1,8.0,3,1,2,12.0,90,3.55,2,1.5668817774441797,16.755717770784734,1.6102145113046793,72290.34860143652,14.292193415871623,2.5649493574615367,0.9932517730102833
19,0,2,4,5.1,2.2,1,7.9,3,1,2,8.0,93,3.89,2,1.7031011436641108,16.409652657927705,1.6102145113046793,79002.48980321265,18.87410098953472,2.1972245773362196,1.1631508098056809
20,0,2,0,4.8,1.7,1,8.0,2,0,2,13.0,97,3.26,2,1.6370062359244075,16.755717770784734,0.8778301681657564,88544.86579764642,11.012217184536736,2.6390573296152584,0.9932517730102833
18,0,2,3,8.0,2.5,1,6.3,2,1,4,21.0,70,3.25,1,2.2007570648755084,11.237755995802775,0.8778301681657564,36604.68597434723,10.90882410064474,3.091042453358316,1.252762968495368
17,0,0,4,1.9,2.3,1,8.2,4,0,3,12.0,89,4.0,2,0.6531132144998397,17.455635531354325,2.261698926363226,70135.94297111471,20.53818254914221,2.5649493574615367,1.1939224684724346
18,0,2,4,5.9,1.4,2,6.5,1,1,3,18.0,66,3.56,2,1.8628491617376208,11.845587262709715,0.0,31213.358948090136,14.415298505689877,2.9444389791664403,0.8754687373538999
17,0,0,3,3.6,1.9,1,7.5,4,0,4,7.0,94,3.81,2,1.3263003819268158,15.05166041856306,2.261698926363226,81323.92171042044,17.720896337416892,2.0794415416798357,1.0647107369924282
19,2,2,0,6.3,2.3,1,6.7,2,1,2,26.0,74,3.79,2,1.9351768949585346,12.464723049102489,0.8778301681657564,42548.719285856496,17.43996804213093,3.295836866004329,1.1939224684724346
19,0,2,4,4.3,0.3,1,6.6,3,1,4,14.0,74,3.56,2,1.5176311317383155,12.15375076672696,1.6102145113046793,42548.719285856496,14.415298505689877,2.70805020110221,0.262364264467491
18,1,2,3,6.0,1.5,0,7.2,3,1,2,25.0,76,3.2,1,1.8813563150191603,14.061136801601103,1.6102145113046793,45734.94462371378,10.401237330639699,3.258096538021482,0.9162907318741551
16,0,0,4,4.4,2.2,1,7.1,3,0,2,20.0,85,3.4,2,1.5425211917840917,13.736367236790857,1.6102145113046793,61924.51734422166,12.526694794914107,3.044522437723423,1.1631508098056809
17,1,0,4,3.6,1.1,1,6.0,2,1,3,21.0,76,3.35,2,1.3263003819268158,10.347518899102251,0.8778301681657564,45734.94462371378,11.971316457356032,3.091042453358316,0.7419373447293773
21,0,2,3,3.8,1.7,1,6.2,3,1,3,15.0,69,3.14,2,1.384326776898207,10.938123890491681,1.6102145113046793,35205.91224901557,9.81251648426725,2.772588722239781,0.9932517730102833
18,1,2,6,3.3,2.7,1,7.4,3,1,0,19.0,87,3.71,2,1.2332726085820729,14.718798218821261,1.6102145113046793,65949.64476800284,16.345293814978213,2.995732273553991,1.308332819650179
18,0,2,3,3.1,0.3,2,7.0,4,0,1,5.0,92,3.94,2,1.1666987907776478,13.414325353558693,2.261698926363226,76723.29848149381,19.619122013712897,1.791759469228055,0.262364264467491
18,0,2,4,5.7,1.4,1,7.4,2,0,3,18.0,76,3.64,2,1.8249272994757757,14.718798218821261,0.8778301681657564,45734.94462371378,15.425006368156271,2.9444389791664403,0.8754687373538999
19,0,2,3,5.7,2.1,1,5.3,2,1,3,15.0,77,2.78,2,1.8249272994757757,8.3733992567368,0.8778301681657564,47382.81123366814,6.724726446146271,2.772588722239781,1.1314021114911006
17,1,0,5,2.0,1.1,1,8.9,4,1,1,12.0,98,3.19,2,0.7062901854968463,19.985804516313625,2.261698926363226,91038.45997193112,10.301582463218029,2.5649493574615367,0.7419373447293773
19,0,2,3,5.5,0.8,1,7.2,4,1,1,11.0,79,3.71,2,1.7857252215541248,14.061136801601103,2.261698926363226,50789.75419132553,16.345293814978213,2.4849066497880004,0.5877866649021191
18,1,2,4,2.5,0.7,1,7.8,3,0,2,7.0,98,4.0,2,0.9393512133898587,16.066200853784746,1.6102145113046793,91038.45997193112,20.53818254914221,2.0794415416798357,0.5306282510621704
23,0,2,0,4.5,2.4,1,7.5,3,1,2,13.0,88,2.94,2,1.5668817774441797,15.05166041856306,1.6102145113046793,68022.48375280312,8.005623197120133,2.6390573296152584,1.2237754316221157
18,1,0,4,3.6,1.1,0,7.6,3,1,2,10.0,98,3.72,2,1.3263003819268158,15.387190975810833,1.6102145113046793,91038.45997193112,16.479606987119947,2.3978952727983707,0.7419373447293773
20,1,2,6,3.0,2.1,1,6.8,3,0,2,9.0,85,3.51,2,1.1318728617817535,12.778487214922173,1.6102145113046793,61924.51734422166,13.806598784091944,2.302585092994046,1.1314021114911006
19,1,2,0,6.3,1.4,1,6.0,2,1,3,19.0,64,3.55,2,1.9351768949585346,10.347518899102251,0.8778301681657564,28717.928887801263,14.292193415871623,2.995732273553991,0.8754687373538999
19,1,0,4,6.7,1.7,0,7.2,1,1,3,16.0,90,3.25,2,2.003284337102433,14.061136801601103,0.0,72290.34860143652,10.90882410064474,2.833213344056216,0.9932517730102833
19,1,2,0,5.3,1.4,1,7.0,2,1,3,20.0,84,3.06,2,1.7451507197105387,13.414325353558693,0.8778301681657564,59971.57105866405,9.06147389329403,3.044522437723423,0.8754687373538999
20,1,2,0,7.2,1.8,1,6.5,1,1,3,14.0,75,3.29,2,2.0832033609937755,11.845587262709715,0.0,44123.69453376821,11.326181944781949,2.70805020110221,1.0296194171811581
16,0,0,6,6.3,1.5,1,6.7,3,1,0,6.0,86,3.51,2,1.9351768949585346,12.464723049102489,1.6102145113046793,63917.09875329975,13.806598784091944,1.9459101490553132,0.9162907318741551
19,1,0,4,12.1,1.6,1,3.6,1,0,3,33.0,40,2.18,0,2.6689341018164088,4.2232712500382465,0.0,8043.082592061444,3.08610467376693,3.5263605246161616,0.9555114450274363
19,0,2,0,5.6,2.6,0,5.9,2,1,2,19.0,76,3.32,2,1.8054918230589363,10.056584152579083,0.8778301681657564,45734.94462371378,11.645864683908064,2.995732273553991,1.2809338454620642
18,0,2,6,2.3,2.2,1,9.4,4,1,1,1.0,98,4.0,2,0.8519347810161471,21.8680484661252,2.261698926363226,91038.45997193112,20.53818254914221,0.6931471805599453,1.1631508098056809
18,0,2,0,10.8,2.0,0,3.4,1,1,3,29.0,53,2.26,0,2.539283315287256,3.799808682923572,0.0,17233.337875033176,3.473961361812555,3.4011973816621555,1.0986122886681098
16,0,0,0,5.7,1.1,1,5.7,2,1,3,21.0,74,3.14,1,1.8249272994757757,9.483548899985696,0.8778301681657564,42548.719285856496,9.81251648426725,3.091042453358316,0.7419373447293773
18,0,2,6,9.8,1.1,0,5.2,1,1,3,27.0,57,2.72,1,2.4290784648391797,8.103473238889842,0.0,20986.249109062494,6.280363055682415,3.332204510175204,0.7419373447293773
18,0,2,6,8.9,1.8,1,6.8,1,0,2,21.0,69,3.1,1,2.320387654485076,12.778487214922173,0.0,35205.91224901557,9.43220016705984,3.091042453358316,1.0296194171811581
18,0,0,0,4.4,1.3,1,6.7,2,0,3,13.0,79,3.21,2,1.5425211917840917,12.464723049102489,0.8778301681657564,50789.75419132553,10.501510504182985,2.6390573296152584,0.832909122935104
21,1,2,4,1.9,0.7,0,7.9,3,1,2,4.0,98,3.97,2,0.6531132144998397,16.409652657927705,1.6102145113046793,91038.45997193112,20.075215768293244,1.6094379124341003,0.5306282510621704
19,0,2,4,5.6,2.0,1,4.7,1,0,3,7.0,76,3.85,2,1.8054918230589363,6.800697609529523,0.0,45734.94462371378,18.291570207219255,2.0794415416798357,1.0986122886681098
17,0,0,3,9.8,2.9,1,5.0,1,0,2,27.0,61,2.65,1,2.4290784648391797,7.5729175150710875,0.0,25217.052320963478,5.78590386095075,3.332204510175204,1.3609765531356006
21,1,2,0,3.8,1.7,1,6.2,2,1,1,17.0,77,3.03,2,1.384326776898207,10.938123890491681,0.8778301681657564,47382.81123366814,8.789649747573227,2.8903717578961645,0.9932517730102833
18,1,2,0,5.0,2.0,1,7.5,3,1,1,12.0,84,2.84,2,1.681487870546516,15.05166041856306,1.6102145113046793,59971.57105866405,7.188483753456278,2.5649493574615367,1.0986122886681098
20,1,2,4,2.8,1.3,1,8.6,4,0,3,8.0,98,3.6,2,1.0587970088869507,18.886266876241464,2.261698926363226,91038.45997193112,14.914601235151155,2.1972245773362196,0.832909122935104
19,0,2,4,5.5,1.0,1,6.4,1,1,1,13.0,85,3.04,2,1.7857252215541248,11.540249794535706,0.0,61924.51734422166,8.879669149882293,2.6390573296152584,0.6931471805599453
21,0,0,6,5.8,2.0,1,5.8,3,1,1,13.0,70,3.37,2,1.8440428632175376,9.76858741311186,1.6102145113046793,36604.68597434723,12.19151453362671,2.6390573296152584,1.0986122886681098
19,0,2,3,8.9,1.7,1,4.6,1,1,4,15.0,60,2.9,1,2.320387654485076,6.549692444201377,0.0,24113.25572387178,7.672044795788171,2.772588722239781,0.9932517730102833
18,1,2,0,2.8,0.6,1,8.8,4,0,4,10.0,84,2.91,2,1.0587970088869507,19.61678552928072,2.261698926363226,59971.57105866405,7.7545924317854675,2.3978952727983707,0.4700036292457356
25,3,1,6,5.3,2.1,1,6.3,2,1,4,14.0,83,3.5,2,1.7451507197105387,11.237755995802775,0.8778301681657564,58057.92927986961,13.686897116192466,2.70805020110221,1.1314021114911006
16,1,0,2,9.6,0.9,1,4.6,1,0,0,26.0,57,2.57,1,2.4057660247033263,6.549692444201377,0.0,20986.249109062494,5.251611869829937,3.295836866004329,0.6418538861723948
16,1,0,4,2.3,1.9,1,9.0,5,1,3,8.0,94,3.81,2,0.8519347810161471,20.357314790663057,2.858956583624191,81323.92171042044,17.720896337416892,2.1972245773362196,1.0647107369924282
20,0,2,0,10.7,2.1,2,5.4,1,1,0,23.0,60,2.79,1,2.528707315024941,8.646392457066119,0.0,24113.25572387178,6.80066146105074,3.1780538303479458,1.1314021114911006
19,0,2,0,6.0,2.5,1,6.5,3,1,3,13.0,80,3.16,2,1.8813563150191603,11.845587262709715,1.6102145113046793,52549.50742605369,10.006308774393966,2.6390573296152584,1.252762968495368
15,0,0,6,5.6,2.4,1,5.2,2,1,2,19.0,81,3.65,2,1.8054918230589363,8.103473238889842,0.8778301681657564,54347.230996866165,15.554356557932616,2.995732273553991,1.2237754316221157
20,0,2,0,4.2,0.9,1,7.5,3,1,4,6.0,86,3.73,2,1.492187365993103,15.05166041856306,1.6102145113046793,63917.09875329975,16.614636703065745,1.9459101490553132,0.6418538861723948
23,0,2,6,5.9,3.9,1,6.3,2,1,3,8.0,71,3.04,2,1.8628491617376208,11.237755995802775,0.8778301681657564,38038.0056657807,8.879669149882293,2.1972245773362196,1.589235205116581
19,0,0,0,6.2,1.9,1,6.9,2,1,2,6.0,90,3.29,2,1.9175112322134875,13.095026718981076,0.8778301681657564,72290.34860143652,11.326181944781949,1.9459101490553132,1.0647107369924282
19,0,2,0,4.0,2.3,1,6.3,2,1,4,11.0,86,3.35,2,1.4395330280586147,11.237755995802775,0.8778301681657564,63917.09875329975,11.971316457356032,2.4849066497880004,1.1939224684724346
18,0,2,0,2.5,1.0,1,7.3,3,0,2,8.0,98,3.69,2,0.9393512133898587,14.388618785157242,1.6102145113046793,91038.45997193112,16.07880955652339,2.1972245773362196,0.6931471805599453
18,0,2,4,5.5,1.5,1,6.7,3,1,2,16.0,69,2.78,1,1.7857252215541248,12.464723049102489,1.6102145113046793,35205.91224901557,6.724726446146271,2.833213344056216,0.9162907318741551
17,0,0,3,14.0,0.8,1,4.1,1,1,3,28.0,43,3.46,0,2.8364774847199032,5.343953906546689,0.0,9783.04241116226,13.21482174546893,3.367295829986474,0.5877866649021191
18,2,2,4,1.6,0.9,1,8.3,3,0,2,8.0,94,3.25,2,0.4760221763172826,17.809462547767687,1.6102145113046793,81323.92171042044,10.90882410064474,2.1972245773362196,0.6418538861723948
19,0,2,3,6.6,0.7,0,5.2,1,1,2,15.0,69,3.3,2,1.9866255656836118,8.103473238889842,0.0,35205.91224901557,11.432105005383404,2.772588722239781,0.5306282510621704
25,1,1,5,5.7,2.0,1,7.2,3,1,3,17.0,85,3.11,2,1.8249272994757757,14.061136801601103,1.6102145113046793,61924.51734422166,9.52637544624165,2.8903717578961645,1.0986122886681098
19,1,2,4,1.5,1.2,1,7.9,3,1,2,0.0,98,4.0,2,0.4099390405603449,16.409652657927705,1.6102145113046793,91038.45997193112,20.53818254914221,0.0,0.7884573603642702
25,0,1,1,3.5,0.8,2,6.3,2,0,2,14.0,81,3.89,2,1.2961337421106984,11.237755995802775,0.8778301681657564,54347.230996866165,18.87410098953472,2.70805020110221,0.5877866649021191
18,1,2,3,7.6,1.6,0,5.6,1,0,1,24.0,62,3.54,1,2.1434440944290047,9.201489326998276,0.0,26352.188477075142,14.169772787057607,3.2188758248682006,0.9555114450274363
22,1,1,6,4.3,2.7,1,6.4,3,0,3,7.0,83,3.88,2,1.5176311317383155,11.540249794535706,1.6102145113046793,58057.92927986961,18.72735011125622,2.0794415416798357,1.308332819650179
20,1,2,0,7.6,0.8,1,7.0,3,1,4,26.0,68,2.09,1,2.1434440944290047,13.414325353558693,1.6102145113046793,33841.334443280015,2.6821976555434137,3.295836866004329,0.5877866649021191
19,1,2,4,2.2,1.1,1,6.6,3,0,3,10.0,90,4.0,2,0.8054926939148117,12.15375076672696,1.6102145113046793,72290.34860143652,20.53818254914221,2.3978952727983707,0.7419373447293773
17,0,0,3,14.0,1.5,1,3.7,1,1,4,35.0,45,2.54,0,2.8364774847199032,4.4403960165533265,0.0,11064.678764162616,5.059535430978976,3.58351893845611,0.9162907318741551
16,0,0,2,1.9,2.5,1,7.4,5,1,3,0.0,98,4.0,2,0.6531132144998397,14.718798218821261,2.858956583624191,91038.45997193112,20.53818254914221,0.0,1.252762968495368
21,1,2,0,4.9,1.4,1,6.3,3,0,1,17.0,76,3.3,2,1.659461753676766,11.237755995802775,1.6102145113046793,45734.94462371378,11.432105005383404,2.8903717578961645,0.8754687373538999
18,0,2,6,3.8,1.1,1,8.4,3,0,3,2.0,98,4.0,2,1.384326776898207,18.16585159714471,1.6102145113046793,91038.45997193112,20.53818254914221,1.0986122886681098,0.7419373447293773
19,3,2,4,3.0,3.1,1,7.7,4,0,2,4.0,98,3.7,2,1.1318728617817535,15.725375748712496,2.261698926363226,91038.45997193112,16.211695300270975,1.6094379124341003,1.410986973710262
20,2,2,6,3.4,2.1,1,8.2,3,1,1,7.0,98,3.46,2,1.2651404807900501,17.455635531354325,1.6102145113046793,91038.45997193112,13.21482174546893,2.0794415416798357,1.1314021114911006
22,1,1,0,6.3,1.2,1,7.0,2,1,3,15.0,80,3.64,2,1.9351768949585346,13.414325353558693,0.8778301681657564,52549.50742605369,15.425006368156271,2.772588722239781,0.7884573603642702
19,1,2,3,12.8,1.5,0,4.3,1,1,4,30.0,49,2.59,0,2.7333816003838423,5.81627216727231,0.0,13934.324543079843,5.382153841105391,3.4339872044851463,0.9162907318741551
20,1,2,4,3.8,0.5,0,8.0,3,0,2,4.0,83,3.47,2,1.384326776898207,16.755717770784734,1.6102145113046793,58057.92927986961,13.331834670752924,1.6094379124341003,0.4054651081081644
18,1,2,6,6.1,1.4,1,6.5,2,1,1,13.0,89,3.1,2,1.8995739499976299,11.845587262709715,0.8778301681657564,70135.94297111471,9.43220016705984,2.6390573296152584,0.8754687373538999
17,1,0,0,4.8,1.0,1,7.1,4,0,3,11.0,82,3.53,2,1.6370062359244075,13.736367236790857,2.261698926363226,56183.26023893996,14.048034731048165,2.4849066497880004,0.6931471805599453
16,0,0,6,6.0,2.1,2,6.9,3,1,2,16.0,80,3.21,2,1.8813563150191603,13.095026718981076,1.6102145113046793,52549.50742605369,10.501510504182985,2.833213344056216,1.1314021114911006
16,0,0,0,8.8,0.8,1,5.2,1,1,2,19.0,63,2.92,1,2.307675347857402,8.103473238889842,0.0,27519.02697404476,7.837703446786447,2.995732273553991,0.5877866649021191
19,1,2,6,7.6,2.1,1,3.6,1,1,2,16.0,69,3.19,2,2.1434440944290047,4.2232712500382465,0.0,35205.91224901557,10.301582463218029,2.833213344056216,1.1314021114911006
20,0,2,5,4.5,2.6,1,7.7,4,1,1,12.0,91,3.68,2,1.5668817774441797,15.725375748712496,2.261698926363226,74486.02575307926,15.946634697155112,2.5649493574615367,1.2809338454620642
18,1,2,0,4.9,2.6,1,5.9,3,1,2,14.0,72,3.47,2,1.659461753676766,10.056584152579083,1.6102145113046793,39506.21991155572,13.331834670752924,2.70805020110221,1.2809338454620642
18,1,2,3,3.3,1.3,1,8.0,3,0,2,15.0,88,3.76,2,1.2332726085820729,16.755717770784734,1.6102145113046793,68022.48375280312,17.024043975850308,2.772588722239781,0.832909122935104
18,0,2,0,9.1,1.6,1,5.0,1,1,1,27.0,56,2.8,1,2.345411940339193,7.5729175150710875,0.0,20004.147513716616,6.87713709393498,3.332204510175204,0.9555114450274363
20,0,2,3,4.2,1.8,1,7.3,3,1,1,14.0,86,3.14,2,1.492187365993103,14.388618785157242,1.6102145113046793,63917.09875329975,9.81251648426725,2.70805020110221,1.0296194171811581
17,0,0,0,9.0,3.0,1,5.0,1,1,2,27.0,55,3.43,1,2.332965554974335,7.5729175150710875,0.0,19051.54466123719,12.867780191912736,3.332204510175204,1.3862943611198906
17,0,0,3,2.5,1.6,1,8.4,3,0,0,14.0,88,3.57,2,0.9393512133898587,18.16585159714471,1.6102145113046793,68022.48375280312,14.5390899446019,2.70805020110221,0.9555114450274363
18,0,0,0,5.1,1.6,1,8.3,3,1,0,7.0,86,3.48,2,1.7031011436641108,17.809462547767687,1.6102145113046793,63917.09875329975,13.449516948333956,2.0794415416798357,0.9555114450274363
16,0,0,6,14.0,2.2,1,4.6,1,1,4,31.0,55,2.46,0,2.8364774847199032,6.549692444201377,0.0,19051.54466123719,4.568889989737314,3.4657359027997265,1.1631508098056809
17,1,0,0,3.6,1.9,1,7.0,3,1,3,6.0,91,3.51,2,1.3263003819268158,13.414325353558693,1.6102145113046793,74486.02575307926,13.806598784091944,1.9459101490553132,1.0647107369924282
20,1,2,6,3.1,2.2,1,8.6,4,1,2,10.0,96,3.44,2,1.1666987907776478,18.886266876241464,2.261698926363226,86094.79021322812,12.982796395310663,2.3978952727983707,1.1631508098056809
19,0,2,4,2.1,2.1,1,7.3,4,0,3,6.0,90,3.55,2,0.7570090469002981,14.388618785157242,2.261698926363226,72290.34860143652,14.292193415871623,1.9459101490553132,1.1314021114911006
21,0,2,4,2.5,3.0,1,7.6,4,1,4,10.0,98,4.0,2,0.9393512133898587,15.387190975810833,2.261698926363226,91038.45997193112,20.53818254914221,2.3978952727983707,1.3862943611198906
16,0,0,6,5.6,1.5,1,7.8,4,1,2,15.0,84,3.75,2,1.8054918230589363,16.066200853784746,2.261698926363226,59971.57105866405,16.88685331132323,2.772588722239781,0.9162907318741551
20,1,0,0,3.9,1.3,1,6.0,2,0,4,13.0,76,3.07,2,1.4122647058505842,10.347518899102251,0.8778301681657564,45734.94462371378,9.153263022572325,2.6390573296152584,0.832909122935104
17,0,0,4,6.9,2.3,1,6.1,1,1,2,25.0,75,2.8,1,2.0359078246346916,10.641371908015127,0.0,44123.69453376821,6.87713709393498,3.258096538021482,1.1939224684724346
22,0,2,0,4.0,1.5,1,8.1,4,0,3,4.0,96,4.0,2,1.4395330280586147,17.104383037428352,2.261698926363226,86094.79021322812,20.53818254914221,1.6094379124341003,0.9162907318741551
17,1,0,6,2.4,0.7,0,8.2,4,0,1,0.0,92,3.7,2,0.8965046417701628,17.455635531354325,2.261698926363226,76723.29848149381,16.211695300270975,0.0,0.5306282510621704
19,1,2,4,5.9,1.3,1,4.8,1,1,3,16.0,77,3.47,2,1.8628491617376208,7.054921429048166,0.0,47382.81123366814,13.331834670752924,2.833213344056216,0.832909122935104
16,0,0,0,3.2,1.6,1,8.0,4,0,3,4.0,94,3.95,2,1.2004777883442346,16.755717770784734,2.261698926363226,81323.92171042044,19.770392735367714,1.6094379124341003,0.9555114450274363
18,1,0,0,14.0,3.4,1,3.5,1,1,4,40.0,35,2.44,0,2.8364774847199032,4.009728565370655,0.0,5602.5173174979045,4.4510458507263575,3.713572066704308,1.4816045409242156
19,0,2,6,5.1,2.5,1,7.1,3,1,2,8.0,78,3.62,2,1.7031011436641108,13.736367236790857,1.6102145113046793,49067.63473037756,15.168408451034988,2.1972245773362196,1.252762968495368
16,0,0,3,7.6,2.6,1,5.9,2,1,3,17.0,68,3.0,1,2.1434440944290047,10.056584152579083,0.8778301681657564,33841.334443280015,8.52310068647062,2.8903717578961645,1.2809338454620642
16,0,0,2,5.0,1.7,1,7.0,2,0,2,17.0,80,4.0,2,1.681487870546516,13.414325353558693,0.8778301681657564,52549.50742605369,20.53818254914221,2.8903717578961645,0.9932517730102833
18,0,2,0,2.6,0.2,1,8.4,3,0,2,9.0,93,3.67,2,0.9806061985963926,18.16585159714471,1.6102145113046793,79002.48980321265,15.81516883547986,2.302585092994046,0.18232155679395465
15,0,0,5,4.1,0.7,0,7.7,4,0,2,9.0,94,3.69,2,1.466163943905982,15.725375748712496,2.261698926363226,81323.92171042044,16.07880955652339,2.302585092994046,0.5306282510621704
17,0,0,1,7.5,0.9,1,7.7,2,1,1,10.0,62,3.26,2,2.1286702202484076,15.725375748712496,0.8778301681657564,26352.188477075142,11.012217184536736,2.3978952727983707,0.6418538861723948
17,1,0,4,3.5,1.7,1,7.3,3,0,2,3.0,98,3.2,2,1.2961337421106984,14.388618785157242,1.6102145113046793,91038.45997193112,10.401237330639699,1.3862943611198906,0.9932517730102833
17,0,0,4,5.3,1.2,1,7.3,2,1,3,6.0,83,3.79,2,1.7451507197105387,14.388618785157242,0.8778301681657564,58057.92927986961,17.43996804213093,1.9459101490553132,0.7884573603642702
19,0,2,0,2.9,2.2,1,7.3,4,1,3,10.0,87,3.92,2,1.095930983777979,14.388618785157242,2.261698926363226,65949.64476800284,19.31885273989304,2.3978952727983707,1.1631508098056809
20,0,2,3,7.2,2.0,1,5.4,2,1,2,19.0,53,3.25,1,2.0832033609937755,8.646392457066119,0.8778301681657564,17233.337875033176,10.90882410064474,2.995732273553991,1.0986122886681098
19,0,2,5,14.0,1.8,0,3.2,1,1,0,25.0,48,2.86,1,2.8364774847199032,3.3910086472942322,0.0,13177.630667357054,7.347450119829864,3.258096538021482,1.0296194171811581
18,1,2,0,2.5,1.8,1,6.4,4,1,4,10.0,89,3.28,2,0.9393512133898587,11.540249794535706,2.261698926363226,70135.94297111471,11.220894215246592,2.3978952727983707,1.0296194171811581
21,0,2,2,8.6,1.8,2,4.5,1,1,2,24.0,67,2.69,1,2.2818354611447473,6.301933826278156,0.0,32510.60102499727,6.065325961111475,3.2188758248682006,1.0296194171811581
19,1,2,1,2.7,1.7,1,6.8,4,1,2,13.0,93,3.73,2,1.0203866362587886,12.778487214922173,2.261698926363226,79002.48980321265,16.614636703065745,2.6390573296152584,0.9932517730102833
15,1,0,5,4.4,2.9,1,7.6,3,0,3,11.0,86,3.68,2,1.5425211917840917,15.387190975810833,1.6102145113046793,63917.09875329975,15.946634697155112,2.4849066497880004,1.3609765531356006
16,0,0,6,3.9,2.1,1,7.3,3,0,2,11.0,87,3.78,2,1.4122647058505842,14.388618785157242,1.6102145113046793,65949.64476800284,17.300599455458382,2.4849066497880004,1.1314021114911006
15,1,0,4,5.3,1.3,1,6.4,2,1,3,15.0,78,3.39,2,1.7451507197105387,11.540249794535706,0.8778301681657564,49067.63473037756,12.41431443477717,2.772588722239781,0.832909122935104
18,0,2,4,8.6,2.2,1,6.0,2,1,0,13.0,77,3.46,2,2.2818354611447473,10.347518899102251,0.8778301681657564,47382.81123366814,13.21482174546893,2.6390573296152584,1.1631508098056809
19,3,2,0,4.5,2.2,0,6.4,3,0,2,14.0,77,3.65,2,1.5668817774441797,11.540249794535706,1.6102145113046793,47382.81123366814,15.554356557932616,2.70805020110221,1.1631508098056809
18,0,2,0,3.4,1.0,1,7.6,3,0,4,8.0,93,3.87,2,1.2651404807900501,15.387190975810833,1.6102145113046793,79002.48980321265,18.58134594461001,2.1972245773362196,0.6931471805599453
18,1,2,0,5.5,2.5,2,6.4,2,1,2,17.0,80,2.78,2,1.7857252215541248,11.540249794535706,0.8778301681657564,52549.50742605369,6.724726446146271,2.8903717578961645,1.252762968495368
21,1,2,0,4.0,2.6,1,7.7,3,1,3,10.0,79,3.56,2,1.4395330280586147,15.725375748712496,1.6102145113046793,50789.75419132553,14.415298505689877,2.3978952727983707,1.2809338454620642
17,0,0,6,6.3,2.2,0,7.2,3,1,2,10.0,80,3.45,2,1.9351768949585346,14.061136801601103,1.6102145113046793,52549.50742605369,13.098476283389891,2.3978952727983707,1.1631508098056809
19,0,0,4,3.1,1.9,1,8.9,4,0,4,5.0,98,3.68,2,1.1666987907776478,19.985804516313625,2.261698926363226,91038.45997193112,15.946634697155112,1.791759469228055,1.0647107369924282
17,1,0,1,7.8,1.3,1,6.1,2,1,2,17.0,64,3.2,2,2.172448159416712,10.641371908015127,0.8778301681657564,28717.928887801263,10.401237330639699,2.8903717578961645,0.832909122935104
19,0,2,4,7.4,1.0,1,5.1,1,1,1,12.0,77,3.22,2,2.113708815832555,7.836637933925062,0.0,47382.81123366814,10.602403875992923,2.5649493574615367,0.6931471805599453
19,1,0,3,2.7,2.3,1,6.9,4,0,3,10.0,84,3.39,2,1.0203866362587886,13.095026718981076,2.261698926363226,59971.57105866405,12.41431443477717,2.3978952727983707,1.1939224684724346
18,0,0,0,2.5,1.0,1,6.2,2,0,3,0.0,86,3.67,2,0.9393512133898587,10.938123890491681,0.8778301681657564,63917.09875329975,15.81516883547986,0.0,0.6931471805599453
16,1,0,2,2.3,2.0,1,7.3,3,0,3,8.0,90,4.0,2,0.8519347810161471,14.388618785157242,1.6102145113046793,72290.34860143652,20.53818254914221,2.1972245773362196,1.0986122886681098
19,1,2,2,5.9,1.0,1,6.1,2,0,3,17.0,68,3.59,2,1.8628491617376208,10.641371908015127,0.8778301681657564,33841.334443280015,14.788739421516853,2.8903717578961645,0.6931471805599453
22,1,1,0,5.2,1.5,1,6.3,2,1,1,9.0,79,3.34,2,1.7243171824127188,11.237755995802775,0.8778301681657564,50789.75419132553,11.862188377883385,2.302585092994046,0.9162907318741551
22,1,2,0,3.3,3.0,0,6.7,3,0,3,8.0,90,3.64,2,1.2332726085820729,12.464723049102489,1.6102145113046793,72290.34860143652,15.425006368156271,2.1972245773362196,1.3862943611198906
19,0,2,3,7.2,0.8,1,5.7,1,1,3,7.0,76,3.46,2,2.0832033609937755,9.483548899985696,0.0,45734.94462371378,13.21482174546893,2.0794415416798357,0.5877866649021191
21,0,2,6,6.0,1.9,1,6.1,2,0,2,14.0,69,3.31,2,1.8813563150191603,10.641371908015127,0.8778301681657564,35205.91224901557,11.53866528811148,2.70805020110221,1.0647107369924282
17,1,0,3,9.6,1.0,1,3.8,1,1,2,22.0,60,3.12,1,2.4057660247033263,4.661063699804611,0.0,24113.25572387178,9.621151996683725,3.1354942159291497,0.6931471805599453
23,1,1,3,3.8,1.4,1,7.4,3,0,1,6.0,95,3.97,2,1.384326776898207,14.718798218821261,1.6102145113046793,83687.91518516612,20.075215768293244,1.9459101490553132,0.8754687373538999
20,0,0,4,4.3,2.4,1,5.4,3,1,4,14.0,72,3.78,2,1.5176311317383155,8.646392457066119,1.6102145113046793,39506.21991155572,17.300599455458382,2.70805020110221,1.2237754316221157
20,1,2,2,9.1,2.6,1,3.9,1,1,4,40.0,43,3.11,0,2.345411940339193,4.885236590833674,0.0,9783.04241116226,9.52637544624165,3.713572066704308,1.2809338454620642
16,1,0,6,4.9,1.9,1,5.8,2,0,3,17.0,75,3.68,2,1.659461753676766,9.76858741311186,0.8778301681657564,44123.69453376821,15.946634697155112,2.8903717578961645,1.0647107369924282
18,1,2,4,2.2,2.0,1,6.7,4,0,2,13.0,96,3.35,2,0.8054926939148117,12.464723049102489,2.261698926363226,86094.79021322812,11.971316457356032,2.6390573296152584,1.0986122886681098
17,1,0,0,10.8,1.6,1,5.5,1,1,3,34.0,60,2.69,0,2.539283315287256,8.92242992355568,0.0,24113.25572387178,6.065325961111475,3.5553480614894135,0.9555114450274363
18,1,2,4,4.6,0.8,1,7.4,3,1,3,17.0,70,3.7,2,1.5907355499331142,14.718798218821261,1.6102145113046793,36604.68597434723,16.211695300270975,2.8903717578961645,0.5877866649021191
18,2,2,4,5.9,2.3,0,6.7,3,0,3,15.0,76,3.35,2,1.8628491617376208,12.464723049102489,1.6102145113046793,45734.94462371378,11.971316457356032,2.772588722239781,1.1939224684724346
19,3,2,0,5.6,1.4,0,6.6,2,1,1,3.0,90,3.35,2,1.8054918230589363,12.15375076672696,0.8778301681657564,72290.34860143652,11.971316457356032,1.3862943611198906,0.8754687373538999
18,1,2,6,7.4,1.0,1,5.8,1,1,2,23.0,60,2.9,1,2.113708815832555,9.76858741311186,0.0,24113.25572387178,7.672044795788171,3.1780538303479458,0.6931471805599453
22,0,1,6,2.9,2.2,1,7.2,3,0,3,8.0,93,4.0,2,1.095930983777979,14.061136801601103,1.6102145113046793,79002.48980321265,20.53818254914221,2.1972245773362196,1.1631508098056809
19,0,2,6,4.6,1.7,0,7.6,3,1,3,9.0,97,3.75,2,1.5907355499331142,15.387190975810833,1.6102145113046793,88544.86579764642,16.88685331132323,2.302585092994046,0.9932517730102833
19,0,2,3,9.6,0.5,1,5.4,2,1,2,29.0,49,3.19,1,2.4057660247033263,8.646392457066119,0.8778301681657564,13934.324543079843,10.301582463218029,3.4011973816621555,0.4054651081081644
22,0,2,4,2.4,0.4,1,6.5,3,0,3,3.0,89,3.53,2,0.8965046417701628,11.845587262709715,1.6102145113046793,70135.94297111471,14.048034731048165,1.3862943611198906,0.33647223662121295
17,0,0,0,6.4,0.9,1,6.9,3,1,3,19.0,74,3.25,2,1.9525792661508234,13.095026718981076,1.6102145113046793,42548.719285856496,10.90882410064474,2.995732273553991,0.6418538861723948
22,0,2,4,5.4,1.9,1,6.6,2,1,1,10.0,86,3.27,2,1.7656156766986153,12.15375076672696,0.8778301681657564,63917.09875329975,11.116239925597819,2.3978952727983707,1.0647107369924282
20,0,2,1,3.4,1.8,1,7.6,5,1,3,12.0,88,3.43,2,1.2651404807900501,15.387190975810833,2.858956583624191,68022.48375280312,12.867780191912736,2.5649493574615367,1.0296194171811581
18,1,2,3,5.3,1.8,1,7.5,3,1,2,15.0,78,3.0,2,1.7451507197105387,15.05166041856306,1.6102145113046793,49067.63473037756,8.52310068647062,2.772588722239781,1.0296194171811581
18,0,2,0,4.3,2.4,0,6.4,4,0,3,3.0,89,3.46,2,1.5176311317383155,11.540249794535706,2.261698926363226,70135.94297111471,13.21482174546893,1.3862943611198906,1.2237754316221157
19,1,2,2,5.6,0.6,1,6.4,4,1,3,13.0,75,3.29,2,1.8054918230589363,11.540249794535706,2.261698926363226,44123.69453376821,11.326181944781949,2.6390573296152584,0.4700036292457356
19,1,2,0,6.1,2.6,0,6.6,1,1,2,16.0,79,2.93,2,1.8995739499976299,12.15375076672696,0.0,50789.75419132553,7.921379736654888,2.833213344056216,1.2809338454620642
22,2,1,3,4.1,1.5,1,7.4,3,0,4,14.0,80,3.45,2,1.466163943905982,14.718798218821261,1.6102145113046793,52549.50742605369,13.098476283389891,2.70805020110221,0.9162907318741551
19,0,2,0,4.0,2.0,1,7.5,3,0,3,16.0,81,3.47,2,1.4395330280586147,15.05166041856306,1.6102145113046793,54347.230996866165,13.331834670752924,2.833213344056216,1.0986122886681098
20,0,0,6,9.1,1.4,1,4.4,1,1,1,24.0,57,3.06,1,2.345411940339193,6.057450511969028,0.0,20986.249109062494,9.06147389329403,3.2188758248682006,0.8754687373538999
18,1,2,5,1.3,3.0,1,8.6,5,0,1,0.0,90,3.56,2,0.26423266144669216,18.886266876241464,2.858956583624191,72290.34860143652,14.415298505689877,0.0,1.3862943611198906
21,2,2,3,4.5,1.6,1,6.8,2,1,2,17.0,84,3.7,2,1.5668817774441797,12.778487214922173,0.8778301681657564,59971.57105866405,16.211695300270975,2.8903717578961645,0.9555114450274363
20,0,2,2,3.7,4.0,1,8.0,4,1,3,17.0,75,3.76,2,1.3556845124032513,16.755717770784734,2.261698926363226,44123.69453376821,17.024043975850308,2.8903717578961645,1.6094379124341003
20,1,2,0,1.9,1.7,1,8.0,4,0,4,11.0,92,4.0,2,0.6531132144998397,16.755717770784734,2.261698926363226,76723.29848149381,20.53818254914221,2.4849066497880004,0.9932517730102833
19,0,2,1,10.5,1.5,1,5.5,1,1,2,26.0,67,2.24,1,2.507271830707375,8.92242992355568,0.0,32510.60102499727,3.3743963102967145,3.295836866004329,0.9162907318741551
16,1,0,6,7.2,1.6,1,6.5,2,0,2,10.0,82,3.35,2,2.0832033609937755,11.845587262709715,0.8778301681657564,56183.26023893996,11.971316457356032,2.3978952727983707,0.9555114450274363
18,0,2,0,3.1,2.0,1,9.1,4,0,2,7.0,86,3.22,2,1.1666987907776478,20.73130520980927,2.261698926363226,63917.09875329975,10.602403875992923,2.0794415416798357,1.0986122886681098
18,0,2,4,2.5,0.1,1,8.9,4,0,3,9.0,95,3.46,2,0.9393512133898587,19.985804516313625,2.261698926363226,83687.91518516612,13.21482174546893,2.302585092994046,0.09531017980432487
18,1,2,0,4.4,0.4,1,6.2,2,0,2,20.0,86,3.55,2,1.5425211917840917,10.938123890491681,0.8778301681657564,63917.09875329975,14.292193415871623,3.044522437723423,0.33647223662121295
20,1,2,6,3.1,2.1,1,7.0,3,0,2,12.0,76,3.67,2,1.1666987907776478,13.414325353558693,1.6102145113046793,45734.94462371378,15.81516883547986,2.5649493574615367,1.1314021114911006
18,3,2,2,4.2,1.8,1,6.4,2,0,3,13.0,93,3.81,2,1.492187365993103,11.540249794535706,0.8778301681657564,79002.48980321265,17.720896337416892,2.6390573296152584,1.0296194171811581
20,0,2,4,12.3,0.8,0,5.2,1,1,3,32.0,55,2.99,0,2.6877002515080095,8.103473238889842,0.0,19051.54466123719,8.435414399576228,3.4965075614664802,0.5877866649021191
22,1,1,6,13.2,1.6,1,4.7,1,1,3,30.0,47,2.44,0,2.768727136766414,6.800697609529523,0.0,12447.386303522204,4.4510458507263575,3.4339872044851463,0.9555114450274363
19,0,2,5,4.9,1.2,0,5.8,2,1,2,10.0,75,3.04,2,1.659461753676766,9.76858741311186,0.8778301681657564,44123.69453376821,8.879669149882293,2.3978952727983707,0.7884573603642702
21,1,2,4,12.0,1.9,1,4.3,1,1,3,27.0,52,2.92,1,2.6594407185539746,5.81627216727231,0.0,16366.980259579506,7.837703446786447,3.332204510175204,1.0647107369924282
20,1,0,5,1.8,2.4,0,8.6,4,0,2,2.0,98,3.96,2,0.5972197629867352,18.886266876241464,2.261698926363226,91038.45997193112,19.922423358919016,1.0986122886681098,1.2237754316221157
21,1,2,0,2.0,1.2,1,7.1,3,0,3,5.0,91,3.94,2,0.7062901854968463,13.736367236790857,1.6102145113046793,74486.02575307926,19.619122013712897,1.791759469228055,0.7884573603642702
18,1,2,6,9.1,2.1,1,6.8,1,1,3,28.0,68,2.98,1,2.345411940339193,12.778487214922173,0.0,33841.334443280015,8.348306654858234,3.367295829986474,1.1314021114911006
21,0,2,2,4.6,3.3,1,7.5,3,1,2,11.0,88,3.63,2,1.5907355499331142,15.05166041856306,1.6102145113046793,68022.48375280312,15.296357628263685,2.4849066497880004,1.4586150226995167
18,0,2,4,7.0,1.4,1,6.7,2,1,2,13.0,69,3.09,2,2.0518855355680303,12.464723049102489,0.8778301681657564,35205.91224901557,9.338624265751184,2.6390573296152584,0.8754687373538999
16,1,0,4,9.4,1.9,1,5.3,1,1,2,24.0,60,3.31,1,2.381989542783344,8.3733992567368,0.0,24113.25572387178,11.53866528811148,3.2188758248682006,1.0647107369924282
19,0,2,6,5.6,1.6,0,7.3,1,0,3,18.0,89,3.43,2,1.8054918230589363,14.388618785157242,0.0,70135.94297111471,12.867780191912736,2.9444389791664403,0.9555114450274363
23,1,2,0,4.1,1.8,1,5.9,2,0,3,10.0,80,3.83,2,1.466163943905982,10.056584152579083,0.8778301681657564,52549.50742605369,18.00475869836222,2.3978952727983707,1.0296194171811581
19,0,2,0,10.6,1.2,1,5.9,2,1,4,24.0,65,2.58,1,2.5180373974719235,10.056584152579083,0.8778301681657564,29949.25362327995,5.3166324870540365,3.2188758248682006,0.7884573603642702
17,0,0,4,14.0,2.2,1,3.9,1,1,0,32.0,35,2.67,0,2.8364774847199032,4.885236590833674,0.0,5602.5173174979045,5.924579237757003,3.4965075614664802,1.1631508098056809
20,0,2,6,2.7,0.6,1,7.8,4,1,2,14.0,93,3.72,2,1.0203866362587886,16.066200853784746,2.261698926363226,79002.48980321265,16.479606987119947,2.70805020110221,0.4700036292457356
18,1,2,4,2.7,2.6,1,7.8,3,0,2,0.0,91,3.76,2,1.0203866362587886,16.066200853784746,1.6102145113046793,74486.02575307926,17.024043975850308,0.0,1.2809338454620642
20,0,2,4,2.4,3.0,1,8.3,4,0,3,3.0,93,3.93,2,0.8965046417701628,17.809462547767687,2.261698926363226,79002.48980321265,19.4686093099294,1.3862943611198906,1.3862943611198906
17,0,0,6,3.0,2.2,1,6.8,3,1,4,9.0,90,3.79,2,1.1318728617817535,12.778487214922173,1.6102145113046793,72290.34860143652,17.43996804213093,2.302585092994046,1.1631508098056809
18,0,2,0,8.5,1.4,1,4.7,1,1,3,24.0,63,2.88,1,2.268701594475235,6.800697609529523,0.0,27519.02697404476,7.508632076674728,3.2188758248682006,0.8754687373538999
19,0,2,0,3.1,1.5,1,7.0,3,0,2,14.0,92,3.33,2,1.1666987907776478,13.414325353558693,1.6102145113046793,76723.29848149381,11.7537050835968,2.70805020110221,0.9162907318741551
16,0,0,0,5.0,3.5,1,5.2,2,1,3,7.0,67,3.11,2,1.681487870546516,8.103473238889842,0.8778301681657564,32510.60102499727,9.52637544624165,2.0794415416798357,1.5040773967762742
19,1,2,0,2.7,1.2,1,8.5,4,0,0,15.0,95,3.93,2,1.0203866362587886,18.524790399056656,2.261698926363226,83687.91518516612,19.4686093099294,2.772588722239781,0.7884573603642702
20,2,2,0,2.9,2.0,0,7.2,3,0,2,23.0,81,3.36,2,1.095930983777979,14.061136801601103,1.6102145113046793,54347.230996866165,12.08109121248574,3.1780538303479458,1.0986122886681098
20,0,2,6,2.4,1.8,1,8.4,4,0,3,11.0,98,3.91,2,0.8965046417701628,18.16585159714471,2.261698926363226,91038.45997193112,19.169850419380406,2.4849066497880004,1.0296194171811581
24,0,2,3,3.9,1.3,1,6.8,3,0,3,6.0,98,3.78,2,1.4122647058505842,12.778487214922173,1.6102145113046793,91038.45997193112,17.300599455458382,1.9459101490553132,0.832909122935104
18,1,2,3,5.0,2.0,1,7.0,2,1,2,12.0,81,3.11,2,1.681487870546516,13.414325353558693,0.8778301681657564,54347.230996866165,9.52637544624165,2.5649493574615367,1.0986122886681098
16,0,0,6,6.5,0.8,1,6.9,3,1,4,19.0,83,3.37,2,1.9697262931476014,13.095026718981076,1.6102145113046793,58057.92927986961,12.19151453362671,2.995732273553991,0.5877866649021191
17,2,0,6,2.5,1.2,1,9.2,4,0,3,6.0,97,3.94,2,0.9393512133898587,21.107764803377655,2.261698926363226,88544.86579764642,19.619122013712897,1.9459101490553132,0.7884573603642702
22,0,1,0,3.3,1.6,1,6.9,3,0,1,18.0,81,3.54,2,1.2332726085820729,13.095026718981076,1.6102145113046793,54347.230996866165,14.169772787057607,2.9444389791664403,0.9555114450274363
17,1,0,6,3.4,1.9,1,9.3,5,0,2,9.0,87,3.85,2,1.2651404807900501,21.486682768630658,2.858956583624191,65949.64476800284,18.291570207219255,2.302585092994046,1.0647107369924282
19,1,2,3,10.5,1.3,1,4.0,1,0,2,29.0,52,2.53,0,2.507271830707375,5.112878346441948,0.0,16366.980259579506,4.996498752153662,3.4011973816621555,0.832909122935104
19,1,2,0,3.1,2.0,0,7.3,3,1,2,5.0,80,3.73,2,1.1666987907776478,14.388618785157242,1.6102145113046793,52549.50742605369,16.614636703065745,1.791759469228055,1.0986122886681098
19,0,2,0,8.3,2.2,1,8.1,3,1,0,12.0,86,3.58,2,2.2419894696219833,17.104383037428352,1.6102145113046793,63917.09875329975,14.663569620587477,2.5649493574615367,1.1631508098056809
20,0,2,0,4.9,2.8,1,6.0,1,0,4,24.0,76,3.41,1,1.659461753676766,10.347518899102251,0.0,45734.94462371378,12.639731281317893,3.2188758248682006,1.33500106673234
21,1,2,0,4.5,1.7,1,5.7,1,1,3,14.0,80,3.59,2,1.5668817774441797,9.483548899985696,0.0,52549.50742605369,14.788739421516853,2.70805020110221,0.9932517730102833
19,0,2,4,7.4,2.8,1,6.0,3,1,1,13.0,70,2.78,2,2.113708815832555,10.347518899102251,1.6102145113046793,36604.68597434723,6.724726446146271,2.6390573296152584,1.33500106673234
21,0,2,0,6.8,2.1,1,6.4,1,1,1,12.0,88,3.28,2,2.019709544031315,11.540249794535706,0.0,68022.48375280312,11.220894215246592,2.5649493574615367,1.1314021114911006
17,1,0,3,12.1,1.9,1,5.6,2,1,2,29.0,56,2.55,0,2.6689341018164088,9.201489326998276,0.8778301681657564,20004.147513716616,5.123065242759989,3.4011973816621555,1.0647107369924282
19,1,2,6,7.5,1.6,1,4.7,1,1,1,29.0,64,3.38,1,2.1286702202484076,6.800697609529523,0.0,28717.928887801263,12.302588311016644,3.4011973816621555,0.9555114450274363
19,1,2,1,3.1,2.2,1,8.7,3,0,0,8.0,98,3.85,2,1.1666987907776478,19.250269148910856,1.6102145113046793,91038.45997193112,18.291570207219255,2.1972245773362196,1.1631508098056809
19,1,2,4,1.9,1.3,0,8.4,4,1,3,1.0,98,3.93,2,0.6531132144998397,18.16585159714471,2.261698926363226,91038.45997193112,19.4686093099294,0.6931471805599453,0.832909122935104
17,1,0,0,6.9,1.8,1,7.6,2,1,2,16.0,78,3.25,2,2.0359078246346916,15.387190975810833,0.8778301681657564,49067.63473037756,10.90882410064474,2.833213344056216,1.0296194171811581
18,1,2,0,13.4,1.8,1,4.2,1,1,0,29.0,47,2.72,0,2.7860216216106717,5.578429418447326,0.0,12447.386303522204,6.280363055682415,3.4011973816621555,1.0296194171811581
18,3,2,0,9.2,1.9,1,6.2,1,0,2,17.0,64,3.44,2,2.3577296084820363,10.938123890491681,0.0,28717.928887801263,12.982796395310663,2.8903717578961645,1.0647107369924282
22,0,2,0,3.1,2.1,1,8.1,5,1,2,14.0,89,3.81,2,1.1666987907776478,17.104383037428352,2.858956583624191,70135.94297111471,17.720896337416892,2.70805020110221,1.1314021114911006
18,0,2,0,3.6,3.1,1,8.6,5,0,1,4.0,98,3.72,2,1.3263003819268158,18.886266876241464,2.858956583624191,91038.45997193112,16.479606987119947,1.6094379124341003,1.410986973710262
18,0,2,0,7.1,1.0,1,7.6,3,0,2,13.0,80,3.5,2,2.0676487677416864,15.387190975810833,1.6102145113046793,52549.50742605369,13.686897116192466,2.6390573296152584,0.6931471805599453
18,1,2,6,7.5,2.6,1,6.8,3,1,4,19.0,70,3.76,2,2.1286702202484076,12.778487214922173,1.6102145113046793,36604.68597434723,17.024043975850308,2.995732273553991,1.2809338454620642
16,0,0,2,4.5,2.1,1,8.1,4,0,4,15.0,87,3.29,2,1.5668817774441797,17.104383037428352,2.261698926363226,65949.64476800284,11.326181944781949,2.772588722239781,1.1314021114911006
21,1,2,4,3.7,1.3,1,9.0,3,0,3,10.0,91,3.22,2,1.3556845124032513,20.357314790663057,1.6102145113046793,74486.02575307926,10.602403875992923,2.3978952727983707,0.832909122935104
15,0,0,0,5.1,1.5,1,7.7,3,0,3,12.0,78,3.44,2,1.7031011436641108,15.725375748712496,1.6102145113046793,49067.63473037756,12.982796395310663,2.5649493574615367,0.9162907318741551
22,1,1,4,2.2,0.6,1,9.2,5,0,2,5.0,93,3.76,2,0.8054926939148117,21.107764803377655,2.858956583624191,79002.48980321265,17.024043975850308,1.791759469228055,0.4700036292457356
18,0,0,4,2.3,2.4,2,8.7,5,1,3,7.0,93,3.97,2,0.8519347810161471,19.250269148910856,2.858956583624191,79002.48980321265,20.075215768293244,2.0794415416798357,1.2237754316221157
17,1,0,0,3.5,1.3,1,7.6,4,0,3,8.0,80,3.3,2,1.2961337421106984,15.387190975810833,2.261698926363226,52549.50742605369,11.432105005383404,2.1972245773362196,0.832909122935104
20,1,2,6,3.1,1.0,1,8.7,4,1,2,10.0,98,3.86,2,1.1666987907776478,19.250269148910856,2.261698926363226,91038.45997193112,18.436086604872493,2.3978952727983707,0.6931471805599453
20,0,2,3,6.9,0.6,1,5.6,2,0,0,20.0,68,2.73,1,2.0359078246346916,9.201489326998276,0.8778301681657564,33841.334443280015,6.353094218431751,3.044522437723423,0.4700036292457356
20,1,2,5,5.8,2.6,1,6.3,3,1,2,16.0,78,3.46,2,1.8440428632175376,11.237755995802775,1.6102145113046793,49067.63473037756,13.21482174546893,2.833213344056216,1.2809338454620642
19,0,2,4,8.5,2.1,1,6.8,1,1,3,15.0,88,3.51,2,2.268701594475235,12.778487214922173,0.0,68022.48375280312,13.806598784091944,2.772588722239781,1.1314021114911006
19,0,2,0,6.6,2.0,1,6.5,2,1,3,17.0,78,3.2,2,1.9866255656836118,11.845587262709715,0.8778301681657564,49067.63473037756,10.401237330639699,2.8903717578961645,1.0986122886681098
19,0,2,3,6.2,1.3,1,4.7,2,0,1,18.0,73,3.27,2,1.9175112322134875,6.800697609529523,0.8778301681657564,41009.67586813584,11.116239925597819,2.9444389791664403,0.832909122935104
15,0,0,4,14.0,1.8,1,4.1,1,1,1,29.0,41,2.34,0,2.8364774847199032,5.343953906546689,0.0,8599.276398203338,3.889967371270665,3.4011973816621555,1.0296194171811581
20,1,2,0,5.8,2.1,1,6.7,1,1,3,12.0,82,3.26,2,1.8440428632175376,12.464723049102489,0.0,56183.26023893996,11.012217184536736,2.5649493574615367,1.1314021114911006
20,1,0,4,4.2,2.5,1,7.9,5,0,4,10.0,92,3.87,2,1.492187365993103,16.409652657927705,2.858956583624191,76723.29848149381,18.58134594461001,2.3978952727983707,1.252762968495368
19,0,2,6,6.7,1.7,1,6.9,2,0,1,22.0,71,3.36,1,2.003284337102433,13.095026718981076,0.8778301681657564,38038.0056657807,12.08109121248574,3.1354942159291497,0.9932517730102833
18,1,2,0,10.8,1.9,1,3.3,1,1,2,25.0,45,2.22,0,2.539283315287256,3.5935539872760787,0.0,11064.678764162616,3.2765753464267573,3.258096538021482,1.0647107369924282
18,1,2,3,6.7,2.3,1,3.8,1,1,2,26.0,50,2.81,1,2.003284337102433,4.661063699804611,0.0,14717.856782686873,6.954155242313397,3.295836866004329,1.1939224684724346
21,0,0,0,3.5,1.1,1,6.7,2,1,3,11.0,90,3.64,2,1.2961337421106984,12.464723049102489,0.8778301681657564,72290.34860143652,15.425006368156271,2.4849066497880004,0.7419373447293773
23,1,2,0,5.4,1.8,1,5.3,1,1,2,15.0,69,2.82,2,1.7656156766986153,8.3733992567368,0.0,35205.91224901557,7.031717803560084,2.772588722239781,1.0296194171811581
20,1,2,0,3.3,1.5,1,7.0,3,0,3,22.0,78,3.43,2,1.2332726085820729,13.414325353558693,1.6102145113046793,49067.63473037756,12.867780191912736,3.1354942159291497,0.9162907318741551
20,1,2,4,3.1,1.7,0,6.8,2,0,0,13.0,84,3.45,2,1.1666987907776478,12.778487214922173,0.8778301681657564,59971.57105866405,13.098476283389891,2.6390573296152584,0.9932517730102833
18,0,2,5,4.0,1.0,1,6.0,1,1,2,13.0,80,2.92,2,1.4395330280586147,10.347518899102251,0.0,52549.50742605369,7.837703446786447,2.6390573296152584,0.6931471805599453
18,0,2,4,4.8,2.2,1,5.9,2,1,2,17.0,77,3.26,2,1.6370062359244075,10.056584152579083,0.8778301681657564,47382.81123366814,11.012217184536736,2.8903717578961645,1.1631508098056809
17,0,0,0,8.3,1.9,1,5.8,1,0,3,14.0,69,3.35,2,2.2419894696219833,9.76858741311186,0.0,35205.91224901557,11.971316457356032,2.70805020110221,1.0647107369924282
19,1,2,0,2.8,0.0,1,6.8,4,0,2,12.0,89,3.8,2,1.0587970088869507,12.778487214922173,2.261698926363226,70135.94297111471,17.58006637427118,2.5649493574615367,0.0
18,1,0,0,4.0,1.6,1,4.5,1,1,2,9.0,84,3.36,2,1.4395330280586147,6.301933826278156,0.0,59971.57105866405,12.08109121248574,2.302585092994046,0.9555114450274363
17,0,0,3,3.6,1.0,1,7.2,3,0,0,18.0,85,4.0,2,1.3263003819268158,14.061136801601103,1.6102145113046793,61924.51734422166,20.53818254914221,2.9444389791664403,0.6931471805599453
19,0,2,6,4.8,1.9,1,6.2,2,1,2,16.0,76,3.33,2,1.6370062359244075,10.938123890491681,0.8778301681657564,45734.94462371378,11.7537050835968,2.833213344056216,1.0647107369924282
20,1,2,6,4.0,1.6,1,8.2,3,0,2,14.0,88,3.52,2,1.4395330280586147,17.455635531354325,1.6102145113046793,68022.48375280312,13.926977359533225,2.70805020110221,0.9555114450274363
19,1,2,4,3.6,3.2,1,7.5,2,0,1,11.0,78,3.64,2,1.3263003819268158,15.05166041856306,0.8778301681657564,49067.63473037756,15.425006368156271,2.4849066497880004,1.4350845252893227
20,0,2,0,2.8,1.0,1,8.3,3,1,4,7.0,98,3.46,2,1.0587970088869507,17.809462547767687,1.6102145113046793,91038.45997193112,13.21482174546893,2.0794415416798357,0.6931471805599453
18,1,2,0,5.2,2.7,1,6.5,2,1,4,11.0,81,3.84,2,1.7243171824127188,11.845587262709715,0.8778301681657564,54347.230996866165,18.147794866724794,2.4849066497880004,1.308332819650179
18,3,2,0,3.2,1.4,1,7.5,3,0,2,10.0,89,3.85,2,1.2004777883442346,15.05166041856306,1.6102145113046793,70135.94297111471,18.291570207219255,2.3978952727983707,0.8754687373538999
19,1,2,6,14.0,1.6,1,5.4,1,1,2,23.0,45,2.6,0,2.8364774847199032,8.646392457066119,0.0,11064.678764162616,5.448177832569099,3.1780538303479458,0.9555114450274363
20,1,0,2,8.6,2.5,1,5.4,1,1,3,19.0,68,3.35,2,2.2818354611447473,8.646392457066119,0.0,33841.334443280015,11.971316457356032,2.995732273553991,1.252762968495368
17,0,0,0,3.0,1.9,1,7.3,3,0,2,4.0,97,3.26,2,1.1318728617817535,14.388618785157242,1.6102145113046793,88544.86579764642,11.012217184536736,1.6094379124341003,1.0647107369924282
20,0,2,6,7.3,0.9,0,6.8,2,1,0,15.0,77,3.11,2,2.09855491776158,12.778487214922173,0.8778301681657564,47382.81123366814,9.52637544624165,2.772588722239781,0.6418538861723948
23,0,1,5,6.5,1.8,1,7.4,4,1,2,12.0,76,3.23,2,1.9697262931476014,14.718798218821261,2.261698926363226,45734.94462371378,10.703919338092492,2.5649493574615367,1.0296194171811581
17,0,0,0,6.9,1.8,1,7.1,3,1,2,20.0,77,3.07,2,2.0359078246346916,13.736367236790857,1.6102145113046793,47382.81123366814,9.153263022572325,3.044522437723423,1.0296194171811581
16,1,0,2,3.0,2.4,0,7.2,2,0,3,17.0,86,3.15,2,1.1318728617817535,14.061136801601103,0.8778301681657564,63917.09875329975,9.909108207554391,2.8903717578961645,1.2237754316221157
21,1,0,6,5.3,1.3,1,6.2,3,0,3,16.0,77,3.23,2,1.7451507197105387,10.938123890491681,1.6102145113046793,47382.81123366814,10.703919338092492,2.833213344056216,0.832909122935104
18,1,2,0,2.8,1.5,1,6.3,2,0,2,11.0,86,3.53,2,1.0587970088869507,11.237755995802775,0.8778301681657564,63917.09875329975,14.048034731048165,2.4849066497880004,0.9162907318741551
17,0,0,3,6.1,2.9,1,6.2,1,1,0,9.0,85,3.45,2,1.8995739499976299,10.938123890491681,0.0,61924.51734422166,13.098476283389891,2.302585092994046,1.3609765531356006
19,0,2,3,6.9,2.1,1,6.1,2,1,3,19.0,77,3.48,2,2.0359078246346916,10.641371908015127,0.8778301681657564,47382.81123366814,13.449516948333956,2.995732273553991,1.1314021114911006
18,1,2,4,5.6,1.9,1,6.1,2,1,2,17.0,59,3.7,2,1.8054918230589363,10.641371908015127,0.8778301681657564,23040.434161822523,16.211695300270975,2.8903717578961645,1.0647107369924282
18,1,2,3,4.0,2.2,1,7.6,3,0,3,7.0,98,3.6,2,1.4395330280586147,15.387190975810833,1.6102145113046793,91038.45997193112,14.914601235151155,2.0794415416798357,1.1631508098056809
19,0,0,0,8.0,1.7,1,5.5,2,1,3,15.0,66,3.11,2,2.2007570648755084,8.92242992355568,0.8778301681657564,31213.358948090136,9.52637544624165,2.772588722239781,0.9932517730102833
22,1,2,0,6.3,1.1,1,5.5,1,1,2,13.0,74,3.39,2,1.9351768949585346,8.92242992355568,0.0,42548.719285856496,12.41431443477717,2.6390573296152584,0.7419373447293773
16,0,0,0,3.4,2.1,0,7.7,3,1,4,12.0,95,3.92,2,1.2651404807900501,15.725375748712496,1.6102145113046793,83687.91518516612,19.31885273989304,2.5649493574615367,1.1314021114911006
20,1,2,5,2.4,2.1,1,7.0,4,0,2,4.0,97,3.41,2,0.8965046417701628,13.414325353558693,2.261698926363226,88544.86579764642,12.639731281317893,1.6094379124341003,1.1314021114911006
18,0,2,0,5.9,1.0,1,6.7,3,1,3,17.0,81,3.65,2,1.8628491617376208,12.464723049102489,1.6102145113046793,54347.230996866165,15.554356557932616,2.8903717578961645,0.6931471805599453
17,1,0,0,5.9,2.1,1,6.2,2,1,1,20.0,73,2.57,1,1.8628491617376208,10.938123890491681,0.8778301681657564,41009.67586813584,5.251611869829937,3.044522437723423,1.1314021114911006
17,0,0,2,6.2,2.0,1,5.8,2,0,2,2.0,81,3.08,2,1.9175112322134875,9.76858741311186,0.8778301681657564,54347.230996866165,9.245645848802152,1.0986122886681098,1.0986122886681098
20,0,2,6,2.5,0.9,1,8.0,4,1,2,13.0,94,3.51,2,0.9393512133898587,16.755717770784734,2.261698926363226,81323.92171042044,13.806598784091944,2.6390573296152584,0.6418538861723948
19,0,2,0,2.1,2.5,1,7.1,2,1,2,9.0,94,3.96,2,0.7570090469002981,13.736367236790857,0.8778301681657564,81323.92171042044,19.922423358919016,2.302585092994046,1.252762968495368
18,1,2,4,4.0,2.8,1,5.0,2,0,2,10.0,85,3.58,2,1.4395330280586147,7.5729175150710875,0.8778301681657564,61924.51734422166,14.663569620587477,2.3978952727983707,1.33500106673234
18,1,0,0,2.3,1.7,1,7.9,4,1,2,13.0,98,3.44,2,0.8519347810161471,16.409652657927705,2.261698926363226,91038.45997193112,12.982796395310663,2.6390573296152584,0.9932517730102833
19,0,2,0,3.4,2.4,1,7.8,3,0,2,7.0,84,3.77,2,1.2651404807900501,16.066200853784746,1.6102145113046793,59971.57105866405,17.161958728612845,2.0794415416798357,1.2237754316221157
20,1,2,0,3.7,2.2,1,7.1,3,0,4,10.0,85,3.93,2,1.3556845124032513,13.736367236790857,1.6102145113046793,61924.51734422166,19.4686093099294,2.3978952727983707,1.1631508098056809
19,0,2,5,7.1,1.4,1,6.7,1,1,4,15.0,68,4.0,2,2.0676487677416864,12.464723049102489,0.0,33841.334443280015,20.53818254914221,2.772588722239781,0.8754687373538999
20,1,2,6,8.2,2.0,1,6.4,2,1,2,18.0,69,3.44,2,2.228404239984151,11.540249794535706,0.8778301681657564,35205.91224901557,12.982796395310663,2.9444389791664403,1.0986122886681098
18,1,2,0,3.3,0.6,0,7.6,3,0,2,10.0,90,3.55,2,1.2332726085820729,15.387190975810833,1.6102145113046793,72290.34860143652,14.292193415871623,2.3978952727983707,0.4700036292457356
20,1,2,0,6.3,1.6,1,7.3,3,1,2,12.0,88,3.25,2,1.9351768949585346,14.388618785157242,1.6102145113046793,68022.48375280312,10.90882410064474,2.5649493574615367,0.9555114450274363
18,0,2,0,2.8,1.6,1,6.7,4,0,4,12.0,86,3.31,2,1.0587970088869507,12.464723049102489,2.261698926363226,63917.09875329975,11.53866528811148,2.5649493574615367,0.9555114450274363
17,1,0,4,3.8,1.3,1,7.5,4,0,4,7.0,86,3.77,2,1.384326776898207,15.05166041856306,2.261698926363226,63917.09875329975,17.161958728612845,2.0794415416798357,0.832909122935104
16,1,0,0,5.8,1.3,1,5.8,2,1,1,25.0,69,3.02,1,1.8440428632175376,9.76858741311186,0.8778301681657564,35205.91224901557,8.700216465863583,3.258096538021482,0.832909122935104
18,0,2,6,4.9,2.1,1,8.5,4,1,4,12.0,84,3.86,2,1.659461753676766,18.524790399056656,2.261698926363226,59971.57105866405,18.436086604872493,2.5649493574615367,1.1314021114911006
16,0,0,2,4.2,2.1,1,5.7,2,0,2,12.0,91,3.4,2,1.492187365993103,9.483548899985696,0.8778301681657564,74486.02575307926,12.526694794914107,2.5649493574615367,1.1314021114911006
19,1,2,0,10.3,1.2,1,4.4,1,1,0,18.0,54,3.22,1,2.4854465759314417,6.057450511969028,0.0,18128.066722063846,10.602403875992923,2.9444389791664403,0.7884573603642702
15,1,0,6,10.8,1.1,1,5.4,1,0,3,27.0,59,2.7,1,2.539283315287256,8.646392457066119,0.0,23040.434161822523,6.136480825750305,3.332204510175204,0.7419373447293773
20,1,2,6,10.0,1.5,1,6.1,2,1,1,30.0,55,2.91,0,2.4519451177756233,10.641371908015127,0.8778301681657564,19051.54466123719,7.7545924317854675,3.4339872044851463,0.9162907318741551
18,0,2,4,3.7,1.1,1,7.7,4,1,2,8.0,87,4.0,2,1.3556845124032513,15.725375748712496,2.261698926363226,65949.64476800284,20.53818254914221,2.1972245773362196,0.7419373447293773
20,2,2,0,5.5,1.5,1,6.6,4,1,1,15.0,81,3.99,2,1.7857252215541248,12.15375076672696,2.261698926363226,54347.230996866165,20.38309347972413,2.772588722239781,0.9162907318741551
18,1,2,5,6.4,2.8,1,7.0,3,1,2,11.0,78,3.82,2,1.9525792661508234,13.414325353558693,1.6102145113046793,49067.63473037756,17.862459817003035,2.4849066497880004,1.33500106673234
20,1,2,6,3.4,1.3,1,8.6,4,0,3,1.0,90,4.0,2,1.2651404807900501,18.886266876241464,2.261698926363226,72290.34860143652,20.53818254914221,0.6931471805599453,0.832909122935104
16,1,0,3,4.4,2.7,1,7.3,2,0,2,10.0,81,3.99,2,1.5425211917840917,14.388618785157242,0.8778301681657564,54347.230996866165,20.38309347972413,2.3978952727983707,1.308332819650179
21,0,0,6,1.5,1.4,1,7.7,4,1,1,7.0,89,4.0,2,0.4099390405603449,15.725375748712496,2.261698926363226,70135.94297111471,20.53818254914221,2.0794415416798357,0.8754687373538999
16,0,0,4,5.7,1.0,0,5.6,1,1,3,17.0,66,3.7,2,1.8249272994757757,9.201489326998276,0.0,31213.358948090136,16.211695300270975,2.8903717578961645,0.6931471805599453
22,0,2,2,3.1,1.4,1,7.8,4,0,4,5.0,89,3.58,2,1.1666987907776478,16.066200853784746,2.261698926363226,70135.94297111471,14.663569620587477,1.791759469228055,0.8754687373538999
23,0,1,4,5.5,1.0,1,5.1,1,1,4,9.0,74,3.68,2,1.7857252215541248,7.836637933925062,0.0,42548.719285856496,15.946634697155112,2.302585092994046,0.6931471805599453
19,1,2,5,9.2,3.1,0,6.0,2,1,2,13.0,60,3.64,1,2.3577296084820363,10.347518899102251,0.8778301681657564,24113.25572387178,15.425006368156271,2.6390573296152584,1.410986973710262
17,0,0,0,1.9,1.4,1,6.5,3,0,2,6.0,91,4.0,2,0.6531132144998397,11.845587262709715,1.6102145113046793,74486.02575307926,20.53818254914221,1.9459101490553132,0.8754687373538999
17,1,0,4,8.1,0.8,1,4.7,1,1,3,15.0,66,3.35,2,2.2146613748949004,6.800697609529523,0.0,31213.358948090136,11.971316457356032,2.772588722239781,0.5877866649021191
20,1,2,0,11.9,2.6,1,4.2,1,1,2,23.0,57,2.42,1,2.6498722011265934,5.578429418447326,0.0,20986.249109062494,4.335098160914188,3.1780538303479458,1.2809338454620642
18,0,2,1,10.9,1.2,0,6.6,1,1,2,18.0,60,3.28,1,2.5497670831418175,12.15375076672696,0.0,24113.25572387178,11.220894215246592,2.9444389791664403,0.7884573603642702
21,0,2,4,6.4,3.0,0,5.6,2,1,2,7.0,79,3.81,2,1.9525792661508234,9.201489326998276,0.8778301681657564,50789.75419132553,17.720896337416892,2.0794415416798357,1.3862943611198906
20,0,2,0,5.9,2.8,1,8.1,3,1,3,9.0,83,3.84,2,1.8628491617376208,17.104383037428352,1.6102145113046793,58057.92927986961,18.147794866724794,2.302585092994046,1.33500106673234
17,0,0,6,6.9,2.7,1,6.6,2,1,4,10.0,80,2.89,2,2.0359078246346916,12.15375076672696,0.8778301681657564,52549.50742605369,7.590058642795928,2.3978952727983707,1.308332819650179
19,1,2,0,7.5,2.4,1,5.5,2,1,4,22.0,73,2.96,1,2.1286702202484076,8.92242992355568,0.8778301681657564,41009.67586813584,8.175819212089252,3.1354942159291497,1.2237754316221157
19,1,2,4,5.5,2.0,0,7.5,2,1,2,27.0,72,3.22,1,1.7857252215541248,15.05166041856306,0.8778301681657564,39506.21991155572,10.602403875992923,3.332204510175204,1.0986122886681098
21,0,2,0,3.4,1.7,1,7.2,3,1,1,10.0,98,3.93,2,1.2651404807900501,14.061136801601103,1.6102145113046793,91038.45997193112,19.4686093099294,2.3978952727983707,0.9932517730102833
21,1,2,6,2.7,3.1,1,7.7,3,1,2,4.0,90,3.63,2,1.0203866362587886,15.725375748712496,1.6102145113046793,72290.34860143652,15.296357628263685,1.6094379124341003,1.410986973710262
18,3,2,4,12.6,2.8,0,4.7,1,1,3,36.0,45,2.8,0,2.7153151393422355,6.800697609529523,0.0,11064.678764162616,6.87713709393498,3.6109179126442243,1.33500106673234
18,0,2,6,4.8,0.0,1,6.8,4,1,2,13.0,86,3.67,2,1.6370062359244075,12.778487214922173,2.261698926363226,63917.09875329975,15.81516883547986,2.6390573296152584,0.0
16,3,0,2,2.4,0.6,1,7.2,3,0,3,5.0,81,3.59,2,0.8965046417701628,14.061136801601103,1.6102145113046793,54347.230996866165,14.788739421516853,1.791759469228055,0.4700036292457356
20,0,2,3,7.6,1.5,1,6.7,2,1,1,18.0,73,3.44,2,2.1434440944290047,12.464723049102489,0.8778301681657564,41009.67586813584,12.982796395310663,2.9444389791664403,0.9162907318741551
19,0,2,6,5.8,2.2,1,7.0,3,1,3,16.0,80,3.31,2,1.8440428632175376,13.414325353558693,1.6102145113046793,52549.50742605369,11.53866528811148,2.833213344056216,1.1631508098056809
22,0,1,4,8.2,3.0,0,6.0,1,1,2,20.0,62,3.28,1,2.228404239984151,10.347518899102251,0.0,26352.188477075142,11.220894215246592,3.044522437723423,1.3862943611198906
19,1,2,6,7.4,2.1,1,7.2,3,1,3,19.0,72,3.39,2,2.113708815832555,14.061136801601103,1.6102145113046793,39506.21991155572,12.41431443477717,2.995732273553991,1.1314021114911006
20,1,2,4,7.1,1.7,1,6.9,2,1,4,22.0,68,3.12,1,2.0676487677416864,13.095026718981076,0.8778301681657564,33841.334443280015,9.621151996683725,3.1354942159291497,0.9932517730102833
18,0,0,3,4.8,1.4,0,7.9,3,0,2,7.0,87,3.54,2,1.6370062359244075,16.409652657927705,1.6102145113046793,65949.64476800284,14.169772787057607,2.0794415416798357,0.8754687373538999
20,1,2,0,5.7,2.2,1,7.5,4,1,2,15.0,93,3.23,2,1.8249272994757757,15.05166041856306,2.261698926363226,79002.48980321265,10.703919338092492,2.772588722239781,1.1631508098056809
20,0,2,0,7.3,1.8,1,5.2,1,1,4,18.0,68,2.95,1,2.09855491776158,8.103473238889842,0.0,33841.334443280015,8.090435723777606,2.9444389791664403,1.0296194171811581
18,0,2,0,6.6,2.1,1,6.4,2,1,2,10.0,82,3.15,2,1.9866255656836118,11.540249794535706,0.8778301681657564,56183.26023893996,9.909108207554391,2.3978952727983707,1.1314021114911006
18,0,2,4,3.4,1.5,1,7.0,3,0,2,14.0,79,3.47,2,1.2651404807900501,13.414325353558693,1.6102145113046793,50789.75419132553,13.331834670752924,2.70805020110221,0.9162907318741551
18,0,2,4,4.7,2.1,1,6.7,2,0,2,13.0,87,3.29,2,1.6141037337096489,12.464723049102489,0.8778301681657564,65949.64476800284,11.326181944781949,2.6390573296152584,1.1314021114911006
18,0,2,0,6.0,2.5,0,5.9,2,1,2,18.0,78,3.02,2,1.8813563150191603,10.056584152579083,0.8778301681657564,49067.63473037756,8.700216465863583,2.9444389791664403,1.252762968495368
15,1,0,0,3.8,0.2,1,5.8,2,1,3,13.0,88,3.53,2,1.384326776898207,9.76858741311186,0.8778301681657564,68022.48375280312,14.048034731048165,2.6390573296152584,0.18232155679395465
18,0,0,4,3.9,1.9,1,6.6,3,1,2,9.0,90,3.41,2,1.4122647058505842,12.15375076672696,1.6102145113046793,72290.34860143652,12.639731281317893,2.302585092994046,1.0647107369924282
18,1,2,6,5.9,0.3,1,7.0,2,1,2,18.0,69,3.85,2,1.8628491617376208,13.414325353558693,0.8778301681657564,35205.91224901557,18.291570207219255,2.9444389791664403,0.262364264467491
18,0,2,4,6.0,2.1,1,6.6,2,1,1,20.0,80,3.53,2,1.8813563150191603,12.15375076672696,0.8778301681657564,52549.50742605369,14.048034731048165,3.044522437723423,1.1314021114911006
18,1,2,4,1.1,2.4,1,9.4,5,1,0,4.0,98,3.71,2,0.09555600683054044,21.8680484661252,2.858956583624191,91038.45997193112,16.345293814978213,1.6094379124341003,1.2237754316221157
17,0,0,0,5.8,1.2,1,6.6,2,0,3,10.0,79,4.0,2,1.8440428632175376,12.15375076672696,0.8778301681657564,50789.75419132553,20.53818254914221,2.3978952727983707,0.7884573603642702
19,1,2,5,4.4,2.6,1,6.6,3,0,1,11.0,86,3.45,2,1.5425211917840917,12.15375076672696,1.6102145113046793,63917.09875329975,13.098476283389891,2.4849066497880004,1.2809338454620642
20,1,2,4,4.9,1.4,1,6.8,2,0,1,4.0,85,3.53,2,1.659461753676766,12.778487214922173,0.8778301681657564,61924.51734422166,14.048034731048165,1.6094379124341003,0.8754687373538999
15,1,0,0,5.9,2.2,1,5.5,3,1,2,12.0,77,3.56,2,1.8628491617376208,8.92242992355568,1.6102145113046793,47382.81123366814,14.415298505689877,2.5649493574615367,1.1631508098056809
18,1,2,6,3.8,1.5,1,7.7,4,0,2,10.0,88,3.85,2,1.384326776898207,15.725375748712496,2.261698926363226,68022.48375280312,18.291570207219255,2.3978952727983707,0.9162907318741551
19,1,2,4,4.9,1.2,1,6.3,3,1,3,8.0,93,3.8,2,1.659461753676766,11.237755995802775,1.6102145113046793,79002.48980321265,17.58006637427118,2.1972245773362196,0.7884573603642702
20,0,2,2,3.6,1.6,0,7.1,2,0,2,12.0,77,3.52,2,1.3263003819268158,13.736367236790857,0.8778301681657564,47382.81123366814,13.926977359533225,2.5649493574615367,0.9555114450274363
22,0,1,2,5.4,0.6,1,5.5,2,1,2,19.0,66,3.17,1,1.7656156766986153,8.92242992355568,0.8778301681657564,31213.358948090136,10.104120077547,2.995732273553991,0.4700036292457356
18,1,2,0,6.6,2.4,1,7.0,2,1,4,12.0,79,3.64,2,1.9866255656836118,13.414325353558693,0.8778301681657564,50789.75419132553,15.425006368156271,2.5649493574615367,1.2237754316221157
16,1,0,6,4.8,3.1,1,6.2,2,1,1,18.0,77,3.27,2,1.6370062359244075,10.938123890491681,0.8778301681657564,47382.81123366814,11.116239925597819,2.9444389791664403,1.410986973710262
20,0,2,6,5.7,1.6,1,6.6,2,1,1,12.0,81,3.64,2,1.8249272994757757,12.15375076672696,0.8778301681657564,54347.230996866165,15.425006368156271,2.5649493574615367,0.9555114450274363
16,2,0,0,2.8,1.6,0,8.0,3,0,3,7.0,91,3.05,2,1.0587970088869507,16.755717770784734,1.6102145113046793,74486.02575307926,8.970276567071865,2.0794415416798357,0.9555114450274363
17,0,0,6,3.3,2.1,1,6.7,2,1,4,9.0,86,3.7,2,1.2332726085820729,12.464723049102489,0.8778301681657564,63917.09875329975,16.211695300270975,2.302585092994046,1.1314021114911006
19,1,2,0,5.1,1.2,1,5.6,1,0,2,18.0,73,3.67,2,1.7031011436641108,9.201489326998276,0.0,41009.67586813584,15.81516883547986,2.9444389791664403,0.7884573603642702
20,0,2,4,4.0,3.2,1,6.7,3,1,4,11.0,94,3.78,2,1.4395330280586147,12.464723049102489,1.6102145113046793,81323.92171042044,17.300599455458382,2.4849066497880004,1.4350845252893227
18,0,2,4,7.7,2.2,1,6.3,2,1,3,18.0,66,3.35,2,2.158035210576757,11.237755995802775,0.8778301681657564,31213.358948090136,11.971316457356032,2.9444389791664403,1.1631508098056809
20,1,2,5,7.8,2.5,1,6.3,1,1,1,25.0,72,2.85,1,2.172448159416712,11.237755995802775,0.0,39506.21991155572,7.267690936157112,3.258096538021482,1.252762968495368
18,1,2,0,8.3,1.6,1,5.6,1,1,2,15.0,70,3.35,2,2.2419894696219833,9.201489326998276,0.0,36604.68597434723,11.971316457356032,2.772588722239781,0.9555114450274363
18,0,2,3,4.5,1.8,0,6.1,2,0,1,14.0,94,3.15,2,1.5668817774441797,10.641371908015127,0.8778301681657564,81323.92171042044,9.909108207554391,2.70805020110221,1.0296194171811581
18,0,2,4,3.1,2.6,1,7.8,4,0,3,8.0,92,3.8,2,1.1666987907776478,16.066200853784746,2.261698926363226,76723.29848149381,17.58006637427118,2.1972245773362196,1.2809338454620642
19,1,2,3,6.1,2.5,1,6.4,3,1,1,10.0,72,3.32,2,1.8995739499976299,11.540249794535706,1.6102145113046793,39506.21991155572,11.645864683908064,2.3978952727983707,1.252762968495368
15,0,0,3,4.3,2.3,1,7.4,3,0,3,18.0,77,3.97,2,1.5176311317383155,14.718798218821261,1.6102145113046793,47382.81123366814,20.075215768293244,2.9444389791664403,1.1939224684724346
19,0,2,4,7.3,2.2,1,6.0,2,0,1,17.0,67,3.28,2,2.09855491776158,10.347518899102251,0.8778301681657564,32510.60102499727,11.220894215246592,2.8903717578961645,1.1631508098056809
15,1,0,0,3.2,1.9,1,8.3,4,1,3,4.0,98,4.0,2,1.2004777883442346,17.809462547767687,2.261698926363226,91038.45997193112,20.53818254914221,1.6094379124341003,1.0647107369924282
18,0,2,6,3.9,1.1,0,6.0,2,0,1,10.0,81,3.35,2,1.4122647058505842,10.347518899102251,0.8778301681657564,54347.230996866165,11.971316457356032,2.3978952727983707,0.7419373447293773
20,1,2,6,5.4,2.7,1,6.9,2,0,2,15.0,83,3.24,2,1.7656156766986153,13.095026718981076,0.8778301681657564,58057.92927986961,10.806058782383067,2.772588722239781,1.308332819650179
19,0,2,3,3.1,3.6,1,8.4,3,1,2,4.0,98,4.0,2,1.1666987907776478,18.16585159714471,1.6102145113046793,91038.45997193112,20.53818254914221,1.6094379124341003,1.5260563034950492
18,1,2,2,3.3,2.9,1,7.0,3,0,4,5.0,86,3.8,2,1.2332726085820729,13.414325353558693,1.6102145113046793,63917.09875329975,17.58006637427118,1.791759469228055,1.3609765531356006
21,0,0,4,6.1,3.8,1,7.3,1,0,4,16.0,78,3.9,2,1.8995739499976299,14.388618785157242,0.0,49067.63473037756,19.021600464068523,2.833213344056216,1.5686159179138452
17,1,0,6,4.8,4.1,1,7.2,2,0,2,15.0,78,2.87,2,1.6370062359244075,14.061136801601103,0.8778301681657564,49067.63473037756,7.4277632011547565,2.772588722239781,1.62924053973028
18,3,2,4,2.6,1.7,1,5.7,2,1,3,9.0,91,3.74,2,0.9806061985963926,9.483548899985696,0.8778301681657564,74486.02575307926,16.750384849080206,2.302585092994046,0.9932517730102833
19,0,2,4,6.1,1.0,1,6.7,1,0,2,16.0,77,3.5,2,1.8995739499976299,12.464723049102489,0.0,47382.81123366814,13.686897116192466,2.833213344056216,0.6931471805599453
16,1,0,0,9.3,2.5,1,6.0,2,1,2,25.0,52,3.22,1,2.36992126816704,10.347518899102251,0.8778301681657564,16366.980259579506,10.602403875992923,3.258096538021482,1.252762968495368
17,1,0,4,3.8,1.4,1,6.5,2,0,3,10.0,89,3.4,2,1.384326776898207,11.845587262709715,0.8778301681657564,70135.94297111471,12.526694794914107,2.3978952727983707,0.8754687373538999
19,0,2,2,3.0,2.6,2,8.3,3,0,3,0.0,98,3.62,2,1.1318728617817535,17.809462547767687,1.6102145113046793,91038.45997193112,15.168408451034988,0.0,1.2809338454620642
15,0,0,6,6.5,0.7,1,6.8,2,1,2,14.0,76,3.72,2,1.9697262931476014,12.778487214922173,0.8778301681657564,45734.94462371378,16.479606987119947,2.70805020110221,0.5306282510621704
17,1,0,0,4.9,2.2,1,5.1,1,0,4,18.0,72,3.47,2,1.659461753676766,7.836637933925062,0.0,39506.21991155572,13.331834670752924,2.9444389791664403,1.1631508098056809
20,0,2,0,4.9,1.8,1,7.6,2,0,2,18.0,73,3.5,2,1.659461753676766,15.387190975810833,0.8778301681657564,41009.67586813584,13.686897116192466,2.9444389791664403,1.0296194171811581
17,1,0,3,4.0,2.5,1,7.7,4,1,1,8.0,92,3.5,2,1.4395330280586147,15.725375748712496,2.261698926363226,76723.29848149381,13.686897116192466,2.1972245773362196,1.252762968495368
19,1,2,0,9.0,3.1,1,7.2,2,1,2,20.0,76,3.49,2,2.332965554974335,14.061136801601103,0.8778301681657564,45734.94462371378,13.567870467191462,3.044522437723423,1.410986973710262
20,0,2,4,8.6,1.1,1,5.5,2,0,3,15.0,68,3.16,2,2.2818354611447473,8.92242992355568,0.8778301681657564,33841.334443280015,10.006308774393966,2.772588722239781,0.7419373447293773
18,0,2,6,4.5,2.3,1,7.1,3,0,3,8.0,86,4.0,2,1.5668817774441797,13.736367236790857,1.6102145113046793,63917.09875329975,20.53818254914221,2.1972245773362196,1.1939224684724346
18,1,2,0,5.5,2.7,2,6.2,2,1,2,13.0,83,3.43,2,1.7857252215541248,10.938123890491681,0.8778301681657564,58057.92927986961,12.867780191912736,2.6390573296152584,1.308332819650179
15,1,0,0,3.0,1.8,0,6.9,4,0,3,5.0,94,3.7,2,1.1318728617817535,13.095026718981076,2.261698926363226,81323.92171042044,16.211695300270975,1.791759469228055,1.0296194171811581
20,1,2,5,5.7,2.1,1,6.8,3,1,0,13.0,81,3.43,2,1.8249272994757757,12.778487214922173,1.6102145113046793,54347.230996866165,12.867780191912736,2.6390573296152584,1.1314021114911006
19,1,2,0,3.5,2.8,1,7.8,3,0,3,7.0,98,3.39,2,1.2961337421106984,16.066200853784746,1.6102145113046793,91038.45997193112,12.41431443477717,2.0794415416798357,1.33500106673234
16,1,0,3,4.9,1.5,1,7.5,2,0,2,3.0,85,3.81,2,1.659461753676766,15.05166041856306,0.8778301681657564,61924.51734422166,17.720896337416892,1.3862943611198906,0.9162907318741551
16,0,0,0,4.6,0.8,1,5.7,2,1,2,15.0,76,3.27,2,1.5907355499331142,9.483548899985696,0.8778301681657564,45734.94462371378,11.116239925597819,2.772588722239781,0.5877866649021191
20,1,2,4,2.6,1.8,1,6.1,2,0,0,16.0,81,3.78,2,0.9806061985963926,10.641371908015127,0.8778301681657564,54347.230996866165,17.300599455458382,2.833213344056216,1.0296194171811581
19,1,2,4,14.0,1.6,1,3.0,1,1,1,34.0,32,2.02,0,2.8364774847199032,2.997232442083743,0.0,4395.345099694118,2.3909338230130737,3.5553480614894135,0.9555114450274363
19,1,2,3,8.8,1.4,1,6.1,1,1,2,22.0,61,2.74,1,2.307675347857402,10.641371908015127,0.0,25217.052320963478,6.426354611099438,3.1354942159291497,0.8754687373538999
17,0,0,6,7.5,2.9,1,6.6,3,1,3,18.0,69,3.55,2,2.1286702202484076,12.15375076672696,1.6102145113046793,35205.91224901557,14.292193415871623,2.9444389791664403,1.3609765531356006
19,1,2,4,5.5,2.2,1,5.9,2,1,2,16.0,70,2.8,1,1.7857252215541248,10.056584152579083,0.8778301681657564,36604.68597434723,6.87713709393498,2.833213344056216,1.1631508098056809
23,1,1,0,6.9,2.2,1,6.0,1,1,3,9.0,73,3.34,2,2.0359078246346916,10.347518899102251,0.0,41009.67586813584,11.862188377883385,2.302585092994046,1.1631508098056809
17,1,0,0,4.9,1.4,1,7.6,2,1,4,13.0,82,3.66,2,1.659461753676766,15.387190975810833,0.8778301681657564,56183.26023893996,15.684410084705304,2.6390573296152584,0.8754687373538999
19,0,2,0,2.1,3.7,0,6.8,2,0,2,6.0,98,3.89,2,0.7570090469002981,12.778487214922173,0.8778301681657564,91038.45997193112,18.87410098953472,1.9459101490553132,1.547562508716013
19,0,2,4,5.0,2.4,1,7.0,2,1,4,4.0,80,3.53,2,1.681487870546516,13.414325353558693,0.8778301681657564,52549.50742605369,14.048034731048165,1.6094379124341003,1.2237754316221157
19,0,2,0,13.9,1.2,1,3.0,1,1,2,36.0,38,1.97,0,2.828211989334324,2.997232442083743,0.0,7000.023854332941,2.1947476391181,3.6109179126442243,0.7884573603642702
20,0,2,3,5.7,1.6,2,8.0,3,1,3,17.0,87,3.58,2,1.8249272994757757,16.755717770784734,1.6102145113046793,65949.64476800284,14.663569620587477,2.8903717578961645,0.9555114450274363
15,1,0,0,3.1,1.9,1,6.6,3,0,1,7.0,86,3.98,2,1.1666987907776478,12.15375076672696,1.6102145113046793,63917.09875329975,20.228771847318367,2.0794415416798357,1.0647107369924282
18,1,2,6,7.3,2.1,1,5.5,1,1,2,18.0,72,3.37,2,2.09855491776158,8.92242992355568,0.0,39506.21991155572,12.19151453362671,2.9444389791664403,1.1314021114911006
17,1,0,6,3.3,0.5,0,7.9,2,1,2,9.0,86,3.39,2,1.2332726085820729,16.409652657927705,0.8778301681657564,63917.09875329975,12.41431443477717,2.302585092994046,0.4054651081081644
17,0,0,6,8.8,2.9,1,5.6,1,1,4,13.0,59,2.52,1,2.307675347857402,9.201489326998276,0.0,23040.434161822523,4.933953304930304,2.6390573296152584,1.3609765531356006
20,0,2,0,4.1,2.4,1,7.2,3,1,3,10.0,72,3.22,2,1.466163943905982,14.061136801601103,1.6102145113046793,39506.21991155572,10.602403875992923,2.3978952727983707,1.2237754316221157
18,1,2,6,6.7,2.4,1,5.5,2,1,2,17.0,82,3.46,2,2.003284337102433,8.92242992355568,0.8778301681657564,56183.26023893996,13.21482174546893,2.8903717578961645,1.2237754316221157
20,1,2,4,2.5,2.1,1,7.1,2,1,3,12.0,96,3.91,2,0.9393512133898587,13.736367236790857,0.8778301681657564,86094.79021322812,19.169850419380406,2.5649493574615367,1.1314021114911006
20,1,2,0,2.3,2.7,0,7.0,2,1,1,6.0,90,4.0,2,0.8519347810161471,13.414325353558693,0.8778301681657564,72290.34860143652,20.53818254914221,1.9459101490553132,1.308332819650179
20,2,2,0,3.4,2.7,1,8.2,4,1,4,11.0,86,4.0,2,1.2651404807900501,17.455635531354325,2.261698926363226,63917.09875329975,20.53818254914221,2.4849066497880004,1.308332819650179
18,0,2,4,3.9,1.7,0,6.4,3,0,0,12.0,88,3.78,2,1.4122647058505842,11.540249794535706,1.6102145113046793,68022.48375280312,17.300599455458382,2.5649493574615367,0.9932517730102833
22,2,1,3,2.5,2.3,1,7.2,4,0,1,8.0,98,3.68,2,0.9393512133898587,14.061136801601103,2.261698926363226,91038.45997193112,15.946634697155112,2.1972245773362196,1.1939224684724346
18,1,2,4,3.6,2.2,1,7.2,3,0,0,13.0,91,3.77,2,1.3263003819268158,14.061136801601103,1.6102145113046793,74486.02575307926,17.161958728612845,2.6390573296152584,1.1631508098056809
18,1,2,4,6.3,3.1,1,7.1,2,1,2,14.0,78,3.04,2,1.9351768949585346,13.736367236790857,0.8778301681657564,49067.63473037756,8.879669149882293,2.70805020110221,1.410986973710262
18,3,2,0,5.9,1.5,1,7.8,3,1,2,15.0,75,2.96,2,1.8628491617376208,16.066200853784746,1.6102145113046793,44123.69453376821,8.175819212089252,2.772588722239781,0.9162907318741551
18,1,2,0,7.2,2.4,1,6.1,1,1,0,12.0,80,3.22,2,2.0832033609937755,10.641371908015127,0.0,52549.50742605369,10.602403875992923,2.5649493574615367,1.2237754316221157
20,0,2,6,5.9,2.2,0,6.4,2,1,4,14.0,73,3.53,2,1.8628491617376208,11.540249794535706,0.8778301681657564,41009.67586813584,14.048034731048165,2.70805020110221,1.1631508098056809
17,0,0,3,4.0,1.7,1,7.1,2,1,3,14.0,83,3.89,2,1.4395330280586147,13.736367236790857,0.8778301681657564,58057.92927986961,18.87410098953472,2.70805020110221,0.9932517730102833
21,1,2,0,4.5,1.1,1,6.9,3,1,3,16.0,72,3.88,2,1.5668817774441797,13.095026718981076,1.6102145113046793,39506.21991155572,18.72735011125622,2.833213344056216,0.7419373447293773
15,1,0,3,7.0,1.5,1,5.1,1,1,2,22.0,52,3.33,1,2.0518855355680303,7.836637933925062,0.0,16366.980259579506,11.7537050835968,3.1354942159291497,0.9162907318741551
20,1,2,6,3.8,2.6,1,8.4,3,0,4,10.0,86,3.7,2,1.384326776898207,18.16585159714471,1.6102145113046793,63917.09875329975,16.211695300270975,2.3978952727983707,1.2809338454620642
19,0,0,0,4.9,1.9,0,5.5,1,1,2,16.0,65,3.53,2,1.659461753676766,8.92242992355568,0.0,29949.25362327995,14.048034731048165,2.833213344056216,1.0647107369924282
20,0,2,6,6.7,1.6,1,6.2,1,1,2,11.0,88,3.06,2,2.003284337102433,10.938123890491681,0.0,68022.48375280312,9.06147389329403,2.4849066497880004,0.9555114450274363
17,0,0,6,5.9,1.3,1,5.8,2,1,3,16.0,76,2.94,2,1.8628491617376208,9.76858741311186,0.8778301681657564,45734.94462371378,8.005623197120133,2.833213344056216,0.832909122935104
20,0,2,3,10.6,1.8,1,4.4,1,1,2,18.0,57,3.16,1,2.5180373974719235,6.057450511969028,0.0,20986.249109062494,10.006308774393966,2.9444389791664403,1.0296194171811581
17,0,0,3,10.2,0.8,1,4.1,1,0,3,30.0,58,2.77,0,2.4743831724778294,5.343953906546689,0.0,21998.22133107918,6.6493301515664,3.4339872044851463,0.5877866649021191
18,1,2,4,2.1,1.2,1,7.7,3,1,3,6.0,80,3.5,2,0.7570090469002981,15.725375748712496,1.6102145113046793,52549.50742605369,13.686897116192466,1.9459101490553132,0.7884573603642702
15,0,0,4,1.9,0.8,1,7.9,3,1,3,0.0,98,4.0,2,0.6531132144998397,16.409652657927705,1.6102145113046793,91038.45997193112,20.53818254914221,0.0,0.5877866649021191
21,0,2,4,8.3,2.9,1,6.3,2,1,2,19.0,69,3.38,2,2.2419894696219833,11.237755995802775,0.8778301681657564,35205.91224901557,12.302588311016644,2.995732273553991,1.3609765531356006
17,0,0,0,4.1,1.4,1,6.0,3,0,4,10.0,84,3.23,2,1.466163943905982,10.347518899102251,1.6102145113046793,59971.57105866405,10.703919338092492,2.3978952727983707,0.8754687373538999
18,1,2,0,4.4,1.9,1,7.6,3,1,1,6.0,98,3.91,2,1.5425211917840917,15.387190975810833,1.6102145113046793,91038.45997193112,19.169850419380406,1.9459101490553132,1.0647107369924282
20,1,2,4,5.5,1.3,0,6.4,4,1,2,13.0,77,3.37,2,1.7857252215541248,11.540249794535706,2.261698926363226,47382.81123366814,12.19151453362671,2.6390573296152584,0.832909122935104
16,1,0,3,10.1,2.6,0,6.3,2,1,2,27.0,62,2.4,1,2.463216684932441,11.237755995802775,0.8778301681657564,26352.188477075142,4.221031696142082,3.332204510175204,1.2809338454620642
17,0,0,0,6.1,2.6,1,5.9,1,1,2,21.0,75,3.4,2,1.8995739499976299,10.056584152579083,0.0,44123.69453376821,12.526694794914107,3.091042453358316,1.2809338454620642
23,1,2,6,5.5,1.1,1,6.1,3,1,1,8.0,93,3.4,2,1.7857252215541248,10.641371908015127,1.6102145113046793,79002.48980321265,12.526694794914107,2.1972245773362196,0.7419373447293773
17,0,0,0,4.8,0.9,1,6.5,2,0,2,8.0,90,3.46,2,1.6370062359244075,11.845587262709715,0.8778301681657564,72290.34860143652,13.21482174546893,2.1972245773362196,0.6418538861723948
20,1,2,4,2.8,2.4,1,8.4,4,0,2,5.0,96,3.86,2,1.0587970088869507,18.16585159714471,2.261698926363226,86094.79021322812,18.436086604872493,1.791759469228055,1.2237754316221157
19,0,2,3,7.2,2.0,1,6.0,2,0,2,15.0,71,3.08,2,2.0832033609937755,10.347518899102251,0.8778301681657564,38038.0056657807,9.245645848802152,2.772588722239781,1.0986122886681098
19,0,2,0,8.6,1.9,1,6.1,3,1,2,21.0,72,3.31,2,2.2818354611447473,10.641371908015127,1.6102145113046793,39506.21991155572,11.53866528811148,3.091042453358316,1.0647107369924282
18,1,2,5,6.7,3.9,1,6.2,2,1,3,5.0,82,3.1,2,2.003284337102433,10.938123890491681,0.8778301681657564,56183.26023893996,9.43220016705984,1.791759469228055,1.589235205116581
19,0,2,4,8.0,2.5,1,7.0,1,1,4,18.0,69,2.91,1,2.2007570648755084,13.414325353558693,0.0,35205.91224901557,7.7545924317854675,2.9444389791664403,1.252762968495368
15,0,0,3,5.1,1.9,1,6.1,3,1,1,17.0,80,3.28,2,1.7031011436641108,10.641371908015127,1.6102145113046793,52549.50742605369,11.220894215246592,2.8903717578961645,1.0647107369924282
21,0,2,4,13.2,1.0,0,3.3,1,1,2,36.0,52,2.72,0,2.768727136766414,3.5935539872760787,0.0,16366.980259579506,6.280363055682415,3.6109179126442243,0.6931471805599453
21,0,2,4,2.8,1.2,1,7.9,3,1,1,13.0,90,3.3,2,1.0587970088869507,16.409652657927705,1.6102145113046793,72290.34860143652,11.432105005383404,2.6390573296152584,0.7884573603642702
19,3,2,6,4.0,2.4,1,6.8,3,0,3,9.0,84,3.97,2,1.4395330280586147,12.778487214922173,1.6102145113046793,59971.57105866405,20.075215768293244,2.302585092994046,1.2237754316221157
17,1,0,0,6.3,2.5,1,5.8,2,1,3,13.0,69,3.29,2,1.9351768949585346,9.76858741311186,0.8778301681657564,35205.91224901557,11.326181944781949,2.6390573296152584,1.252762968495368
18,0,2,4,3.5,2.3,1,8.1,3,1,2,8.0,94,3.37,2,1.2961337421106984,17.104383037428352,1.6102145113046793,81323.92171042044,12.19151453362671,2.1972245773362196,1.1939224684724346
19,0,0,0,3.1,0.7,0,6.9,4,0,2,8.0,84,3.93,2,1.1666987907776478,13.095026718981076,2.261698926363226,59971.57105866405,19.4686093099294,2.1972245773362196,0.5306282510621704
18,1,2,0,4.5,2.7,0,6.1,3,0,1,8.0,81,3.54,2,1.5668817774441797,10.641371908015127,1.6102145113046793,54347.230996866165,14.169772787057607,2.1972245773362196,1.308332819650179
16,0,0,0,7.5,2.2,1,5.9,2,1,1,16.0,78,2.81,2,2.1286702202484076,10.056584152579083,0.8778301681657564,49067.63473037756,6.954155242313397,2.833213344056216,1.1631508098056809
24,0,1,4,3.1,2.4,1,7.9,4,0,2,9.0,89,3.53,2,1.1666987907776478,16.409652657927705,2.261698926363226,70135.94297111471,14.048034731048165,2.302585092994046,1.2237754316221157
24,1,1,0,4.1,1.7,1,7.5,3,0,3,9.0,86,2.98,2,1.466163943905982,15.05166041856306,1.6102145113046793,63917.09875329975,8.348306654858234,2.302585092994046,0.9932517730102833
19,0,2,5,5.6,1.4,1,6.4,3,1,2,15.0,74,3.29,2,1.8054918230589363,11.540249794535706,1.6102145113046793,42548.719285856496,11.326181944781949,2.772588722239781,0.8754687373538999
18,0,2,0,3.2,1.7,0,7.7,4,0,2,6.0,98,3.46,2,1.2004777883442346,15.725375748712496,2.261698926363226,91038.45997193112,13.21482174546893,1.9459101490553132,0.9932517730102833
18,1,2,6,14.0,2.1,1,4.6,1,0,2,31.0,41,2.59,0,2.8364774847199032,6.549692444201377,0.0,8599.276398203338,5.382153841105391,3.4657359027997265,1.1314021114911006
16,3,0,0,2.3,2.5,1,7.3,3,1,1,6.0,98,3.44,2,0.8519347810161471,14.388618785157242,1.6102145113046793,91038.45997193112,12.982796395310663,1.9459101490553132,1.252762968495368
18,1,2,0,8.4,2.0,1,6.1,1,0,2,24.0,69,3.04,1,2.2554207388342977,10.641371908015127,0.0,35205.91224901557,8.879669149882293,3.2188758248682006,1.0986122886681098
20,1,2,0,4.4,2.3,1,7.1,3,0,2,10.0,67,3.49,2,1.5425211917840917,13.736367236790857,1.6102145113046793,32510.60102499727,13.567870467191462,2.3978952727983707,1.1939224684724346
18,0,2,6,3.2,1.9,1,8.7,3,0,1,4.0,91,3.8,2,1.2004777883442346,19.250269148910856,1.6102145113046793,74486.02575307926,17.58006637427118,1.6094379124341003,1.0647107369924282
22,0,1,4,5.9,2.0,1,6.0,1,0,1,5.0,84,3.25,2,1.8628491617376208,10.347518899102251,0.0,59971.57105866405,10.90882410064474,1.791759469228055,1.0986122886681098
20,1,2,0,6.0,2.0,0,4.0,1,1,0,21.0,60,3.33,1,1.8813563150191603,5.112878346441948,0.0,24113.25572387178,11.7537050835968,3.091042453358316,1.0986122886681098
19,1,2,0,3.6,1.8,1,7.5,4,1,2,14.0,94,3.26,2,1.3263003819268158,15.05166041856306,2.261698926363226,81323.92171042044,11.012217184536736,2.70805020110221,1.0296194171811581
16,0,0,0,3.3,1.7,1,6.6,3,0,2,9.0,83,3.31,2,1.2332726085820729,12.15375076672696,1.6102145113046793,58057.92927986961,11.53866528811148,2.302585092994046,0.9932517730102833
19,0,2,4,4.1,1.6,1,5.4,2,1,3,16.0,68,3.27,2,1.466163943905982,8.646392457066119,0.8778301681657564,33841.334443280015,11.116239925597819,2.833213344056216,0.9555114450274363
19,1,2,6,3.1,1.1,1,7.6,3,0,3,3.0,90,3.46,2,1.1666987907776478,15.387190975810833,1.6102145113046793,72290.34860143652,13.21482174546893,1.3862943611198906,0.7419373447293773
19,0,2,6,4.8,1.6,1,7.7,2,0,1,13.0,88,3.17,2,1.6370062359244075,15.725375748712496,0.8778301681657564,68022.48375280312,10.104120077547,2.6390573296152584,0.9555114450274363
18,1,2,0,3.9,1.8,1,7.1,3,0,4,7.0,81,3.5,2,1.4122647058505842,13.736367236790857,1.6102145113046793,54347.230996866165,13.686897116192466,2.0794415416798357,1.0296194171811581
17,1,0,4,3.4,2.1,0,7.7,4,0,2,2.0,91,4.0,2,1.2651404807900501,15.725375748712496,2.261698926363226,74486.02575307926,20.53818254914221,1.0986122886681098,1.1314021114911006
24,1,1,4,5.1,2.5,1,6.0,2,0,4,16.0,80,3.82,2,1.7031011436641108,10.347518899102251,0.8778301681657564,52549.50742605369,17.862459817003035,2.833213344056216,1.252762968495368
17,0,0,0,9.9,2.8,1,6.8,2,1,2,29.0,65,3.07,1,2.440566416418899,12.778487214922173,0.8778301681657564,29949.25362327995,9.153263022572325,3.4011973816621555,1.33500106673234
18,1,0,4,4.3,2.2,1,5.7,2,1,2,15.0,77,3.68,2,1.5176311317383155,9.483548899985696,0.8778301681657564,47382.81123366814,15.946634697155112,2.772588722239781,1.1631508098056809
21,0,2,5,9.9,2.3,1,3.5,1,0,0,22.0,55,2.43,1,2.440566416418899,4.009728565370655,0.0,19051.54466123719,4.392835901119548,3.1354942159291497,1.1939224684724346
21,0,2,3,5.7,0.6,1,6.7,3,1,1,13.0,80,3.11,2,1.8249272994757757,12.464723049102489,1.6102145113046793,52549.50742605369,9.52637544624165,2.6390573296152584,0.4700036292457356
20,1,2,6,2.8,2.3,1,7.5,3,0,3,9.0,98,3.57,2,1.0587970088869507,15.05166041856306,1.6102145113046793,91038.45997193112,14.5390899446019,2.302585092994046,1.1939224684724346
15,1,0,5,5.0,1.4,1,5.7,2,1,2,3.0,86,3.78,2,1.681487870546516,9.483548899985696,0.8778301681657564,63917.09875329975,17.300599455458382,1.3862943611198906,0.8754687373538999
17,0,0,0,5.1,1.8,0,6.4,2,1,3,13.0,59,3.43,2,1.7031011436641108,11.540249794535706,0.8778301681657564,23040.434161822523,12.867780191912736,2.6390573296152584,1.0296194171811581
19,0,2,4,1.7,1.9,1,7.1,3,1,1,4.0,98,3.55,2,0.5383079872264196,13.736367236790857,1.6102145113046793,91038.45997193112,14.292193415871623,1.6094379124341003,1.0647107369924282
20,0,2,1,2.8,1.2,1,5.7,2,1,3,19.0,81,3.08,2,1.0587970088869507,9.483548899985696,0.8778301681657564,54347.230996866165,9.245645848802152,2.995732273553991,0.7884573603642702
20,0,0,0,3.6,2.5,1,6.5,2,0,2,11.0,88,3.53,2,1.3263003819268158,11.845587262709715,0.8778301681657564,68022.48375280312,14.048034731048165,2.4849066497880004,1.252762968495368
20,0,2,1,3.1,1.5,1,8.4,4,0,3,0.0,93,3.7,2,1.1666987907776478,18.16585159714471,2.261698926363226,79002.48980321265,16.211695300270975,0.0,0.9162907318741551
19,0,2,4,4.5,1.3,1,6.2,1,0,4,3.0,87,3.52,2,1.5668817774441797,10.938123890491681,0.0,65949.64476800284,13.926977359533225,1.3862943611198906,0.832909122935104
17,0,0,3,5.9,1.7,1,6.9,2,1,2,9.0,89,3.55,2,1.8628491617376208,13.095026718981076,0.8778301681657564,70135.94297111471,14.292193415871623,2.302585092994046,0.9932517730102833
19,1,2,0,5.1,2.6,0,7.7,3,0,4,15.0,78,3.63,2,1.7031011436641108,15.725375748712496,1.6102145113046793,49067.63473037756,15.296357628263685,2.772588722239781,1.2809338454620642
19,1,2,1,2.4,1.6,1,8.5,5,0,0,0.0,98,4.0,2,0.8965046417701628,18.524790399056656,2.858956583624191,91038.45997193112,20.53818254914221,0.0,0.9555114450274363
17,0,0,6,3.2,1.4,1,7.3,2,1,0,8.0,95,3.29,2,1.2004777883442346,14.388618785157242,0.8778301681657564,83687.91518516612,11.326181944781949,2.1972245773362196,0.8754687373538999
16,0,0,1,10.5,2.5,1,4.9,1,0,2,18.0,61,3.07,1,2.507271830707375,7.3123368290812865,0.0,25217.052320963478,9.153263022572325,2.9444389791664403,1.252762968495368
22,0,1,0,13.4,1.6,0,5.5,1,1,3,24.0,51,2.82,1,2.7860216216106717,8.92242992355568,0.0,15528.613925862097,7.031717803560084,3.2188758248682006,0.9555114450274363
21,1,2,4,10.4,0.9,1,3.3,1,0,3,23.0,54,3.59,1,2.4964088339968074,3.5935539872760787,0.0,18128.066722063846,14.788739421516853,3.1780538303479458,0.6418538861723948
22,0,1,4,4.8,1.4,1,7.2,2,0,2,13.0,89,3.3,2,1.6370062359244075,14.061136801601103,0.8778301681657564,70135.94297111471,11.432105005383404,2.6390573296152584,0.8754687373538999
21,1,2,4,2.8,0.8,1,7.1,4,0,4,14.0,94,3.8,2,1.0587970088869507,13.736367236790857,2.261698926363226,81323.92171042044,17.58006637427118,2.70805020110221,0.5877866649021191
17,0,0,2,4.8,1.4,0,6.1,2,1,2,19.0,89,4.0,2,1.6370062359244075,10.641371908015127,0.8778301681657564,70135.94297111471,20.53818254914221,2.995732273553991,0.8754687373538999
20,0,2,3,3.4,1.2,1,9.0,3,0,3,0.0,98,3.81,2,1.2651404807900501,20.357314790663057,1.6102145113046793,91038.45997193112,17.720896337416892,0.0,0.7884573603642702
19,1,2,4,3.7,2.5,1,7.6,3,1,1,16.0,80,3.43,2,1.3556845124032513,15.387190975810833,1.6102145113046793,52549.50742605369,12.867780191912736,2.833213344056216,1.252762968495368
19,1,2,6,8.5,2.3,1,5.4,1,1,1,21.0,75,3.21,2,2.268701594475235,8.646392457066119,0.0,44123.69453376821,10.501510504182985,3.091042453358316,1.1939224684724346
19,0,2,4,3.5,1.2,1,6.8,3,1,3,14.0,87,3.29,2,1.2961337421106984,12.778487214922173,1.6102145113046793,65949.64476800284,11.326181944781949,2.70805020110221,0.7884573603642702
18,1,2,0,2.6,2.3,0,7.2,3,0,2,10.0,89,3.84,2,0.9806061985963926,14.061136801601103,1.6102145113046793,70135.94297111471,18.147794866724794,2.3978952727983707,1.1939224684724346
18,0,2,0,3.6,1.7,1,7.8,3,0,0,14.0,74,3.34,2,1.3263003819268158,16.066200853784746,1.6102145113046793,42548.719285856496,11.862188377883385,2.70805020110221,0.9932517730102833
17,0,0,0,7.6,1.3,1,6.4,1,1,1,18.0,71,3.35,2,2.1434440944290047,11.540249794535706,0.0,38038.0056657807,11.971316457356032,2.9444389791664403,0.832909122935104
19,2,2,4,5.7,1.6,1,7.1,3,0,4,15.0,89,3.08,2,1.8249272994757757,13.736367236790857,1.6102145113046793,70135.94297111471,9.245645848802152,2.772588722239781,0.9555114450274363
16,2,0,2,4.9,1.9,0,8.9,3,0,2,14.0,91,3.55,2,1.659461753676766,19.985804516313625,1.6102145113046793,74486.02575307926,14.292193415871623,2.70805020110221,1.0647107369924282
19,0,0,4,10.6,2.1,1,4.8,1,1,2,23.0,61,2.94,1,2.5180373974719235,7.054921429048166,0.0,25217.052320963478,8.005623197120133,3.1780538303479458,1.1314021114911006
19,1,2,4,3.6,1.6,1,7.5,3,0,1,9.0,86,3.57,2,1.3263003819268158,15.05166041856306,1.6102145113046793,63917.09875329975,14.5390899446019,2.302585092994046,0.9555114450274363
19,3,2,6,8.0,1.0,0,5.8,1,1,2,21.0,60,2.89,1,2.2007570648755084,9.76858741311186,0.0,24113.25572387178,7.590058642795928,3.091042453358316,0.6931471805599453
22,0,1,0,5.2,2.8,1,6.5,3,0,4,0.0,84,3.35,2,1.7243171824127188,11.845587262709715,1.6102145113046793,59971.57105866405,11.971316457356032,0.0,1.33500106673234
18,1,2,3,3.6,2.6,1,7.3,3,0,2,15.0,94,3.57,2,1.3263003819268158,14.388618785157242,1.6102145113046793,81323.92171042044,14.5390899446019,2.772588722239781,1.2809338454620642
16,0,0,2,13.1,1.6,1,5.5,1,0,3,22.0,55,2.35,1,2.7599867274701824,8.92242992355568,0.0,19051.54466123719,3.9439959616544056,3.1354942159291497,0.9555114450274363
16,0,0,0,4.7,1.3,1,7.5,4,0,2,13.0,93,3.59,2,1.6141037337096489,15.05166041856306,2.261698926363226,79002.48980321265,14.788739421516853,2.6390573296152584,0.832909122935104
20,0,2,3,2.7,1.5,1,5.9,2,1,3,4.0,88,3.38,2,1.0203866362587886,10.056584152579083,0.8778301681657564,68022.48375280312,12.302588311016644,1.6094379124341003,0.9162907318741551
20,0,2,4,4.4,3.0,1,7.0,3,0,2,10.0,94,3.61,2,1.5425211917840917,13.414325353558693,1.6102145113046793,81323.92171042044,15.041156949142636,2.3978952727983707,1.3862943611198906
18,1,2,5,4.4,2.1,0,8.6,3,1,2,4.0,83,3.06,2,1.5425211917840917,18.886266876241464,1.6102145113046793,58057.92927986961,9.06147389329403,1.6094379124341003,1.1314021114911006
17,0,0,4,3.8,2.3,1,7.0,3,0,2,8.0,85,3.53,2,1.384326776898207,13.414325353558693,1.6102145113046793,61924.51734422166,14.048034731048165,2.1972245773362196,1.1939224684724346
20,0,2,6,3.4,2.9,1,7.1,2,0,4,17.0,88,3.84,2,1.2651404807900501,13.736367236790857,0.8778301681657564,68022.48375280312,18.147794866724794,2.8903717578961645,1.3609765531356006
18,1,2,6,11.3,0.8,1,5.0,1,1,2,36.0,46,2.99,0,2.5908119746730964,7.5729175150710875,0.0,11743.200224808417,8.435414399576228,3.6109179126442243,0.5877866649021191
16,0,0,4,5.2,1.9,1,7.1,4,1,3,13.0,76,3.44,2,1.7243171824127188,13.736367236790857,2.261698926363226,45734.94462371378,12.982796395310663,2.6390573296152584,1.0647107369924282
20,0,2,6,4.8,2.3,0,7.7,3,0,1,15.0,85,3.63,2,1.6370062359244075,15.725375748712496,1.6102145113046793,61924.51734422166,15.296357628263685,2.772588722239781,1.1939224684724346
20,1,0,3,3.4,1.4,1,10.1,5,1,2,4.0,98,4.0,2,1.2651404807900501,24.605283563754092,2.858956583624191,91038.45997193112,20.53818254914221,1.6094379124341003,0.8754687373538999
24,1,1,0,5.9,2.4,1,6.9,2,1,3,17.0,77,3.71,2,1.8628491617376208,13.095026718981076,0.8778301681657564,47382.81123366814,16.345293814978213,2.8903717578961645,1.2237754316221157
18,1,2,1,4.7,2.7,0,7.0,2,1,3,18.0,86,3.47,2,1.6141037337096489,13.414325353558693,0.8778301681657564,63917.09875329975,13.331834670752924,2.9444389791664403,1.308332819650179
20,0,2,0,2.7,3.1,1,7.7,3,0,3,10.0,96,3.43,2,1.0203866362587886,15.725375748712496,1.6102145113046793,86094.79021322812,12.867780191912736,2.3978952727983707,1.410986973710262
16,0,0,2,7.3,2.5,1,6.3,2,1,2,19.0,68,3.62,2,2.09855491776158,11.237755995802775,0.8778301681657564,33841.334443280015,15.168408451034988,2.995732273553991,1.252762968495368
18,1,2,0,4.7,2.8,1,7.2,3,0,1,11.0,82,3.57,2,1.6141037337096489,14.061136801601103,1.6102145113046793,56183.26023893996,14.5390899446019,2.4849066497880004,1.33500106673234
19,1,2,6,5.9,2.4,1,7.5,3,1,2,15.0,85,3.63,2,1.8628491617376208,15.05166041856306,1.6102145113046793,61924.51734422166,15.296357628263685,2.772588722239781,1.2237754316221157
20,0,2,1,5.2,1.4,1,6.1,2,1,0,21.0,65,3.18,1,1.7243171824127188,10.641371908015127,0.8778301681657564,29949.25362327995,10.202544009650545,3.091042453358316,0.8754687373538999
21,0,2,0,2.7,1.1,1,8.7,4,0,4,4.0,96,4.0,2,1.0203866362587886,19.250269148910856,2.261698926363226,86094.79021322812,20.53818254914221,1.6094379124341003,0.7419373447293773
20,1,2,0,6.7,2.9,1,6.1,2,0,2,14.0,76,3.46,2,2.003284337102433,10.641371908015127,0.8778301681657564,45734.94462371378,13.21482174546893,2.70805020110221,1.3609765531356006
20,0,2,4,12.4,1.1,1,3.0,1,0,4,31.0,49,2.4,0,2.696975339309754,2.997232442083743,0.0,13934.324543079843,4.221031696142082,3.4657359027997265,0.7419373447293773
17,1,0,4,4.8,1.9,0,7.0,3,1,2,15.0,84,3.34,2,1.6370062359244075,13.414325353558693,1.6102145113046793,59971.57105866405,11.862188377883385,2.772588722239781,1.0647107369924282
18,1,2,6,4.6,2.7,1,7.4,3,1,2,8.0,83,3.6,2,1.5907355499331142,14.718798218821261,1.6102145113046793,58057.92927986961,14.914601235151155,2.1972245773362196,1.308332819650179
18,1,2,6,2.3,2.7,1,6.4,3,0,2,10.0,98,3.56,2,0.8519347810161471,11.540249794535706,1.6102145113046793,91038.45997193112,14.415298505689877,2.3978952727983707,1.308332819650179
17,0,0,3,2.8,2.6,1,8.1,4,0,4,7.0,98,3.98,2,1.0587970088869507,17.104383037428352,2.261698926363226,91038.45997193112,20.228771847318367,2.0794415416798357,1.2809338454620642
17,0,0,0,2.3,1.7,1,6.7,3,0,4,12.0,93,3.95,2,0.8519347810161471,12.464723049102489,1.6102145113046793,79002.48980321265,19.770392735367714,2.5649493574615367,0.9932517730102833
21,0,2,4,8.2,2.4,1,6.6,2,1,2,22.0,70,3.53,2,2.228404239984151,12.15375076672696,0.8778301681657564,36604.68597434723,14.048034731048165,3.1354942159291497,1.2237754316221157
17,3,0,0,8.7,2.0,1,3.8,1,1,1,14.0,69,2.79,2,2.294825646767686,4.661063699804611,0.0,35205.91224901557,6.80066146105074,2.70805020110221,1.0986122886681098
18,1,2,6,5.4,2.2,1,7.1,3,1,3,14.0,75,3.12,2,1.7656156766986153,13.736367236790857,1.6102145113046793,44123.69453376821,9.621151996683725,2.70805020110221,1.1631508098056809
19,0,2,4,5.5,1.9,1,6.1,2,1,3,21.0,65,2.71,1,1.7857252215541248,10.641371908015127,0.8778301681657564,29949.25362327995,6.208159224340435,3.091042453358316,1.0647107369924282
15,1,0,2,12.2,2.5,0,4.2,1,1,4,29.0,45,2.28,0,2.678353554567644,5.578429418447326,0.0,11064.678764162616,3.575285749408634,3.4011973816621555,1.252762968495368
18,1,2,4,3.5,0.8,1,7.8,4,0,2,16.0,96,3.69,2,1.2961337421106984,16.066200853784746,2.261698926363226,86094.79021322812,16.07880955652339,2.833213344056216,0.5877866649021191
18,0,2,3,4.7,1.3,0,7.5,3,0,2,11.0,81,3.56,2,1.6141037337096489,15.05166041856306,1.6102145113046793,54347.230996866165,14.415298505689877,2.4849066497880004,0.832909122935104
19,1,2,0,11.3,0.9,1,4.9,1,1,4,27.0,48,2.6,0,2.5908119746730964,7.3123368290812865,0.0,13177.630667357054,5.448177832569099,3.332204510175204,0.6418538861723948
21,1,2,6,4.5,1.7,1,6.4,2,0,2,12.0,74,3.48,2,1.5668817774441797,11.540249794535706,0.8778301681657564,42548.719285856496,13.449516948333956,2.5649493574615367,0.9932517730102833
19,1,2,3,2.5,2.4,1,8.1,4,0,4,10.0,97,3.5,2,0.9393512133898587,17.104383037428352,2.261698926363226,88544.86579764642,13.686897116192466,2.3978952727983707,1.2237754316221157
18,0,2,4,1.9,1.8,1,7.3,3,0,4,10.0,94,3.77,2,0.6531132144998397,14.388618785157242,1.6102145113046793,81323.92171042044,17.161958728612845,2.3978952727983707,1.0296194171811581
18,1,2,6,5.9,1.9,1,6.0,2,1,3,20.0,69,3.67,2,1.8628491617376208,10.347518899102251,0.8778301681657564,35205.91224901557,15.81516883547986,3.044522437723423,1.0647107369924282
17,0,0,0,8.5,2.1,1,5.7,1,1,2,24.0,63,2.9,1,2.268701594475235,9.483548899985696,0.0,27519.02697404476,7.672044795788171,3.2188758248682006,1.1314021114911006
26,0,1,3,5.0,2.2,1,6.9,2,1,3,12.0,87,3.63,2,1.681487870546516,13.095026718981076,0.8778301681657564,65949.64476800284,15.296357628263685,2.5649493574615367,1.1631508098056809
18,0,0,0,2.2,0.5,1,9.0,5,1,1,0.0,98,3.79,2,0.8054926939148117,20.357314790663057,2.858956583624191,91038.45997193112,17.43996804213093,0.0,0.4054651081081644
19,1,2,0,1.9,1.8,0,8.9,3,0,4,0.0,98,3.65,2,0.6531132144998397,19.985804516313625,1.6102145113046793,91038.45997193112,15.554356557932616,0.0,1.0296194171811581
18,1,0,4,5.7,2.9,0,5.4,3,1,1,18.0,63,3.03,1,1.8249272994757757,8.646392457066119,1.6102145113046793,27519.02697404476,8.789649747573227,2.9444389791664403,1.3609765531356006
18,0,2,0,2.5,3.0,1,7.0,4,1,3,13.0,93,3.67,2,0.9393512133898587,13.414325353558693,2.261698926363226,79002.48980321265,15.81516883547986,2.6390573296152584,1.3862943611198906
19,0,2,0,3.7,1.6,1,6.9,2,1,2,14.0,83,3.63,2,1.3556845124032513,13.095026718981076,0.8778301681657564,58057.92927986961,15.296357628263685,2.70805020110221,0.9555114450274363
17,1,0,0,12.2,1.7,1,3.5,1,1,2,27.0,53,3.13,1,2.678353554567644,4.009728565370655,0.0,17233.337875033176,9.716531711647102,3.332204510175204,0.9932517730102833
18,0,2,3,2.5,1.4,1,8.9,4,1,0,4.0,97,4.0,2,0.9393512133898587,19.985804516313625,2.261698926363226,88544.86579764642,20.53818254914221,1.6094379124341003,0.8754687373538999
22,1,1,0,3.6,3.0,1,7.5,4,0,1,16.0,96,3.4,2,1.3263003819268158,15.05166041856306,2.261698926363226,86094.79021322812,12.526694794914107,2.833213344056216,1.3862943611198906
17,0,0,6,14.0,2.1,1,3.2,1,1,4,32.0,36,2.56,0,2.8364774847199032,3.3910086472942322,0.0,6046.635364950908,5.187090088695495,3.4965075614664802,1.1314021114911006
19,0,2,0,7.0,1.2,1,5.7,2,1,0,20.0,73,3.35,2,2.0518855355680303,9.483548899985696,0.8778301681657564,41009.67586813584,11.971316457356032,3.044522437723423,0.7884573603642702
18,1,2,4,3.2,2.0,1,8.6,3,1,3,17.0,98,4.0,2,1.2004777883442346,18.886266876241464,1.6102145113046793,91038.45997193112,20.53818254914221,2.8903717578961645,1.0986122886681098
18,0,2,0,2.3,1.1,1,7.3,3,0,1,13.0,89,3.44,2,0.8519347810161471,14.388618785157242,1.6102145113046793,70135.94297111471,12.982796395310663,2.6390573296152584,0.7419373447293773
18,1,2,0,3.4,2.1,1,7.6,2,1,3,8.0,94,3.35,2,1.2651404807900501,15.387190975810833,0.8778301681657564,81323.92171042044,11.971316457356032,2.1972245773362196,1.1314021114911006
15,0,0,0,5.0,1.2,1,6.3,2,1,1,13.0,77,3.62,2,1.681487870546516,11.237755995802775,0.8778301681657564,47382.81123366814,15.168408451034988,2.6390573296152584,0.7884573603642702
16,1,0,6,3.4,0.6,1,6.7,3,0,2,16.0,78,3.43,2,1.2651404807900501,12.464723049102489,1.6102145113046793,49067.63473037756,12.867780191912736,2.833213344056216,0.4700036292457356
17,1,0,6,5.0,1.7,1,7.1,2,0,2,12.0,72,3.66,2,1.681487870546516,13.736367236790857,0.8778301681657564,39506.21991155572,15.684410084705304,2.5649493574615367,0.9932517730102833
15,0,0,6,5.5,2.9,1,4.5,1,1,3,22.0,66,3.45,1,1.7857252215541248,6.301933826278156,0.0,31213.358948090136,13.098476283389891,3.1354942159291497,1.3609765531356006
18,0,2,0,4.6,1.2,1,6.6,2,1,1,16.0,77,3.76,2,1.5907355499331142,12.15375076672696,0.8778301681657564,47382.81123366814,17.024043975850308,2.833213344056216,0.7884573603642702
20,0,2,0,2.6,2.3,0,7.0,3,0,1,6.0,86,4.0,2,0.9806061985963926,13.414325353558693,1.6102145113046793,63917.09875329975,20.53818254914221,1.9459101490553132,1.1939224684724346
18,0,2,0,7.2,2.7,1,7.5,2,1,2,16.0,85,3.26,2,2.0832033609937755,15.05166041856306,0.8778301681657564,61924.51734422166,11.012217184536736,2.833213344056216,1.308332819650179
17,0,0,0,4.3,0.4,0,6.0,3,0,1,12.0,76,3.9,2,1.5176311317383155,10.347518899102251,1.6102145113046793,45734.94462371378,19.021600464068523,2.5649493574615367,0.33647223662121295
16,0,0,3,4.5,2.4,1,6.5,2,0,0,5.0,80,3.56,2,1.5668817774441797,11.845587262709715,0.8778301681657564,52549.50742605369,14.415298505689877,1.791759469228055,1.2237754316221157
17,0,0,3,1.5,1.9,0,8.6,4,1,0,0.0,98,3.7,2,0.4099390405603449,18.886266876241464,2.261698926363226,91038.45997193112,16.211695300270975,0.0,1.0647107369924282
15,1,0,3,3.8,2.0,1,8.1,3,0,2,2.0,93,3.73,2,1.384326776898207,17.104383037428352,1.6102145113046793,79002.48980321265,16.614636703065745,1.0986122886681098,1.0986122886681098
18,0,2,0,8.7,2.2,0,5.8,2,1,4,25.0,73,2.27,1,2.294825646767686,9.76858741311186,0.8778301681657564,41009.67586813584,3.52440268568283,3.258096538021482,1.1631508098056809
20,1,2,6,2.0,0.2,1,7.2,3,0,3,9.0,98,3.55,2,0.7062901854968463,14.061136801601103,1.6102145113046793,91038.45997193112,14.292193415871623,2.302585092994046,0.18232155679395465
18,0,2,0,6.7,2.3,1,6.5,2,1,2,20.0,76,3.29,2,2.003284337102433,11.845587262709715,0.8778301681657564,45734.94462371378,11.326181944781949,3.044522437723423,1.1939224684724346
20,1,2,4,6.7,0.3,1,7.3,3,1,4,16.0,73,3.54,2,2.003284337102433,14.388618785157242,1.6102145113046793,41009.67586813584,14.169772787057607,2.833213344056216,0.262364264467491
18,1,2,0,9.3,1.9,1,4.2,1,1,2,18.0,70,2.82,1,2.36992126816704,5.578429418447326,0.0,36604.68597434723,7.031717803560084,2.9444389791664403,1.0647107369924282
20,1,2,4,11.8,1.9,1,4.6,1,1,4,21.0,55,2.81,1,2.6402273159631737,6.549692444201377,0.0,19051.54466123719,6.954155242313397,3.091042453358316,1.0647107369924282
19,0,2,0,5.8,2.5,1,6.6,2,0,3,18.0,67,3.17,2,1.8440428632175376,12.15375076672696,0.8778301681657564,32510.60102499727,10.104120077547,2.9444389791664403,1.252762968495368
20,1,2,0,6.1,2.5,1,6.7,1,1,2,23.0,82,2.9,1,1.8995739499976299,12.464723049102489,0.0,56183.26023893996,7.672044795788171,3.1780538303479458,1.252762968495368
18,1,2,3,3.2,2.4,1,7.8,3,0,2,9.0,87,3.53,2,1.2004777883442346,16.066200853784746,1.6102145113046793,65949.64476800284,14.048034731048165,2.302585092994046,1.2237754316221157
19,0,2,4,4.1,2.9,1,5.3,1,1,0,20.0,90,3.33,2,1.466163943905982,8.3733992567368,0.0,72290.34860143652,11.7537050835968,3.044522437723423,1.3609765531356006
21,1,2,3,4.3,1.4,1,6.0,3,0,3,15.0,85,3.44,2,1.5176311317383155,10.347518899102251,1.6102145113046793,61924.51734422166,12.982796395310663,2.772588722239781,0.8754687373538999
17,0,0,4,3.0,1.9,1,6.0,2,0,1,16.0,94,3.6,2,1.1318728617817535,10.347518899102251,0.8778301681657564,81323.92171042044,14.914601235151155,2.833213344056216,1.0647107369924282
21,0,2,6,3.3,2.4,1,7.6,3,0,2,6.0,92,3.42,2,1.2332726085820729,15.387190975810833,1.6102145113046793,76723.29848149381,12.753425783763895,1.9459101490553132,1.2237754316221157
20,1,2,6,3.8,1.1,1,8.3,4,0,3,3.0,96,4.0,2,1.384326776898207,17.809462547767687,2.261698926363226,86094.79021322812,20.53818254914221,1.3862943611198906,0.7419373447293773
19,0,2,4,2.3,2.1,1,7.9,4,0,2,12.0,80,3.71,2,0.8519347810161471,16.409652657927705,2.261698926363226,52549.50742605369,16.345293814978213,2.5649493574615367,1.1314021114911006
23,0,2,6,6.6,1.5,1,5.6,1,1,1,14.0,69,3.63,2,1.9866255656836118,9.201489326998276,0.0,35205.91224901557,15.296357628263685,2.70805020110221,0.9162907318741551
19,0,2,0,3.9,2.1,1,8.0,3,1,0,1.0,96,3.84,2,1.4122647058505842,16.755717770784734,1.6102145113046793,86094.79021322812,18.147794866724794,0.6931471805599453,1.1314021114911006
17,1,0,4,5.8,0.9,1,5.6,2,1,4,25.0,70,3.04,1,1.8440428632175376,9.201489326998276,0.8778301681657564,36604.68597434723,8.879669149882293,3.258096538021482,0.6418538861723948
22,0,1,3,10.3,0.9,1,5.4,1,1,1,27.0,69,2.95,1,2.4854465759314417,8.646392457066119,0.0,35205.91224901557,8.090435723777606,3.332204510175204,0.6418538861723948
18,1,2,4,5.0,2.6,1,5.7,2,1,1,10.0,69,3.58,2,1.681487870546516,9.483548899985696,0.8778301681657564,35205.91224901557,14.663569620587477,2.3978952727983707,1.2809338454620642
22,0,1,3,3.1,1.8,0,5.3,2,1,4,17.0,71,3.35,2,1.1666987907776478,8.3733992567368,0.8778301681657564,38038.0056657807,11.971316457356032,2.8903717578961645,1.0296194171811581
18,1,2,6,8.7,1.8,0,5.0,2,1,3,24.0,68,3.14,1,2.294825646767686,7.5729175150710875,0.8778301681657564,33841.334443280015,9.81251648426725,3.2188758248682006,1.0296194171811581
20,0,2,2,14.0,1.9,0,3.0,1,1,3,40.0,34,2.39,0,2.8364774847199032,2.997232442083743,0.0,5179.54991027035,4.164699164884756,3.713572066704308,1.0647107369924282
18,1,2,6,7.3,2.6,1,7.6,3,1,3,18.0,78,3.09,2,2.09855491776158,15.387190975810833,1.6102145113046793,49067.63473037756,9.338624265751184,2.9444389791664403,1.2809338454620642
17,1,0,0,5.1,0.6,1,5.5,1,1,4,5.0,81,3.74,2,1.7031011436641108,8.92242992355568,0.0,54347.230996866165,16.750384849080206,1.791759469228055,0.4700036292457356
21,0,2,4,6.5,1.8,0,5.2,1,0,1,17.0,71,3.46,2,1.9697262931476014,8.103473238889842,0.0,38038.0056657807,13.21482174546893,2.8903717578961645,1.0296194171811581
18,0,0,6,6.5,0.2,1,7.0,2,1,1,14.0,83,3.09,2,1.9697262931476014,13.414325353558693,0.8778301681657564,58057.92927986961,9.338624265751184,2.70805020110221,0.18232155679395465
16,0,0,0,4.6,1.1,1,5.4,1,1,4,11.0,73,3.2,2,1.5907355499331142,8.646392457066119,0.0,41009.67586813584,10.401237330639699,2.4849066497880004,0.7419373447293773
20,1,2,4,7.0,1.3,2,5.3,2,1,4,18.0,67,3.1,1,2.0518855355680303,8.3733992567368,0.8778301681657564,32510.60102499727,9.43220016705984,2.9444389791664403,0.832909122935104
23,0,2,4,4.0,2.1,1,7.0,3,1,1,12.0,88,3.54,2,1.4395330280586147,13.414325353558693,1.6102145113046793,68022.48375280312,14.169772787057607,2.5649493574615367,1.1314021114911006
15,1,0,6,3.1,1.6,1,6.5,3,1,4,15.0,84,4.0,2,1.1666987907776478,11.845587262709715,1.6102145113046793,59971.57105866405,20.53818254914221,2.772588722239781,0.9555114450274363
17,1,0,0,2.1,2.7,1,6.4,2,0,1,6.0,91,3.94,2,0.7570090469002981,11.540249794535706,0.8778301681657564,74486.02575307926,19.619122013712897,1.9459101490553132,1.308332819650179
20,1,2,4,6.2,2.4,1,7.4,3,1,3,15.0,85,3.46,2,1.9175112322134875,14.718798218821261,1.6102145113046793,61924.51734422166,13.21482174546893,2.772588722239781,1.2237754316221157
19,0,2,0,3.1,1.9,0,7.2,3,1,3,0.0,92,4.0,2,1.1666987907776478,14.061136801601103,1.6102145113046793,76723.29848149381,20.53818254914221,0.0,1.0647107369924282
21,0,2,1,3.9,2.2,1,6.8,2,0,0,8.0,94,3.88,2,1.4122647058505842,12.778487214922173,0.8778301681657564,81323.92171042044,18.72735011125622,2.1972245773362196,1.1631508098056809
18,1,2,0,3.8,0.4,1,7.9,4,0,2,1.0,85,3.69,2,1.384326776898207,16.409652657927705,2.261698926363226,61924.51734422166,16.07880955652339,0.6931471805599453,0.33647223662121295
16,1,0,6,4.7,2.2,1,6.1,3,0,4,22.0,82,3.4,2,1.6141037337096489,10.641371908015127,1.6102145113046793,56183.26023893996,12.526694794914107,3.1354942159291497,1.1631508098056809
17,0,0,0,7.0,3.5,1,6.1,2,0,1,18.0,64,3.23,1,2.0518855355680303,10.641371908015127,0.8778301681657564,28717.928887801263,10.703919338092492,2.9444389791664403,1.5040773967762742
18,3,2,6,3.2,2.8,1,7.5,3,1,4,5.0,88,3.86,2,1.2004777883442346,15.05166041856306,1.6102145113046793,68022.48375280312,18.436086604872493,1.791759469228055,1.33500106673234
15,1,0,0,3.9,2.0,0,8.0,2,0,1,16.0,83,3.7,2,1.4122647058505842,16.755717770784734,0.8778301681657564,58057.92927986961,16.211695300270975,2.833213344056216,1.0986122886681098
18,0,2,6,5.6,1.6,1,7.8,3,1,3,8.0,85,3.5,2,1.8054918230589363,16.066200853784746,1.6102145113046793,61924.51734422166,13.686897116192466,2.1972245773362196,0.9555114450274363
19,0,2,0,2.7,2.1,1,6.6,2,1,3,7.0,84,3.97,2,1.0203866362587886,12.15375076672696,0.8778301681657564,59971.57105866405,20.075215768293244,2.0794415416798357,1.1314021114911006
21,1,2,0,6.0,2.6,1,6.6,2,0,2,15.0,79,3.94,2,1.8813563150191603,12.15375076672696,0.8778301681657564,50789.75419132553,19.619122013712897,2.772588722239781,1.2809338454620642
18,0,2,2,4.0,2.3,1,6.0,3,1,3,7.0,86,3.29,2,1.4395330280586147,10.347518899102251,1.6102145113046793,63917.09875329975,11.326181944781949,2.0794415416798357,1.1939224684724346
17,1,0,2,4.5,2.1,1,6.8,3,1,3,8.0,88,3.53,2,1.5668817774441797,12.778487214922173,1.6102145113046793,68022.48375280312,14.048034731048165,2.1972245773362196,1.1314021114911006
20,2,2,4,5.8,2.2,0,7.9,3,1,1,10.0,81,3.57,2,1.8440428632175376,16.409652657927705,1.6102145113046793,54347.230996866165,14.5390899446019,2.3978952727983707,1.1631508098056809
19,0,2,0,4.5,2.0,1,7.7,3,0,3,5.0,85,3.83,2,1.5668817774441797,15.725375748712496,1.6102145113046793,61924.51734422166,18.00475869836222,1.791759469228055,1.0986122886681098
25,0,1,3,3.1,2.1,1,8.1,4,1,1,10.0,97,3.29,2,1.1666987907776478,17.104383037428352,2.261698926363226,88544.86579764642,11.326181944781949,2.3978952727983707,1.1314021114911006
26,1,1,4,5.7,1.1,1,6.5,2,1,2,26.0,70,3.23,1,1.8249272994757757,11.845587262709715,0.8778301681657564,36604.68597434723,10.703919338092492,3.295836866004329,0.7419373447293773
20,0,2,0,8.3,0.6,1,5.8,2,1,2,18.0,72,2.87,1,2.2419894696219833,9.76858741311186,0.8778301681657564,39506.21991155572,7.4277632011547565,2.9444389791664403,0.4700036292457356
19,0,0,0,6.6,1.0,1,8.5,3,1,4,13.0,80,4.0,2,1.9866255656836118,18.524790399056656,1.6102145113046793,52549.50742605369,20.53818254914221,2.6390573296152584,0.6931471805599453
18,0,2,2,7.7,2.8,1,5.4,1,1,2,11.0,69,3.13,2,2.158035210576757,8.646392457066119,0.0,35205.91224901557,9.716531711647102,2.4849066497880004,1.33500106673234
16,0,0,4,6.9,1.3,1,7.2,2,0,4,17.0,70,3.43,2,2.0359078246346916,14.061136801601103,0.8778301681657564,36604.68597434723,12.867780191912736,2.8903717578961645,0.832909122935104
18,1,0,4,3.1,2.1,1,7.4,3,0,4,6.0,94,4.0,2,1.1666987907776478,14.718798218821261,1.6102145113046793,81323.92171042044,20.53818254914221,1.9459101490553132,1.1314021114911006
19,0,2,1,4.7,1.8,1,7.9,2,0,2,14.0,87,3.51,2,1.6141037337096489,16.409652657927705,0.8778301681657564,65949.64476800284,13.806598784091944,2.70805020110221,1.0296194171811581
17,0,0,4,5.9,2.1,1,5.4,3,1,3,10.0,83,4.0,2,1.8628491617376208,8.646392457066119,1.6102145113046793,58057.92927986961,20.53818254914221,2.3978952727983707,1.1314021114911006
19,0,2,5,7.3,1.7,1,6.1,2,0,2,20.0,57,3.0,1,2.09855491776158,10.641371908015127,0.8778301681657564,20986.249109062494,8.52310068647062,3.044522437723423,0.9932517730102833
15,1,0,4,7.8,1.7,1,5.1,2,1,4,19.0,59,3.17,1,2.172448159416712,7.836637933925062,0.8778301681657564,23040.434161822523,10.104120077547,2.995732273553991,0.9932517730102833
16,0,0,4,4.7,2.1,0,6.5,2,0,1,10.0,84,3.16,2,1.6141037337096489,11.845587262709715,0.8778301681657564,59971.57105866405,10.006308774393966,2.3978952727983707,1.1314021114911006
22,0,1,2,2.4,2.3,0,8.9,4,0,2,7.0,98,3.42,2,0.8965046417701628,19.985804516313625,2.261698926363226,91038.45997193112,12.753425783763895,2.0794415416798357,1.1939224684724346
21,1,2,0,3.5,2.6,1,8.8,4,0,3,5.0,98,3.54,2,1.2961337421106984,19.61678552928072,2.261698926363226,91038.45997193112,14.169772787057607,1.791759469228055,1.2809338454620642
17,1,0,6,5.7,0.9,2,4.9,2,1,0,18.0,73,3.66,2,1.8249272994757757,7.3123368290812865,0.8778301681657564,41009.67586813584,15.684410084705304,2.9444389791664403,0.6418538861723948
20,1,2,0,4.0,1.3,1,7.0,3,0,3,6.0,87,3.71,2,1.4395330280586147,13.414325353558693,1.6102145113046793,65949.64476800284,16.345293814978213,1.9459101490553132,0.832909122935104
18,1,2,4,2.6,2.2,0,7.0,3,0,0,11.0,91,3.81,2,0.9806061985963926,13.414325353558693,1.6102145113046793,74486.02575307926,17.720896337416892,2.4849066497880004,1.1631508098056809
19,1,2,0,5.8,1.0,1,7.5,3,0,3,17.0,84,3.35,2,1.8440428632175376,15.05166041856306,1.6102145113046793,59971.57105866405,11.971316457356032,2.8903717578961645,0.6931471805599453
19,1,2,0,8.3,2.1,0,7.2,3,1,1,23.0,65,3.23,1,2.2419894696219833,14.061136801601103,1.6102145113046793,29949.25362327995,10.703919338092492,3.1780538303479458,1.1314021114911006
18,1,2,0,11.4,1.6,1,3.9,1,1,1,28.0,54,2.1,0,2.600858321956055,4.885236590833674,0.0,18128.066722063846,2.725421132965297,3.367295829986474,0.9555114450274363
19,1,2,4,2.8,1.1,1,8.6,2,1,2,5.0,98,3.74,2,1.0587970088869507,18.886266876241464,0.8778301681657564,91038.45997193112,16.750384849080206,1.791759469228055,0.7419373447293773
24,0,1,4,5.6,1.0,1,7.0,3,1,3,20.0,74,3.16,2,1.8054918230589363,13.414325353558693,1.6102145113046793,42548.719285856496,10.006308774393966,3.044522437723423,0.6931471805599453
19,1,2,4,5.0,2.1,2,7.4,3,0,1,15.0,74,3.84,2,1.681487870546516,14.718798218821261,1.6102145113046793,42548.719285856496,18.147794866724794,2.772588722239781,1.1314021114911006
23,1,1,0,5.8,2.7,1,6.8,3,1,4,21.0,79,3.19,2,1.8440428632175376,12.778487214922173,1.6102145113046793,50789.75419132553,10.301582463218029,3.091042453358316,1.308332819650179
18,0,2,1,8.4,2.9,0,5.6,2,1,3,21.0,59,3.21,1,2.2554207388342977,9.201489326998276,0.8778301681657564,23040.434161822523,10.501510504182985,3.091042453358316,1.3609765531356006
20,0,2,0,4.6,1.9,1,7.7,4,0,2,12.0,79,3.82,2,1.5907355499331142,15.725375748712496,2.261698926363226,50789.75419132553,17.862459817003035,2.5649493574615367,1.0647107369924282
19,1,2,4,8.2,0.9,1,5.2,2,0,0,26.0,74,2.99,1,2.228404239984151,8.103473238889842,0.8778301681657564,42548.719285856496,8.435414399576228,3.295836866004329,0.6418538861723948
17,1,0,6,4.1,2.6,1,6.4,2,1,2,9.0,86,3.28,2,1.466163943905982,11.540249794535706,0.8778301681657564,63917.09875329975,11.220894215246592,2.302585092994046,1.2809338454620642
15,1,0,2,6.0,0.6,1,6.4,2,1,3,19.0,64,3.28,1,1.8813563150191603,11.540249794535706,0.8778301681657564,28717.928887801263,11.220894215246592,2.995732273553991,0.4700036292457356
17,3,0,3,4.7,2.0,1,7.6,3,0,3,20.0,87,2.52,2,1.6141037337096489,15.387190975810833,1.6102145113046793,65949.64476800284,4.933953304930304,3.044522437723423,1.0986122886681098
18,1,2,0,7.0,1.4,1,6.5,2,1,0,16.0,69,2.46,1,2.0518855355680303,11.845587262709715,0.8778301681657564,35205.91224901557,4.568889989737314,2.833213344056216,0.8754687373538999
16,1,0,4,4.7,2.2,1,6.9,2,1,3,7.0,98,4.0,2,1.6141037337096489,13.095026718981076,0.8778301681657564,91038.45997193112,20.53818254914221,2.0794415416798357,1.1631508098056809
18,0,0,4,14.0,1.8,1,4.2,1,1,1,34.0,41,2.71,0,2.8364774847199032,5.578429418447326,0.0,8599.276398203338,6.208159224340435,3.5553480614894135,1.0296194171811581
17,1,0,3,2.8,1.8,1,7.9,3,0,1,13.0,94,3.41,2,1.0587970088869507,16.409652657927705,1.6102145113046793,81323.92171042044,12.639731281317893,2.6390573296152584,1.0296194171811581
21,1,2,4,7.2,1.2,1,4.6,1,1,2,24.0,64,3.33,1,2.0832033609937755,6.549692444201377,0.0,28717.928887801263,11.7537050835968,3.2188758248682006,0.7884573603642702
17,1,0,6,3.0,1.5,1,6.4,2,0,0,11.0,88,4.0,2,1.1318728617817535,11.540249794535706,0.8778301681657564,68022.48375280312,20.53818254914221,2.4849066497880004,0.9162907318741551
17,1,0,3,4.3,2.0,0,5.5,2,1,3,12.0,79,3.63,2,1.5176311317383155,8.92242992355568,0.8778301681657564,50789.75419132553,15.296357628263685,2.5649493574615367,1.0986122886681098
19,1,2,5,6.5,1.4,1,6.2,2,1,2,20.0,77,3.37,2,1.9697262931476014,10.938123890491681,0.8778301681657564,47382.81123366814,12.19151453362671,3.044522437723423,0.8754687373538999
18,1,2,0,6.4,2.1,0,5.3,1,1,1,10.0,80,2.73,2,1.9525792661508234,8.3733992567368,0.0,52549.50742605369,6.353094218431751,2.3978952727983707,1.1314021114911006
21,1,2,0,8.7,2.1,1,5.5,1,0,2,21.0,64,2.92,1,2.294825646767686,8.92242992355568,0.0,28717.928887801263,7.837703446786447,3.091042453358316,1.1314021114911006
20,0,2,0,2.1,2.5,1,8.6,4,0,2,0.0,95,3.46,2,0.7570090469002981,18.886266876241464,2.261698926363226,83687.91518516612,13.21482174546893,0.0,1.252762968495368
16,1,0,6,3.7,0.5,1,6.2,2,0,3,11.0,71,3.28,2,1.3556845124032513,10.938123890491681,0.8778301681657564,38038.0056657807,11.220894215246592,2.4849066497880004,0.4054651081081644
21,0,2,0,14.0,1.6,0,3.9,1,1,2,35.0,46,2.66,0,2.8364774847199032,4.885236590833674,0.0,11743.200224808417,5.854983580710072,3.58351893845611,0.9555114450274363
19,1,2,0,7.5,2.4,1,5.9,2,1,2,20.0,72,3.08,1,2.1286702202484076,10.056584152579083,0.8778301681657564,39506.21991155572,9.245645848802152,3.044522437723423,1.2237754316221157
21,0,0,6,8.4,2.2,0,5.7,2,1,2,15.0,64,3.04,2,2.2554207388342977,9.483548899985696,0.8778301681657564,28717.928887801263,8.879669149882293,2.772588722239781,1.1631508098056809
17,0,0,0,5.3,1.5,0,8.1,3,1,2,16.0,88,3.4,2,1.7451507197105387,17.104383037428352,1.6102145113046793,68022.48375280312,12.526694794914107,2.833213344056216,0.9162907318741551
17,0,0,0,4.3,2.1,0,6.3,2,0,1,18.0,81,3.31,2,1.5176311317383155,11.237755995802775,0.8778301681657564,54347.230996866165,11.53866528811148,2.9444389791664403,1.1314021114911006
21,1,2,4,14.0,1.4,1,4.9,1,1,1,27.0,45,2.74,0,2.8364774847199032,7.3123368290812865,0.0,11064.678764162616,6.426354611099438,3.332204510175204,0.8754687373538999
24,1,1,4,2.2,1.8,1,8.3,3,0,2,3.0,98,3.54,2,0.8054926939148117,17.809462547767687,1.6102145113046793,91038.45997193112,14.169772787057607,1.3862943611198906,1.0296194171811581
17,1,0,4,2.9,2.3,1,7.8,3,0,2,8.0,81,3.54,2,1.095930983777979,16.066200853784746,1.6102145113046793,54347.230996866165,14.169772787057607,2.1972245773362196,1.1939224684724346
22,1,2,5,7.7,1.0,1,6.2,3,1,2,24.0,73,3.34,1,2.158035210576757,10.938123890491681,1.6102145113046793,41009.67586813584,11.862188377883385,3.2188758248682006,0.6931471805599453
19,0,2,0,3.5,1.9,0,8.0,4,1,3,3.0,91,4.0,2,1.2961337421106984,16.755717770784734,2.261698926363226,74486.02575307926,20.53818254914221,1.3862943611198906,1.0647107369924282
18,1,0,0,6.5,1.2,1,5.3,2,1,4,23.0,55,3.43,1,1.9697262931476014,8.3733992567368,0.8778301681657564,19051.54466123719,12.867780191912736,3.1780538303479458,0.7884573603642702
19,0,2,0,3.6,1.9,1,8.5,3,0,2,7.0,92,3.77,2,1.3263003819268158,18.524790399056656,1.6102145113046793,76723.29848149381,17.161958728612845,2.0794415416798357,1.0647107369924282
16,0,0,0,8.1,1.8,1,5.8,1,0,2,20.0,80,3.3,2,2.2146613748949004,9.76858741311186,0.0,52549.50742605369,11.432105005383404,3.044522437723423,1.0296194171811581
18,1,0,0,7.3,2.7,1,6.4,2,1,3,16.0,78,2.89,2,2.09855491776158,11.540249794535706,0.8778301681657564,49067.63473037756,7.590058642795928,2.833213344056216,1.308332819650179
18,0,2,4,8.9,2.1,1,5.8,2,1,3,27.0,63,3.26,1,2.320387654485076,9.76858741311186,0.8778301681657564,27519.02697404476,11.012217184536736,3.332204510175204,1.1314021114911006
17,1,0,3,3.0,2.9,1,7.2,3,1,1,13.0,93,3.83,2,1.1318728617817535,14.061136801601103,1.6102145113046793,79002.48980321265,18.00475869836222,2.6390573296152584,1.3609765531356006
20,0,2,0,5.2,2.2,1,6.9,2,1,2,19.0,70,3.3,2,1.7243171824127188,13.095026718981076,0.8778301681657564,36604.68597434723,11.432105005383404,2.995732273553991,1.1631508098056809
17,1,0,3,1.1,3.4,1,10.1,5,1,3,5.0,98,3.88,2,0.09555600683054044,24.605283563754092,2.858956583624191,91038.45997193112,18.72735011125622,1.791759469228055,1.4816045409242156
16,1,0,4,2.3,1.5,1,7.5,3,1,3,8.0,98,4.0,2,0.8519347810161471,15.05166041856306,1.6102145113046793,91038.45997193112,20.53818254914221,2.1972245773362196,0.9162907318741551
16,0,0,0,4.1,2.9,1,7.3,2,0,3,4.0,85,3.68,2,1.466163943905982,14.388618785157242,0.8778301681657564,61924.51734422166,15.946634697155112,1.6094379124341003,1.3609765531356006
15,1,0,3,8.2,2.9,1,5.3,1,1,3,26.0,60,3.38,1,2.228404239984151,8.3733992567368,0.0,24113.25572387178,12.302588311016644,3.295836866004329,1.3609765531356006
18,0,2,3,12.3,2.8,1,5.5,1,1,1,21.0,51,2.4,1,2.6877002515080095,8.92242992355568,0.0,15528.613925862097,4.221031696142082,3.091042453358316,1.33500106673234
17,0,0,0,5.3,1.0,1,7.8,4,1,2,10.0,94,3.67,2,1.7451507197105387,16.066200853784746,2.261698926363226,81323.92171042044,15.81516883547986,2.3978952727983707,0.6931471805599453
18,0,2,0,6.5,2.9,1,6.8,2,1,2,13.0,79,4.0,2,1.9697262931476014,12.778487214922173,0.8778301681657564,50789.75419132553,20.53818254914221,2.6390573296152584,1.3609765531356006
16,0,0,6,6.6,2.0,1,6.8,1,1,2,25.0,82,3.19,1,1.9866255656836118,12.778487214922173,0.0,56183.26023893996,10.301582463218029,3.258096538021482,1.0986122886681098
19,0,2,4,5.6,1.9,1,7.3,3,1,4,8.0,80,3.6,2,1.8054918230589363,14.388618785157242,1.6102145113046793,52549.50742605369,14.914601235151155,2.1972245773362196,1.0647107369924282
22,1,2,6,4.9,2.4,1,6.6,3,0,2,10.0,81,3.97,2,1.659461753676766,12.15375076672696,1.6102145113046793,54347.230996866165,20.075215768293244,2.3978952727983707,1.2237754316221157
17,0,0,3,4.9,1.7,1,5.9,2,1,0,17.0,82,3.71,2,1.659461753676766,10.056584152579083,0.8778301681657564,56183.26023893996,16.345293814978213,2.8903717578961645,0.9932517730102833
20,1,2,4,6.2,2.3,1,7.0,3,1,3,4.0,77,3.63,2,1.9175112322134875,13.414325353558693,1.6102145113046793,47382.81123366814,15.296357628263685,1.6094379124341003,1.1939224684724346
16,0,0,4,11.7,2.3,1,5.4,1,1,2,27.0,53,2.88,1,2.630504798570763,8.646392457066119,0.0,17233.337875033176,7.508632076674728,3.332204510175204,1.1939224684724346
20,0,2,0,2.8,0.7,1,7.7,5,0,2,5.0,98,3.52,2,1.0587970088869507,15.725375748712496,2.858956583624191,91038.45997193112,13.926977359533225,1.791759469228055,0.5306282510621704
21,0,2,0,3.9,1.9,1,8.0,3,0,2,14.0,98,3.58,2,1.4122647058505842,16.755717770784734,1.6102145113046793,91038.45997193112,14.663569620587477,2.70805020110221,1.0647107369924282
18,1,2,0,5.8,1.3,1,8.1,3,1,2,16.0,91,3.35,2,1.8440428632175376,17.104383037428352,1.6102145113046793,74486.02575307926,11.971316457356032,2.833213344056216,0.832909122935104
19,0,2,0,6.7,2.1,0,5.1,1,1,2,17.0,57,3.13,1,2.003284337102433,7.836637933925062,0.0,20986.249109062494,9.716531711647102,2.8903717578961645,1.1314021114911006
15,1,0,0,13.5,1.7,1,4.2,1,1,3,28.0,51,2.73,0,2.7945774971966166,5.578429418447326,0.0,15528.613925862097,6.353094218431751,3.367295829986474,0.9932517730102833
19,0,2,6,4.5,2.7,0,7.2,2,1,4,12.0,96,3.66,2,1.5668817774441797,14.061136801601103,0.8778301681657564,86094.79021322812,15.684410084705304,2.5649493574615367,1.308332819650179
18,0,2,0,3.4,2.9,1,6.8,3,1,3,9.0,83,4.0,2,1.2651404807900501,12.778487214922173,1.6102145113046793,58057.92927986961,20.53818254914221,2.302585092994046,1.3609765531356006
20,0,2,3,4.2,2.1,1,5.7,3,1,3,12.0,71,3.36,2,1.492187365993103,9.483548899985696,1.6102145113046793,38038.0056657807,12.08109121248574,2.5649493574615367,1.1314021114911006
19,0,0,0,4.6,1.4,1,6.8,2,0,2,15.0,97,3.51,2,1.5907355499331142,12.778487214922173,0.8778301681657564,88544.86579764642,13.806598784091944,2.772588722239781,0.8754687373538999
20,0,2,4,2.4,2.4,1,9.1,4,1,3,3.0,98,3.88,2,0.8965046417701628,20.73130520980927,2.261698926363226,91038.45997193112,18.72735011125622,1.3862943611198906,1.2237754316221157
22,1,2,4,3.9,2.1,1,6.8,3,0,3,14.0,83,3.3,2,1.4122647058505842,12.778487214922173,1.6102145113046793,58057.92927986961,11.432105005383404,2.70805020110221,1.1314021114911006
18,1,2,2,12.2,0.0,1,4.9,1,1,2,25.0,45,2.38,0,2.678353554567644,7.3123368290812865,0.0,11064.678764162616,4.108831229646327,3.258096538021482,0.0
19,1,2,2,3.7,0.6,1,7.4,2,0,2,5.0,98,4.0,2,1.3556845124032513,14.718798218821261,0.8778301681657564,91038.45997193112,20.53818254914221,1.791759469228055,0.4700036292457356
17,2,0,6,3.3,2.4,1,5.1,2,0,3,17.0,83,3.59,2,1.2332726085820729,7.836637933925062,0.8778301681657564,58057.92927986961,14.788739421516853,2.8903717578961645,1.2237754316221157
21,0,2,4,4.2,1.6,1,6.1,2,0,4,16.0,77,3.6,2,1.492187365993103,10.641371908015127,0.8778301681657564,47382.81123366814,14.914601235151155,2.833213344056216,0.9555114450274363
20,1,2,4,3.3,3.4,1,7.2,4,0,2,7.0,87,3.97,2,1.2332726085820729,14.061136801601103,2.261698926363226,65949.64476800284,20.075215768293244,2.0794415416798357,1.4816045409242156
20,0,2,3,8.5,2.1,1,5.4,2,1,3,10.0,78,2.89,2,2.268701594475235,8.646392457066119,0.8778301681657564,49067.63473037756,7.590058642795928,2.3978952727983707,1.1314021114911006
18,0,2,0,3.7,1.1,1,6.7,1,0,4,12.0,86,3.43,2,1.3556845124032513,12.464723049102489,0.0,63917.09875329975,12.867780191912736,2.5649493574615367,0.7419373447293773
19,1,2,0,4.1,2.2,1,7.6,3,0,2,10.0,86,3.8,2,1.466163943905982,15.387190975810833,1.6102145113046793,63917.09875329975,17.58006637427118,2.3978952727983707,1.1631508098056809
17,1,0,0,8.6,1.9,1,7.1,2,1,2,17.0,83,3.21,2,2.2818354611447473,13.736367236790857,0.8778301681657564,58057.92927986961,10.501510504182985,2.8903717578961645,1.0647107369924282
19,0,2,0,2.4,2.4,0,6.5,2,0,4,16.0,84,3.74,2,0.8965046417701628,11.845587262709715,0.8778301681657564,59971.57105866405,16.750384849080206,2.833213344056216,1.2237754316221157
22,2,1,4,3.7,2.8,1,6.9,3,0,3,7.0,87,4.0,2,1.3556845124032513,13.095026718981076,1.6102145113046793,65949.64476800284,20.53818254914221,2.0794415416798357,1.33500106673234
20,0,2,6,4.0,1.0,1,6.5,2,1,4,8.0,88,3.86,2,1.4395330280586147,11.845587262709715,0.8778301681657564,68022.48375280312,18.436086604872493,2.1972245773362196,0.6931471805599453
19,0,2,4,4.7,1.5,0,7.4,3,1,2,12.0,96,3.57,2,1.6141037337096489,14.718798218821261,1.6102145113046793,86094.79021322812,14.5390899446019,2.5649493574615367,0.9162907318741551
20,1,2,4,9.0,0.8,1,4.0,1,1,2,21.0,66,2.88,1,2.332965554974335,5.112878346441948,0.0,31213.358948090136,7.508632076674728,3.091042453358316,0.5877866649021191
17,0,0,4,7.8,1.4,0,7.1,3,1,2,10.0,76,3.64,2,2.172448159416712,13.736367236790857,1.6102145113046793,45734.94462371378,15.425006368156271,2.3978952727983707,0.8754687373538999
20,1,2,0,3.8,1.0,1,6.3,3,0,2,14.0,86,3.99,2,1.384326776898207,11.237755995802775,1.6102145113046793,63917.09875329975,20.38309347972413,2.70805020110221,0.6931471805599453
20,0,0,6,3.0,1.5,1,7.5,4,0,4,2.0,96,3.82,2,1.1318728617817535,15.05166041856306,2.261698926363226,86094.79021322812,17.862459817003035,1.0986122886681098,0.9162907318741551
16,1,0,3,3.8,2.0,1,8.0,4,0,3,7.0,93,3.36,2,1.384326776898207,16.755717770784734,2.261698926363226,79002.48980321265,12.08109121248574,2.0794415416798357,1.0986122886681098
18,0,2,4,3.9,2.4,1,7.2,3,1,2,7.0,80,3.71,2,1.4122647058505842,14.061136801601103,1.6102145113046793,52549.50742605369,16.345293814978213,2.0794415416798357,1.2237754316221157
18,0,2,6,9.6,0.6,1,5.2,1,1,0,21.0,67,2.58,1,2.4057660247033263,8.103473238889842,0.0,32510.60102499727,5.3166324870540365,3.091042453358316,0.4700036292457356
18,1,2,5,1.9,2.0,1,6.9,3,1,2,7.0,84,3.53,2,0.6531132144998397,13.095026718981076,1.6102145113046793,59971.57105866405,14.048034731048165,2.0794415416798357,1.0986122886681098
21,0,0,4,4.9,2.7,1,7.3,2,0,4,3.0,85,4.0,2,1.659461753676766,14.388618785157242,0.8778301681657564,61924.51734422166,20.53818254914221,1.3862943611198906,1.308332819650179
19,0,2,6,2.8,1.8,1,7.6,3,1,2,3.0,95,3.98,2,1.0587970088869507,15.387190975810833,1.6102145113046793,83687.91518516612,20.228771847318367,1.3862943611198906,1.0296194171811581
17,1,0,0,3.8,1.3,1,6.6,3,1,1,12.0,79,3.47,2,1.384326776898207,12.15375076672696,1.6102145113046793,50789.75419132553,13.331834670752924,2.5649493574615367,0.832909122935104
21,2,2,2,3.0,1.1,1,7.4,3,1,0,21.0,73,3.63,2,1.1318728617817535,14.718798218821261,1.6102145113046793,41009.67586813584,15.296357628263685,3.091042453358316,0.7419373447293773
19,1,2,5,6.2,2.3,0,6.1,3,1,2,18.0,61,3.16,1,1.9175112322134875,10.641371908015127,1.6102145113046793,25217.052320963478,10.006308774393966,2.9444389791664403,1.1939224684724346
18,0,2,2,6.5,2.1,1,6.4,3,1,1,18.0,66,3.18,1,1.9697262931476014,11.540249794535706,1.6102145113046793,31213.358948090136,10.202544009650545,2.9444389791664403,1.1314021114911006
18,1,2,0,5.6,2.0,1,5.3,2,1,3,17.0,70,3.3,2,1.8054918230589363,8.3733992567368,0.8778301681657564,36604.68597434723,11.432105005383404,2.8903717578961645,1.0986122886681098
20,0,2,0,4.5,1.3,1,6.8,2,1,1,18.0,82,2.97,2,1.5668817774441797,12.778487214922173,0.8778301681657564,56183.26023893996,8.261775557384002,2.9444389791664403,0.832909122935104
19,0,2,6,8.9,2.3,0,5.5,1,1,3,16.0,64,2.76,1,2.320387654485076,8.92242992355568,0.0,28717.928887801263,6.574470679514594,2.833213344056216,1.1939224684724346
18,1,2,0,4.9,1.3,1,7.3,3,0,3,15.0,77,3.29,2,1.659461753676766,14.388618785157242,1.6102145113046793,47382.81123366814,11.326181944781949,2.772588722239781,0.832909122935104
20,0,2,4,9.3,1.7,1,3.9,1,1,1,37.0,57,2.53,0,2.36992126816704,4.885236590833674,0.0,20986.249109062494,4.996498752153662,3.6375861597263857,0.9932517730102833
17,1,0,5,6.2,2.1,1,8.2,2,0,1,22.0,74,3.27,1,1.9175112322134875,17.455635531354325,0.8778301681657564,42548.719285856496,11.116239925597819,3.1354942159291497,1.1314021114911006
16,0,0,4,13.4,2.5,1,5.9,1,1,2,30.0,55,2.48,0,2.7860216216106717,10.056584152579083,0.0,19051.54466123719,4.688645799522572,3.4339872044851463,1.252762968495368
19,0,2,4,5.4,0.6,1,6.6,2,1,2,13.0,82,3.5,2,1.7656156766986153,12.15375076672696,0.8778301681657564,56183.26023893996,13.686897116192466,2.6390573296152584,0.4700036292457356
18,1,2,0,4.8,2.6,1,8.0,3,1,2,5.0,92,3.96,2,1.6370062359244075,16.755717770784734,1.6102145113046793,76723.29848149381,19.922423358919016,1.791759469228055,1.2809338454620642
21,1,2,4,7.1,2.6,1,7.4,2,1,2,15.0,77,3.79,2,2.0676487677416864,14.718798218821261,0.8778301681657564,47382.81123366814,17.43996804213093,2.772588722239781,1.2809338454620642
20,0,2,4,6.0,1.7,1,6.5,3,1,1,11.0,82,3.37,2,1.8813563150191603,11.845587262709715,1.6102145113046793,56183.26023893996,12.19151453362671,2.4849066497880004,0.9932517730102833
18,1,2,0,10.6,2.1,1,4.1,1,1,4,24.0,47,2.67,1,2.5180373974719235,5.343953906546689,0.0,12447.386303522204,5.924579237757003,3.2188758248682006,1.1314021114911006
17,0,0,0,4.0,0.8,0,7.9,3,0,1,6.0,88,3.74,2,1.4395330280586147,16.409652657927705,1.6102145113046793,68022.48375280312,16.750384849080206,1.9459101490553132,0.5877866649021191
24,1,2,3,4.7,1.3,1,6.3,1,0,2,16.0,71,4.0,2,1.6141037337096489,11.237755995802775,0.0,38038.0056657807,20.53818254914221,2.833213344056216,0.832909122935104
18,1,2,0,2.7,1.1,1,6.2,1,0,0,14.0,94,3.28,2,1.0203866362587886,10.938123890491681,0.0,81323.92171042044,11.220894215246592,2.70805020110221,0.7419373447293773
20,1,2,4,9.5,1.5,1,4.6,1,1,2,21.0,58,3.37,1,2.3939369739111944,6.549692444201377,0.0,21998.22133107918,12.19151453362671,3.091042453358316,0.9162907318741551
16,0,0,3,14.0,2.2,1,5.4,1,1,4,23.0,49,2.41,0,2.8364774847199032,8.646392457066119,0.0,13934.324543079843,4.2778307270095475,3.1780538303479458,1.1631508098056809
17,1,0,0,5.2,2.0,1,6.1,2,1,0,12.0,86,3.37,2,1.7243171824127188,10.641371908015127,0.8778301681657564,63917.09875329975,12.19151453362671,2.5649493574615367,1.0986122886681098
18,1,2,0,6.0,1.8,1,4.8,1,1,2,23.0,64,3.26,1,1.8813563150191603,7.054921429048166,0.0,28717.928887801263,11.012217184536736,3.1780538303479458,1.0296194171811581
20,2,2,6,4.9,2.8,1,6.5,2,0,2,14.0,83,3.62,2,1.659461753676766,11.845587262709715,0.8778301681657564,58057.92927986961,15.168408451034988,2.70805020110221,1.33500106673234
18,0,2,4,4.1,2.1,1,6.8,2,1,4,10.0,80,3.7,2,1.466163943905982,12.778487214922173,0.8778301681657564,52549.50742605369,16.211695300270975,2.3978952727983707,1.1314021114911006
16,0,0,4,1.9,1.2,0,6.0,2,0,3,10.0,97,3.6,2,0.6531132144998397,10.347518899102251,0.8778301681657564,88544.86579764642,14.914601235151155,2.3978952727983707,0.7884573603642702
20,1,2,6,3.8,2.0,0,6.6,3,1,2,19.0,81,3.34,2,1.384326776898207,12.15375076672696,1.6102145113046793,54347.230996866165,11.862188377883385,2.995732273553991,1.0986122886681098
19,1,2,3,5.3,1.7,1,7.0,3,0,2,15.0,75,3.44,2,1.7451507197105387,13.414325353558693,1.6102145113046793,44123.69453376821,12.982796395310663,2.772588722239781,0.9932517730102833
18,1,2,6,6.7,2.6,1,6.3,2,1,3,16.0,68,3.06,2,2.003284337102433,11.237755995802775,0.8778301681657564,33841.334443280015,9.06147389329403,2.833213344056216,1.2809338454620642
21,0,2,4,4.4,0.9,1,8.5,3,0,3,14.0,85,3.71,2,1.5425211917840917,18.524790399056656,1.6102145113046793,61924.51734422166,16.345293814978213,2.70805020110221,0.6418538861723948
20,1,2,3,10.6,2.5,1,4.2,1,0,0,19.0,67,2.92,1,2.5180373974719235,5.578429418447326,0.0,32510.60102499727,7.837703446786447,2.995732273553991,1.252762968495368
16,1,0,4,9.6,1.1,1,5.7,1,1,3,17.0,62,3.17,1,2.4057660247033263,9.483548899985696,0.0,26352.188477075142,10.104120077547,2.8903717578961645,0.7419373447293773
20,0,2,0,5.5,3.0,1,6.0,2,1,2,10.0,71,4.0,2,1.7857252215541248,10.347518899102251,0.8778301681657564,38038.0056657807,20.53818254914221,2.3978952727983707,1.3862943611198906
15,0,0,0,5.3,0.7,1,6.4,3,1,2,17.0,81,3.57,2,1.7451507197105387,11.540249794535706,1.6102145113046793,54347.230996866165,14.5390899446019,2.8903717578961645,0.5306282510621704
20,0,2,0,7.3,1.3,1,4.4,1,1,1,20.0,70,3.26,2,2.09855491776158,6.057450511969028,0.0,36604.68597434723,11.012217184536736,3.044522437723423,0.832909122935104
20,1,2,4,2.5,1.2,1,6.7,4,0,0,15.0,76,3.49,2,0.9393512133898587,12.464723049102489,2.261698926363226,45734.94462371378,13.567870467191462,2.772588722239781,0.7884573603642702
15,0,0,0,3.5,1.9,1,6.7,2,0,1,10.0,91,3.64,2,1.2961337421106984,12.464723049102489,0.8778301681657564,74486.02575307926,15.425006368156271,2.3978952727983707,1.0647107369924282
19,0,2,4,14.0,2.7,1,4.8,1,1,4,27.0,35,2.28,0,2.8364774847199032,7.054921429048166,0.0,5602.5173174979045,3.575285749408634,3.332204510175204,1.308332819650179
20,1,2,6,5.3,1.2,1,7.4,2,0,2,22.0,79,3.63,2,1.7451507197105387,14.718798218821261,0.8778301681657564,50789.75419132553,15.296357628263685,3.1354942159291497,0.7884573603642702
21,1,2,0,3.9,2.5,1,6.7,2,0,2,11.0,85,3.05,2,1.4122647058505842,12.464723049102489,0.8778301681657564,61924.51734422166,8.970276567071865,2.4849066497880004,1.252762968495368
17,0,0,3,3.2,0.5,1,7.8,4,0,4,8.0,87,3.39,2,1.2004777883442346,16.066200853784746,2.261698926363226,65949.64476800284,12.41431443477717,2.1972245773362196,0.4054651081081644
19,1,0,6,3.7,1.2,0,7.9,2,1,1,5.0,94,3.6,2,1.3556845124032513,16.409652657927705,0.8778301681657564,81323.92171042044,14.914601235151155,1.791759469228055,0.7884573603642702
19,0,0,4,7.6,1.2,1,4.5,1,0,2,20.0,59,3.21,1,2.1434440944290047,6.301933826278156,0.0,23040.434161822523,10.501510504182985,3.044522437723423,0.7884573603642702
18,1,2,6,3.6,1.1,1,7.8,4,0,3,2.0,96,4.0,2,1.3263003819268158,16.066200853784746,2.261698926363226,86094.79021322812,20.53818254914221,1.0986122886681098,0.7419373447293773
17,0,0,0,7.7,2.0,1,6.1,2,0,4,6.0,77,3.06,2,2.158035210576757,10.641371908015127,0.8778301681657564,47382.81123366814,9.06147389329403,1.9459101490553132,1.0986122886681098
18,1,2,4,8.0,2.2,1,5.7,1,1,3,18.0,70,3.22,2,2.2007570648755084,9.483548899985696,0.0,36604.68597434723,10.602403875992923,2.9444389791664403,1.1631508098056809
19,0,0,6,5.6,2.3,1,7.0,2,1,3,20.0,71,2.7,1,1.8054918230589363,13.414325353558693,0.8778301681657564,38038.0056657807,6.136480825750305,3.044522437723423,1.1939224684724346
20,1,2,4,5.9,0.9,1,6.0,1,1,4,11.0,76,3.32,2,1.8628491617376208,10.347518899102251,0.0,45734.94462371378,11.645864683908064,2.4849066497880004,0.6418538861723948
19,0,2,6,6.0,2.5,1,5.7,1,1,2,13.0,73,3.29,2,1.8813563150191603,9.483548899985696,0.0,41009.67586813584,11.326181944781949,2.6390573296152584,1.252762968495368
20,1,2,0,6.3,1.0,1,5.1,3,1,4,17.0,64,3.45,2,1.9351768949585346,7.836637933925062,1.6102145113046793,28717.928887801263,13.098476283389891,2.8903717578961645,0.6931471805599453
17,0,0,0,4.4,3.1,1,7.4,3,1,1,11.0,84,4.0,2,1.5425211917840917,14.718798218821261,1.6102145113046793,59971.57105866405,20.53818254914221,2.4849066497880004,1.410986973710262
17,1,0,4,6.8,1.9,1,6.9,3,1,3,20.0,76,3.55,2,2.019709544031315,13.095026718981076,1.6102145113046793,45734.94462371378,14.292193415871623,3.044522437723423,1.0647107369924282
19,1,2,0,3.9,2.1,2,6.9,3,1,4,5.0,93,3.67,2,1.4122647058505842,13.095026718981076,1.6102145113046793,79002.48980321265,15.81516883547986,1.791759469228055,1.1314021114911006
17,0,0,3,3.0,3.1,0,7.3,3,0,0,8.0,86,4.0,2,1.1318728617817535,14.388618785157242,1.6102145113046793,63917.09875329975,20.53818254914221,2.1972245773362196,1.410986973710262
18,3,2,4,4.1,2.4,1,6.6,2,1,1,9.0,87,3.35,2,1.466163943905982,12.15375076672696,0.8778301681657564,65949.64476800284,11.971316457356032,2.302585092994046,1.2237754316221157
17,1,0,0,1.7,1.9,1,8.5,4,0,2,7.0,88,4.0,2,0.5383079872264196,18.524790399056656,2.261698926363226,68022.48375280312,20.53818254914221,2.0794415416798357,1.0647107369924282
20,0,2,4,2.1,1.1,0,7.0,3,0,1,10.0,94,3.39,2,0.7570090469002981,13.414325353558693,1.6102145113046793,81323.92171042044,12.41431443477717,2.3978952727983707,0.7419373447293773
21,1,2,0,6.9,2.4,1,6.5,1,1,3,18.0,67,3.22,2,2.0359078246346916,11.845587262709715,0.0,32510.60102499727,10.602403875992923,2.9444389791664403,1.2237754316221157
22,1,1,0,5.8,0.5,1,6.9,2,1,3,20.0,84,2.75,2,1.8440428632175376,13.095026718981076,0.8778301681657564,59971.57105866405,6.5001461320525165,3.044522437723423,0.4054651081081644
18,0,2,0,3.1,3.4,1,8.1,3,0,2,8.0,75,3.46,2,1.1666987907776478,17.104383037428352,1.6102145113046793,44123.69453376821,13.21482174546893,2.1972245773362196,1.4816045409242156
17,2,0,0,2.6,2.2,1,8.5,4,1,2,13.0,97,4.0,2,0.9806061985963926,18.524790399056656,2.261698926363226,88544.86579764642,20.53818254914221,2.6390573296152584,1.1631508098056809
21,1,2,4,4.4,1.7,1,6.7,2,1,0,10.0,89,3.19,2,1.5425211917840917,12.464723049102489,0.8778301681657564,70135.94297111471,10.301582463218029,2.3978952727983707,0.9932517730102833
17,1,0,4,4.4,1.2,1,4.8,2,1,3,18.0,76,3.31,2,1.5425211917840917,7.054921429048166,0.8778301681657564,45734.94462371378,11.53866528811148,2.9444389791664403,0.7884573603642702
22,1,1,3,2.8,1.5,1,7.3,4,0,3,6.0,94,3.46,2,1.0587970088869507,14.388618785157242,2.261698926363226,81323.92171042044,13.21482174546893,1.9459101490553132,0.9162907318741551
19,1,2,6,6.5,2.4,1,7.5,3,0,2,24.0,56,3.73,1,1.9697262931476014,15.05166041856306,1.6102145113046793,20004.147513716616,16.614636703065745,3.2188758248682006,1.2237754316221157
19,1,2,0,12.4,1.7,0,4.4,1,1,2,32.0,53,2.83,0,2.696975339309754,6.057450511969028,0.0,17233.337875033176,7.10982667490936,3.4965075614664802,0.9932517730102833
21,0,2,0,7.1,1.9,1,6.1,1,1,2,10.0,81,3.25,2,2.0676487677416864,10.641371908015127,0.0,54347.230996866165,10.90882410064474,2.3978952727983707,1.0647107369924282
19,0,2,5,8.0,1.7,1,5.0,1,1,3,23.0,63,3.23,1,2.2007570648755084,7.5729175150710875,0.0,27519.02697404476,10.703919338092492,3.1780538303479458,0.9932517730102833
24,0,1,4,5.1,1.8,1,6.0,1,0,2,28.0,65,3.61,1,1.7031011436641108,10.347518899102251,0.0,29949.25362327995,15.041156949142636,3.367295829986474,1.0296194171811581
16,0,0,6,3.8,1.5,1,6.6,2,0,3,9.0,97,3.48,2,1.384326776898207,12.15375076672696,0.8778301681657564,88544.86579764642,13.449516948333956,2.302585092994046,0.9162907318741551
19,0,2,3,7.1,2.1,0,5.8,2,1,2,15.0,74,3.0,2,2.0676487677416864,9.76858741311186,0.8778301681657564,42548.719285856496,8.52310068647062,2.772588722239781,1.1314021114911006
17,0,0,4,10.4,2.1,1,5.7,1,1,3,18.0,70,2.64,1,2.4964088339968074,9.483548899985696,0.0,36604.68597434723,5.7173381789449556,2.9444389791664403,1.1314021114911006
16,0,0,4,3.8,2.2,1,8.4,5,1,0,8.0,85,3.97,2,1.384326776898207,18.16585159714471,2.858956583624191,61924.51734422166,20.075215768293244,2.1972245773362196,1.1631508098056809
19,1,2,5,3.9,2.1,0,6.8,3,0,1,9.0,94,3.81,2,1.4122647058505842,12.778487214922173,1.6102145113046793,81323.92171042044,17.720896337416892,2.302585092994046,1.1314021114911006
16,1,0,6,6.8,0.6,1,8.3,2,1,2,15.0,74,3.61,2,2.019709544031315,17.809462547767687,0.8778301681657564,42548.719285856496,15.041156949142636,2.772588722239781,0.4700036292457356
19,0,2,5,4.9,1.0,1,7.9,3,0,4,11.0,85,3.42,2,1.659461753676766,16.409652657927705,1.6102145113046793,61924.51734422166,12.753425783763895,2.4849066497880004,0.6931471805599453
20,1,2,6,3.1,0.5,1,7.4,4,1,2,6.0,85,3.66,2,1.1666987907776478,14.718798218821261,2.261698926363226,61924.51734422166,15.684410084705304,1.9459101490553132,0.4054651081081644
19,0,2,0,4.0,2.3,1,6.9,2,1,2,20.0,84,3.67,2,1.4395330280586147,13.095026718981076,0.8778301681657564,59971.57105866405,15.81516883547986,3.044522437723423,1.1939224684724346
16,1,0,4,4.3,1.1,1,6.9,2,0,3,9.0,89,3.45,2,1.5176311317383155,13.095026718981076,0.8778301681657564,70135.94297111471,13.098476283389891,2.302585092994046,0.7419373447293773
17,0,0,6,4.5,2.2,0,8.0,5,0,3,16.0,91,3.66,2,1.5668817774441797,16.755717770784734,2.858956583624191,74486.02575307926,15.684410084705304,2.833213344056216,1.1631508098056809
16,1,0,6,3.4,0.4,1,7.2,3,0,3,3.0,93,4.0,2,1.2651404807900501,14.061136801601103,1.6102145113046793,79002.48980321265,20.53818254914221,1.3862943611198906,0.33647223662121295
19,1,2,4,4.4,2.4,0,6.7,3,0,2,11.0,86,3.49,2,1.5425211917840917,12.464723049102489,1.6102145113046793,63917.09875329975,13.567870467191462,2.4849066497880004,1.2237754316221157
17,0,0,5,6.4,2.0,1,6.9,3,1,4,14.0,75,3.23,2,1.9525792661508234,13.095026718981076,1.6102145113046793,44123.69453376821,10.703919338092492,2.70805020110221,1.0986122886681098
18,1,2,0,11.3,1.7,1,5.3,1,1,2,27.0,57,2.74,1,2.5908119746730964,8.3733992567368,0.0,20986.249109062494,6.426354611099438,3.332204510175204,0.9932517730102833
18,1,2,0,5.4,2.1,1,6.2,3,1,2,13.0,82,3.52,2,1.7656156766986153,10.938123890491681,1.6102145113046793,56183.26023893996,13.926977359533225,2.6390573296152584,1.1314021114911006
18,0,2,0,4.1,1.8,1,7.8,4,0,4,6.0,82,3.86,2,1.466163943905982,16.066200853784746,2.261698926363226,56183.26023893996,18.436086604872493,1.9459101490553132,1.0296194171811581
19,0,0,0,5.1,2.0,1,5.4,1,0,4,25.0,67,3.05,1,1.7031011436641108,8.646392457066119,0.0,32510.60102499727,8.970276567071865,3.258096538021482,1.0986122886681098
26,1,1,4,7.9,2.9,1,6.3,1,1,2,13.0,64,3.26,2,2.186687359322709,11.237755995802775,0.0,28717.928887801263,11.012217184536736,2.6390573296152584,1.3609765531356006
22,0,1,3,4.1,2.1,1,5.9,2,0,1,18.0,73,3.3,2,1.466163943905982,10.056584152579083,0.8778301681657564,41009.67586813584,11.432105005383404,2.9444389791664403,1.1314021114911006
15,1,0,3,3.5,1.0,1,5.6,2,1,4,16.0,86,3.22,2,1.2961337421106984,9.201489326998276,0.8778301681657564,63917.09875329975,10.602403875992923,2.833213344056216,0.6931471805599453
15,0,0,0,4.3,1.0,1,6.2,2,1,3,16.0,71,3.36,2,1.5176311317383155,10.938123890491681,0.8778301681657564,38038.0056657807,12.08109121248574,2.833213344056216,0.6931471805599453
17,1,0,4,13.3,1.5,0,4.8,1,1,3,31.0,53,2.27,0,2.777405131484266,7.054921429048166,0.0,17233.337875033176,3.52440268568283,3.4657359027997265,0.9162907318741551
21,1,0,4,1.5,2.6,1,8.1,4,1,1,6.0,97,4.0,2,0.4099390405603449,17.104383037428352,2.261698926363226,88544.86579764642,20.53818254914221,1.9459101490553132,1.2809338454620642
19,0,2,0,5.4,2.3,0,7.7,3,1,2,11.0,93,3.76,2,1.7656156766986153,15.725375748712496,1.6102145113046793,79002.48980321265,17.024043975850308,2.4849066497880004,1.1939224684724346
20,0,2,4,7.2,2.0,1,5.5,1,1,3,15.0,72,3.54,2,2.0832033609937755,8.92242992355568,0.0,39506.21991155572,14.169772787057607,2.772588722239781,1.0986122886681098
16,1,0,0,4.4,1.6,0,6.9,4,1,2,7.0,96,3.72,2,1.5425211917840917,13.095026718981076,2.261698926363226,86094.79021322812,16.479606987119947,2.0794415416798357,0.9555114450274363
18,1,2,0,2.4,1.5,1,7.6,4,0,3,5.0,96,3.7,2,0.8965046417701628,15.387190975810833,2.261698926363226,86094.79021322812,16.211695300270975,1.791759469228055,0.9162907318741551
18,0,2,3,5.3,1.7,0,5.7,3,1,2,12.0,74,3.12,2,1.7451507197105387,9.483548899985696,1.6102145113046793,42548.719285856496,9.621151996683725,2.5649493574615367,0.9932517730102833
22,0,2,5,7.2,1.6,1,6.5,3,1,3,14.0,85,3.31,2,2.0832033609937755,11.845587262709715,1.6102145113046793,61924.51734422166,11.53866528811148,2.70805020110221,0.9555114450274363
16,0,0,3,14.0,0.1,1,4.5,1,1,1,29.0,49,2.31,0,2.8364774847199032,6.301933826278156,0.0,13934.324543079843,3.7306044350351613,3.4011973816621555,0.09531017980432487
19,0,2,0,6.4,2.4,1,5.9,1,1,3,12.0,77,3.25,2,1.9525792661508234,10.056584152579083,0.0,47382.81123366814,10.90882410064474,2.5649493574615367,1.2237754316221157
21,1,2,4,3.4,1.1,1,6.0,2,0,2,10.0,86,3.6,2,1.2651404807900501,10.347518899102251,0.8778301681657564,63917.09875329975,14.914601235151155,2.3978952727983707,0.7419373447293773
19,0,2,0,5.6,1.9,1,6.0,1,1,0,5.0,80,3.51,2,1.8054918230589363,10.347518899102251,0.0,52549.50742605369,13.806598784091944,1.791759469228055,1.0647107369924282
15,1,0,3,3.9,2.6,1,8.1,3,0,2,9.0,98,4.0,2,1.4122647058505842,17.104383037428352,1.6102145113046793,91038.45997193112,20.53818254914221,2.302585092994046,1.2809338454620642
19,1,2,2,7.9,2.2,1,7.2,3,1,4,13.0,78,3.67,2,2.186687359322709,14.061136801601103,1.6102145113046793,49067.63473037756,15.81516883547986,2.6390573296152584,1.1631508098056809
18,0,2,4,3.2,1.6,1,7.0,3,1,1,12.0,88,4.0,2,1.2004777883442346,13.414325353558693,1.6102145113046793,68022.48375280312,20.53818254914221,2.5649493574615367,0.9555114450274363
21,1,2,6,4.5,0.5,1,7.5,3,0,1,8.0,76,3.72,2,1.5668817774441797,15.05166041856306,1.6102145113046793,45734.94462371378,16.479606987119947,2.1972245773362196,0.4054651081081644
20,0,0,2,2.7,2.3,1,8.2,3,0,4,7.0,98,3.87,2,1.0203866362587886,17.455635531354325,1.6102145113046793,91038.45997193112,18.58134594461001,2.0794415416798357,1.1939224684724346
18,0,2,4,4.8,2.1,1,5.6,3,1,0,6.0,78,3.53,2,1.6370062359244075,9.201489326998276,1.6102145113046793,49067.63473037756,14.048034731048165,1.9459101490553132,1.1314021114911006
17,1,0,5,2.4,2.7,1,6.6,3,0,4,8.0,91,4.0,2,0.8965046417701628,12.15375076672696,1.6102145113046793,74486.02575307926,20.53818254914221,2.1972245773362196,1.308332819650179
18,0,2,0,7.3,1.5,1,6.2,2,1,2,13.0,64,3.13,2,2.09855491776158,10.938123890491681,0.8778301681657564,28717.928887801263,9.716531711647102,2.6390573296152584,0.9162907318741551
17,0,0,3,6.9,2.2,1,6.7,1,1,3,19.0,83,3.02,2,2.0359078246346916,12.464723049102489,0.0,58057.92927986961,8.700216465863583,2.995732273553991,1.1631508098056809
16,1,0,5,1.6,2.2,1,8.1,4,1,3,1.0,98,4.0,2,0.4760221763172826,17.104383037428352,2.261698926363226,91038.45997193112,20.53818254914221,0.6931471805599453,1.1631508098056809
21,2,2,0,5.1,1.7,0,6.4,2,1,1,21.0,77,3.49,2,1.7031011436641108,11.540249794535706,0.8778301681657564,47382.81123366814,13.567870467191462,3.091042453358316,0.9932517730102833
16,0,0,6,6.6,2.6,1,6.9,3,0,2,17.0,83,3.25,2,1.9866255656836118,13.095026718981076,1.6102145113046793,58057.92927986961,10.90882410064474,2.8903717578961645,1.2809338454620642
18,0,2,6,4.3,0.0,1,6.0,3,1,4,20.0,71,3.05,1,1.5176311317383155,10.347518899102251,1.6102145113046793,38038.0056657807,8.970276567071865,3.044522437723423,0.0
18,1,2,6,2.0,2.6,1,8.5,2,0,2,7.0,97,4.0,2,0.7062901854968463,18.524790399056656,0.8778301681657564,88544.86579764642,20.53818254914221,2.0794415416798357,1.2809338454620642
17,1,0,4,4.0,1.4,0,6.0,3,1,2,18.0,81,3.32,2,1.4395330280586147,10.347518899102251,1.6102145113046793,54347.230996866165,11.645864683908064,2.9444389791664403,0.8754687373538999
18,0,2,6,4.2,0.0,1,7.3,3,1,1,14.0,85,3.89,2,1.492187365993103,14.388618785157242,1.6102145113046793,61924.51734422166,18.87410098953472,2.70805020110221,0.0
18,0,2,3,3.8,1.3,1,5.9,3,1,2,23.0,72,3.53,2,1.384326776898207,10.056584152579083,1.6102145113046793,39506.21991155572,14.048034731048165,3.1780538303479458,0.832909122935104
19,1,2,0,3.2,1.1,1,7.7,4,0,0,13.0,89,3.83,2,1.2004777883442346,15.725375748712496,2.261698926363226,70135.94297111471,18.00475869836222,2.6390573296152584,0.7419373447293773
16,0,0,0,4.7,1.6,1,6.7,2,0,3,13.0,83,3.16,2,1.6141037337096489,12.464723049102489,0.8778301681657564,58057.92927986961,10.006308774393966,2.6390573296152584,0.9555114450274363
20,0,2,1,9.1,1.4,1,5.6,1,0,3,21.0,68,3.05,1,2.345411940339193,9.201489326998276,0.0,33841.334443280015,8.970276567071865,3.091042453358316,0.8754687373538999
16,1,0,3,10.6,2.2,1,4.1,1,0,2,21.0,66,3.24,1,2.5180373974719235,5.343953906546689,0.0,31213.358948090136,10.806058782383067,3.091042453358316,1.1631508098056809
23,0,2,0,13.4,2.5,1,3.7,1,1,0,28.0,49,3.05,1,2.7860216216106717,4.4403960165533265,0.0,13934.324543079843,8.970276567071865,3.367295829986474,1.252762968495368
18,1,2,0,6.3,0.0,1,7.7,3,1,4,11.0,75,3.57,2,1.9351768949585346,15.725375748712496,1.6102145113046793,44123.69453376821,14.5390899446019,2.4849066497880004,0.0
18,1,2,3,3.7,1.0,1,7.5,3,0,2,10.0,98,4.0,2,1.3556845124032513,15.05166041856306,1.6102145113046793,91038.45997193112,20.53818254914221,2.3978952727983707,0.6931471805599453
19,1,2,0,1.9,1.6,1,7.2,4,0,1,9.0,77,3.7,2,0.6531132144998397,14.061136801601103,2.261698926363226,47382.81123366814,16.211695300270975,2.302585092994046,0.9555114450274363
17,0,0,4,10.9,1.6,1,4.2,1,0,1,22.0,52,3.0,1,2.5497670831418175,5.578429418447326,0.0,16366.980259579506,8.52310068647062,3.1354942159291497,0.9555114450274363
19,0,2,0,14.0,1.0,1,5.1,1,1,4,19.0,57,2.77,1,2.8364774847199032,7.836637933925062,0.0,20986.249109062494,6.6493301515664,2.995732273553991,0.6931471805599453
22,0,2,6,8.0,2.5,1,6.5,1,1,0,22.0,72,2.78,1,2.2007570648755084,11.845587262709715,0.0,39506.21991155572,6.724726446146271,3.1354942159291497,1.252762968495368
20,1,2,0,2.2,0.6,0,8.4,3,0,1,0.0,98,4.0,2,0.8054926939148117,18.16585159714471,1.6102145113046793,91038.45997193112,20.53818254914221,0.0,0.4700036292457356
15,0,0,4,6.1,1.8,1,5.7,2,1,2,14.0,62,3.34,2,1.8995739499976299,9.483548899985696,0.8778301681657564,26352.188477075142,11.862188377883385,2.70805020110221,1.0296194171811581
18,0,2,4,2.9,1.5,1,7.9,4,0,2,5.0,98,4.0,2,1.095930983777979,16.409652657927705,2.261698926363226,91038.45997193112,20.53818254914221,1.791759469228055,0.9162907318741551
20,1,2,0,3.2,1.9,1,7.1,3,1,1,4.0,88,3.77,2,1.2004777883442346,13.736367236790857,1.6102145113046793,68022.48375280312,17.161958728612845,1.6094379124341003,1.0647107369924282
15,0,0,0,3.8,2.2,1,7.2,3,1,1,11.0,83,3.35,2,1.384326776898207,14.061136801601103,1.6102145113046793,58057.92927986961,11.971316457356032,2.4849066497880004,1.1631508098056809
20,0,2,4,8.8,2.1,1,6.0,2,1,3,12.0,59,3.19,2,2.307675347857402,10.347518899102251,0.8778301681657564,23040.434161822523,10.301582463218029,2.5649493574615367,1.1314021114911006
20,1,2,0,3.3,1.2,1,6.1,1,0,3,9.0,84,3.71,2,1.2332726085820729,10.641371908015127,0.0,59971.57105866405,16.345293814978213,2.302585092994046,0.7884573603642702
18,1,2,0,6.7,2.2,1,6.4,2,1,2,18.0,73,3.3,2,2.003284337102433,11.540249794535706,0.8778301681657564,41009.67586813584,11.432105005383404,2.9444389791664403,1.1631508098056809
19,0,2,3,4.3,1.9,1,7.9,3,0,4,13.0,87,4.0,2,1.5176311317383155,16.409652657927705,1.6102145113046793,65949.64476800284,20.53818254914221,2.6390573296152584,1.0647107369924282
26,1,1,0,3.4,2.2,1,7.5,4,0,2,17.0,92,3.25,2,1.2651404807900501,15.05166041856306,2.261698926363226,76723.29848149381,10.90882410064474,2.8903717578961645,1.1631508098056809
19,1,2,4,4.1,1.2,1,6.6,3,0,2,16.0,82,3.13,2,1.466163943905982,12.15375076672696,1.6102145113046793,56183.26023893996,9.716531711647102,2.833213344056216,0.7884573603642702
19,3,2,2,7.3,0.9,0,5.0,1,1,4,13.0,60,2.76,1,2.09855491776158,7.5729175150710875,0.0,24113.25572387178,6.574470679514594,2.6390573296152584,0.6418538861723948
17,1,0,4,4.1,2.6,0,6.8,3,0,3,15.0,88,3.43,2,1.466163943905982,12.778487214922173,1.6102145113046793,68022.48375280312,12.867780191912736,2.772588722239781,1.2809338454620642
18,1,2,4,8.1,0.8,1,4.9,1,1,1,22.0,71,3.31,1,2.2146613748949004,7.3123368290812865,0.0,38038.0056657807,11.53866528811148,3.1354942159291497,0.5877866649021191
17,2,0,6,9.6,2.6,1,4.2,1,1,4,29.0,59,2.96,1,2.4057660247033263,5.578429418447326,0.0,23040.434161822523,8.175819212089252,3.4011973816621555,1.2809338454620642
16,1,0,6,2.7,1.5,1,8.4,4,1,1,8.0,96,3.62,2,1.0203866362587886,18.16585159714471,2.261698926363226,86094.79021322812,15.168408451034988,2.1972245773362196,0.9162907318741551
21,0,2,3,5.3,1.4,1,6.8,2,1,1,15.0,76,2.87,2,1.7451507197105387,12.778487214922173,0.8778301681657564,45734.94462371378,7.4277632011547565,2.772588722239781,0.8754687373538999
17,0,0,6,3.5,2.9,1,7.0,3,0,2,14.0,86,3.42,2,1.2961337421106984,13.414325353558693,1.6102145113046793,63917.09875329975,12.753425783763895,2.70805020110221,1.3609765531356006
18,1,2,0,4.2,2.2,0,6.4,2,0,2,15.0,74,3.48,2,1.492187365993103,11.540249794535706,0.8778301681657564,42548.719285856496,13.449516948333956,2.772588722239781,1.1631508098056809
18,1,2,0,2.3,1.2,1,7.7,4,1,2,7.0,97,3.44,2,0.8519347810161471,15.725375748712496,2.261698926363226,88544.86579764642,12.982796395310663,2.0794415416798357,0.7884573603642702
23,1,1,0,3.5,3.2,1,7.4,3,0,3,14.0,91,3.56,2,1.2961337421106984,14.718798218821261,1.6102145113046793,74486.02575307926,14.415298505689877,2.70805020110221,1.4350845252893227
18,1,0,0,6.6,2.6,1,6.3,2,1,3,12.0,81,3.7,2,1.9866255656836118,11.237755995802775,0.8778301681657564,54347.230996866165,16.211695300270975,2.5649493574615367,1.2809338454620642
23,1,2,4,8.8,2.1,1,5.3,2,1,2,21.0,68,3.21,1,2.307675347857402,8.3733992567368,0.8778301681657564,33841.334443280015,10.501510504182985,3.091042453358316,1.1314021114911006
18,1,2,0,5.8,1.3,1,8.0,3,1,3,14.0,90,3.27,2,1.8440428632175376,16.755717770784734,1.6102145113046793,72290.34860143652,11.116239925597819,2.70805020110221,0.832909122935104
18,1,2,0,10.8,1.7,1,6.1,1,0,3,18.0,68,2.85,1,2.539283315287256,10.641371908015127,0.0,33841.334443280015,7.267690936157112,2.9444389791664403,0.9932517730102833
24,1,2,4,1.2,1.7,1,8.4,4,1,2,7.0,96,4.0,2,0.1832225230267353,18.16585159714471,2.261698926363226,86094.79021322812,20.53818254914221,2.0794415416798357,0.9932517730102833
19,0,2,4,4.9,1.8,1,7.2,2,0,3,9.0,78,3.56,2,1.659461753676766,14.061136801601103,0.8778301681657564,49067.63473037756,14.415298505689877,2.302585092994046,1.0296194171811581
15,0,0,3,2.8,1.0,1,7.6,4,0,4,9.0,91,3.52,2,1.0587970088869507,15.387190975810833,2.261698926363226,74486.02575307926,13.926977359533225,2.302585092994046,0.6931471805599453
15,0,0,4,4.5,2.9,1,8.1,3,0,3,12.0,98,3.55,2,1.5668817774441797,17.104383037428352,1.6102145113046793,91038.45997193112,14.292193415871623,2.5649493574615367,1.3609765531356006
18,0,2,0,2.9,1.1,1,8.0,3,0,4,9.0,89,3.94,2,1.095930983777979,16.755717770784734,1.6102145113046793,70135.94297111471,19.619122013712897,2.302585092994046,0.7419373447293773
20,1,2,6,4.3,1.0,2,8.0,3,0,3,11.0,98,3.34,2,1.5176311317383155,16.755717770784734,1.6102145113046793,91038.45997193112,11.862188377883385,2.4849066497880004,0.6931471805599453
23,1,1,5,4.3,0.8,0,7.0,3,1,2,7.0,85,3.94,2,1.5176311317383155,13.414325353558693,1.6102145113046793,61924.51734422166,19.619122013712897,2.0794415416798357,0.5877866649021191
19,1,2,5,3.5,1.2,1,7.1,3,1,2,5.0,93,3.9,2,1.2961337421106984,13.736367236790857,1.6102145113046793,79002.48980321265,19.021600464068523,1.791759469228055,0.7884573603642702
20,1,2,0,3.8,1.9,1,6.4,2,1,1,13.0,78,3.31,2,1.384326776898207,11.540249794535706,0.8778301681657564,49067.63473037756,11.53866528811148,2.6390573296152584,1.0647107369924282
19,1,0,6,4.1,0.5,1,6.7,3,0,3,5.0,81,3.76,2,1.466163943905982,12.464723049102489,1.6102145113046793,54347.230996866165,17.024043975850308,1.791759469228055,0.4054651081081644
16,1,0,5,4.9,1.3,1,6.2,1,1,3,18.0,79,3.53,2,1.659461753676766,10.938123890491681,0.0,50789.75419132553,14.048034731048165,2.9444389791664403,0.832909122935104
19,1,2,3,4.2,1.4,1,7.5,3,1,2,13.0,81,3.8,2,1.492187365993103,15.05166041856306,1.6102145113046793,54347.230996866165,17.58006637427118,2.6390573296152584,0.8754687373538999
17,1,0,6,4.3,3.2,0,7.8,3,1,3,13.0,92,3.94,2,1.5176311317383155,16.066200853784746,1.6102145113046793,76723.29848149381,19.619122013712897,2.6390573296152584,1.4350845252893227
16,2,0,3,3.2,1.9,1,7.3,3,1,3,14.0,83,4.0,2,1.2004777883442346,14.388618785157242,1.6102145113046793,58057.92927986961,20.53818254914221,2.70805020110221,1.0647107369924282
18,0,2,3,3.8,0.7,1,5.8,2,1,0,20.0,76,3.5,2,1.384326776898207,9.76858741311186,0.8778301681657564,45734.94462371378,13.686897116192466,3.044522437723423,0.5306282510621704
17,1,0,6,2.5,0.8,1,10.0,5,0,3,4.0,98,4.0,2,0.9393512133898587,24.20706877060446,2.858956583624191,91038.45997193112,20.53818254914221,1.6094379124341003,0.5877866649021191
20,1,2,5,7.9,2.7,1,6.9,3,1,0,17.0,67,3.23,2,2.186687359322709,13.095026718981076,1.6102145113046793,32510.60102499727,10.703919338092492,2.8903717578961645,1.308332819650179
18,0,2,4,4.8,2.1,1,6.0,3,1,2,4.0,87,3.32,2,1.6370062359244075,10.347518899102251,1.6102145113046793,65949.64476800284,11.645864683908064,1.6094379124341003,1.1314021114911006
17,1,0,0,1.3,1.5,1,8.1,4,1,2,16.0,95,3.7,2,0.26423266144669216,17.104383037428352,2.261698926363226,83687.91518516612,16.211695300270975,2.833213344056216,0.9162907318741551
22,0,1,0,7.2,2.2,1,5.2,1,1,1,18.0,68,3.6,2,2.0832033609937755,8.103473238889842,0.0,33841.334443280015,14.914601235151155,2.9444389791664403,1.1631508098056809
18,0,0,4,3.9,2.4,1,5.6,2,1,4,11.0,93,3.42,2,1.4122647058505842,9.201489326998276,0.8778301681657564,79002.48980321265,12.753425783763895,2.4849066497880004,1.2237754316221157
21,1,2,6,4.3,2.8,0,7.1,3,0,4,20.0,86,3.37,2,1.5176311317383155,13.736367236790857,1.6102145113046793,63917.09875329975,12.19151453362671,3.044522437723423,1.33500106673234
19,1,2,6,4.1,2.3,1,7.5,4,1,2,7.0,90,3.39,2,1.466163943905982,15.05166041856306,2.261698926363226,72290.34860143652,12.41431443477717,2.0794415416798357,1.1939224684724346
19,0,2,0,7.6,1.7,1,4.9,2,0,3,13.0,69,2.82,2,2.1434440944290047,7.3123368290812865,0.8778301681657564,35205.91224901557,7.031717803560084,2.6390573296152584,0.9932517730102833
20,1,2,2,4.5,3.0,1,7.0,2,1,1,14.0,84,3.78,2,1.5668817774441797,13.414325353558693,0.8778301681657564,59971.57105866405,17.300599455458382,2.70805020110221,1.3862943611198906
20,1,2,0,6.7,1.3,1,5.0,1,1,2,20.0,67,3.29,1,2.003284337102433,7.5729175150710875,0.0,32510.60102499727,11.326181944781949,3.044522437723423,0.832909122935104
18,3,2,4,14.0,1.0,1,4.1,1,1,2,27.0,45,2.91,0,2.8364774847199032,5.343953906546689,0.0,11064.678764162616,7.7545924317854675,3.332204510175204,0.6931471805599453
20,0,2,2,4.8,0.7,1,5.8,2,0,1,14.0,71,3.23,2,1.6370062359244075,9.76858741311186,0.8778301681657564,38038.0056657807,10.703919338092492,2.70805020110221,0.5306282510621704
19,0,2,6,6.3,2.2,2,5.5,2,1,3,14.0,79,3.24,2,1.9351768949585346,8.92242992355568,0.8778301681657564,50789.75419132553,10.806058782383067,2.70805020110221,1.1631508098056809
18,1,2,6,10.7,2.4,1,4.5,1,0,2,25.0,43,2.74,0,2.528707315024941,6.301933826278156,0.0,9783.04241116226,6.426354611099438,3.258096538021482,1.2237754316221157
20,0,2,6,3.6,2.0,1,7.1,3,0,3,14.0,85,3.79,2,1.3263003819268158,13.736367236790857,1.6102145113046793,61924.51734422166,17.43996804213093,2.70805020110221,1.0986122886681098
19,0,2,0,2.1,1.7,1,8.2,4,1,3,4.0,98,3.46,2,0.7570090469002981,17.455635531354325,2.261698926363226,91038.45997193112,13.21482174546893,1.6094379124341003,0.9932517730102833
23,0,2,4,6.0,1.3,1,7.4,3,1,1,16.0,84,3.89,2,1.8813563150191603,14.718798218821261,1.6102145113046793,59971.57105866405,18.87410098953472,2.833213344056216,0.832909122935104
19,0,2,4,14.0,0.7,1,3.1,1,1,2,25.0,49,2.34,0,2.8364774847199032,3.1922187488677087,0.0,13934.324543079843,3.889967371270665,3.258096538021482,0.5306282510621704
20,1,2,0,1.4,1.9,1,8.5,4,1,3,10.0,98,4.0,2,0.3395493214925278,18.524790399056656,2.261698926363226,91038.45997193112,20.53818254914221,2.3978952727983707,1.0647107369924282
15,1,0,6,2.8,2.1,0,5.9,2,0,3,15.0,82,3.69,2,1.0587970088869507,10.056584152579083,0.8778301681657564,56183.26023893996,16.07880955652339,2.772588722239781,1.1314021114911006
15,0,0,2,5.7,0.9,0,6.8,2,1,3,6.0,70,3.23,2,1.8249272994757757,12.778487214922173,0.8778301681657564,36604.68597434723,10.703919338092492,1.9459101490553132,0.6418538861723948
18,1,2,0,5.4,0.7,1,6.8,3,1,3,11.0,84,3.02,2,1.7656156766986153,12.778487214922173,1.6102145113046793,59971.57105866405,8.700216465863583,2.4849066497880004,0.5306282510621704
17,1,0,0,11.5,3.3,1,5.8,1,1,4,23.0,66,2.85,1,2.610821648190186,9.76858741311186,0.0,31213.358948090136,7.267690936157112,3.1780538303479458,1.4586150226995167
17,0,0,4,4.7,1.7,1,8.6,3,0,3,12.0,91,3.33,2,1.6141037337096489,18.886266876241464,1.6102145113046793,74486.02575307926,11.7537050835968,2.5649493574615367,0.9932517730102833
17,0,0,6,8.9,0.8,1,5.8,1,0,4,16.0,71,3.28,2,2.320387654485076,9.76858741311186,0.0,38038.0056657807,11.220894215246592,2.833213344056216,0.5877866649021191
17,0,0,2,5.5,1.6,1,6.0,2,1,2,11.0,74,3.57,2,1.7857252215541248,10.347518899102251,0.8778301681657564,42548.719285856496,14.5390899446019,2.4849066497880004,0.9555114450274363
19,1,2,3,3.4,1.0,1,7.0,2,1,3,12.0,95,3.43,2,1.2651404807900501,13.414325353558693,0.8778301681657564,83687.91518516612,12.867780191912736,2.5649493574615367,0.6931471805599453
17,1,0,0,2.9,3.1,1,6.6,4,0,2,4.0,83,4.0,2,1.095930983777979,12.15375076672696,2.261698926363226,58057.92927986961,20.53818254914221,1.6094379124341003,1.410986973710262
18,0,2,3,2.3,2.7,1,8.0,5,0,2,7.0,93,3.88,2,0.8519347810161471,16.755717770784734,2.858956583624191,79002.48980321265,18.72735011125622,2.0794415416798357,1.308332819650179
18,1,0,3,5.4,2.2,1,5.8,2,1,0,18.0,77,3.45,2,1.7656156766986153,9.76858741311186,0.8778301681657564,47382.81123366814,13.098476283389891,2.9444389791664403,1.1631508098056809
19,0,0,0,9.4,1.1,1,6.4,2,0,2,22.0,73,2.87,1,2.381989542783344,11.540249794535706,0.8778301681657564,41009.67586813584,7.4277632011547565,3.1354942159291497,0.7419373447293773
21,1,2,3,6.7,1.4,1,6.6,2,0,2,21.0,83,3.58,2,2.003284337102433,12.15375076672696,0.8778301681657564,58057.92927986961,14.663569620587477,3.091042453358316,0.8754687373538999
16,0,0,0,3.7,1.7,1,7.5,3,0,2,10.0,96,3.27,2,1.3556845124032513,15.05166041856306,1.6102145113046793,86094.79021322812,11.116239925597819,2.3978952727983707,0.9932517730102833
24,1,1,1,3.2,2.3,1,7.0,3,1,2,11.0,86,3.59,2,1.2004777883442346,13.414325353558693,1.6102145113046793,63917.09875329975,14.788739421516853,2.4849066497880004,1.1939224684724346
19,0,2,6,4.8,1.9,1,6.0,2,0,2,16.0,82,3.54,2,1.6370062359244075,10.347518899102251,0.8778301681657564,56183.26023893996,14.169772787057607,2.833213344056216,1.0647107369924282
19,1,2,4,7.4,0.9,1,6.8,3,1,1,17.0,74,2.59,1,2.113708815832555,12.778487214922173,1.6102145113046793,42548.719285856496,5.382153841105391,2.8903717578961645,0.6418538861723948
19,0,2,0,3.4,1.3,0,7.8,3,1,3,16.0,77,3.66,2,1.2651404807900501,16.066200853784746,1.6102145113046793,47382.81123366814,15.684410084705304,2.833213344056216,0.832909122935104
19,0,2,3,3.7,1.4,1,7.5,3,0,3,9.0,82,3.56,2,1.3556845124032513,15.05166041856306,1.6102145113046793,56183.26023893996,14.415298505689877,2.302585092994046,0.8754687373538999
18,1,0,4,4.0,2.4,2,6.7,3,1,3,9.0,98,3.48,2,1.4395330280586147,12.464723049102489,1.6102145113046793,91038.45997193112,13.449516948333956,2.302585092994046,1.2237754316221157
16,1,0,4,3.4,1.5,1,7.8,3,1,3,15.0,98,3.95,2,1.2651404807900501,16.066200853784746,1.6102145113046793,91038.45997193112,19.770392735367714,2.772588722239781,0.9162907318741551
16,2,0,4,3.6,1.0,1,6.4,3,0,2,19.0,86,3.69,2,1.3263003819268158,11.540249794535706,1.6102145113046793,63917.09875329975,16.07880955652339,2.995732273553991,0.6931471805599453
17,1,0,4,3.7,2.0,1,6.6,1,0,4,5.0,79,3.57,2,1.3556845124032513,12.15375076672696,0.0,50789.75419132553,14.5390899446019,1.791759469228055,1.0986122886681098
16,0,0,4,3.4,0.8,1,6.1,2,0,0,14.0,86,3.78,2,1.2651404807900501,10.641371908015127,0.8778301681657564,63917.09875329975,17.300599455458382,2.70805020110221,0.5877866649021191
16,0,0,0,5.7,1.6,1,6.6,2,1,2,4.0,91,3.39,2,1.8249272994757757,12.15375076672696,0.8778301681657564,74486.02575307926,12.41431443477717,1.6094379124341003,0.9555114450274363
16,0,0,4,6.8,1.2,1,4.6,1,1,2,16.0,79,3.13,2,2.019709544031315,6.549692444201377,0.0,50789.75419132553,9.716531711647102,2.833213344056216,0.7884573603642702
16,1,0,4,5.9,1.8,0,6.3,1,1,2,16.0,66,3.36,2,1.8628491617376208,11.237755995802775,0.0,31213.358948090136,12.08109121248574,2.833213344056216,1.0296194171811581
18,1,2,0,3.0,1.8,1,8.8,4,1,0,9.0,94,4.0,2,1.1318728617817535,19.61678552928072,2.261698926363226,81323.92171042044,20.53818254914221,2.302585092994046,1.0296194171811581
17,1,0,4,8.6,2.0,0,6.3,2,1,2,21.0,61,3.25,1,2.2818354611447473,11.237755995802775,0.8778301681657564,25217.052320963478,10.90882410064474,3.091042453358316,1.0986122886681098
20,0,2,4,4.0,1.1,0,7.3,3,0,3,5.0,83,3.63,2,1.4395330280586147,14.388618785157242,1.6102145113046793,58057.92927986961,15.296357628263685,1.791759469228055,0.7419373447293773
15,1,0,0,3.2,1.4,0,7.2,2,0,1,14.0,96,3.51,2,1.2004777883442346,14.061136801601103,0.8778301681657564,86094.79021322812,13.806598784091944,2.70805020110221,0.8754687373538999
22,1,1,0,5.7,1.5,1,6.6,2,1,0,13.0,84,3.55,2,1.8249272994757757,12.15375076672696,0.8778301681657564,59971.57105866405,14.292193415871623,2.6390573296152584,0.9162907318741551
16,1,0,6,7.6,2.3,2,6.1,2,1,2,16.0,82,3.13,2,2.1434440944290047,10.641371908015127,0.8778301681657564,56183.26023893996,9.716531711647102,2.833213344056216,1.1939224684724346
19,0,2,6,7.3,2.5,1,6.0,2,1,3,13.0,72,3.2,2,2.09855491776158,10.347518899102251,0.8778301681657564,39506.21991155572,10.401237330639699,2.6390573296152584,1.252762968495368
18,0,2,4,8.3,1.3,1,6.4,2,1,2,23.0,61,2.81,1,2.2419894696219833,11.540249794535706,0.8778301681657564,25217.052320963478,6.954155242313397,3.1780538303479458,0.832909122935104
20,1,2,0,8.0,1.7,1,5.0,2,1,3,18.0,66,2.75,1,2.2007570648755084,7.5729175150710875,0.8778301681657564,31213.358948090136,6.5001461320525165,2.9444389791664403,0.9932517730102833
17,1,0,4,3.8,2.3,1,8.6,2,0,1,10.0,81,3.3,2,1.384326776898207,18.886266876241464,0.8778301681657564,54347.230996866165,11.432105005383404,2.3978952727983707,1.1939224684724346
19,0,2,0,4.8,2.8,1,5.9,3,1,2,10.0,76,2.95,2,1.6370062359244075,10.056584152579083,1.6102145113046793,45734.94462371378,8.090435723777606,2.3978952727983707,1.33500106673234
15,0,0,6,3.4,0.7,1,6.8,1,0,3,9.0,89,3.46,2,1.2651404807900501,12.778487214922173,0.0,70135.94297111471,13.21482174546893,2.302585092994046,0.5306282510621704
22,1,2,6,5.6,2.4,0,4.8,2,1,2,18.0,73,3.46,2,1.8054918230589363,7.054921429048166,0.8778301681657564,41009.67586813584,13.21482174546893,2.9444389791664403,1.2237754316221157
19,0,2,4,3.6,2.4,1,8.2,4,0,3,14.0,83,3.6,2,1.3263003819268158,17.455635531354325,2.261698926363226,58057.92927986961,14.914601235151155,2.70805020110221,1.2237754316221157
17,1,0,6,7.7,2.7,1,6.0,1,1,2,10.0,68,2.98,2,2.158035210576757,10.347518899102251,0.0,33841.334443280015,8.348306654858234,2.3978952727983707,1.308332819650179
22,0,1,4,8.6,2.3,0,4.5,1,1,2,26.0,57,3.46,1,2.2818354611447473,6.301933826278156,0.0,20986.249109062494,13.21482174546893,3.295836866004329,1.1939224684724346
17,2,0,0,7.5,1.7,1,6.5,2,1,3,13.0,75,3.17,2,2.1286702202484076,11.845587262709715,0.8778301681657564,44123.69453376821,10.104120077547,2.6390573296152584,0.9932517730102833
16,1,0,6,2.5,1.9,1,7.1,4,0,2,8.0,88,3.31,2,0.9393512133898587,13.736367236790857,2.261698926363226,68022.48375280312,11.53866528811148,2.1972245773362196,1.0647107369924282
20,0,2,6,2.4,2.6,1,8.1,3,1,3,8.0,92,3.82,2,0.8965046417701628,17.104383037428352,1.6102145113046793,76723.29848149381,17.862459817003035,2.1972245773362196,1.2809338454620642
18,1,2,0,3.3,1.8,1,8.0,3,0,2,12.0,94,3.05,2,1.2332726085820729,16.755717770784734,1.6102145113046793,81323.92171042044,8.970276567071865,2.5649493574615367,1.0296194171811581
21,1,2,4,2.4,2.2,1,7.2,3,1,4,8.0,89,3.89,2,0.8965046417701628,14.061136801601103,1.6102145113046793,70135.94297111471,18.87410098953472,2.1972245773362196,1.1631508098056809
21,0,2,4,13.1,0.9,1,3.0,1,1,3,33.0,37,2.92,0,2.7599867274701824,2.997232442083743,0.0,6512.330032231414,7.837703446786447,3.5263605246161616,0.6418538861723948
26,1,1,4,3.6,2.9,1,8.7,4,0,2,0.0,98,4.0,2,1.3263003819268158,19.250269148910856,2.261698926363226,91038.45997193112,20.53818254914221,0.0,1.3609765531356006
19,1,2,0,5.1,2.1,1,6.6,2,1,1,16.0,85,3.56,2,1.7031011436641108,12.15375076672696,0.8778301681657564,61924.51734422166,14.415298505689877,2.833213344056216,1.1314021114911006
18,1,2,0,2.7,1.8,1,8.1,4,0,2,4.0,88,3.85,2,1.0203866362587886,17.104383037428352,2.261698926363226,68022.48375280312,18.291570207219255,1.6094379124341003,1.0296194171811581
17,0,0,4,3.5,2.5,0,6.3,3,0,1,14.0,78,3.32,2,1.2961337421106984,11.237755995802775,1.6102145113046793,49067.63473037756,11.645864683908064,2.70805020110221,1.252762968495368
19,0,2,0,7.5,1.7,1,6.6,2,1,3,10.0,65,2.98,2,2.1286702202484076,12.15375076672696,0.8778301681657564,29949.25362327995,8.348306654858234,2.3978952727983707,0.9932517730102833
18,1,2,0,2.1,1.4,1,7.5,4,0,2,6.0,94,3.97,2,0.7570090469002981,15.05166041856306,2.261698926363226,81323.92171042044,20.075215768293244,1.9459101490553132,0.8754687373538999
21,0,2,0,6.4,1.4,1,7.8,2,1,2,15.0,86,2.93,2,1.9525792661508234,16.066200853784746,0.8778301681657564,63917.09875329975,7.921379736654888,2.772588722239781,0.8754687373538999
17,1,0,0,6.9,1.5,0,5.5,1,1,4,27.0,66,2.92,1,2.0359078246346916,8.92242992355568,0.0,31213.358948090136,7.837703446786447,3.332204510175204,0.9162907318741551
22,0,1,3,7.3,1.8,1,5.4,1,0,2,19.0,72,3.4,2,2.09855491776158,8.646392457066119,0.0,39506.21991155572,12.526694794914107,2.995732273553991,1.0296194171811581
18,0,2,0,2.3,2.1,1,9.1,4,0,2,7.0,98,3.68,2,0.8519347810161471,20.73130520980927,2.261698926363226,91038.45997193112,15.946634697155112,2.0794415416798357,1.1314021114911006
24,1,1,1,4.4,2.8,2,6.6,2,0,3,9.0,75,3.48,2,1.5425211917840917,12.15375076672696,0.8778301681657564,44123.69453376821,13.449516948333956,2.302585092994046,1.33500106673234
17,1,0,4,3.7,1.7,1,7.6,3,0,1,13.0,86,4.0,2,1.3556845124032513,15.387190975810833,1.6102145113046793,63917.09875329975,20.53818254914221,2.6390573296152584,0.9932517730102833
18,1,2,0,3.5,2.8,1,7.9,4,1,2,8.0,83,3.63,2,1.2961337421106984,16.409652657927705,2.261698926363226,58057.92927986961,15.296357628263685,2.1972245773362196,1.33500106673234
18,0,2,4,5.6,2.0,0,6.2,2,1,3,16.0,80,3.34,2,1.8054918230589363,10.938123890491681,0.8778301681657564,52549.50742605369,11.862188377883385,2.833213344056216,1.0986122886681098
21,3,2,0,6.5,2.2,0,7.2,3,0,0,19.0,61,3.42,1,1.9697262931476014,14.061136801601103,1.6102145113046793,25217.052320963478,12.753425783763895,2.995732273553991,1.1631508098056809
20,0,2,3,5.5,2.1,1,5.7,3,1,2,20.0,78,3.46,2,1.7857252215541248,9.483548899985696,1.6102145113046793,49067.63473037756,13.21482174546893,3.044522437723423,1.1314021114911006
21,0,2,3,3.3,2.4,1,6.3,3,1,2,8.0,78,3.72,2,1.2332726085820729,11.237755995802775,1.6102145113046793,49067.63473037756,16.479606987119947,2.1972245773362196,1.2237754316221157
15,0,0,6,7.1,1.2,1,7.1,3,1,2,20.0,69,3.08,1,2.0676487677416864,13.736367236790857,1.6102145113046793,35205.91224901557,9.245645848802152,3.044522437723423,0.7884573603642702
19,1,2,4,8.3,3.0,1,7.0,2,1,1,18.0,71,3.32,2,2.2419894696219833,13.414325353558693,0.8778301681657564,38038.0056657807,11.645864683908064,2.9444389791664403,1.3862943611198906
17,0,0,0,5.5,0.8,1,7.7,1,0,2,4.0,89,3.46,2,1.7857252215541248,15.725375748712496,0.0,70135.94297111471,13.21482174546893,1.6094379124341003,0.5877866649021191
20,1,2,1,4.6,1.1,1,7.8,3,1,4,7.0,89,3.37,2,1.5907355499331142,16.066200853784746,1.6102145113046793,70135.94297111471,12.19151453362671,2.0794415416798357,0.7419373447293773
19,0,2,0,2.7,1.5,2,7.3,3,0,1,17.0,84,3.92,2,1.0203866362587886,14.388618785157242,1.6102145113046793,59971.57105866405,19.31885273989304,2.8903717578961645,0.9162907318741551
19,0,2,5,2.3,1.0,1,7.4,3,0,2,7.0,98,4.0,2,0.8519347810161471,14.718798218821261,1.6102145113046793,91038.45997193112,20.53818254914221,2.0794415416798357,0.6931471805599453
17,1,0,3,4.9,1.5,1,7.7,4,0,2,18.0,84,3.52,2,1.659461753676766,15.725375748712496,2.261698926363226,59971.57105866405,13.926977359533225,2.9444389791664403,0.9162907318741551
17,0,0,0,3.3,2.1,1,7.4,4,0,4,11.0,79,3.44,2,1.2332726085820729,14.718798218821261,2.261698926363226,50789.75419132553,12.982796395310663,2.4849066497880004,1.1314021114911006
18,1,2,6,6.5,1.0,1,5.3,2,0,3,20.0,68,3.14,1,1.9697262931476014,8.3733992567368,0.8778301681657564,33841.334443280015,9.81251648426725,3.044522437723423,0.6931471805599453
21,0,2,5,4.6,2.0,1,5.9,3,1,2,10.0,78,3.4,2,1.5907355499331142,10.056584152579083,1.6102145113046793,49067.63473037756,12.526694794914107,2.3978952727983707,1.0986122886681098
16,1,0,6,6.0,2.0,1,5.0,1,1,2,19.0,80,3.12,2,1.8813563150191603,7.5729175150710875,0.0,52549.50742605369,9.621151996683725,2.995732273553991,1.0986122886681098
19,0,2,0,5.7,0.8,1,9.3,3,0,1,14.0,92,4.0,2,1.8249272994757757,21.486682768630658,1.6102145113046793,76723.29848149381,20.53818254914221,2.70805020110221,0.5877866649021191
17,1,0,6,4.3,2.3,1,7.2,3,1,3,14.0,92,3.62,2,1.5176311317383155,14.061136801601103,1.6102145113046793,76723.29848149381,15.168408451034988,2.70805020110221,1.1939224684724346
21,1,0,4,3.7,1.2,1,7.3,2,1,4,11.0,85,3.81,2,1.3556845124032513,14.388618785157242,0.8778301681657564,61924.51734422166,17.720896337416892,2.4849066497880004,0.7884573603642702
20,0,2,3,2.9,2.1,1,6.1,4,0,3,18.0,82,3.07,2,1.095930983777979,10.641371908015127,2.261698926363226,56183.26023893996,9.153263022572325,2.9444389791664403,1.1314021114911006
20,1,2,6,4.6,2.2,1,7.3,3,0,4,15.0,82,3.76,2,1.5907355499331142,14.388618785157242,1.6102145113046793,56183.26023893996,17.024043975850308,2.772588722239781,1.1631508098056809
17,0,0,2,4.9,0.8,1,6.7,3,0,2,23.0,82,3.19,2,1.659461753676766,12.464723049102489,1.6102145113046793,56183.26023893996,10.301582463218029,3.1780538303479458,0.5877866649021191
20,1,2,4,4.2,3.1,1,6.2,2,0,2,14.0,89,3.18,2,1.492187365993103,10.938123890491681,0.8778301681657564,70135.94297111471,10.202544009650545,2.70805020110221,1.410986973710262
20,1,2,4,3.9,2.1,1,6.4,2,0,3,11.0,87,2.82,2,1.4122647058505842,11.540249794535706,0.8778301681657564,65949.64476800284,7.031717803560084,2.4849066497880004,1.1314021114911006
15,1,0,0,4.6,2.6,0,6.4,3,1,2,15.0,78,3.66,2,1.5907355499331142,11.540249794535706,1.6102145113046793,49067.63473037756,15.684410084705304,2.772588722239781,1.2809338454620642
19,1,2,2,6.6,2.8,1,6.8,3,1,2,14.0,81,3.08,2,1.9866255656836118,12.778487214922173,1.6102145113046793,54347.230996866165,9.245645848802152,2.70805020110221,1.33500106673234
19,0,2,6,7.0,2.1,0,6.4,3,1,3,11.0,72,3.49,2,2.0518855355680303,11.540249794535706,1.6102145113046793,39506.21991155572,13.567870467191462,2.4849066497880004,1.1314021114911006
17,1,0,0,7.0,0.8,1,6.7,2,1,3,21.0,68,3.55,2,2.0518855355680303,12.464723049102489,0.8778301681657564,33841.334443280015,14.292193415871623,3.091042453358316,0.5877866649021191
16,1,0,6,2.1,3.3,1,7.1,2,0,0,0.0,98,4.0,2,0.7570090469002981,13.736367236790857,0.8778301681657564,91038.45997193112,20.53818254914221,0.0,1.4586150226995167
17,2,0,2,8.9,0.9,1,5.8,1,0,4,15.0,72,3.17,2,2.320387654485076,9.76858741311186,0.0,39506.21991155572,10.104120077547,2.772588722239781,0.6418538861723948
18,0,2,4,3.3,1.8,1,9.0,3,0,2,15.0,95,3.37,2,1.2332726085820729,20.357314790663057,1.6102145113046793,83687.91518516612,12.19151453362671,2.772588722239781,1.0296194171811581
20,0,2,6,2.6,2.0,1,8.7,4,1,2,5.0,94,3.72,2,0.9806061985963926,19.250269148910856,2.261698926363226,81323.92171042044,16.479606987119947,1.791759469228055,1.0986122886681098
17,1,0,6,3.8,1.5,1,6.8,3,0,3,11.0,78,3.84,2,1.384326776898207,12.778487214922173,1.6102145113046793,49067.63473037756,18.147794866724794,2.4849066497880004,0.9162907318741551
20,1,2,4,7.5,1.7,0,5.4,1,1,4,18.0,69,2.89,1,2.1286702202484076,8.646392457066119,0.0,35205.91224901557,7.590058642795928,2.9444389791664403,0.9932517730102833
18,1,2,0,5.0,0.4,1,7.1,2,0,1,2.0,80,4.0,2,1.681487870546516,13.736367236790857,0.8778301681657564,52549.50742605369,20.53818254914221,1.0986122886681098,0.33647223662121295
18,1,2,6,5.8,1.6,1,6.9,2,1,2,13.0,83,3.39,2,1.8440428632175376,13.095026718981076,0.8778301681657564,58057.92927986961,12.41431443477717,2.6390573296152584,0.9555114450274363
20,1,2,4,14.0,1.8,1,3.7,1,1,2,35.0,51,2.69,0,2.8364774847199032,4.4403960165533265,0.0,15528.613925862097,6.065325961111475,3.58351893845611,1.0296194171811581
19,1,2,6,4.0,1.7,1,6.5,3,0,2,11.0,79,3.28,2,1.4395330280586147,11.845587262709715,1.6102145113046793,50789.75419132553,11.220894215246592,2.4849066497880004,0.9932517730102833
18,0,2,5,4.0,2.6,1,7.4,4,0,3,15.0,83,3.12,2,1.4395330280586147,14.718798218821261,2.261698926363226,58057.92927986961,9.621151996683725,2.772588722239781,1.2809338454620642
19,1,2,6,3.7,1.8,0,6.8,4,0,2,13.0,89,3.73,2,1.3556845124032513,12.778487214922173,2.261698926363226,70135.94297111471,16.614636703065745,2.6390573296152584,1.0296194171811581
17,0,0,0,11.1,1.3,1,3.2,1,0,1,29.0,46,2.91,0,2.5704644360674704,3.3910086472942322,0.0,11743.200224808417,7.7545924317854675,3.4011973816621555,0.832909122935104
18,0,2,6,3.2,2.1,1,8.7,3,0,2,4.0,98,3.87,2,1.2004777883442346,19.250269148910856,1.6102145113046793,91038.45997193112,18.58134594461001,1.6094379124341003,1.1314021114911006
21,0,2,0,4.3,0.0,1,9.2,2,0,1,4.0,98,3.83,2,1.5176311317383155,21.107764803377655,0.8778301681657564,91038.45997193112,18.00475869836222,1.6094379124341003,0.0
16,2,0,0,2.5,0.8,1,7.2,2,1,1,13.0,89,3.41,2,0.9393512133898587,14.061136801601103,0.8778301681657564,70135.94297111471,12.639731281317893,2.6390573296152584,0.5877866649021191
19,0,2,0,8.3,1.7,1,5.7,3,1,3,13.0,68,2.94,2,2.2419894696219833,9.483548899985696,1.6102145113046793,33841.334443280015,8.005623197120133,2.6390573296152584,0.9932517730102833
15,0,0,2,4.3,1.8,1,7.4,2,1,3,11.0,87,3.63,2,1.5176311317383155,14.718798218821261,0.8778301681657564,65949.64476800284,15.296357628263685,2.4849066497880004,1.0296194171811581
18,0,0,0,10.0,1.1,1,5.6,1,0,3,24.0,51,3.09,1,2.4519451177756233,9.201489326998276,0.0,15528.613925862097,9.338624265751184,3.2188758248682006,0.7419373447293773
17,0,0,6,3.2,2.6,0,8.9,4,1,3,7.0,98,4.0,2,1.2004777883442346,19.985804516313625,2.261698926363226,91038.45997193112,20.53818254914221,2.0794415416798357,1.2809338454620642
18,1,2,4,8.7,2.8,1,6.4,1,1,4,16.0,58,3.21,1,2.294825646767686,11.540249794535706,0.0,21998.22133107918,10.501510504182985,2.833213344056216,1.33500106673234
20,1,2,4,5.6,2.9,1,7.9,4,1,2,11.0,74,3.51,2,1.8054918230589363,16.409652657927705,2.261698926363226,42548.719285856496,13.806598784091944,2.4849066497880004,1.3609765531356006
17,0,0,5,2.6,3.0,1,7.0,3,0,3,0.0,93,3.47,2,0.9806061985963926,13.414325353558693,1.6102145113046793,79002.48980321265,13.331834670752924,0.0,1.3862943611198906
19,1,2,0,3.3,1.8,2,6.5,2,0,2,12.0,81,3.71,2,1.2332726085820729,11.845587262709715,0.8778301681657564,54347.230996866165,16.345293814978213,2.5649493574615367,1.0296194171811581
17,1,0,4,4.1,2.1,1,5.9,3,1,2,15.0,86,3.56,2,1.466163943905982,10.056584152579083,1.6102145113046793,63917.09875329975,14.415298505689877,2.772588722239781,1.1314021114911006
21,0,2,5,11.4,2.6,1,5.1,1,1,3,23.0,61,2.73,1,2.600858321956055,7.836637933925062,0.0,25217.052320963478,6.353094218431751,3.1780538303479458,1.2809338454620642
18,0,2,0,5.9,0.8,1,5.8,1,1,0,13.0,82,3.7,2,1.8628491617376208,9.76858741311186,0.0,56183.26023893996,16.211695300270975,2.6390573296152584,0.5877866649021191
17,1,0,0,4.9,1.2,1,7.0,2,1,2,12.0,95,3.31,2,1.659461753676766,13.414325353558693,0.8778301681657564,83687.91518516612,11.53866528811148,2.5649493574615367,0.7884573603642702
18,3,2,1,4.9,2.4,1,7.6,3,0,0,8.0,98,4.0,2,1.659461753676766,15.387190975810833,1.6102145113046793,91038.45997193112,20.53818254914221,2.1972245773362196,1.2237754316221157
18,1,2,0,4.4,1.5,1,8.3,3,0,4,12.0,87,3.43,2,1.5425211917840917,17.809462547767687,1.6102145113046793,65949.64476800284,12.867780191912736,2.5649493574615367,0.9162907318741551
19,1,2,4,5.8,1.3,1,6.1,2,0,3,20.0,72,3.69,2,1.8440428632175376,10.641371908015127,0.8778301681657564,39506.21991155572,16.07880955652339,3.044522437723423,0.832909122935104
16,0,0,0,3.7,1.7,0,7.7,2,0,3,6.0,86,3.63,2,1.3556845124032513,15.725375748712496,0.8778301681657564,63917.09875329975,15.296357628263685,1.9459101490553132,0.9932517730102833
21,1,2,4,2.0,0.7,2,7.2,3,1,2,0.0,98,3.46,2,0.7062901854968463,14.061136801601103,1.6102145113046793,91038.45997193112,13.21482174546893,0.0,0.5306282510621704
18,0,2,4,6.4,2.0,1,6.4,1,0,1,15.0,77,3.07,2,1.9525792661508234,11.540249794535706,0.0,47382.81123366814,9.153263022572325,2.772588722239781,1.0986122886681098
17,0,0,6,4.2,1.8,1,6.5,3,0,3,11.0,80,4.0,2,1.492187365993103,11.845587262709715,1.6102145113046793,52549.50742605369,20.53818254914221,2.4849066497880004,1.0296194171811581
16,2,0,0,9.8,1.9,1,4.8,1,1,2,17.0,60,3.02,1,2.4290784648391797,7.054921429048166,0.0,24113.25572387178,8.700216465863583,2.8903717578961645,1.0647107369924282
19,1,2,4,5.0,1.9,1,6.1,2,1,1,8.0,86,3.46,2,1.681487870546516,10.641371908015127,0.8778301681657564,63917.09875329975,13.21482174546893,2.1972245773362196,1.0647107369924282
19,1,2,5,1.3,2.9,1,8.2,5,1,3,0.0,95,4.0,2,0.26423266144669216,17.455635531354325,2.858956583624191,83687.91518516612,20.53818254914221,0.0,1.3609765531356006
18,0,0,0,5.3,1.9,1,8.1,3,1,2,12.0,80,3.88,2,1.7451507197105387,17.104383037428352,1.6102145113046793,52549.50742605369,18.72735011125622,2.5649493574615367,1.0647107369924282
16,1,0,5,4.8,1.3,1,7.8,3,1,3,10.0,91,3.8,2,1.6370062359244075,16.066200853784746,1.6102145113046793,74486.02575307926,17.58006637427118,2.3978952727983707,0.832909122935104
18,1,2,4,6.1,0.6,1,5.7,2,1,3,8.0,84,3.47,2,1.8995739499976299,9.483548899985696,0.8778301681657564,59971.57105866405,13.331834670752924,2.1972245773362196,0.4700036292457356
20,0,2,0,4.6,3.0,1,6.1,2,0,2,10.0,86,3.71,2,1.5907355499331142,10.641371908015127,0.8778301681657564,63917.09875329975,16.345293814978213,2.3978952727983707,1.3862943611198906
17,0,0,4,4.0,1.7,1,8.1,3,1,2,15.0,82,3.46,2,1.4395330280586147,17.104383037428352,1.6102145113046793,56183.26023893996,13.21482174546893,2.772588722239781,0.9932517730102833
18,1,2,0,2.1,0.1,1,8.1,4,0,1,8.0,98,4.0,2,0.7570090469002981,17.104383037428352,2.261698926363226,91038.45997193112,20.53818254914221,2.1972245773362196,0.09531017980432487
19,1,2,0,2.3,2.7,1,7.6,4,0,4,9.0,86,3.62,2,0.8519347810161471,15.387190975810833,2.261698926363226,63917.09875329975,15.168408451034988,2.302585092994046,1.308332819650179
16,1,0,4,2.3,2.2,1,7.2,4,0,2,7.0,86,3.28,2,0.8519347810161471,14.061136801601103,2.261698926363226,63917.09875329975,11.220894215246592,2.0794415416798357,1.1631508098056809
21,0,2,0,6.8,1.7,1,7.6,2,1,2,15.0,78,3.62,2,2.019709544031315,15.387190975810833,0.8778301681657564,49067.63473037756,15.168408451034988,2.772588722239781,0.9932517730102833
17,1,0,3,4.6,0.8,1,7.7,3,1,0,18.0,86,3.09,2,1.5907355499331142,15.725375748712496,1.6102145113046793,63917.09875329975,9.338624265751184,2.9444389791664403,0.5877866649021191
19,1,2,6,5.0,2.4,1,6.2,1,1,4,22.0,68,3.25,1,1.681487870546516,10.938123890491681,0.0,33841.334443280015,10.90882410064474,3.1354942159291497,1.2237754316221157
19,1,2,6,4.6,1.6,1,8.4,3,1,2,8.0,83,4.0,2,1.5907355499331142,18.16585159714471,1.6102145113046793,58057.92927986961,20.53818254914221,2.1972245773362196,0.9555114450274363
21,0,2,2,2.9,1.1,1,6.7,3,1,1,11.0,76,3.36,2,1.095930983777979,12.464723049102489,1.6102145113046793,45734.94462371378,12.08109121248574,2.4849066497880004,0.7419373447293773
15,0,0,6,4.4,0.9,1,6.6,3,0,4,11.0,86,4.0,2,1.5425211917840917,12.15375076672696,1.6102145113046793,63917.09875329975,20.53818254914221,2.4849066497880004,0.6418538861723948
17,0,0,3,4.0,1.6,1,6.8,2,1,1,16.0,80,3.73,2,1.4395330280586147,12.778487214922173,0.8778301681657564,52549.50742605369,16.614636703065745,2.833213344056216,0.9555114450274363
20,0,2,4,5.2,1.6,1,7.5,3,1,2,18.0,87,3.4,2,1.7243171824127188,15.05166041856306,1.6102145113046793,65949.64476800284,12.526694794914107,2.9444389791664403,0.9555114450274363
20,0,2,0,5.1,1.4,0,6.3,3,0,0,15.0,82,3.53,2,1.7031011436641108,11.237755995802775,1.6102145113046793,56183.26023893996,14.048034731048165,2.772588722239781,0.8754687373538999
16,1,0,4,2.3,1.3,1,9.1,4,0,3,9.0,98,4.0,2,0.8519347810161471,20.73130520980927,2.261698926363226,91038.45997193112,20.53818254914221,2.302585092994046,0.832909122935104
17,1,0,4,4.7,1.3,1,6.1,2,0,3,8.0,86,3.33,2,1.6141037337096489,10.641371908015127,0.8778301681657564,63917.09875329975,11.7537050835968,2.1972245773362196,0.832909122935104
16,1,0,5,4.3,0.6,0,7.0,3,0,2,10.0,81,3.06,2,1.5176311317383155,13.414325353558693,1.6102145113046793,54347.230996866165,9.06147389329403,2.3978952727983707,0.4700036292457356
17,0,0,0,5.3,1.0,1,6.6,3,0,3,11.0,80,3.02,2,1.7451507197105387,12.15375076672696,1.6102145113046793,52549.50742605369,8.700216465863583,2.4849066497880004,0.6931471805599453
17,0,0,2,5.2,1.9,1,7.7,3,1,0,9.0,89,3.84,2,1.7243171824127188,15.725375748712496,1.6102145113046793,70135.94297111471,18.147794866724794,2.302585092994046,1.0647107369924282
19,2,2,4,10.0,2.4,1,3.9,1,1,3,30.0,47,3.35,1,2.4519451177756233,4.885236590833674,0.0,12447.386303522204,11.971316457356032,3.4339872044851463,1.2237754316221157
21,1,2,5,2.9,2.1,1,7.2,3,1,2,9.0,86,3.92,2,1.095930983777979,14.061136801601103,1.6102145113046793,63917.09875329975,19.31885273989304,2.302585092994046,1.1314021114911006
21,1,2,2,5.2,3.0,0,8.0,3,1,2,9.0,89,4.0,2,1.7243171824127188,16.755717770784734,1.6102145113046793,70135.94297111471,20.53818254914221,2.302585092994046,1.3862943611198906
17,1,0,3,3.1,2.1,0,7.5,3,1,1,9.0,96,3.02,2,1.1666987907776478,15.05166041856306,1.6102145113046793,86094.79021322812,8.700216465863583,2.302585092994046,1.1314021114911006
20,1,2,4,5.1,2.6,1,6.3,2,1,1,11.0,82,3.59,2,1.7031011436641108,11.237755995802775,0.8778301681657564,56183.26023893996,14.788739421516853,2.4849066497880004,1.2809338454620642
17,0,0,0,5.5,2.1,1,6.6,3,1,3,8.0,77,3.43,2,1.7857252215541248,12.15375076672696,1.6102145113046793,47382.81123366814,12.867780191912736,2.1972245773362196,1.1314021114911006
18,0,2,4,7.1,1.4,1,4.9,2,1,0,17.0,60,3.74,2,2.0676487677416864,7.3123368290812865,0.8778301681657564,24113.25572387178,16.750384849080206,2.8903717578961645,0.8754687373538999
17,0,0,4,10.2,0.2,1,5.2,1,1,2,19.0,59,3.34,1,2.4743831724778294,8.103473238889842,0.0,23040.434161822523,11.862188377883385,2.995732273553991,0.18232155679395465
17,1,0,6,4.3,3.1,1,8.2,4,0,1,12.0,91,3.71,2,1.5176311317383155,17.455635531354325,2.261698926363226,74486.02575307926,16.345293814978213,2.5649493574615367,1.410986973710262
19,1,2,3,3.8,1.2,1,7.1,3,0,2,10.0,81,2.96,2,1.384326776898207,13.736367236790857,1.6102145113046793,54347.230996866165,8.175819212089252,2.3978952727983707,0.7884573603642702
21,1,2,4,7.0,2.1,1,6.9,1,1,1,17.0,68,3.73,2,2.0518855355680303,13.095026718981076,0.0,33841.334443280015,16.614636703065745,2.8903717578961645,1.1314021114911006
15,0,0,3,6.6,1.1,1,5.3,2,1,1,21.0,65,3.32,1,1.9866255656836118,8.3733992567368,0.8778301681657564,29949.25362327995,11.645864683908064,3.091042453358316,0.7419373447293773
18,0,2,4,4.8,1.8,1,6.6,3,0,3,12.0,79,3.22,2,1.6370062359244075,12.15375076672696,1.6102145113046793,50789.75419132553,10.602403875992923,2.5649493574615367,1.0296194171811581
18,0,2,6,6.4,2.6,1,6.2,2,1,3,23.0,74,2.65,1,1.9525792661508234,10.938123890491681,0.8778301681657564,42548.719285856496,5.78590386095075,3.1780538303479458,1.2809338454620642
19,0,2,0,4.6,3.4,1,7.7,3,0,3,9.0,90,3.5,2,1.5907355499331142,15.725375748712496,1.6102145113046793,72290.34860143652,13.686897116192466,2.302585092994046,1.4816045409242156
19,1,2,0,9.9,2.0,1,3.9,1,1,2,30.0,48,3.1,0,2.440566416418899,4.885236590833674,0.0,13177.630667357054,9.43220016705984,3.4339872044851463,1.0986122886681098
21,0,2,0,6.1,2.4,1,7.2,2,1,3,15.0,71,3.8,2,1.8995739499976299,14.061136801601103,0.8778301681657564,38038.0056657807,17.58006637427118,2.772588722239781,1.2237754316221157
21,0,2,6,1.9,2.3,1,7.0,4,0,3,11.0,88,3.72,2,0.6531132144998397,13.414325353558693,2.261698926363226,68022.48375280312,16.479606987119947,2.4849066497880004,1.1939224684724346
18,0,2,0,8.0,3.2,1,6.2,1,1,1,20.0,76,3.25,2,2.2007570648755084,10.938123890491681,0.0,45734.94462371378,10.90882410064474,3.044522437723423,1.4350845252893227
18,0,2,6,11.7,2.0,0,5.0,1,1,3,34.0,45,2.38,0,2.630504798570763,7.5729175150710875,0.0,11064.678764162616,4.108831229646327,3.5553480614894135,1.0986122886681098
18,0,2,0,1.4,1.9,1,8.4,4,0,3,0.0,96,4.0,2,0.3395493214925278,18.16585159714471,2.261698926363226,86094.79021322812,20.53818254914221,0.0,1.0647107369924282
18,0,2,4,1.8,2.5,0,8.4,4,0,4,7.0,88,4.0,2,0.5972197629867352,18.16585159714471,2.261698926363226,68022.48375280312,20.53818254914221,2.0794415416798357,1.252762968495368
18,1,2,0,3.2,0.3,1,7.3,3,0,2,11.0,89,3.46,2,1.2004777883442346,14.388618785157242,1.6102145113046793,70135.94297111471,13.21482174546893,2.4849066497880004,0.262364264467491
17,0,0,6,8.2,2.5,1,5.3,1,1,2,19.0,66,3.16,1,2.228404239984151,8.3733992567368,0.0,31213.358948090136,10.006308774393966,2.995732273553991,1.252762968495368
20,1,2,4,7.1,1.8,1,6.6,2,1,3,10.0,72,3.71,2,2.0676487677416864,12.15375076672696,0.8778301681657564,39506.21991155572,16.345293814978213,2.3978952727983707,1.0296194171811581
20,2,0,0,9.2,2.5,1,5.7,2,0,2,20.0,78,2.38,1,2.3577296084820363,9.483548899985696,0.8778301681657564,49067.63473037756,4.108831229646327,3.044522437723423,1.252762968495368
18,0,2,6,6.8,0.8,1,6.7,3,1,3,11.0,77,3.57,2,2.019709544031315,12.464723049102489,1.6102145113046793,47382.81123366814,14.5390899446019,2.4849066497880004,0.5877866649021191
18,1,0,3,5.1,1.4,1,5.4,1,1,3,22.0,73,3.29,1,1.7031011436641108,8.646392457066119,0.0,41009.67586813584,11.326181944781949,3.1354942159291497,0.8754687373538999
16,0,0,0,5.6,3.4,1,5.9,2,1,2,16.0,76,3.13,2,1.8054918230589363,10.056584152579083,0.8778301681657564,45734.94462371378,9.716531711647102,2.833213344056216,1.4816045409242156
24,0,2,0,2.6,2.4,1,6.9,3,0,3,6.0,97,3.73,2,0.9806061985963926,13.095026718981076,1.6102145113046793,88544.86579764642,16.614636703065745,1.9459101490553132,1.2237754316221157
19,1,2,6,4.9,1.1,1,5.8,2,0,3,11.0,76,2.93,2,1.659461753676766,9.76858741311186,0.8778301681657564,45734.94462371378,7.921379736654888,2.4849066497880004,0.7419373447293773
15,0,0,0,5.1,1.9,1,6.3,2,1,2,10.0,81,3.07,2,1.7031011436641108,11.237755995802775,0.8778301681657564,54347.230996866165,9.153263022572325,2.3978952727983707,1.0647107369924282
16,0,0,4,6.0,2.0,1,4.8,1,1,3,13.0,76,3.4,2,1.8813563150191603,7.054921429048166,0.0,45734.94462371378,12.526694794914107,2.6390573296152584,1.0986122886681098
20,0,2,0,7.7,0.9,1,6.1,1,0,1,22.0,70,3.16,1,2.158035210576757,10.641371908015127,0.0,36604.68597434723,10.006308774393966,3.1354942159291497,0.6418538861723948
19,1,2,6,4.2,1.3,1,7.0,3,0,3,13.0,84,3.9,2,1.492187365993103,13.414325353558693,1.6102145113046793,59971.57105866405,19.021600464068523,2.6390573296152584,0.832909122935104
20,0,2,0,5.0,2.3,0,5.9,2,1,1,18.0,71,3.47,2,1.681487870546516,10.056584152579083,0.8778301681657564,38038.0056657807,13.331834670752924,2.9444389791664403,1.1939224684724346
18,1,2,0,8.6,1.4,1,6.5,1,1,2,25.0,64,2.71,1,2.2818354611447473,11.845587262709715,0.0,28717.928887801263,6.208159224340435,3.258096538021482,0.8754687373538999
20,1,0,0,4.9,1.8,1,5.6,2,1,3,16.0,78,3.62,2,1.659461753676766,9.201489326998276,0.8778301681657564,49067.63473037756,15.168408451034988,2.833213344056216,1.0296194171811581
19,1,2,6,7.8,1.6,1,5.5,1,1,3,24.0,69,2.86,1,2.172448159416712,8.92242992355568,0.0,35205.91224901557,7.347450119829864,3.2188758248682006,0.9555114450274363
18,0,2,0,4.0,1.9,1,7.5,3,1,1,9.0,97,4.0,2,1.4395330280586147,15.05166041856306,1.6102145113046793,88544.86579764642,20.53818254914221,2.302585092994046,1.0647107369924282
20,1,2,6,10.0,1.4,1,6.9,2,1,2,21.0,80,3.11,2,2.4519451177756233,13.095026718981076,0.8778301681657564,52549.50742605369,9.52637544624165,3.091042453358316,0.8754687373538999
18,0,2,0,2.1,1.4,0,8.5,5,0,3,3.0,93,4.0,2,0.7570090469002981,18.524790399056656,2.858956583624191,79002.48980321265,20.53818254914221,1.3862943611198906,0.8754687373538999
21,0,0,4,2.3,0.7,1,7.4,4,0,2,7.0,97,4.0,2,0.8519347810161471,14.718798218821261,2.261698926363226,88544.86579764642,20.53818254914221,2.0794415416798357,0.5306282510621704
20,0,2,5,8.7,2.0,1,6.9,2,1,3,23.0,76,2.45,1,2.294825646767686,13.095026718981076,0.8778301681657564,45734.94462371378,4.509729912673228,3.1780538303479458,1.0986122886681098
21,1,2,0,3.6,2.9,0,7.4,2,0,3,8.0,81,3.49,2,1.3263003819268158,14.718798218821261,0.8778301681657564,54347.230996866165,13.567870467191462,2.1972245773362196,1.3609765531356006
19,0,2,5,3.4,2.4,0,6.9,2,0,3,6.0,85,3.94,2,1.2651404807900501,13.095026718981076,0.8778301681657564,61924.51734422166,19.619122013712897,1.9459101490553132,1.2237754316221157
21,0,2,6,3.3,1.6,1,7.1,3,0,2,7.0,93,3.3,2,1.2332726085820729,13.736367236790857,1.6102145113046793,79002.48980321265,11.432105005383404,2.0794415416798357,0.9555114450274363
17,1,0,4,2.4,1.0,1,8.6,4,1,3,10.0,85,3.35,2,0.8965046417701628,18.886266876241464,2.261698926363226,61924.51734422166,11.971316457356032,2.3978952727983707,0.6931471805599453
17,1,0,4,5.5,2.0,0,7.3,3,1,3,13.0,82,3.04,2,1.7857252215541248,14.388618785157242,1.6102145113046793,56183.26023893996,8.879669149882293,2.6390573296152584,1.0986122886681098
22,0,2,5,2.5,1.4,1,7.8,3,1,2,12.0,88,3.87,2,0.9393512133898587,16.066200853784746,1.6102145113046793,68022.48375280312,18.58134594461001,2.5649493574615367,0.8754687373538999
18,2,2,0,4.4,0.9,1,6.3,1,1,3,9.0,86,4.0,2,1.5425211917840917,11.237755995802775,0.0,63917.09875329975,20.53818254914221,2.302585092994046,0.6418538861723948
15,1,0,6,4.1,1.3,1,7.4,2,0,2,13.0,86,3.46,2,1.466163943905982,14.718798218821261,0.8778301681657564,63917.09875329975,13.21482174546893,2.6390573296152584,0.832909122935104
23,0,1,6,6.8,1.9,1,6.2,2,1,3,19.0,75,3.25,2,2.019709544031315,10.938123890491681,0.8778301681657564,44123.69453376821,10.90882410064474,2.995732273553991,1.0647107369924282
16,0,0,0,9.2,1.2,1,5.1,1,1,0,15.0,69,3.36,2,2.3577296084820363,7.836637933925062,0.0,35205.91224901557,12.08109121248574,2.772588722239781,0.7884573603642702
18,2,2,0,14.0,2.7,0,5.0,1,1,3,31.0,38,2.98,0,2.8364774847199032,7.5729175150710875,0.0,7000.023854332941,8.348306654858234,3.4657359027997265,1.308332819650179
24,0,2,0,8.2,1.3,1,5.9,2,1,2,14.0,77,3.3,2,2.228404239984151,10.056584152579083,0.8778301681657564,47382.81123366814,11.432105005383404,2.70805020110221,0.832909122935104
18,1,2,6,7.6,2.4,1,5.6,1,0,3,15.0,73,3.3,2,2.1434440944290047,9.201489326998276,0.0,41009.67586813584,11.432105005383404,2.772588722239781,1.2237754316221157
21,0,2,4,2.1,2.1,1,6.9,3,0,2,6.0,88,3.81,2,0.7570090469002981,13.095026718981076,1.6102145113046793,68022.48375280312,17.720896337416892,1.9459101490553132,1.1314021114911006
18,1,2,0,3.0,2.3,1,8.2,4,0,2,9.0,87,3.57,2,1.1318728617817535,17.455635531354325,2.261698926363226,65949.64476800284,14.5390899446019,2.302585092994046,1.1939224684724346
19,1,2,0,1.9,1.8,1,9.3,4,0,2,10.0,98,3.46,2,0.6531132144998397,21.486682768630658,2.261698926363226,91038.45997193112,13.21482174546893,2.3978952727983707,1.0296194171811581
19,1,2,0,8.3,1.3,1,6.7,2,1,1,21.0,67,3.38,1,2.2419894696219833,12.464723049102489,0.8778301681657564,32510.60102499727,12.302588311016644,3.091042453358316,0.832909122935104
24,1,1,2,4.8,2.8,1,7.6,3,0,2,0.0,98,3.63,2,1.6370062359244075,15.387190975810833,1.6102145113046793,91038.45997193112,15.296357628263685,0.0,1.33500106673234
21,1,2,4,2.3,2.1,0,8.9,4,1,3,7.0,96,3.59,2,0.8519347810161471,19.985804516313625,2.261698926363226,86094.79021322812,14.788739421516853,2.0794415416798357,1.1314021114911006
18,1,2,4,6.5,1.5,1,5.7,2,0,4,13.0,74,3.34,2,1.9697262931476014,9.483548899985696,0.8778301681657564,42548.719285856496,11.862188377883385,2.6390573296152584,0.9162907318741551
20,1,2,3,6.2,0.0,1,5.0,1,1,4,23.0,72,2.9,1,1.9175112322134875,7.5729175150710875,0.0,39506.21991155572,7.672044795788171,3.1780538303479458,0.0
18,1,2,6,5.9,1.1,1,7.9,2,1,3,12.0,80,3.42,2,1.8628491617376208,16.409652657927705,0.8778301681657564,52549.50742605369,12.753425783763895,2.5649493574615367,0.7419373447293773
19,0,2,4,5.1,1.0,1,6.9,3,1,2,13.0,75,3.76,2,1.7031011436641108,13.095026718981076,1.6102145113046793,44123.69453376821,17.024043975850308,2.6390573296152584,0.6931471805599453
22,0,2,4,4.1,1.7,1,7.7,3,0,4,2.0,98,3.14,2,1.466163943905982,15.725375748712496,1.6102145113046793,91038.45997193112,9.81251648426725,1.0986122886681098,0.9932517730102833
15,1,0,2,2.3,3.3,0,6.3,3,0,1,11.0,82,3.94,2,0.8519347810161471,11.237755995802775,1.6102145113046793,56183.26023893996,19.619122013712897,2.4849066497880004,1.4586150226995167
23,1,1,4,2.7,3.2,1,7.3,3,0,2,9.0,96,3.4,2,1.0203866362587886,14.388618785157242,1.6102145113046793,86094.79021322812,12.526694794914107,2.302585092994046,1.4350845252893227
19,0,2,4,3.7,2.6,0,7.5,2,0,3,12.0,87,3.18,2,1.3556845124032513,15.05166041856306,0.8778301681657564,65949.64476800284,10.202544009650545,2.5649493574615367,1.2809338454620642
19,1,2,6,4.2,2.8,1,6.9,3,0,3,9.0,95,3.33,2,1.492187365993103,13.095026718981076,1.6102145113046793,83687.91518516612,11.7537050835968,2.302585092994046,1.33500106673234
15,1,0,6,1.8,1.9,1,7.4,3,0,3,8.0,98,3.93,2,0.5972197629867352,14.718798218821261,1.6102145113046793,91038.45997193112,19.4686093099294,2.1972245773362196,1.0647107369924282
18,1,2,6,4.0,0.9,1,8.6,4,1,3,10.0,91,4.0,2,1.4395330280586147,18.886266876241464,2.261698926363226,74486.02575307926,20.53818254914221,2.3978952727983707,0.6418538861723948
17,1,0,0,2.3,2.3,1,5.0,1,1,2,14.0,79,3.75,2,0.8519347810161471,7.5729175150710875,0.0,50789.75419132553,16.88685331132323,2.70805020110221,1.1939224684724346
19,1,2,0,5.8,1.5,0,7.1,2,1,3,15.0,73,3.53,2,1.8440428632175376,13.736367236790857,0.8778301681657564,41009.67586813584,14.048034731048165,2.772588722239781,0.9162907318741551
18,0,2,0,4.2,1.3,1,8.0,4,0,1,8.0,87,3.53,2,1.492187365993103,16.755717770784734,2.261698926363226,65949.64476800284,14.048034731048165,2.1972245773362196,0.832909122935104
18,1,2,0,5.9,2.7,2,7.1,3,1,1,18.0,77,3.34,2,1.8628491617376208,13.736367236790857,1.6102145113046793,47382.81123366814,11.862188377883385,2.9444389791664403,1.308332819650179
20,0,2,5,2.7,1.9,1,7.7,3,1,2,7.0,92,3.35,2,1.0203866362587886,15.725375748712496,1.6102145113046793,76723.29848149381,11.971316457356032,2.0794415416798357,1.0647107369924282
18,1,2,0,3.5,3.0,1,7.3,3,0,3,6.0,88,3.41,2,1.2961337421106984,14.388618785157242,1.6102145113046793,68022.48375280312,12.639731281317893,1.9459101490553132,1.3862943611198906
19,1,2,4,6.7,2.5,1,5.8,2,1,1,17.0,68,3.22,2,2.003284337102433,9.76858741311186,0.8778301681657564,33841.334443280015,10.602403875992923,2.8903717578961645,1.252762968495368
19,0,2,6,5.3,1.9,2,7.5,3,0,4,6.0,84,3.91,2,1.7451507197105387,15.05166041856306,1.6102145113046793,59971.57105866405,19.169850419380406,1.9459101490553132,1.0647107369924282
16,0,0,4,9.3,0.3,1,6.4,1,1,2,23.0,63,2.94,1,2.36992126816704,11.540249794535706,0.0,27519.02697404476,8.005623197120133,3.1780538303479458,0.262364264467491
20,1,2,6,4.4,1.6,1,6.2,2,1,3,17.0,82,3.61,2,1.5425211917840917,10.938123890491681,0.8778301681657564,56183.26023893996,15.041156949142636,2.8903717578961645,0.9555114450274363
16,0,0,4,6.1,1.4,1,6.7,3,1,1,19.0,83,3.34,2,1.8995739499976299,12.464723049102489,1.6102145113046793,58057.92927986961,11.862188377883385,2.995732273553991,0.8754687373538999
15,0,0,4,8.7,2.7,1,6.9,2,1,2,15.0,81,3.06,2,2.294825646767686,13.095026718981076,0.8778301681657564,54347.230996866165,9.06147389329403,2.772588722239781,1.308332819650179
22,0,2,1,3.9,2.2,0,8.3,3,0,2,13.0,80,3.92,2,1.4122647058505842,17.809462547767687,1.6102145113046793,52549.50742605369,19.31885273989304,2.6390573296152584,1.1631508098056809
17,2,0,6,12.5,3.3,1,4.7,1,1,3,21.0,54,2.57,1,2.706179937505591,6.800697609529523,0.0,18128.066722063846,5.251611869829937,3.091042453358316,1.4586150226995167
22,0,1,4,4.7,0.4,1,7.4,3,0,2,15.0,82,3.24,2,1.6141037337096489,14.718798218821261,1.6102145113046793,56183.26023893996,10.806058782383067,2.772588722239781,0.33647223662121295
17,1,0,4,8.9,1.4,1,5.3,1,1,2,26.0,76,2.93,1,2.320387654485076,8.3733992567368,0.0,45734.94462371378,7.921379736654888,3.295836866004329,0.8754687373538999
20,1,2,4,4.2,2.3,1,6.2,3,0,1,16.0,87,3.23,2,1.492187365993103,10.938123890491681,1.6102145113046793,65949.64476800284,10.703919338092492,2.833213344056216,1.1939224684724346
17,1,0,0,3.1,2.7,1,8.3,3,0,1,10.0,93,3.53,2,1.1666987907776478,17.809462547767687,1.6102145113046793,79002.48980321265,14.048034731048165,2.3978952727983707,1.308332819650179
19,1,2,3,2.7,2.4,1,8.1,4,1,1,7.0,96,3.9,2,1.0203866362587886,17.104383037428352,2.261698926363226,86094.79021322812,19.021600464068523,2.0794415416798357,1.2237754316221157
17,0,0,4,4.3,3.0,1,6.6,3,0,0,7.0,96,3.81,2,1.5176311317383155,12.15375076672696,1.6102145113046793,86094.79021322812,17.720896337416892,2.0794415416798357,1.3862943611198906
23,1,1,0,4.9,1.6,1,7.1,3,1,4,9.0,82,3.19,2,1.659461753676766,13.736367236790857,1.6102145113046793,56183.26023893996,10.301582463218029,2.302585092994046,0.9555114450274363
17,1,0,0,3.0,1.9,1,6.7,3,1,3,15.0,83,3.96,2,1.1318728617817535,12.464723049102489,1.6102145113046793,58057.92927986961,19.922423358919016,2.772588722239781,1.0647107369924282
17,0,0,0,4.7,2.4,1,6.5,2,1,3,22.0,67,3.13,1,1.6141037337096489,11.845587262709715,0.8778301681657564,32510.60102499727,9.716531711647102,3.1354942159291497,1.2237754316221157
18,0,2,6,4.0,3.3,1,6.9,3,0,2,7.0,92,3.91,2,1.4395330280586147,13.095026718981076,1.6102145113046793,76723.29848149381,19.169850419380406,2.0794415416798357,1.4586150226995167
18,0,2,5,4.1,1.7,1,7.5,4,0,0,0.0,98,3.86,2,1.466163943905982,15.05166041856306,2.261698926363226,91038.45997193112,18.436086604872493,0.0,0.9932517730102833
20,1,2,0,5.4,2.2,1,6.1,2,1,1,14.0,77,3.51,2,1.7656156766986153,10.641371908015127,0.8778301681657564,47382.81123366814,13.806598784091944,2.70805020110221,1.1631508098056809
19,0,2,0,6.7,1.6,1,8.4,3,1,4,19.0,77,3.14,2,2.003284337102433,18.16585159714471,1.6102145113046793,47382.81123366814,9.81251648426725,2.995732273553991,0.9555114450274363
20,0,2,0,3.4,1.7,1,8.0,3,0,3,14.0,87,3.65,2,1.2651404807900501,16.755717770784734,1.6102145113046793,65949.64476800284,15.554356557932616,2.70805020110221,0.9932517730102833
19,0,2,2,4.3,2.3,1,7.9,2,0,3,9.0,85,3.41,2,1.5176311317383155,16.409652657927705,0.8778301681657564,61924.51734422166,12.639731281317893,2.302585092994046,1.1939224684724346
19,1,2,0,2.7,2.1,1,6.8,4,1,3,7.0,86,3.84,2,1.0203866362587886,12.778487214922173,2.261698926363226,63917.09875329975,18.147794866724794,2.0794415416798357,1.1314021114911006
17,0,0,6,14.0,1.9,1,3.6,1,1,4,36.0,34,2.49,0,2.8364774847199032,4.2232712500382465,0.0,5179.54991027035,4.749245336996854,3.6109179126442243,1.0647107369924282
20,0,2,4,5.6,1.5,2,5.9,1,0,2,14.0,85,3.38,2,1.8054918230589363,10.056584152579083,0.0,61924.51734422166,12.302588311016644,2.70805020110221,0.9162907318741551
21,0,2,6,11.7,1.8,1,4.1,1,1,0,30.0,60,2.67,0,2.630504798570763,5.343953906546689,0.0,24113.25572387178,5.924579237757003,3.4339872044851463,1.0296194171811581
16,0,0,4,5.0,1.7,1,7.6,2,0,2,5.0,88,3.46,2,1.681487870546516,15.387190975810833,0.8778301681657564,68022.48375280312,13.21482174546893,1.791759469228055,0.9932517730102833
18,0,2,6,5.1,1.1,1,6.6,2,0,0,16.0,80,3.64,2,1.7031011436641108,12.15375076672696,0.8778301681657564,52549.50742605369,15.425006368156271,2.833213344056216,0.7419373447293773
16,1,0,0,2.9,1.4,1,7.5,3,0,4,5.0,97,3.47,2,1.095930983777979,15.05166041856306,1.6102145113046793,88544.86579764642,13.331834670752924,1.791759469228055,0.8754687373538999
16,0,0,6,5.4,1.6,1,7.9,3,1,2,11.0,82,3.34,2,1.7656156766986153,16.409652657927705,1.6102145113046793,56183.26023893996,11.862188377883385,2.4849066497880004,0.9555114450274363
19,1,2,6,2.8,3.0,1,7.8,5,0,2,9.0,86,3.78,2,1.0587970088869507,16.066200853784746,2.858956583624191,63917.09875329975,17.300599455458382,2.302585092994046,1.3862943611198906
21,1,2,0,7.1,2.0,1,6.4,1,1,3,17.0,75,3.36,2,2.0676487677416864,11.540249794535706,0.0,44123.69453376821,12.08109121248574,2.8903717578961645,1.0986122886681098
19,2,2,0,9.8,1.8,0,5.9,2,0,2,25.0,71,2.73,1,2.4290784648391797,10.056584152579083,0.8778301681657564,38038.0056657807,6.353094218431751,3.258096538021482,1.0296194171811581
19,0,2,3,4.7,2.3,1,5.8,2,1,3,13.0,90,3.51,2,1.6141037337096489,9.76858741311186,0.8778301681657564,72290.34860143652,13.806598784091944,2.6390573296152584,1.1939224684724346
21,1,2,0,5.1,0.3,1,7.3,3,1,3,15.0,82,3.24,2,1.7031011436641108,14.388618785157242,1.6102145113046793,56183.26023893996,10.806058782383067,2.772588722239781,0.262364264467491
20,1,2,4,10.9,2.1,1,4.2,1,1,2,27.0,58,3.02,1,2.5497670831418175,5.578429418447326,0.0,21998.22133107918,8.700216465863583,3.332204510175204,1.1314021114911006
20,1,2,4,7.3,1.8,1,7.2,2,1,4,10.0,85,3.62,2,2.09855491776158,14.061136801601103,0.8778301681657564,61924.51734422166,15.168408451034988,2.3978952727983707,1.0296194171811581
22,1,1,4,3.0,2.6,0,6.7,3,0,0,8.0,84,3.56,2,1.1318728617817535,12.464723049102489,1.6102145113046793,59971.57105866405,14.415298505689877,2.1972245773362196,1.2809338454620642
18,0,2,0,8.3,0.5,1,4.7,2,1,4,18.0,70,3.03,2,2.2419894696219833,6.800697609529523,0.8778301681657564,36604.68597434723,8.789649747573227,2.9444389791664403,0.4054651081081644
18,1,0,6,8.3,2.3,2,5.0,1,0,2,13.0,62,3.09,2,2.2419894696219833,7.5729175150710875,0.0,26352.188477075142,9.338624265751184,2.6390573296152584,1.1939224684724346
19,0,2,6,4.0,0.8,1,6.0,2,0,1,14.0,77,3.16,2,1.4395330280586147,10.347518899102251,0.8778301681657564,47382.81123366814,10.006308774393966,2.70805020110221,0.5877866649021191
20,1,2,6,4.9,1.0,1,9.1,3,1,4,18.0,92,3.56,2,1.659461753676766,20.73130520980927,1.6102145113046793,76723.29848149381,14.415298505689877,2.9444389791664403,0.6931471805599453
18,1,2,4,2.1,2.8,1,8.1,3,0,3,4.0,98,3.6,2,0.7570090469002981,17.104383037428352,1.6102145113046793,91038.45997193112,14.914601235151155,1.6094379124341003,1.33500106673234
21,3,2,0,2.3,1.5,1,8.2,3,0,2,0.0,98,4.0,2,0.8519347810161471,17.455635531354325,1.6102145113046793,91038.45997193112,20.53818254914221,0.0,0.9162907318741551
17,1,0,0,4.0,1.5,1,7.0,3,0,3,20.0,76,3.51,2,1.4395330280586147,13.414325353558693,1.6102145113046793,45734.94462371378,13.806598784091944,3.044522437723423,0.9162907318741551
18,0,2,3,11.0,1.2,1,5.6,1,1,3,25.0,62,3.65,1,2.560160258129247,9.201489326998276,0.0,26352.188477075142,15.554356557932616,3.258096538021482,0.7884573603642702
18,0,2,0,7.4,0.3,1,5.7,2,1,3,16.0,80,3.14,2,2.113708815832555,9.483548899985696,0.8778301681657564,52549.50742605369,9.81251648426725,2.833213344056216,0.262364264467491
20,1,2,0,8.7,1.8,1,4.5,1,0,2,18.0,57,2.93,1,2.294825646767686,6.301933826278156,0.0,20986.249109062494,7.921379736654888,2.9444389791664403,1.0296194171811581
18,0,2,0,6.8,2.0,1,6.1,2,1,2,19.0,79,3.5,2,2.019709544031315,10.641371908015127,0.8778301681657564,50789.75419132553,13.686897116192466,2.995732273553991,1.0986122886681098
20,0,2,0,2.3,2.1,0,7.5,3,1,3,5.0,98,3.39,2,0.8519347810161471,15.05166041856306,1.6102145113046793,91038.45997193112,12.41431443477717,1.791759469228055,1.1314021114911006
17,0,0,0,4.9,2.0,1,6.2,2,1,4,10.0,81,3.23,2,1.659461753676766,10.938123890491681,0.8778301681657564,54347.230996866165,10.703919338092492,2.3978952727983707,1.0986122886681098
16,0,0,0,6.3,1.5,1,4.7,2,1,2,24.0,57,2.52,1,1.9351768949585346,6.800697609529523,0.8778301681657564,20986.249109062494,4.933953304930304,3.2188758248682006,0.9162907318741551
17,1,0,4,2.9,0.9,1,7.5,3,1,3,4.0,91,3.93,2,1.095930983777979,15.05166041856306,1.6102145113046793,74486.02575307926,19.4686093099294,1.6094379124341003,0.6418538861723948
21,1,2,5,5.3,3.4,1,6.8,2,0,3,9.0,82,3.57,2,1.7451507197105387,12.778487214922173,0.8778301681657564,56183.26023893996,14.5390899446019,2.302585092994046,1.4816045409242156
21,0,2,0,5.6,1.3,1,5.7,1,1,4,18.0,74,3.71,2,1.8054918230589363,9.483548899985696,0.0,42548.719285856496,16.345293814978213,2.9444389791664403,0.832909122935104
17,1,0,4,2.7,1.5,1,8.2,4,0,3,3.0,91,4.0,2,1.0203866362587886,17.455635531354325,2.261698926363226,74486.02575307926,20.53818254914221,1.3862943611198906,0.9162907318741551
17,1,0,2,5.2,1.1,1,5.9,3,1,3,16.0,72,3.46,2,1.7243171824127188,10.056584152579083,1.6102145113046793,39506.21991155572,13.21482174546893,2.833213344056216,0.7419373447293773
22,0,2,4,2.7,1.8,2,8.2,4,1,2,4.0,98,4.0,2,1.0203866362587886,17.455635531354325,2.261698926363226,91038.45997193112,20.53818254914221,1.6094379124341003,1.0296194171811581
16,0,0,0,2.9,1.2,1,8.6,3,1,2,11.0,84,3.52,2,1.095930983777979,18.886266876241464,1.6102145113046793,59971.57105866405,13.926977359533225,2.4849066497880004,0.7884573603642702
23,0,1,6,5.1,2.9,0,6.7,2,1,3,19.0,87,3.62,2,1.7031011436641108,12.464723049102489,0.8778301681657564,65949.64476800284,15.168408451034988,2.995732273553991,1.3609765531356006
18,0,2,0,3.7,2.1,1,6.9,2,0,3,12.0,73,3.55,2,1.3556845124032513,13.095026718981076,0.8778301681657564,41009.67586813584,14.292193415871623,2.5649493574615367,1.1314021114911006
18,1,2,4,5.1,1.1,1,6.3,2,1,0,11.0,79,2.95,2,1.7031011436641108,11.237755995802775,0.8778301681657564,50789.75419132553,8.090435723777606,2.4849066497880004,0.7419373447293773
18,1,2,4,3.4,1.4,1,7.9,4,0,1,6.0,85,3.96,2,1.2651404807900501,16.409652657927705,2.261698926363226,61924.51734422166,19.922423358919016,1.9459101490553132,0.8754687373538999
21,1,2,3,14.0,0.0,1,3.1,1,1,1,35.0,38,2.58,0,2.8364774847199032,3.1922187488677087,0.0,7000.023854332941,5.3166324870540365,3.58351893845611,0.0
17,0,0,6,5.1,1.6,1,6.0,2,1,2,18.0,78,3.68,2,1.7031011436641108,10.347518899102251,0.8778301681657564,49067.63473037756,15.946634697155112,2.9444389791664403,0.9555114450274363
18,0,2,0,9.8,1.8,2,5.9,1,1,3,14.0,63,3.43,2,2.4290784648391797,10.056584152579083,0.0,27519.02697404476,12.867780191912736,2.70805020110221,1.0296194171811581
22,1,1,3,3.4,2.4,1,7.0,4,0,2,12.0,79,3.58,2,1.2651404807900501,13.414325353558693,2.261698926363226,50789.75419132553,14.663569620587477,2.5649493574615367,1.2237754316221157
16,1,0,6,8.5,1.6,1,5.1,2,1,2,22.0,71,3.09,1,2.268701594475235,7.836637933925062,0.8778301681657564,38038.0056657807,9.338624265751184,3.1354942159291497,0.9555114450274363
17,0,0,4,4.2,1.8,0,6.6,3,1,1,14.0,79,3.3,2,1.492187365993103,12.15375076672696,1.6102145113046793,50789.75419132553,11.432105005383404,2.70805020110221,1.0296194171811581
25,0,2,5,1.9,3.7,1,7.0,3,1,2,8.0,81,3.75,2,0.6531132144998397,13.414325353558693,1.6102145113046793,54347.230996866165,16.88685331132323,2.1972245773362196,1.547562508716013
21,0,2,0,3.7,1.3,1,6.5,3,1,3,12.0,73,3.2,2,1.3556845124032513,11.845587262709715,1.6102145113046793,41009.67586813584,10.401237330639699,2.5649493574615367,0.832909122935104
20,1,2,3,5.7,1.5,1,5.3,1,1,2,12.0,72,3.14,2,1.8249272994757757,8.3733992567368,0.0,39506.21991155572,9.81251648426725,2.5649493574615367,0.9162907318741551
15,1,0,4,5.5,0.8,1,7.9,3,1,2,15.0,91,3.77,2,1.7857252215541248,16.409652657927705,1.6102145113046793,74486.02575307926,17.161958728612845,2.772588722239781,0.5877866649021191
18,0,2,3,6.0,1.8,1,6.4,1,1,2,19.0,68,2.85,1,1.8813563150191603,11.540249794535706,0.0,33841.334443280015,7.267690936157112,2.995732273553991,1.0296194171811581
17,1,0,3,4.7,1.3,1,6.1,2,0,2,9.0,87,4.0,2,1.6141037337096489,10.641371908015127,0.8778301681657564,65949.64476800284,20.53818254914221,2.302585092994046,0.832909122935104
18,1,2,5,5.3,2.3,1,6.8,2,1,1,11.0,86,3.22,2,1.7451507197105387,12.778487214922173,0.8778301681657564,63917.09875329975,10.602403875992923,2.4849066497880004,1.1939224684724346
17,0,0,2,2.8,1.3,1,5.3,2,1,0,9.0,71,4.0,2,1.0587970088869507,8.3733992567368,0.8778301681657564,38038.0056657807,20.53818254914221,2.302585092994046,0.832909122935104
18,1,2,6,1.7,0.0,1,7.5,4,0,2,14.0,95,3.51,2,0.5383079872264196,15.05166041856306,2.261698926363226,83687.91518516612,13.806598784091944,2.70805020110221,0.0
23,1,1,4,5.4,1.3,1,6.3,2,1,2,5.0,85,3.44,2,1.7656156766986153,11.237755995802775,0.8778301681657564,61924.51734422166,12.982796395310663,1.791759469228055,0.832909122935104
16,1,0,6,7.5,2.3,1,6.4,1,1,3,22.0,66,3.34,1,2.1286702202484076,11.540249794535706,0.0,31213.358948090136,11.862188377883385,3.1354942159291497,1.1939224684724346
20,0,2,6,10.4,2.0,1,4.1,1,1,2,32.0,53,2.53,0,2.4964088339968074,5.343953906546689,0.0,17233.337875033176,4.996498752153662,3.4965075614664802,1.0986122886681098
19,1,2,6,10.8,0.8,1,4.5,1,1,3,32.0,41,3.46,0,2.539283315287256,6.301933826278156,0.0,8599.276398203338,13.21482174546893,3.4965075614664802,0.5877866649021191
17,1,0,4,7.4,1.8,1,6.2,2,1,3,20.0,73,2.74,1,2.113708815832555,10.938123890491681,0.8778301681657564,41009.67586813584,6.426354611099438,3.044522437723423,1.0296194171811581
18,1,2,6,10.5,2.0,1,5.8,1,1,3,22.0,65,2.72,1,2.507271830707375,9.76858741311186,0.0,29949.25362327995,6.280363055682415,3.1354942159291497,1.0986122886681098
20,1,0,6,4.9,2.1,1,7.9,2,1,2,10.0,87,3.48,2,1.659461753676766,16.409652657927705,0.8778301681657564,65949.64476800284,13.449516948333956,2.3978952727983707,1.1314021114911006
18,1,0,4,10.7,1.9,1,3.7,1,0,3,21.0,61,3.47,1,2.528707315024941,4.4403960165533265,0.0,25217.052320963478,13.331834670752924,3.091042453358316,1.0647107369924282
18,0,2,0,5.4,2.2,1,7.6,3,1,0,15.0,83,3.32,2,1.7656156766986153,15.387190975810833,1.6102145113046793,58057.92927986961,11.645864683908064,2.772588722239781,1.1631508098056809
20,0,2,4,3.7,1.5,1,8.7,3,0,1,7.0,86,3.76,2,1.3556845124032513,19.250269148910856,1.6102145113046793,63917.09875329975,17.024043975850308,2.0794415416798357,0.9162907318741551
23,1,1,0,11.3,1.5,1,4.4,1,1,1,30.0,56,2.59,0,2.5908119746730964,6.057450511969028,0.0,20004.147513716616,5.382153841105391,3.4339872044851463,0.9162907318741551
17,1,0,4,6.2,0.9,1,7.5,3,1,4,17.0,76,3.25,2,1.9175112322134875,15.05166041856306,1.6102145113046793,45734.94462371378,10.90882410064474,2.8903717578961645,0.6418538861723948
18,1,2,2,6.0,2.0,1,5.7,2,1,3,17.0,72,3.45,2,1.8813563150191603,9.483548899985696,0.8778301681657564,39506.21991155572,13.098476283389891,2.8903717578961645,1.0986122886681098
16,1,0,4,6.0,0.6,1,7.3,2,1,3,15.0,77,3.46,2,1.8813563150191603,14.388618785157242,0.8778301681657564,47382.81123366814,13.21482174546893,2.772588722239781,0.4700036292457356
15,0,0,4,4.3,1.7,1,6.4,2,1,3,12.0,82,2.87,2,1.5176311317383155,11.540249794535706,0.8778301681657564,56183.26023893996,7.4277632011547565,2.5649493574615367,0.9932517730102833
18,1,2,4,6.8,1.3,0,6.0,2,1,3,17.0,62,2.89,1,2.019709544031315,10.347518899102251,0.8778301681657564,26352.188477075142,7.590058642795928,2.8903717578961645,0.832909122935104
17,0,0,5,3.2,1.8,1,7.7,3,1,2,13.0,87,3.88,2,1.2004777883442346,15.725375748712496,1.6102145113046793,65949.64476800284,18.72735011125622,2.6390573296152584,1.0296194171811581
19,1,0,0,3.6,0.4,1,7.2,4,0,3,14.0,92,3.88,2,1.3263003819268158,14.061136801601103,2.261698926363226,76723.29848149381,18.72735011125622,2.70805020110221,0.33647223662121295
18,2,0,4,1.4,2.8,1,7.9,4,1,2,1.0,87,3.99,2,0.3395493214925278,16.409652657927705,2.261698926363226,65949.64476800284,20.38309347972413,0.6931471805599453,1.33500106673234
17,0,0,3,8.0,2.0,1,7.7,2,1,2,14.0,80,3.22,2,2.2007570648755084,15.725375748712496,0.8778301681657564,52549.50742605369,10.602403875992923,2.70805020110221,1.0986122886681098
22,1,1,4,8.1,2.7,1,6.0,2,1,2,16.0,76,3.2,2,2.2146613748949004,10.347518899102251,0.8778301681657564,45734.94462371378,10.401237330639699,2.833213344056216,1.308332819650179
20,1,2,2,3.2,1.7,1,5.9,1,1,2,7.0,84,3.46,2,1.2004777883442346,10.056584152579083,0.0,59971.57105866405,13.21482174546893,2.0794415416798357,0.9932517730102833
21,0,2,4,2.6,1.8,1,6.5,3,0,0,13.0,92,3.75,2,0.9806061985963926,11.845587262709715,1.6102145113046793,76723.29848149381,16.88685331132323,2.6390573296152584,1.0296194171811581
17,1,0,0,6.2,2.0,0,7.5,1,1,2,2.0,75,3.88,2,1.9175112322134875,15.05166041856306,0.0,44123.69453376821,18.72735011125622,1.0986122886681098,1.0986122886681098
20,1,0,4,4.9,2.5,1,7.3,3,0,0,17.0,73,3.65,2,1.659461753676766,14.388618785157242,1.6102145113046793,41009.67586813584,15.554356557932616,2.8903717578961645,1.252762968495368
23,0,2,2,6.4,1.6,0,4.8,1,1,2,9.0,75,3.13,2,1.9525792661508234,7.054921429048166,0.0,44123.69453376821,9.716531711647102,2.302585092994046,0.9555114450274363
23,1,1,4,3.1,1.3,0,6.6,3,1,2,18.0,89,3.29,2,1.1666987907776478,12.15375076672696,1.6102145113046793,70135.94297111471,11.326181944781949,2.9444389791664403,0.832909122935104
19,0,2,3,4.6,1.5,1,7.9,4,0,3,4.0,84,3.48,2,1.5907355499331142,16.409652657927705,2.261698926363226,59971.57105866405,13.449516948333956,1.6094379124341003,0.9162907318741551
19,1,2,4,2.9,1.1,1,7.7,4,1,3,8.0,94,3.73,2,1.095930983777979,15.725375748712496,2.261698926363226,81323.92171042044,16.614636703065745,2.1972245773362196,0.7419373447293773
17,1,0,5,4.1,1.2,1,7.1,3,1,3,6.0,93,3.75,2,1.466163943905982,13.736367236790857,1.6102145113046793,79002.48980321265,16.88685331132323,1.9459101490553132,0.7884573603642702
17,1,0,4,5.6,3.6,0,7.9,3,1,2,11.0,78,3.33,2,1.8054918230589363,16.409652657927705,1.6102145113046793,49067.63473037756,11.7537050835968,2.4849066497880004,1.5260563034950492
21,0,2,5,4.3,1.1,1,7.3,4,0,0,12.0,84,3.32,2,1.5176311317383155,14.388618785157242,2.261698926363226,59971.57105866405,11.645864683908064,2.5649493574615367,0.7419373447293773
21,2,2,0,4.6,1.5,0,8.3,4,0,2,9.0,89,4.0,2,1.5907355499331142,17.809462547767687,2.261698926363226,70135.94297111471,20.53818254914221,2.302585092994046,0.9162907318741551
17,0,0,0,3.7,0.8,2,7.9,4,0,2,6.0,96,3.38,2,1.3556845124032513,16.409652657927705,2.261698926363226,86094.79021322812,12.302588311016644,1.9459101490553132,0.5877866649021191
19,0,2,0,2.4,1.3,1,6.5,3,1,2,1.0,91,3.8,2,0.8965046417701628,11.845587262709715,1.6102145113046793,74486.02575307926,17.58006637427118,0.6931471805599453,0.832909122935104
19,1,2,4,2.8,0.8,1,6.4,2,0,4,14.0,98,3.51,2,1.0587970088869507,11.540249794535706,0.8778301681657564,91038.45997193112,13.806598784091944,2.70805020110221,0.5877866649021191
20,0,2,4,2.6,2.3,1,7.5,5,1,1,14.0,90,3.73,2,0.9806061985963926,15.05166041856306,2.858956583624191,72290.34860143652,16.614636703065745,2.70805020110221,1.1939224684724346
22,1,2,0,6.5,2.8,1,6.6,3,0,1,20.0,80,3.34,2,1.9697262931476014,12.15375076672696,1.6102145113046793,52549.50742605369,11.862188377883385,3.044522437723423,1.33500106673234
20,0,2,3,5.6,2.2,0,6.5,2,1,3,12.0,84,3.69,2,1.8054918230589363,11.845587262709715,0.8778301681657564,59971.57105866405,16.07880955652339,2.5649493574615367,1.1631508098056809
20,0,2,3,3.7,1.2,1,8.4,3,1,3,0.0,92,3.74,2,1.3556845124032513,18.16585159714471,1.6102145113046793,76723.29848149381,16.750384849080206,0.0,0.7884573603642702
20,1,2,4,2.5,0.9,1,6.0,1,0,2,11.0,87,3.48,2,0.9393512133898587,10.347518899102251,0.0,65949.64476800284,13.449516948333956,2.4849066497880004,0.6418538861723948
18,0,2,6,2.4,2.4,0,8.4,4,1,1,8.0,90,3.57,2,0.8965046417701628,18.16585159714471,2.261698926363226,72290.34860143652,14.5390899446019,2.1972245773362196,1.2237754316221157
20,1,2,3,9.9,2.3,1,6.6,2,1,3,25.0,72,3.07,1,2.440566416418899,12.15375076672696,0.8778301681657564,39506.21991155572,9.153263022572325,3.258096538021482,1.1939224684724346
20,0,2,4,3.1,3.2,1,7.7,4,1,3,8.0,92,3.43,2,1.1666987907776478,15.725375748712496,2.261698926363226,76723.29848149381,12.867780191912736,2.1972245773362196,1.4350845252893227
19,0,2,4,2.8,2.4,1,7.1,4,0,3,8.0,90,4.0,2,1.0587970088869507,13.736367236790857,2.261698926363226,72290.34860143652,20.53818254914221,2.1972245773362196,1.2237754316221157
20,0,2,0,4.6,0.9,0,7.7,2,0,3,8.0,93,3.78,2,1.5907355499331142,15.725375748712496,0.8778301681657564,79002.48980321265,17.300599455458382,2.1972245773362196,0.6418538861723948
17,1,0,0,6.4,1.9,0,7.9,3,1,3,18.0,88,3.12,2,1.9525792661508234,16.409652657927705,1.6102145113046793,68022.48375280312,9.621151996683725,2.9444389791664403,1.0647107369924282
19,2,2,3,5.6,2.3,1,7.1,3,0,2,11.0,80,3.49,2,1.8054918230589363,13.736367236790857,1.6102145113046793,52549.50742605369,13.567870467191462,2.4849066497880004,1.1939224684724346
16,1,0,0,5.2,2.4,1,7.1,3,1,4,16.0,84,3.27,2,1.7243171824127188,13.736367236790857,1.6102145113046793,59971.57105866405,11.116239925597819,2.833213344056216,1.2237754316221157
18,0,2,5,4.3,2.5,1,7.8,3,1,3,17.0,88,3.15,2,1.5176311317383155,16.066200853784746,1.6102145113046793,68022.48375280312,9.909108207554391,2.8903717578961645,1.252762968495368
19,1,0,0,4.4,1.0,0,8.0,4,0,1,15.0,91,3.06,2,1.5425211917840917,16.755717770784734,2.261698926363226,74486.02575307926,9.06147389329403,2.772588722239781,0.6931471805599453
17,0,0,0,5.1,1.4,1,6.2,2,1,2,18.0,75,3.51,2,1.7031011436641108,10.938123890491681,0.8778301681657564,44123.69453376821,13.806598784091944,2.9444389791664403,0.8754687373538999
17,0,0,4,5.7,1.5,1,6.0,2,0,2,12.0,81,3.75,2,1.8249272994757757,10.347518899102251,0.8778301681657564,54347.230996866165,16.88685331132323,2.5649493574615367,0.9162907318741551
19,0,2,0,4.3,0.7,1,7.6,3,0,3,10.0,88,3.94,2,1.5176311317383155,15.387190975810833,1.6102145113046793,68022.48375280312,19.619122013712897,2.3978952727983707,0.5306282510621704
25,1,1,0,3.8,2.2,2,7.1,2,1,0,14.0,80,4.0,2,1.384326776898207,13.736367236790857,0.8778301681657564,52549.50742605369,20.53818254914221,2.70805020110221,1.1631508098056809
18,1,2,0,4.0,1.1,1,7.6,3,1,3,13.0,84,3.74,2,1.4395330280586147,15.387190975810833,1.6102145113046793,59971.57105866405,16.750384849080206,2.6390573296152584,0.7419373447293773
22,1,1,0,2.9,1.8,1,7.4,3,0,2,5.0,85,3.85,2,1.095930983777979,14.718798218821261,1.6102145113046793,61924.51734422166,18.291570207219255,1.791759469228055,1.0296194171811581
20,1,2,6,4.3,2.2,1,6.8,3,0,1,4.0,85,3.59,2,1.5176311317383155,12.778487214922173,1.6102145113046793,61924.51734422166,14.788739421516853,1.6094379124341003,1.1631508098056809
20,1,2,0,9.2,3.2,1,6.4,2,0,4,21.0,65,2.72,1,2.3577296084820363,11.540249794535706,0.8778301681657564,29949.25362327995,6.280363055682415,3.091042453358316,1.4350845252893227
17,1,0,0,5.9,2.0,0,6.4,2,1,4,22.0,67,3.19,1,1.8628491617376208,11.540249794535706,0.8778301681657564,32510.60102499727,10.301582463218029,3.1354942159291497,1.0986122886681098
18,0,2,0,2.1,1.9,2,7.1,3,0,2,4.0,84,3.98,2,0.7570090469002981,13.736367236790857,1.6102145113046793,59971.57105866405,20.228771847318367,1.6094379124341003,1.0647107369924282
25,1,1,4,2.3,1.7,1,7.4,3,0,0,12.0,90,3.58,2,0.8519347810161471,14.718798218821261,1.6102145113046793,72290.34860143652,14.663569620587477,2.5649493574615367,0.9932517730102833
16,0,0,0,14.0,0.9,2,4.6,1,1,0,35.0,39,1.9,0,2.8364774847199032,6.549692444201377,0.0,7510.13604153053,1.9361818809917275,3.58351893845611,0.6418538861723948
20,0,2,6,2.9,2.1,1,7.2,4,1,3,7.0,82,3.9,2,1.095930983777979,14.061136801601103,2.261698926363226,56183.26023893996,19.021600464068523,2.0794415416798357,1.1314021114911006
17,0,0,1,6.0,2.7,1,6.8,2,1,3,15.0,76,2.82,2,1.8813563150191603,12.778487214922173,0.8778301681657564,45734.94462371378,7.031717803560084,2.772588722239781,1.308332819650179
19,1,2,4,10.7,1.0,1,4.5,1,1,2,23.0,62,3.18,1,2.528707315024941,6.301933826278156,0.0,26352.188477075142,10.202544009650545,3.1780538303479458,0.6931471805599453
20,1,2,0,4.6,1.8,1,7.0,3,0,1,9.0,87,3.42,2,1.5907355499331142,13.414325353558693,1.6102145113046793,65949.64476800284,12.753425783763895,2.302585092994046,1.0296194171811581
25,1,1,0,3.5,2.7,1,6.3,3,1,2,10.0,85,3.54,2,1.2961337421106984,11.237755995802775,1.6102145113046793,61924.51734422166,14.169772787057607,2.3978952727983707,1.308332819650179
21,3,2,0,3.0,1.8,1,7.8,3,1,1,4.0,93,3.51,2,1.1318728617817535,16.066200853784746,1.6102145113046793,79002.48980321265,13.806598784091944,1.6094379124341003,1.0296194171811581
16,0,0,0,5.3,1.4,1,5.3,1,0,2,12.0,65,3.56,2,1.7451507197105387,8.3733992567368,0.0,29949.25362327995,14.415298505689877,2.5649493574615367,0.8754687373538999
20,0,2,2,8.1,0.6,1,6.7,2,1,3,16.0,82,3.22,2,2.2146613748949004,12.464723049102489,0.8778301681657564,56183.26023893996,10.602403875992923,2.833213344056216,0.4700036292457356
18,1,2,3,3.8,1.4,1,7.5,2,0,1,1.0,94,3.97,2,1.384326776898207,15.05166041856306,0.8778301681657564,81323.92171042044,20.075215768293244,0.6931471805599453,0.8754687373538999
16,0,0,0,6.6,2.0,1,6.5,1,1,1,18.0,83,3.38,2,1.9866255656836118,11.845587262709715,0.0,58057.92927986961,12.302588311016644,2.9444389791664403,1.0986122886681098
16,0,0,6,3.0,0.2,1,6.6,2,1,2,4.0,93,4.0,2,1.1318728617817535,12.15375076672696,0.8778301681657564,79002.48980321265,20.53818254914221,1.6094379124341003,0.18232155679395465
19,0,2,3,4.3,0.8,0,8.1,3,0,1,4.0,88,3.67,2,1.5176311317383155,17.104383037428352,1.6102145113046793,68022.48375280312,15.81516883547986,1.6094379124341003,0.5877866649021191
18,0,0,4,4.4,1.4,1,7.5,4,1,3,11.0,92,3.37,2,1.5425211917840917,15.05166041856306,2.261698926363226,76723.29848149381,12.19151453362671,2.4849066497880004,0.8754687373538999
17,1,0,4,3.4,1.6,1,7.0,4,0,2,7.0,83,3.93,2,1.2651404807900501,13.414325353558693,2.261698926363226,58057.92927986961,19.4686093099294,2.0794415416798357,0.9555114450274363
19,0,2,0,3.1,2.3,1,7.0,2,0,1,13.0,93,3.56,2,1.1666987907776478,13.414325353558693,0.8778301681657564,79002.48980321265,14.415298505689877,2.6390573296152584,1.1939224684724346
19,3,2,0,2.5,1.6,1,6.9,3,1,2,18.0,87,3.73,2,0.9393512133898587,13.095026718981076,1.6102145113046793,65949.64476800284,16.614636703065745,2.9444389791664403,0.9555114450274363
17,1,0,4,5.0,2.1,1,6.5,1,1,4,8.0,87,4.0,2,1.681487870546516,11.845587262709715,0.0,65949.64476800284,20.53818254914221,2.1972245773362196,1.1314021114911006
24,1,1,6,7.1,3.0,1,6.8,1,1,1,15.0,67,3.18,2,2.0676487677416864,12.778487214922173,0.0,32510.60102499727,10.202544009650545,2.772588722239781,1.3862943611198906
17,0,0,4,6.2,1.4,1,6.5,2,1,2,25.0,71,3.23,1,1.9175112322134875,11.845587262709715,0.8778301681657564,38038.0056657807,10.703919338092492,3.258096538021482,0.8754687373538999
17,0,0,6,5.8,1.6,1,7.9,3,1,3,10.0,85,3.21,2,1.8440428632175376,16.409652657927705,1.6102145113046793,61924.51734422166,10.501510504182985,2.3978952727983707,0.9555114450274363
16,1,0,4,4.6,2.7,1,7.1,4,1,1,17.0,94,3.46,2,1.5907355499331142,13.736367236790857,2.261698926363226,81323.92171042044,13.21482174546893,2.8903717578961645,1.308332819650179
18,1,2,0,5.0,1.5,1,7.5,2,0,3,17.0,82,3.73,2,1.681487870546516,15.05166041856306,0.8778301681657564,56183.26023893996,16.614636703065745,2.8903717578961645,0.9162907318741551
16,1,0,4,2.9,1.4,1,7.2,4,0,2,9.0,98,3.71,2,1.095930983777979,14.061136801601103,2.261698926363226,91038.45997193112,16.345293814978213,2.302585092994046,0.8754687373538999
15,0,0,6,3.2,3.3,1,9.8,5,1,2,12.0,96,3.27,2,1.2004777883442346,23.417781274761108,2.858956583624191,86094.79021322812,11.116239925597819,2.5649493574615367,1.4586150226995167
22,0,1,3,12.4,0.2,1,5.7,1,1,1,18.0,59,2.78,1,2.696975339309754,9.483548899985696,0.0,23040.434161822523,6.724726446146271,2.9444389791664403,0.18232155679395465
18,1,2,0,7.7,1.7,1,5.4,2,1,1,17.0,62,3.07,1,2.158035210576757,8.646392457066119,0.8778301681657564,26352.188477075142,9.153263022572325,2.8903717578961645,0.9932517730102833
17,0,0,3,4.7,1.6,1,6.1,2,1,2,16.0,81,3.55,2,1.6141037337096489,10.641371908015127,0.8778301681657564,54347.230996866165,14.292193415871623,2.833213344056216,0.9555114450274363
19,1,2,3,4.4,2.2,1,7.3,3,1,0,14.0,82,3.71,2,1.5425211917840917,14.388618785157242,1.6102145113046793,56183.26023893996,16.345293814978213,2.70805020110221,1.1631508098056809
19,1,2,3,7.8,1.8,1,4.6,1,1,1,19.0,73,3.44,2,2.172448159416712,6.549692444201377,0.0,41009.67586813584,12.982796395310663,2.995732273553991,1.0296194171811581
20,0,0,5,4.3,2.3,1,6.8,4,0,2,13.0,87,2.89,2,1.5176311317383155,12.778487214922173,2.261698926363226,65949.64476800284,7.590058642795928,2.6390573296152584,1.1939224684724346
20,1,2,0,6.5,0.6,1,7.1,2,1,3,12.0,71,3.23,2,1.9697262931476014,13.736367236790857,0.8778301681657564,38038.0056657807,10.703919338092492,2.5649493574615367,0.4700036292457356
21,1,2,0,3.1,1.5,2,6.3,3,1,2,8.0,91,3.54,2,1.1666987907776478,11.237755995802775,1.6102145113046793,74486.02575307926,14.169772787057607,2.1972245773362196,0.9162907318741551
18,0,2,0,8.5,1.7,1,5.4,1,1,1,19.0,73,2.71,1,2.268701594475235,8.646392457066119,0.0,41009.67586813584,6.208159224340435,2.995732273553991,0.9932517730102833
20,0,2,0,5.6,1.7,1,6.5,2,1,2,11.0,77,3.69,2,1.8054918230589363,11.845587262709715,0.8778301681657564,47382.81123366814,16.07880955652339,2.4849066497880004,0.9932517730102833
17,1,0,0,5.4,2.1,1,6.7,1,1,4,9.0,82,3.4,2,1.7656156766986153,12.464723049102489,0.0,56183.26023893996,12.526694794914107,2.302585092994046,1.1314021114911006
17,0,0,4,5.6,2.2,1,7.7,4,1,3,19.0,83,3.3,2,1.8054918230589363,15.725375748712496,2.261698926363226,58057.92927986961,11.432105005383404,2.995732273553991,1.1631508098056809
18,1,2,4,6.0,2.6,1,7.4,3,1,2,16.0,76,3.24,2,1.8813563150191603,14.718798218821261,1.6102145113046793,45734.94462371378,10.806058782383067,2.833213344056216,1.2809338454620642
17,1,0,4,4.0,2.8,1,7.4,3,1,4,12.0,82,3.68,2,1.4395330280586147,14.718798218821261,1.6102145113046793,56183.26023893996,15.946634697155112,2.5649493574615367,1.33500106673234
19,0,2,4,3.2,2.5,1,8.4,4,1,2,9.0,87,4.0,2,1.2004777883442346,18.16585159714471,2.261698926363226,65949.64476800284,20.53818254914221,2.302585092994046,1.252762968495368
20,1,2,6,4.9,1.2,1,6.1,2,0,2,13.0,75,3.37,2,1.659461753676766,10.641371908015127,0.8778301681657564,44123.69453376821,12.19151453362671,2.6390573296152584,0.7884573603642702
17,0,0,5,11.8,0.5,1,4.5,1,1,2,24.0,58,3.26,1,2.6402273159631737,6.301933826278156,0.0,21998.22133107918,11.012217184536736,3.2188758248682006,0.4054651081081644
19,1,0,4,3.6,1.8,1,5.4,2,0,2,21.0,75,2.9,1,1.3263003819268158,8.646392457066119,0.8778301681657564,44123.69453376821,7.672044795788171,3.091042453358316,1.0296194171811581
20,1,2,6,7.8,1.2,1,6.3,1,1,0,15.0,74,3.14,2,2.172448159416712,11.237755995802775,0.0,42548.719285856496,9.81251648426725,2.772588722239781,0.7884573603642702
17,1,0,2,4.0,1.9,1,7.1,4,0,2,11.0,80,3.36,2,1.4395330280586147,13.736367236790857,2.261698926363226,52549.50742605369,12.08109121248574,2.4849066497880004,1.0647107369924282
16,1,0,6,6.9,2.8,1,6.2,2,1,1,12.0,78,3.67,2,2.0359078246346916,10.938123890491681,0.8778301681657564,49067.63473037756,15.81516883547986,2.5649493574615367,1.33500106673234
22,0,1,0,2.7,2.6,1,8.8,4,1,4,6.0,98,3.85,2,1.0203866362587886,19.61678552928072,2.261698926363226,91038.45997193112,18.291570207219255,1.9459101490553132,1.2809338454620642
19,1,2,0,3.5,1.8,1,8.0,4,0,1,13.0,86,3.82,2,1.2961337421106984,16.755717770784734,2.261698926363226,63917.09875329975,17.862459817003035,2.6390573296152584,1.0296194171811581
18,0,0,4,4.9,2.0,1,7.2,3,0,3,8.0,83,2.98,2,1.659461753676766,14.061136801601103,1.6102145113046793,58057.92927986961,8.348306654858234,2.1972245773362196,1.0986122886681098
15,0,0,4,6.1,1.7,1,6.4,2,0,2,14.0,67,3.62,2,1.8995739499976299,11.540249794535706,0.8778301681657564,32510.60102499727,15.168408451034988,2.70805020110221,0.9932517730102833
18,1,0,1,3.0,1.5,1,6.7,3,0,2,17.0,82,3.23,2,1.1318728617817535,12.464723049102489,1.6102145113046793,56183.26023893996,10.703919338092492,2.8903717578961645,0.9162907318741551
19,0,2,4,3.1,1.4,1,7.4,2,0,3,8.0,94,4.0,2,1.1666987907776478,14.718798218821261,0.8778301681657564,81323.92171042044,20.53818254914221,2.1972245773362196,0.8754687373538999
18,1,2,4,8.3,2.2,1,4.5,2,0,3,18.0,65,2.75,1,2.2419894696219833,6.301933826278156,0.8778301681657564,29949.25362327995,6.5001461320525165,2.9444389791664403,1.1631508098056809
19,1,2,4,6.1,1.2,1,6.7,3,1,4,11.0,84,3.74,2,1.8995739499976299,12.464723049102489,1.6102145113046793,59971.57105866405,16.750384849080206,2.4849066497880004,0.7884573603642702
20,0,2,0,7.3,1.7,1,4.2,1,1,2,19.0,64,2.91,1,2.09855491776158,5.578429418447326,0.0,28717.928887801263,7.7545924317854675,2.995732273553991,0.9932517730102833
18,0,2,4,8.7,3.1,1,4.6,1,1,3,30.0,55,3.14,1,2.294825646767686,6.549692444201377,0.0,19051.54466123719,9.81251648426725,3.4339872044851463,1.410986973710262
25,0,2,6,2.8,2.7,1,7.8,4,0,4,2.0,93,3.77,2,1.0587970088869507,16.066200853784746,2.261698926363226,79002.48980321265,17.161958728612845,1.0986122886681098,1.308332819650179
17,1,0,5,4.9,1.6,1,5.8,3,1,4,16.0,72,3.77,2,1.659461753676766,9.76858741311186,1.6102145113046793,39506.21991155572,17.161958728612845,2.833213344056216,0.9555114450274363
18,0,2,4,3.1,2.5,1,7.9,3,0,3,15.0,89,3.47,2,1.1666987907776478,16.409652657927705,1.6102145113046793,70135.94297111471,13.331834670752924,2.772588722239781,1.252762968495368
24,0,1,6,2.8,1.1,1,7.7,4,0,2,10.0,94,3.55,2,1.0587970088869507,15.725375748712496,2.261698926363226,81323.92171042044,14.292193415871623,2.3978952727983707,0.7419373447293773
18,1,2,3,5.6,2.3,1,7.4,2,0,2,18.0,85,4.0,2,1.8054918230589363,14.718798218821261,0.8778301681657564,61924.51734422166,20.53818254914221,2.9444389791664403,1.1939224684724346
20,1,0,5,3.5,2.6,1,6.0,2,0,3,15.0,70,3.79,2,1.2961337421106984,10.347518899102251,0.8778301681657564,36604.68597434723,17.43996804213093,2.772588722239781,1.2809338454620642
19,0,2,5,2.5,2.6,1,7.6,4,1,0,11.0,96,3.69,2,0.9393512133898587,15.387190975810833,2.261698926363226,86094.79021322812,16.07880955652339,2.4849066497880004,1.2809338454620642
18,1,2,1,6.5,1.0,1,6.0,2,1,1,12.0,75,3.08,2,1.9697262931476014,10.347518899102251,0.8778301681657564,44123.69453376821,9.245645848802152,2.5649493574615367,0.6931471805599453
21,1,2,0,2.7,1.5,1,7.2,4,0,2,3.0,98,3.63,2,1.0203866362587886,14.061136801601103,2.261698926363226,91038.45997193112,15.296357628263685,1.3862943611198906,0.9162907318741551
18,0,2,4,5.6,0.0,1,7.5,2,1,4,9.0,94,3.55,2,1.8054918230589363,15.05166041856306,0.8778301681657564,81323.92171042044,14.292193415871623,2.302585092994046,0.0
18,3,2,4,3.1,2.1,1,8.3,4,0,3,12.0,95,4.0,2,1.1666987907776478,17.809462547767687,2.261698926363226,83687.91518516612,20.53818254914221,2.5649493574615367,1.1314021114911006
19,0,2,1,5.8,1.2,1,6.3,2,1,2,20.0,67,3.24,1,1.8440428632175376,11.237755995802775,0.8778301681657564,32510.60102499727,10.806058782383067,3.044522437723423,0.7884573603642702
18,1,2,6,2.9,1.4,1,9.2,3,1,1,2.0,85,3.71,2,1.095930983777979,21.107764803377655,1.6102145113046793,61924.51734422166,16.345293814978213,1.0986122886681098,0.8754687373538999
20,0,2,0,3.4,2.6,0,6.3,3,0,1,8.0,72,3.52,2,1.2651404807900501,11.237755995802775,1.6102145113046793,39506.21991155572,13.926977359533225,2.1972245773362196,1.2809338454620642
15,1,0,4,2.5,1.8,1,6.8,3,0,2,6.0,83,4.0,2,0.9393512133898587,12.778487214922173,1.6102145113046793,58057.92927986961,20.53818254914221,1.9459101490553132,1.0296194171811581
20,1,2,6,5.7,0.9,1,5.7,3,1,3,19.0,80,3.15,2,1.8249272994757757,9.483548899985696,1.6102145113046793,52549.50742605369,9.909108207554391,2.995732273553991,0.6418538861723948
19,1,2,4,3.1,2.0,1,7.4,3,1,4,17.0,92,3.8,2,1.1666987907776478,14.718798218821261,1.6102145113046793,76723.29848149381,17.58006637427118,2.8903717578961645,1.0986122886681098
17,0,0,3,3.3,2.3,1,6.8,3,0,4,12.0,95,3.7,2,1.2332726085820729,12.778487214922173,1.6102145113046793,83687.91518516612,16.211695300270975,2.5649493574615367,1.1939224684724346
18,0,2,0,5.0,1.1,0,7.4,3,0,2,13.0,73,3.31,2,1.681487870546516,14.718798218821261,1.6102145113046793,41009.67586813584,11.53866528811148,2.6390573296152584,0.7419373447293773
18,1,2,4,4.6,1.1,1,7.2,2,0,3,11.0,83,3.38,2,1.5907355499331142,14.061136801601103,0.8778301681657564,58057.92927986961,12.302588311016644,2.4849066497880004,0.7419373447293773
19,0,2,3,7.6,1.7,1,7.4,3,1,2,21.0,72,2.72,1,2.1434440944290047,14.718798218821261,1.6102145113046793,39506.21991155572,6.280363055682415,3.091042453358316,0.9932517730102833
18,1,2,6,12.8,3.0,1,6.1,1,1,2,16.0,56,3.05,1,2.7333816003838423,10.641371908015127,0.0,20004.147513716616,8.970276567071865,2.833213344056216,1.3862943611198906
19,1,2,4,2.7,1.9,1,9.0,5,0,1,7.0,98,4.0,2,1.0203866362587886,20.357314790663057,2.858956583624191,91038.45997193112,20.53818254914221,2.0794415416798357,1.0647107369924282
16,0,0,5,4.7,1.7,1,8.1,3,0,1,18.0,93,3.8,2,1.6141037337096489,17.104383037428352,1.6102145113046793,79002.48980321265,17.58006637427118,2.9444389791664403,0.9932517730102833
19,0,2,4,4.7,1.2,0,6.8,3,0,2,13.0,81,3.34,2,1.6141037337096489,12.778487214922173,1.6102145113046793,54347.230996866165,11.862188377883385,2.6390573296152584,0.7884573603642702
18,0,2,6,3.9,1.1,2,7.8,3,1,2,9.0,94,3.85,2,1.4122647058505842,16.066200853784746,1.6102145113046793,81323.92171042044,18.291570207219255,2.302585092994046,0.7419373447293773
19,1,2,0,4.5,2.3,1,6.6,2,1,1,24.0,77,3.58,2,1.5668817774441797,12.15375076672696,0.8778301681657564,47382.81123366814,14.663569620587477,3.2188758248682006,1.1939224684724346
20,0,2,0,6.8,1.7,1,5.0,2,0,2,16.0,68,3.16,2,2.019709544031315,7.5729175150710875,0.8778301681657564,33841.334443280015,10.006308774393966,2.833213344056216,0.9932517730102833
20,0,2,0,6.3,2.2,1,7.1,2,1,2,14.0,80,3.67,2,1.9351768949585346,13.736367236790857,0.8778301681657564,52549.50742605369,15.81516883547986,2.70805020110221,1.1631508098056809
19,1,2,2,1.8,1.5,1,7.4,3,0,2,8.0,98,4.0,2,0.5972197629867352,14.718798218821261,1.6102145113046793,91038.45997193112,20.53818254914221,2.1972245773362196,0.9162907318741551
18,0,2,6,2.5,2.6,0,8.9,4,1,2,8.0,98,3.81,2,0.9393512133898587,19.985804516313625,2.261698926363226,91038.45997193112,17.720896337416892,2.1972245773362196,1.2809338454620642
18,0,2,4,9.5,2.2,1,4.2,1,1,2,12.0,60,3.32,2,2.3939369739111944,5.578429418447326,0.0,24113.25572387178,11.645864683908064,2.5649493574615367,1.1631508098056809
18,0,2,0,2.2,1.7,1,6.5,3,1,3,6.0,93,4.0,2,0.8054926939148117,11.845587262709715,1.6102145113046793,79002.48980321265,20.53818254914221,1.9459101490553132,0.9932517730102833
22,0,2,0,7.9,2.7,0,5.1,1,1,2,23.0,55,3.41,1,2.186687359322709,7.836637933925062,0.0,19051.54466123719,12.639731281317893,3.1780538303479458,1.308332819650179
17,0,0,5,4.4,1.4,1,7.4,2,0,2,8.0,98,3.59,2,1.5425211917840917,14.718798218821261,0.8778301681657564,91038.45997193112,14.788739421516853,2.1972245773362196,0.8754687373538999
21,0,2,4,2.5,2.5,1,8.6,5,1,4,0.0,98,3.77,2,0.9393512133898587,18.886266876241464,2.858956583624191,91038.45997193112,17.161958728612845,0.0,1.252762968495368
18,0,2,4,7.8,1.7,1,5.3,1,1,4,23.0,68,3.65,1,2.172448159416712,8.3733992567368,0.0,33841.334443280015,15.554356557932616,3.1780538303479458,0.9932517730102833
20,0,2,6,14.0,1.0,1,4.3,1,1,2,27.0,52,2.21,0,2.8364774847199032,5.81627216727231,0.0,16366.980259579506,3.228314131453175,3.332204510175204,0.6931471805599453
17,0,0,4,6.8,1.6,1,6.4,2,0,1,15.0,67,2.71,1,2.019709544031315,11.540249794535706,0.8778301681657564,32510.60102499727,6.208159224340435,2.772588722239781,0.9555114450274363
18,1,2,0,7.1,2.3,1,6.1,1,1,2,20.0,73,3.46,1,2.0676487677416864,10.641371908015127,0.0,41009.67586813584,13.21482174546893,3.044522437723423,1.1939224684724346
21,0,0,4,4.3,1.7,1,7.4,3,1,2,10.0,94,3.84,2,1.5176311317383155,14.718798218821261,1.6102145113046793,81323.92171042044,18.147794866724794,2.3978952727983707,0.9932517730102833
18,1,2,4,5.4,1.8,2,7.0,2,0,2,16.0,73,3.46,2,1.7656156766986153,13.414325353558693,0.8778301681657564,41009.67586813584,13.21482174546893,2.833213344056216,1.0296194171811581
16,2,0,6,3.8,2.6,1,5.5,2,0,3,8.0,90,3.97,2,1.384326776898207,8.92242992355568,0.8778301681657564,72290.34860143652,20.075215768293244,2.1972245773362196,1.2809338454620642
15,0,0,0,4.2,2.6,1,5.5,2,1,2,17.0,68,3.57,2,1.492187365993103,8.92242992355568,0.8778301681657564,33841.334443280015,14.5390899446019,2.8903717578961645,1.2809338454620642
20,0,2,0,2.3,3.5,1,7.9,4,0,0,3.0,98,4.0,2,0.8519347810161471,16.409652657927705,2.261698926363226,91038.45997193112,20.53818254914221,1.3862943611198906,1.5040773967762742
18,1,2,0,3.9,1.0,1,6.1,2,0,4,8.0,77,4.0,2,1.4122647058505842,10.641371908015127,0.8778301681657564,47382.81123366814,20.53818254914221,2.1972245773362196,0.6931471805599453
21,1,2,0,6.0,0.7,1,7.0,3,1,2,9.0,80,3.44,2,1.8813563150191603,13.414325353558693,1.6102145113046793,52549.50742605369,12.982796395310663,2.302585092994046,0.5306282510621704
18,2,2,0,3.9,2.5,1,8.5,4,1,1,6.0,82,3.48,2,1.4122647058505842,18.524790399056656,2.261698926363226,56183.26023893996,13.449516948333956,1.9459101490553132,1.252762968495368
20,1,2,4,4.0,1.3,1,7.3,3,1,2,8.0,85,3.64,2,1.4395330280586147,14.388618785157242,1.6102145113046793,61924.51734422166,15.425006368156271,2.1972245773362196,0.832909122935104
18,1,0,4,2.6,1.8,1,6.1,2,0,2,16.0,85,3.56,2,0.9806061985963926,10.641371908015127,0.8778301681657564,61924.51734422166,14.415298505689877,2.833213344056216,1.0296194171811581
19,0,2,0,7.0,2.3,1,6.3,3,1,2,13.0,60,3.48,2,2.0518855355680303,11.237755995802775,1.6102145113046793,24113.25572387178,13.449516948333956,2.6390573296152584,1.1939224684724346
21,1,2,0,3.5,1.6,1,9.3,4,0,2,13.0,96,3.87,2,1.2961337421106984,21.486682768630658,2.261698926363226,86094.79021322812,18.58134594461001,2.6390573296152584,0.9555114450274363
15,0,0,4,4.9,1.3,0,6.5,2,0,1,14.0,73,3.34,2,1.659461753676766,11.845587262709715,0.8778301681657564,41009.67586813584,11.862188377883385,2.70805020110221,0.832909122935104
17,0,0,0,2.1,2.2,1,7.9,3,1,4,3.0,98,4.0,2,0.7570090469002981,16.409652657927705,1.6102145113046793,91038.45997193112,20.53818254914221,1.3862943611198906,1.1631508098056809
15,0,0,4,3.6,2.7,1,9.0,4,0,3,6.0,98,3.65,2,1.3263003819268158,20.357314790663057,2.261698926363226,91038.45997193112,15.554356557932616,1.9459101490553132,1.308332819650179
20,2,2,2,5.1,1.6,1,5.4,1,1,3,16.0,82,4.0,2,1.7031011436641108,8.646392457066119,0.0,56183.26023893996,20.53818254914221,2.833213344056216,0.9555114450274363
21,0,2,0,4.0,1.7,1,7.8,3,1,1,13.0,84,3.2,2,1.4395330280586147,16.066200853784746,1.6102145113046793,59971.57105866405,10.401237330639699,2.6390573296152584,0.9932517730102833
16,1,0,6,5.8,3.3,1,7.1,1,0,2,13.0,78,3.1,2,1.8440428632175376,13.736367236790857,0.0,49067.63473037756,9.43220016705984,2.6390573296152584,1.4586150226995167
26,1,2,4,2.5,2.3,1,7.0,4,0,4,4.0,95,3.84,2,0.9393512133898587,13.414325353558693,2.261698926363226,83687.91518516612,18.147794866724794,1.6094379124341003,1.1939224684724346
19,0,2,0,2.2,2.3,1,5.8,3,1,2,8.0,90,3.78,2,0.8054926939148117,9.76858741311186,1.6102145113046793,72290.34860143652,17.300599455458382,2.1972245773362196,1.1939224684724346
20,0,2,4,6.0,1.3,1,7.3,2,1,3,8.0,93,3.58,2,1.8813563150191603,14.388618785157242,0.8778301681657564,79002.48980321265,14.663569620587477,2.1972245773362196,0.832909122935104
18,1,0,0,13.2,1.7,1,4.1,1,1,1,30.0,50,3.16,1,2.768727136766414,5.343953906546689,0.0,14717.856782686873,10.006308774393966,3.4339872044851463,0.9932517730102833
17,0,0,0,5.3,1.6,1,7.4,2,1,3,10.0,81,3.25,2,1.7451507197105387,14.718798218821261,0.8778301681657564,54347.230996866165,10.90882410064474,2.3978952727983707,0.9555114450274363
19,0,2,3,3.7,2.9,1,8.0,3,0,2,4.0,86,3.61,2,1.3556845124032513,16.755717770784734,1.6102145113046793,63917.09875329975,15.041156949142636,1.6094379124341003,1.3609765531356006
17,0,0,0,2.3,1.1,1,8.0,4,0,3,14.0,97,3.42,2,0.8519347810161471,16.755717770784734,2.261698926363226,88544.86579764642,12.753425783763895,2.70805020110221,0.7419373447293773
18,1,0,4,4.6,1.6,1,7.8,3,0,2,16.0,85,4.0,2,1.5907355499331142,16.066200853784746,1.6102145113046793,61924.51734422166,20.53818254914221,2.833213344056216,0.9555114450274363
18,1,2,4,3.6,3.0,1,7.4,3,0,3,13.0,92,3.57,2,1.3263003819268158,14.718798218821261,1.6102145113046793,76723.29848149381,14.5390899446019,2.6390573296152584,1.3862943611198906
18,0,2,0,9.2,2.2,0,5.5,1,1,1,23.0,62,2.97,1,2.3577296084820363,8.92242992355568,0.0,26352.188477075142,8.261775557384002,3.1780538303479458,1.1631508098056809
17,0,0,0,5.8,3.6,1,5.9,1,1,1,9.0,83,3.84,2,1.8440428632175376,10.056584152579083,0.0,58057.92927986961,18.147794866724794,2.302585092994046,1.5260563034950492
17,0,0,1,5.1,2.0,1,5.4,1,1,3,18.0,70,3.31,2,1.7031011436641108,8.646392457066119,0.0,36604.68597434723,11.53866528811148,2.9444389791664403,1.0986122886681098
20,0,2,2,7.9,1.1,1,5.3,1,1,2,24.0,61,2.94,1,2.186687359322709,8.3733992567368,0.0,25217.052320963478,8.005623197120133,3.2188758248682006,0.7419373447293773
19,1,2,4,5.4,2.6,1,5.4,3,1,1,19.0,79,3.81,2,1.7656156766986153,8.646392457066119,1.6102145113046793,50789.75419132553,17.720896337416892,2.995732273553991,1.2809338454620642
21,1,2,0,5.8,2.6,1,6.8,2,0,1,13.0,85,3.22,2,1.8440428632175376,12.778487214922173,0.8778301681657564,61924.51734422166,10.602403875992923,2.6390573296152584,1.2809338454620642
21,1,2,4,9.9,0.6,1,4.4,1,1,3,30.0,49,2.97,0,2.440566416418899,6.057450511969028,0.0,13934.324543079843,8.261775557384002,3.4339872044851463,0.4700036292457356
19,1,2,4,6.0,1.5,0,5.0,1,1,2,18.0,66,3.22,2,1.8813563150191603,7.5729175150710875,0.0,31213.358948090136,10.602403875992923,2.9444389791664403,0.9162907318741551
15,1,0,4,7.4,3.1,1,5.9,1,1,3,25.0,56,3.04,1,2.113708815832555,10.056584152579083,0.0,20004.147513716616,8.879669149882293,3.258096538021482,1.410986973710262
20,1,2,0,10.4,2.1,1,3.8,1,1,1,27.0,47,2.39,0,2.4964088339968074,4.661063699804611,0.0,12447.386303522204,4.164699164884756,3.332204510175204,1.1314021114911006
22,0,1,3,5.3,1.9,1,6.4,3,0,3,11.0,74,3.72,2,1.7451507197105387,11.540249794535706,1.6102145113046793,42548.719285856496,16.479606987119947,2.4849066497880004,1.0647107369924282
17,1,0,0,6.4,1.1,1,5.6,1,1,2,19.0,81,2.55,1,1.9525792661508234,9.201489326998276,0.0,54347.230996866165,5.123065242759989,2.995732273553991,0.7419373447293773
18,1,0,5,6.6,1.7,1,6.7,2,1,2,16.0,72,3.47,2,1.9866255656836118,12.464723049102489,0.8778301681657564,39506.21991155572,13.331834670752924,2.833213344056216,0.9932517730102833
17,1,0,4,4.9,1.6,1,6.7,2,0,2,18.0,80,3.07,2,1.659461753676766,12.464723049102489,0.8778301681657564,52549.50742605369,9.153263022572325,2.9444389791664403,0.9555114450274363
15,1,0,4,4.9,1.4,1,7.3,2,1,1,13.0,84,3.87,2,1.659461753676766,14.388618785157242,0.8778301681657564,59971.57105866405,18.58134594461001,2.6390573296152584,0.8754687373538999
16,0,0,4,8.4,1.8,1,6.8,2,1,3,18.0,63,2.91,1,2.2554207388342977,12.778487214922173,0.8778301681657564,27519.02697404476,7.7545924317854675,2.9444389791664403,1.0296194171811581
18,1,0,0,4.3,1.9,1,7.9,3,0,1,12.0,91,3.34,2,1.5176311317383155,16.409652657927705,1.6102145113046793,74486.02575307926,11.862188377883385,2.5649493574615367,1.0647107369924282
18,0,2,2,10.9,0.9,1,4.7,1,1,2,22.0,67,2.93,1,2.5497670831418175,6.800697609529523,0.0,32510.60102499727,7.921379736654888,3.1354942159291497,0.6418538861723948
17,1,0,6,7.1,0.4,1,5.9,1,1,4,16.0,80,3.23,2,2.0676487677416864,10.056584152579083,0.0,52549.50742605369,10.703919338092492,2.833213344056216,0.33647223662121295
15,1,0,5,8.4,1.7,1,5.4,1,1,4,14.0,74,3.0,2,2.2554207388342977,8.646392457066119,0.0,42548.719285856496,8.52310068647062,2.70805020110221,0.9932517730102833
16,0,0,3,4.4,1.3,1,6.8,3,0,3,6.0,93,3.56,2,1.5425211917840917,12.778487214922173,1.6102145113046793,79002.48980321265,14.415298505689877,1.9459101490553132,0.832909122935104
15,0,0,2,1.2,2.0,1,8.8,4,0,2,15.0,94,3.99,2,0.1832225230267353,19.61678552928072,2.261698926363226,81323.92171042044,20.38309347972413,2.772588722239781,1.0986122886681098
18,0,2,3,8.0,1.6,1,6.7,2,1,3,16.0,60,3.24,1,2.2007570648755084,12.464723049102489,0.8778301681657564,24113.25572387178,10.806058782383067,2.833213344056216,0.9555114450274363
18,0,2,0,3.5,1.4,1,8.8,3,1,4,13.0,94,3.66,2,1.2961337421106984,19.61678552928072,1.6102145113046793,81323.92171042044,15.684410084705304,2.6390573296152584,0.8754687373538999
18,2,0,4,4.9,0.9,1,7.1,3,0,1,8.0,80,4.0,2,1.659461753676766,13.736367236790857,1.6102145113046793,52549.50742605369,20.53818254914221,2.1972245773362196,0.6418538861723948
19,1,2,0,6.3,1.3,1,4.7,2,1,4,17.0,75,3.46,2,1.9351768949585346,6.800697609529523,0.8778301681657564,44123.69453376821,13.21482174546893,2.8903717578961645,0.832909122935104
21,1,2,6,5.1,2.1,1,8.9,3,1,3,16.0,90,3.87,2,1.7031011436641108,19.985804516313625,1.6102145113046793,72290.34860143652,18.58134594461001,2.833213344056216,1.1314021114911006
17,0,0,4,8.7,2.0,1,4.8,1,1,3,19.0,69,3.59,2,2.294825646767686,7.054921429048166,0.0,35205.91224901557,14.788739421516853,2.995732273553991,1.0986122886681098
17,0,0,0,2.3,1.5,1,6.8,3,0,1,21.0,81,3.56,2,0.8519347810161471,12.778487214922173,1.6102145113046793,54347.230996866165,14.415298505689877,3.091042453358316,0.9162907318741551
16,0,0,6,14.0,1.6,1,3.7,1,1,2,35.0,32,2.5,0,2.8364774847199032,4.4403960165533265,0.0,4395.345099694118,4.810328499095882,3.58351893845611,0.9555114450274363
15,1,0,0,12.6,0.9,1,6.9,1,1,3,18.0,54,2.57,1,2.7153151393422355,13.095026718981076,0.0,18128.066722063846,5.251611869829937,2.9444389791664403,0.6418538861723948
16,0,0,0,2.9,1.3,1,7.7,3,0,2,8.0,91,4.0,2,1.095930983777979,15.725375748712496,1.6102145113046793,74486.02575307926,20.53818254914221,2.1972245773362196,0.832909122935104
20,1,2,6,4.2,1.5,1,7.1,2,1,3,15.0,87,3.69,2,1.492187365993103,13.736367236790857,0.8778301681657564,65949.64476800284,16.07880955652339,2.772588722239781,0.9162907318741551
17,0,0,4,5.8,2.6,0,6.8,3,1,0,12.0,85,3.48,2,1.8440428632175376,12.778487214922173,1.6102145113046793,61924.51734422166,13.449516948333956,2.5649493574615367,1.2809338454620642
19,0,2,6,4.6,2.0,1,4.3,1,1,2,14.0,68,3.34,2,1.5907355499331142,5.81627216727231,0.0,33841.334443280015,11.862188377883385,2.70805020110221,1.0986122886681098
17,0,0,4,2.8,2.1,1,7.2,3,1,1,5.0,98,3.48,2,1.0587970088869507,14.061136801601103,1.6102145113046793,91038.45997193112,13.449516948333956,1.791759469228055,1.1314021114911006
18,3,2,3,7.9,2.5,1,4.6,1,1,3,12.0,55,2.76,1,2.186687359322709,6.549692444201377,0.0,19051.54466123719,6.574470679514594,2.5649493574615367,1.252762968495368
19,1,2,3,11.2,1.5,1,5.2,1,1,3,24.0,44,3.08,1,2.5806811705994916,8.103473238889842,0.0,10411.425745453509,9.245645848802152,3.2188758248682006,0.9162907318741551
19,1,2,4,2.2,0.8,0,7.4,4,1,3,8.0,98,3.92,2,0.8054926939148117,14.718798218821261,2.261698926363226,91038.45997193112,19.31885273989304,2.1972245773362196,0.5877866649021191
17,1,0,4,7.3,2.0,0,5.9,1,1,2,26.0,74,3.46,1,2.09855491776158,10.056584152579083,0.0,42548.719285856496,13.21482174546893,3.295836866004329,1.0986122886681098
20,1,2,6,7.8,1.5,1,5.2,1,1,4,18.0,71,2.96,1,2.172448159416712,8.103473238889842,0.0,38038.0056657807,8.175819212089252,2.9444389791664403,0.9162907318741551
16,0,0,4,9.0,0.6,1,5.0,1,1,4,19.0,62,3.46,1,2.332965554974335,7.5729175150710875,0.0,26352.188477075142,13.21482174546893,2.995732273553991,0.4700036292457356
18,0,2,0,5.0,0.6,0,8.6,4,0,4,4.0,98,3.51,2,1.681487870546516,18.886266876241464,2.261698926363226,91038.45997193112,13.806598784091944,1.6094379124341003,0.4700036292457356
17,0,0,4,10.8,0.6,1,5.6,1,1,1,14.0,71,3.04,2,2.539283315287256,9.201489326998276,0.0,38038.0056657807,8.879669149882293,2.70805020110221,0.4700036292457356
18,0,2,0,4.0,2.2,1,6.5,2,0,3,7.0,85,3.35,2,1.4395330280586147,11.845587262709715,0.8778301681657564,61924.51734422166,11.971316457356032,2.0794415416798357,1.1631508098056809
17,0,0,0,7.8,2.4,1,5.0,2,1,2,18.0,73,2.81,1,2.172448159416712,7.5729175150710875,0.8778301681657564,41009.67586813584,6.954155242313397,2.9444389791664403,1.2237754316221157
19,0,2,3,10.4,0.7,1,4.3,1,1,2,21.0,55,2.71,1,2.4964088339968074,5.81627216727231,0.0,19051.54466123719,6.208159224340435,3.091042453358316,0.5306282510621704
20,0,2,3,8.5,2.5,1,4.3,1,1,2,17.0,63,3.15,1,2.268701594475235,5.81627216727231,0.0,27519.02697404476,9.909108207554391,2.8903717578961645,1.252762968495368
22,0,1,0,4.1,0.6,1,8.4,3,1,0,8.0,92,3.45,2,1.466163943905982,18.16585159714471,1.6102145113046793,76723.29848149381,13.098476283389891,2.1972245773362196,0.4700036292457356
15,0,0,3,11.7,1.5,0,5.6,1,1,3,24.0,58,2.81,1,2.630504798570763,9.201489326998276,0.0,21998.22133107918,6.954155242313397,3.2188758248682006,0.9162907318741551
17,1,0,0,6.2,3.5,0,5.4,1,1,3,23.0,69,2.93,1,1.9175112322134875,8.646392457066119,0.0,35205.91224901557,7.921379736654888,3.1780538303479458,1.5040773967762742
18,1,2,4,2.4,2.7,1,8.4,5,1,3,1.0,98,3.63,2,0.8965046417701628,18.16585159714471,2.858956583624191,91038.45997193112,15.296357628263685,0.6931471805599453,1.308332819650179
18,0,2,4,4.7,1.8,1,7.6,3,0,2,17.0,83,3.23,2,1.6141037337096489,15.387190975810833,1.6102145113046793,58057.92927986961,10.703919338092492,2.8903717578961645,1.0296194171811581
18,0,2,3,3.3,1.3,1,9.0,5,1,2,12.0,86,3.93,2,1.2332726085820729,20.357314790663057,2.858956583624191,63917.09875329975,19.4686093099294,2.5649493574615367,0.832909122935104
17,1,0,6,2.9,1.2,2,7.3,3,1,1,9.0,86,3.72,2,1.095930983777979,14.388618785157242,1.6102145113046793,63917.09875329975,16.479606987119947,2.302585092994046,0.7884573603642702
18,0,2,4,8.6,2.1,1,5.1,1,1,2,17.0,72,2.45,1,2.2818354611447473,7.836637933925062,0.0,39506.21991155572,4.509729912673228,2.8903717578961645,1.1314021114911006
21,0,2,0,2.6,1.7,1,6.6,2,0,0,11.0,81,3.38,2,0.9806061985963926,12.15375076672696,0.8778301681657564,54347.230996866165,12.302588311016644,2.4849066497880004,0.9932517730102833
19,3,2,0,13.6,2.4,0,4.6,1,1,4,28.0,44,2.31,0,2.8030736289378386,6.549692444201377,0.0,10411.425745453509,3.7306044350351613,3.367295829986474,1.2237754316221157
16,1,0,6,5.1,1.4,1,6.5,2,1,3,7.0,80,3.4,2,1.7031011436641108,11.845587262709715,0.8778301681657564,52549.50742605369,12.526694794914107,2.0794415416798357,0.8754687373538999
20,0,2,0,2.0,3.1,1,6.7,3,1,4,2.0,82,3.46,2,0.7062901854968463,12.464723049102489,1.6102145113046793,56183.26023893996,13.21482174546893,1.0986122886681098,1.410986973710262
20,0,2,5,4.6,4.1,1,8.1,3,0,2,5.0,88,3.4,2,1.5907355499331142,17.104383037428352,1.6102145113046793,68022.48375280312,12.526694794914107,1.791759469228055,1.62924053973028
17,0,0,0,4.3,1.6,1,7.2,2,0,2,17.0,88,3.32,2,1.5176311317383155,14.061136801601103,0.8778301681657564,68022.48375280312,11.645864683908064,2.8903717578961645,0.9555114450274363
20,0,2,0,12.6,1.8,1,4.3,1,0,4,20.0,45,2.58,1,2.7153151393422355,5.81627216727231,0.0,11064.678764162616,5.3166324870540365,3.044522437723423,1.0296194171811581
22,0,1,4,5.8,1.1,1,5.7,3,1,1,18.0,78,3.34,2,1.8440428632175376,9.483548899985696,1.6102145113046793,49067.63473037756,11.862188377883385,2.9444389791664403,0.7419373447293773
19,0,2,0,2.0,0.8,1,7.9,3,1,3,2.0,89,3.46,2,0.7062901854968463,16.409652657927705,1.6102145113046793,70135.94297111471,13.21482174546893,1.0986122886681098,0.5877866649021191
21,1,2,4,2.3,2.7,1,5.9,1,1,3,14.0,83,3.46,2,0.8519347810161471,10.056584152579083,0.0,58057.92927986961,13.21482174546893,2.70805020110221,1.308332819650179
22,1,2,6,6.9,0.5,2,5.5,2,1,1,22.0,67,3.2,1,2.0359078246346916,8.92242992355568,0.8778301681657564,32510.60102499727,10.401237330639699,3.1354942159291497,0.4054651081081644
17,0,0,2,4.0,1.6,1,6.6,2,1,2,6.0,83,3.59,2,1.4395330280586147,12.15375076672696,0.8778301681657564,58057.92927986961,14.788739421516853,1.9459101490553132,0.9555114450274363
19,2,2,0,4.5,2.1,1,8.2,4,0,2,12.0,71,3.71,2,1.5668817774441797,17.455635531354325,2.261698926363226,38038.0056657807,16.345293814978213,2.5649493574615367,1.1314021114911006
18,0,2,0,5.0,2.3,1,5.9,3,1,1,16.0,67,3.52,2,1.681487870546516,10.056584152579083,1.6102145113046793,32510.60102499727,13.926977359533225,2.833213344056216,1.1939224684724346
25,1,2,0,2.5,1.9,0,8.6,4,0,4,7.0,94,3.48,2,0.9393512133898587,18.886266876241464,2.261698926363226,81323.92171042044,13.449516948333956,2.0794415416798357,1.0647107369924282
20,0,2,6,2.5,1.2,1,7.4,3,0,2,6.0,78,3.78,2,0.9393512133898587,14.718798218821261,1.6102145113046793,49067.63473037756,17.300599455458382,1.9459101490553132,0.7884573603642702
17,1,0,0,2.7,1.9,1,6.5,3,0,3,10.0,81,4.0,2,1.0203866362587886,11.845587262709715,1.6102145113046793,54347.230996866165,20.53818254914221,2.3978952727983707,1.0647107369924282
17,0,0,0,7.2,2.6,1,6.2,2,1,2,20.0,66,3.1,1,2.0832033609937755,10.938123890491681,0.8778301681657564,31213.358948090136,9.43220016705984,3.044522437723423,1.2809338454620642
17,0,0,2,3.9,2.1,0,7.7,3,1,3,10.0,95,3.67,2,1.4122647058505842,15.725375748712496,1.6102145113046793,83687.91518516612,15.81516883547986,2.3978952727983707,1.1314021114911006
15,0,0,6,4.3,2.7,1,7.9,4,0,4,8.0,98,3.32,2,1.5176311317383155,16.409652657927705,2.261698926363226,91038.45997193112,11.645864683908064,2.1972245773362196,1.308332819650179
20,1,2,0,4.9,2.5,1,7.0,3,1,4,9.0,88,3.48,2,1.659461753676766,13.414325353558693,1.6102145113046793,68022.48375280312,13.449516948333956,2.302585092994046,1.252762968495368
21,2,2,0,2.5,1.9,0,7.0,4,1,4,8.0,85,3.94,2,0.9393512133898587,13.414325353558693,2.261698926363226,61924.51734422166,19.619122013712897,2.1972245773362196,1.0647107369924282
19,0,2,6,4.9,3.3,1,5.9,3,1,3,13.0,81,3.8,2,1.659461753676766,10.056584152579083,1.6102145113046793,54347.230996866165,17.58006637427118,2.6390573296152584,1.4586150226995167
20,0,2,6,4.4,1.1,2,6.5,3,0,4,17.0,77,3.02,2,1.5425211917840917,11.845587262709715,1.6102145113046793,47382.81123366814,8.700216465863583,2.8903717578961645,0.7419373447293773
18,1,2,5,8.9,2.0,1,5.1,1,1,1,17.0,57,3.05,1,2.320387654485076,7.836637933925062,0.0,20986.249109062494,8.970276567071865,2.8903717578961645,1.0986122886681098
18,0,2,6,2.7,1.9,1,8.2,4,0,2,11.0,89,3.93,2,1.0203866362587886,17.455635531354325,2.261698926363226,70135.94297111471,19.4686093099294,2.4849066497880004,1.0647107369924282
18,1,2,6,2.9,1.4,0,8.3,4,1,4,11.0,98,3.43,2,1.095930983777979,17.809462547767687,2.261698926363226,91038.45997193112,12.867780191912736,2.4849066497880004,0.8754687373538999
23,0,1,0,4.4,2.1,1,6.3,3,1,2,17.0,92,3.27,2,1.5425211917840917,11.237755995802775,1.6102145113046793,76723.29848149381,11.116239925597819,2.8903717578961645,1.1314021114911006
17,0,0,3,4.4,1.9,1,8.1,4,0,4,6.0,92,3.39,2,1.5425211917840917,17.104383037428352,2.261698926363226,76723.29848149381,12.41431443477717,1.9459101490553132,1.0647107369924282
18,0,2,2,4.2,2.1,1,6.0,1,0,2,14.0,90,3.25,2,1.492187365993103,10.347518899102251,0.0,72290.34860143652,10.90882410064474,2.70805020110221,1.1314021114911006
20,1,2,3,3.2,1.1,0,6.9,3,0,0,6.0,91,3.99,2,1.2004777883442346,13.095026718981076,1.6102145113046793,74486.02575307926,20.38309347972413,1.9459101490553132,0.7419373447293773
19,0,2,0,8.8,1.4,1,6.7,2,1,2,19.0,64,3.02,1,2.307675347857402,12.464723049102489,0.8778301681657564,28717.928887801263,8.700216465863583,2.995732273553991,0.8754687373538999
21,1,2,6,6.9,1.0,1,5.4,1,1,3,23.0,68,3.68,2,2.0359078246346916,8.646392457066119,0.0,33841.334443280015,15.946634697155112,3.1780538303479458,0.6931471805599453
20,1,2,0,4.3,2.1,1,6.8,2,0,2,11.0,82,3.55,2,1.5176311317383155,12.778487214922173,0.8778301681657564,56183.26023893996,14.292193415871623,2.4849066497880004,1.1314021114911006
19,0,2,1,4.3,1.0,1,6.8,3,0,3,7.0,94,3.46,2,1.5176311317383155,12.778487214922173,1.6102145113046793,81323.92171042044,13.21482174546893,2.0794415416798357,0.6931471805599453
18,1,2,6,3.5,2.3,1,8.2,4,0,3,16.0,98,3.6,2,1.2961337421106984,17.455635531354325,2.261698926363226,91038.45997193112,14.914601235151155,2.833213344056216,1.1939224684724346
20,1,2,2,3.8,3.4,1,7.0,3,0,2,12.0,91,4.0,2,1.384326776898207,13.414325353558693,1.6102145113046793,74486.02575307926,20.53818254914221,2.5649493574615367,1.4816045409242156
21,0,2,0,10.9,0.5,1,4.4,1,1,2,15.0,69,3.23,2,2.5497670831418175,6.057450511969028,0.0,35205.91224901557,10.703919338092492,2.772588722239781,0.4054651081081644
20,1,2,4,5.3,2.2,1,6.4,2,1,2,18.0,81,3.34,2,1.7451507197105387,11.540249794535706,0.8778301681657564,54347.230996866165,11.862188377883385,2.9444389791664403,1.1631508098056809
16,1,0,4,3.5,2.0,0,6.4,3,0,4,17.0,80,3.12,2,1.2961337421106984,11.540249794535706,1.6102145113046793,52549.50742605369,9.621151996683725,2.8903717578961645,1.0986122886681098
19,1,2,0,6.9,1.0,1,8.1,1,1,2,18.0,77,3.53,2,2.0359078246346916,17.104383037428352,0.0,47382.81123366814,14.048034731048165,2.9444389791664403,0.6931471805599453
18,1,2,3,13.4,0.1,1,5.2,1,1,1,25.0,50,2.69,1,2.7860216216106717,8.103473238889842,0.0,14717.856782686873,6.065325961111475,3.258096538021482,0.09531017980432487
20,0,0,4,3.3,2.1,1,7.2,3,0,1,12.0,84,3.64,2,1.2332726085820729,14.061136801601103,1.6102145113046793,59971.57105866405,15.425006368156271,2.5649493574615367,1.1314021114911006
22,0,2,0,3.6,2.1,1,7.9,4,1,2,10.0,89,3.43,2,1.3263003819268158,16.409652657927705,2.261698926363226,70135.94297111471,12.867780191912736,2.3978952727983707,1.1314021114911006
20,0,2,0,11.5,1.6,1,3.0,1,1,3,38.0,53,2.63,0,2.610821648190186,2.997232442083743,0.0,17233.337875033176,5.6492846350101855,3.6635616461296463,0.9555114450274363
19,1,2,0,3.1,1.5,0,7.6,4,1,2,10.0,76,3.71,2,1.1666987907776478,15.387190975810833,2.261698926363226,45734.94462371378,16.345293814978213,2.3978952727983707,0.9162907318741551
17,0,0,4,5.1,0.9,1,5.8,2,1,2,25.0,77,3.25,1,1.7031011436641108,9.76858741311186,0.8778301681657564,47382.81123366814,10.90882410064474,3.258096538021482,0.6418538861723948
18,1,2,4,2.4,0.0,1,8.6,2,0,2,7.0,98,3.54,2,0.8965046417701628,18.886266876241464,0.8778301681657564,91038.45997193112,14.169772787057607,2.0794415416798357,0.0
20,0,0,0,2.6,1.0,1,8.1,3,0,4,8.0,98,3.62,2,0.9806061985963926,17.104383037428352,1.6102145113046793,91038.45997193112,15.168408451034988,2.1972245773362196,0.6931471805599453
19,1,2,4,3.1,1.8,0,7.5,2,1,1,13.0,83,3.79,2,1.1666987907776478,15.05166041856306,0.8778301681657564,58057.92927986961,17.43996804213093,2.6390573296152584,1.0296194171811581
18,0,2,4,3.3,1.1,0,8.6,4,0,2,9.0,89,3.63,2,1.2332726085820729,18.886266876241464,2.261698926363226,70135.94297111471,15.296357628263685,2.302585092994046,0.7419373447293773
17,1,0,4,3.3,1.8,1,6.0,2,0,2,15.0,80,3.89,2,1.2332726085820729,10.347518899102251,0.8778301681657564,52549.50742605369,18.87410098953472,2.772588722239781,1.0296194171811581
21,1,2,3,4.0,2.8,1,6.8,2,0,0,14.0,79,3.81,2,1.4395330280586147,12.778487214922173,0.8778301681657564,50789.75419132553,17.720896337416892,2.70805020110221,1.33500106673234
17,1,0,6,11.0,3.0,1,5.3,1,1,1,33.0,48,2.83,0,2.560160258129247,8.3733992567368,0.0,13177.630667357054,7.10982667490936,3.5263605246161616,1.3862943611198906
15,2,0,4,3.0,0.8,1,6.9,3,0,1,10.0,88,3.88,2,1.1318728617817535,13.095026718981076,1.6102145113046793,68022.48375280312,18.72735011125622,2.3978952727983707,0.5877866649021191
20,0,2,4,3.2,2.7,1,7.5,4,0,0,4.0,98,3.57,2,1.2004777883442346,15.05166041856306,2.261698926363226,91038.45997193112,14.5390899446019,1.6094379124341003,1.308332819650179
15,0,0,2,7.3,2.0,1,7.2,2,1,3,15.0,70,3.03,2,2.09855491776158,14.061136801601103,0.8778301681657564,36604.68597434723,8.789649747573227,2.772588722239781,1.0986122886681098
21,1,2,6,13.1,2.3,1,3.8,1,1,2,36.0,43,1.95,0,2.7599867274701824,4.661063699804611,0.0,9783.04241116226,2.1189779497127916,3.6109179126442243,1.1939224684724346
17,1,0,6,1.2,1.1,0,8.2,3,0,4,0.0,98,3.54,2,0.1832225230267353,17.455635531354325,1.6102145113046793,91038.45997193112,14.169772787057607,0.0,0.7419373447293773
16,1,0,3,4.4,2.6,1,5.5,2,1,1,22.0,76,3.61,2,1.5425211917840917,8.92242992355568,0.8778301681657564,45734.94462371378,15.041156949142636,3.1354942159291497,1.2809338454620642
23,0,1,4,6.3,2.4,1,4.3,2,1,4,22.0,78,3.11,2,1.9351768949585346,5.81627216727231,0.8778301681657564,49067.63473037756,9.52637544624165,3.1354942159291497,1.2237754316221157
17,1,0,0,6.4,1.4,0,5.6,1,1,2,16.0,66,3.34,2,1.9525792661508234,9.201489326998276,0.0,31213.358948090136,11.862188377883385,2.833213344056216,0.8754687373538999
18,1,0,0,6.8,2.0,1,6.5,2,1,2,23.0,68,3.51,1,2.019709544031315,11.845587262709715,0.8778301681657564,33841.334443280015,13.806598784091944,3.1780538303479458,1.0986122886681098
17,1,0,3,14.0,1.7,1,3.6,1,1,1,20.0,49,2.52,1,2.8364774847199032,4.2232712500382465,0.0,13934.324543079843,4.933953304930304,3.044522437723423,0.9932517730102833
17,1,0,6,6.2,2.6,1,6.6,3,1,3,16.0,87,3.02,2,1.9175112322134875,12.15375076672696,1.6102145113046793,65949.64476800284,8.700216465863583,2.833213344056216,1.2809338454620642
18,0,2,3,7.0,1.3,1,6.6,1,0,2,16.0,69,3.43,2,2.0518855355680303,12.15375076672696,0.0,35205.91224901557,12.867780191912736,2.833213344056216,0.832909122935104
18,0,2,2,11.0,1.3,1,4.5,1,1,3,25.0,62,2.58,1,2.560160258129247,6.301933826278156,0.0,26352.188477075142,5.3166324870540365,3.258096538021482,0.832909122935104
18,1,2,1,5.0,1.8,1,6.0,2,0,1,17.0,70,3.49,2,1.681487870546516,10.347518899102251,0.8778301681657564,36604.68597434723,13.567870467191462,2.8903717578961645,1.0296194171811581
16,1,0,4,2.4,2.0,1,7.7,3,0,3,5.0,94,4.0,2,0.8965046417701628,15.725375748712496,1.6102145113046793,81323.92171042044,20.53818254914221,1.791759469228055,1.0986122886681098
19,0,2,6,4.5,2.7,1,7.0,3,0,3,16.0,82,3.67,2,1.5668817774441797,13.414325353558693,1.6102145113046793,56183.26023893996,15.81516883547986,2.833213344056216,1.308332819650179
19,0,2,6,6.6,0.7,1,6.0,2,1,4,9.0,83,3.39,2,1.9866255656836118,10.347518899102251,0.8778301681657564,58057.92927986961,12.41431443477717,2.302585092994046,0.5306282510621704
20,0,2,5,2.1,1.8,1,7.2,4,1,3,9.0,86,3.55,2,0.7570090469002981,14.061136801601103,2.261698926363226,63917.09875329975,14.292193415871623,2.302585092994046,1.0296194171811581
19,1,2,4,5.4,3.0,0,6.2,2,1,3,5.0,78,3.4,2,1.7656156766986153,10.938123890491681,0.8778301681657564,49067.63473037756,12.526694794914107,1.791759469228055,1.3862943611198906
18,1,2,0,3.2,3.4,1,7.0,2,0,3,15.0,84,3.56,2,1.2004777883442346,13.414325353558693,0.8778301681657564,59971.57105866405,14.415298505689877,2.772588722239781,1.4816045409242156
17,1,0,0,6.4,2.0,1,6.0,2,1,3,15.0,75,3.35,2,1.9525792661508234,10.347518899102251,0.8778301681657564,44123.69453376821,11.971316457356032,2.772588722239781,1.0986122886681098
16,1,0,6,6.3,1.8,1,6.4,2,1,3,11.0,80,2.99,2,1.9351768949585346,11.540249794535706,0.8778301681657564,52549.50742605369,8.435414399576228,2.4849066497880004,1.0296194171811581
24,1,1,6,4.2,1.3,1,6.4,2,1,2,10.0,95,3.31,2,1.492187365993103,11.540249794535706,0.8778301681657564,83687.91518516612,11.53866528811148,2.3978952727983707,0.832909122935104
21,1,0,0,4.3,1.5,1,6.0,2,1,2,5.0,90,3.41,2,1.5176311317383155,10.347518899102251,0.8778301681657564,72290.34860143652,12.639731281317893,1.791759469228055,0.9162907318741551
20,3,2,5,8.2,1.6,1,6.3,2,1,4,20.0,67,3.58,2,2.228404239984151,11.237755995802775,0.8778301681657564,32510.60102499727,14.663569620587477,3.044522437723423,0.9555114450274363
17,0,0,5,6.3,1.6,0,5.6,2,1,4,16.0,68,3.27,2,1.9351768949585346,9.201489326998276,0.8778301681657564,33841.334443280015,11.116239925597819,2.833213344056216,0.9555114450274363
18,1,2,4,8.8,1.5,1,6.3,2,0,2,15.0,64,3.04,2,2.307675347857402,11.237755995802775,0.8778301681657564,28717.928887801263,8.879669149882293,2.772588722239781,0.9162907318741551
25,1,1,0,4.1,1.8,1,5.3,2,1,3,11.0,88,3.33,2,1.466163943905982,8.3733992567368,0.8778301681657564,68022.48375280312,11.7537050835968,2.4849066497880004,1.0296194171811581
19,1,2,0,3.4,1.5,1,7.1,4,0,2,8.0,87,3.49,2,1.2651404807900501,13.736367236790857,2.261698926363226,65949.64476800284,13.567870467191462,2.1972245773362196,0.9162907318741551
20,1,2,4,6.1,2.2,1,6.0,1,1,3,11.0,74,3.01,2,1.8995739499976299,10.347518899102251,0.0,42548.719285856496,8.611367410342837,2.4849066497880004,1.1631508098056809
18,1,2,5,3.0,2.9,1,6.8,3,0,2,14.0,91,3.25,2,1.1318728617817535,12.778487214922173,1.6102145113046793,74486.02575307926,10.90882410064474,2.70805020110221,1.3609765531356006
17,0,0,0,5.8,1.9,1,5.2,2,1,1,27.0,57,3.47,1,1.8440428632175376,8.103473238889842,0.8778301681657564,20986.249109062494,13.331834670752924,3.332204510175204,1.0647107369924282
21,0,2,4,12.6,1.9,1,4.1,1,1,3,24.0,53,2.57,1,2.7153151393422355,5.343953906546689,0.0,17233.337875033176,5.251611869829937,3.2188758248682006,1.0647107369924282
17,0,0,0,3.3,1.6,1,6.7,3,0,1,10.0,79,3.45,2,1.2332726085820729,12.464723049102489,1.6102145113046793,50789.75419132553,13.098476283389891,2.3978952727983707,0.9555114450274363
20,0,2,6,3.9,1.4,1,6.6,2,0,2,4.0,88,4.0,2,1.4122647058505842,12.15375076672696,0.8778301681657564,68022.48375280312,20.53818254914221,1.6094379124341003,0.8754687373538999
23,3,2,0,2.6,1.7,1,9.1,3,1,1,1.0,98,3.46,2,0.9806061985963926,20.73130520980927,1.6102145113046793,91038.45997193112,13.21482174546893,0.6931471805599453,0.9932517730102833
20,1,2,4,10.8,2.2,1,5.3,1,1,3,25.0,61,2.85,1,2.539283315287256,8.3733992567368,0.0,25217.052320963478,7.267690936157112,3.258096538021482,1.1631508098056809
20,0,2,0,3.9,1.1,1,7.2,3,0,2,15.0,75,3.91,2,1.4122647058505842,14.061136801601103,1.6102145113046793,44123.69453376821,19.169850419380406,2.772588722239781,0.7419373447293773
24,0,1,3,2.8,2.4,1,6.3,2,1,2,5.0,98,4.0,2,1.0587970088869507,11.237755995802775,0.8778301681657564,91038.45997193112,20.53818254914221,1.791759469228055,1.2237754316221157
17,0,0,0,6.7,2.0,0,6.6,2,1,3,11.0,67,3.46,2,2.003284337102433,12.15375076672696,0.8778301681657564,32510.60102499727,13.21482174546893,2.4849066497880004,1.0986122886681098
17,0,0,6,7.5,0.9,1,5.7,1,1,2,15.0,71,3.15,2,2.1286702202484076,9.483548899985696,0.0,38038.0056657807,9.909108207554391,2.772588722239781,0.6418538861723948
19,0,0,0,5.5,1.4,1,6.3,3,1,2,16.0,91,3.77,2,1.7857252215541248,11.237755995802775,1.6102145113046793,74486.02575307926,17.161958728612845,2.833213344056216,0.8754687373538999
20,1,2,4,10.6,1.9,1,4.9,1,1,4,26.0,56,2.4,0,2.5180373974719235,7.3123368290812865,0.0,20004.147513716616,4.221031696142082,3.295836866004329,1.0647107369924282
21,0,2,4,3.2,1.1,1,7.1,1,0,3,15.0,87,3.3,2,1.2004777883442346,13.736367236790857,0.0,65949.64476800284,11.432105005383404,2.772588722239781,0.7419373447293773
16,1,0,0,5.0,2.5,1,6.1,2,0,2,16.0,66,3.02,2,1.681487870546516,10.641371908015127,0.8778301681657564,31213.358948090136,8.700216465863583,2.833213344056216,1.252762968495368
16,0,0,4,8.2,2.6,1,7.3,3,1,2,13.0,74,3.43,2,2.228404239984151,14.388618785157242,1.6102145113046793,42548.719285856496,12.867780191912736,2.6390573296152584,1.2809338454620642
26,1,1,3,3.6,2.0,1,7.4,2,1,2,13.0,91,3.6,2,1.3263003819268158,14.718798218821261,0.8778301681657564,74486.02575307926,14.914601235151155,2.6390573296152584,1.0986122886681098
18,0,2,3,2.9,2.2,1,8.1,5,1,2,15.0,94,3.47,2,1.095930983777979,17.104383037428352,2.858956583624191,81323.92171042044,13.331834670752924,2.772588722239781,1.1631508098056809
18,1,2,6,6.0,1.5,1,5.6,2,1,4,12.0,70,3.51,2,1.8813563150191603,9.201489326998276,0.8778301681657564,36604.68597434723,13.806598784091944,2.5649493574615367,0.9162907318741551
17,1,0,6,5.2,2.6,2,5.6,2,1,3,17.0,77,3.31,2,1.7243171824127188,9.201489326998276,0.8778301681657564,47382.81123366814,11.53866528811148,2.8903717578961645,1.2809338454620642
19,2,0,4,8.6,1.1,1,4.7,1,1,2,20.0,64,3.03,1,2.2818354611447473,6.800697609529523,0.0,28717.928887801263,8.789649747573227,3.044522437723423,0.7419373447293773
19,1,2,6,1.7,1.5,1,7.9,4,0,4,14.0,83,3.66,2,0.5383079872264196,16.409652657927705,2.261698926363226,58057.92927986961,15.684410084705304,2.70805020110221,0.9162907318741551
17,0,0,0,4.9,1.1,1,5.9,2,1,2,14.0,87,3.36,2,1.659461753676766,10.056584152579083,0.8778301681657564,65949.64476800284,12.08109121248574,2.70805020110221,0.7419373447293773
18,1,2,3,1.8,1.1,2,6.0,3,1,3,10.0,81,3.63,2,0.5972197629867352,10.347518899102251,1.6102145113046793,54347.230996866165,15.296357628263685,2.3978952727983707,0.7419373447293773
21,1,2,4,3.2,1.0,1,7.7,3,0,2,6.0,85,3.86,2,1.2004777883442346,15.725375748712496,1.6102145113046793,61924.51734422166,18.436086604872493,1.9459101490553132,0.6931471805599453
15,0,0,3,3.9,0.5,1,7.6,3,0,3,13.0,90,3.58,2,1.4122647058505842,15.387190975810833,1.6102145113046793,72290.34860143652,14.663569620587477,2.6390573296152584,0.4054651081081644
18,0,2,0,6.7,0.8,1,6.2,1,1,1,16.0,78,3.72,2,2.003284337102433,10.938123890491681,0.0,49067.63473037756,16.479606987119947,2.833213344056216,0.5877866649021191
21,0,2,4,4.2,2.4,1,6.4,2,1,3,14.0,86,3.35,2,1.492187365993103,11.540249794535706,0.8778301681657564,63917.09875329975,11.971316457356032,2.70805020110221,1.2237754316221157
20,0,2,4,5.7,0.5,0,5.3,2,1,1,10.0,65,3.5,2,1.8249272994757757,8.3733992567368,0.8778301681657564,29949.25362327995,13.686897116192466,2.3978952727983707,0.4054651081081644
22,3,2,4,5.0,1.4,1,6.5,3,0,2,13.0,87,3.32,2,1.681487870546516,11.845587262709715,1.6102145113046793,65949.64476800284,11.645864683908064,2.6390573296152584,0.8754687373538999
16,1,0,6,6.4,2.6,1,6.8,2,1,2,19.0,65,3.02,1,1.9525792661508234,12.778487214922173,0.8778301681657564,29949.25362327995,8.700216465863583,2.995732273553991,1.2809338454620642
19,0,2,6,3.0,1.8,1,7.3,3,0,2,4.0,88,4.0,2,1.1318728617817535,14.388618785157242,1.6102145113046793,68022.48375280312,20.53818254914221,1.6094379124341003,1.0296194171811581
16,0,0,2,2.8,2.5,1,7.8,3,1,2,8.0,93,3.47,2,1.0587970088869507,16.066200853784746,1.6102145113046793,79002.48980321265,13.331834670752924,2.1972245773362196,1.252762968495368
18,0,0,4,4.7,2.2,1,6.7,3,0,3,14.0,70,3.46,2,1.6141037337096489,12.464723049102489,1.6102145113046793,36604.68597434723,13.21482174546893,2.70805020110221,1.1631508098056809
23,0,1,3,8.0,2.3,0,5.8,1,1,1,19.0,73,3.11,2,2.2007570648755084,9.76858741311186,0.0,41009.67586813584,9.52637544624165,2.995732273553991,1.1939224684724346
19,1,2,0,6.7,2.9,1,7.0,3,0,1,20.0,74,3.12,2,2.003284337102433,13.414325353558693,1.6102145113046793,42548.719285856496,9.621151996683725,3.044522437723423,1.3609765531356006
17,1,0,4,3.5,2.5,0,6.7,3,0,4,4.0,87,3.87,2,1.2961337421106984,12.464723049102489,1.6102145113046793,65949.64476800284,18.58134594461001,1.6094379124341003,1.252762968495368
21,1,2,2,2.5,1.7,0,8.7,3,1,4,8.0,92,3.84,2,0.9393512133898587,19.250269148910856,1.6102145113046793,76723.29848149381,18.147794866724794,2.1972245773362196,0.9932517730102833
23,0,2,4,7.0,1.7,1,6.3,2,0,4,21.0,71,2.99,1,2.0518855355680303,11.237755995802775,0.8778301681657564,38038.0056657807,8.435414399576228,3.091042453358316,0.9932517730102833
17,0,0,3,4.7,2.3,0,5.3,2,1,2,13.0,85,3.74,2,1.6141037337096489,8.3733992567368,0.8778301681657564,61924.51734422166,16.750384849080206,2.6390573296152584,1.1939224684724346
20,0,2,2,4.5,2.4,1,7.1,2,0,4,8.0,92,3.75,2,1.5668817774441797,13.736367236790857,0.8778301681657564,76723.29848149381,16.88685331132323,2.1972245773362196,1.2237754316221157
17,0,0,4,2.9,1.6,1,6.8,3,1,1,9.0,96,4.0,2,1.095930983777979,12.778487214922173,1.6102145113046793,86094.79021322812,20.53818254914221,2.302585092994046,0.9555114450274363
19,1,2,4,10.1,0.8,1,5.1,1,1,1,29.0,60,3.05,1,2.463216684932441,7.836637933925062,0.0,24113.25572387178,8.970276567071865,3.4011973816621555,0.5877866649021191
18,0,0,0,3.5,1.1,1,7.9,4,0,4,11.0,88,3.54,2,1.2961337421106984,16.409652657927705,2.261698926363226,68022.48375280312,14.169772787057607,2.4849066497880004,0.7419373447293773
21,1,2,0,3.9,2.0,1,7.9,3,1,3,6.0,93,3.93,2,1.4122647058505842,16.409652657927705,1.6102145113046793,79002.48980321265,19.4686093099294,1.9459101490553132,1.0986122886681098
16,1,0,5,3.8,1.4,1,6.5,2,1,3,10.0,76,3.33,2,1.384326776898207,11.845587262709715,0.8778301681657564,45734.94462371378,11.7537050835968,2.3978952727983707,0.8754687373538999
18,0,2,0,4.6,0.3,1,7.0,2,1,1,7.0,89,3.92,2,1.5907355499331142,13.414325353558693,0.8778301681657564,70135.94297111471,19.31885273989304,2.0794415416798357,0.262364264467491
19,0,2,4,5.3,2.1,1,6.2,2,1,2,11.0,73,3.46,2,1.7451507197105387,10.938123890491681,0.8778301681657564,41009.67586813584,13.21482174546893,2.4849066497880004,1.1314021114911006
15,0,0,6,7.7,2.8,1,6.0,2,1,3,17.0,72,3.59,2,2.158035210576757,10.347518899102251,0.8778301681657564,39506.21991155572,14.788739421516853,2.8903717578961645,1.33500106673234
23,0,2,6,5.6,2.9,1,4.9,1,1,4,19.0,69,3.17,1,1.8054918230589363,7.3123368290812865,0.0,35205.91224901557,10.104120077547,2.995732273553991,1.3609765531356006
17,0,0,0,2.6,0.5,1,9.2,4,0,1,9.0,97,4.0,2,0.9806061985963926,21.107764803377655,2.261698926363226,88544.86579764642,20.53818254914221,2.302585092994046,0.4054651081081644
16,1,0,3,3.5,0.9,1,6.5,3,0,3,0.0,94,3.72,2,1.2961337421106984,11.845587262709715,1.6102145113046793,81323.92171042044,16.479606987119947,0.0,0.6418538861723948
20,1,2,0,2.1,1.8,1,7.1,3,0,2,5.0,84,3.98,2,0.7570090469002981,13.736367236790857,1.6102145113046793,59971.57105866405,20.228771847318367,1.791759469228055,1.0296194171811581
20,0,2,0,2.6,1.6,0,7.3,3,0,3,4.0,87,3.73,2,0.9806061985963926,14.388618785157242,1.6102145113046793,65949.64476800284,16.614636703065745,1.6094379124341003,0.9555114450274363
18,1,2,4,4.8,1.6,1,6.7,2,1,3,12.0,89,2.79,2,1.6370062359244075,12.464723049102489,0.8778301681657564,70135.94297111471,6.80066146105074,2.5649493574615367,0.9555114450274363
19,0,2,4,5.2,1.7,1,7.8,3,1,2,15.0,91,3.15,2,1.7243171824127188,16.066200853784746,1.6102145113046793,74486.02575307926,9.909108207554391,2.772588722239781,0.9932517730102833
19,0,2,6,2.7,0.5,1,7.4,3,1,0,5.0,93,3.7,2,1.0203866362587886,14.718798218821261,1.6102145113046793,79002.48980321265,16.211695300270975,1.791759469228055,0.4054651081081644
17,0,0,0,3.1,2.3,1,8.3,3,0,3,5.0,94,3.43,2,1.1666987907776478,17.809462547767687,1.6102145113046793,81323.92171042044,12.867780191912736,1.791759469228055,1.1939224684724346
21,0,2,3,4.3,1.0,1,7.2,3,1,2,12.0,87,3.66,2,1.5176311317383155,14.061136801601103,1.6102145113046793,65949.64476800284,15.684410084705304,2.5649493574615367,0.6931471805599453
20,1,2,0,2.9,0.4,1,8.8,4,0,3,0.0,98,4.0,2,1.095930983777979,19.61678552928072,2.261698926363226,91038.45997193112,20.53818254914221,0.0,0.33647223662121295
18,0,2,4,4.3,1.1,1,6.8,3,0,4,12.0,88,3.53,2,1.5176311317383155,12.778487214922173,1.6102145113046793,68022.48375280312,14.048034731048165,2.5649493574615367,0.7419373447293773
18,0,2,0,4.4,1.8,1,6.0,2,0,3,17.0,81,3.76,2,1.5425211917840917,10.347518899102251,0.8778301681657564,54347.230996866165,17.024043975850308,2.8903717578961645,1.0296194171811581
18,1,2,4,7.0,2.1,1,6.7,2,1,3,21.0,73,2.88,1,2.0518855355680303,12.464723049102489,0.8778301681657564,41009.67586813584,7.508632076674728,3.091042453358316,1.1314021114911006
20,1,0,4,3.7,1.3,1,6.8,2,0,3,16.0,86,3.7,2,1.3556845124032513,12.778487214922173,0.8778301681657564,63917.09875329975,16.211695300270975,2.833213344056216,0.832909122935104
16,1,0,4,3.8,1.8,1,7.4,3,0,2,6.0,93,3.81,2,1.384326776898207,14.718798218821261,1.6102145113046793,79002.48980321265,17.720896337416892,1.9459101490553132,1.0296194171811581
19,1,2,4,4.0,2.8,1,7.6,3,1,1,12.0,89,3.46,2,1.4395330280586147,15.387190975810833,1.6102145113046793,70135.94297111471,13.21482174546893,2.5649493574615367,1.33500106673234
18,1,2,6,5.4,2.2,1,7.7,3,1,2,22.0,68,3.18,1,1.7656156766986153,15.725375748712496,1.6102145113046793,33841.334443280015,10.202544009650545,3.1354942159291497,1.1631508098056809
18,2,2,0,10.0,2.0,2,3.9,1,1,3,21.0,53,2.74,1,2.4519451177756233,4.885236590833674,0.0,17233.337875033176,6.426354611099438,3.091042453358316,1.0986122886681098
19,0,2,0,3.6,2.0,1,8.2,3,0,1,10.0,71,3.31,2,1.3263003819268158,17.455635531354325,1.6102145113046793,38038.0056657807,11.53866528811148,2.3978952727983707,1.0986122886681098
19,0,2,0,6.1,1.8,1,6.6,2,1,2,17.0,75,3.01,2,1.8995739499976299,12.15375076672696,0.8778301681657564,44123.69453376821,8.611367410342837,2.8903717578961645,1.0296194171811581
19,3,2,0,2.2,1.0,1,8.4,4,1,1,9.0,84,3.33,2,0.8054926939148117,18.16585159714471,2.261698926363226,59971.57105866405,11.7537050835968,2.302585092994046,0.6931471805599453
18,0,2,4,4.4,2.3,1,7.8,3,0,4,12.0,91,3.62,2,1.5425211917840917,16.066200853784746,1.6102145113046793,74486.02575307926,15.168408451034988,2.5649493574615367,1.1939224684724346
19,1,2,0,3.0,2.0,1,8.5,3,0,2,7.0,93,3.69,2,1.1318728617817535,18.524790399056656,1.6102145113046793,79002.48980321265,16.07880955652339,2.0794415416798357,1.0986122886681098
21,1,2,6,2.6,0.1,1,6.3,3,0,2,13.0,88,3.71,2,0.9806061985963926,11.237755995802775,1.6102145113046793,68022.48375280312,16.345293814978213,2.6390573296152584,0.09531017980432487
18,0,2,4,5.8,0.9,1,5.6,2,1,2,23.0,70,3.25,1,1.8440428632175376,9.201489326998276,0.8778301681657564,36604.68597434723,10.90882410064474,3.1780538303479458,0.6418538861723948
19,0,2,4,13.3,1.8,1,3.0,1,0,2,35.0,45,1.99,0,2.777405131484266,2.997232442083743,0.0,11064.678764162616,2.272055275245663,3.58351893845611,1.0296194171811581
17,1,0,3,6.5,2.1,1,6.4,2,1,4,21.0,78,2.93,1,1.9697262931476014,11.540249794535706,0.8778301681657564,49067.63473037756,7.921379736654888,3.091042453358316,1.1314021114911006
17,0,0,4,7.4,2.1,0,5.5,2,1,4,21.0,63,3.39,1,2.113708815832555,8.92242992355568,0.8778301681657564,27519.02697404476,12.41431443477717,3.091042453358316,1.1314021114911006
19,1,2,0,12.4,1.2,1,5.8,1,1,3,13.0,54,2.8,1,2.696975339309754,9.76858741311186,0.0,18128.066722063846,6.87713709393498,2.6390573296152584,0.7884573603642702
18,1,2,0,4.7,1.3,1,6.4,2,0,2,18.0,82,3.2,2,1.6141037337096489,11.540249794535706,0.8778301681657564,56183.26023893996,10.401237330639699,2.9444389791664403,0.832909122935104
20,0,2,0,4.9,2.9,1,6.3,2,0,4,10.0,79,3.39,2,1.659461753676766,11.237755995802775,0.8778301681657564,50789.75419132553,12.41431443477717,2.3978952727983707,1.3609765531356006
18,0,2,6,6.0,1.8,1,7.0,3,1,2,12.0,80,3.14,2,1.8813563150191603,13.414325353558693,1.6102145113046793,52549.50742605369,9.81251648426725,2.5649493574615367,1.0296194171811581
21,0,2,6,6.0,1.0,0,7.2,3,1,2,17.0,86,3.21,2,1.8813563150191603,14.061136801601103,1.6102145113046793,63917.09875329975,10.501510504182985,2.8903717578961645,0.6931471805599453
19,0,2,4,11.6,1.0,0,5.2,1,1,3,22.0,65,3.02,1,2.620703352487409,8.103473238889842,0.0,29949.25362327995,8.700216465863583,3.1354942159291497,0.6931471805599453
20,0,2,6,5.0,1.9,1,7.4,2,0,1,7.0,80,3.76,2,1.681487870546516,14.718798218821261,0.8778301681657564,52549.50742605369,17.024043975850308,2.0794415416798357,1.0647107369924282
19,1,2,0,2.6,2.1,0,8.7,5,1,2,7.0,98,4.0,2,0.9806061985963926,19.250269148910856,2.858956583624191,91038.45997193112,20.53818254914221,2.0794415416798357,1.1314021114911006
20,0,2,3,4.1,2.7,1,6.6,2,1,2,14.0,86,3.88,2,1.466163943905982,12.15375076672696,0.8778301681657564,63917.09875329975,18.72735011125622,2.70805020110221,1.308332819650179
18,0,2,0,2.2,1.8,1,7.7,4,0,2,8.0,91,3.5,2,0.8054926939148117,15.725375748712496,2.261698926363226,74486.02575307926,13.686897116192466,2.1972245773362196,1.0296194171811581
19,2,2,0,2.7,1.5,1,8.4,3,0,3,7.0,98,3.59,2,1.0203866362587886,18.16585159714471,1.6102145113046793,91038.45997193112,14.788739421516853,2.0794415416798357,0.9162907318741551
18,0,2,2,4.9,2.0,1,7.3,3,1,3,16.0,79,3.44,2,1.659461753676766,14.388618785157242,1.6102145113046793,50789.75419132553,12.982796395310663,2.833213344056216,1.0986122886681098
18,1,2,4,9.1,1.9,1,6.6,2,1,2,19.0,76,3.38,2,2.345411940339193,12.15375076672696,0.8778301681657564,45734.94462371378,12.302588311016644,2.995732273553991,1.0647107369924282
19,1,2,6,9.6,1.4,1,6.0,2,0,1,19.0,63,3.02,1,2.4057660247033263,10.347518899102251,0.8778301681657564,27519.02697404476,8.700216465863583,2.995732273553991,0.8754687373538999
18,0,2,0,5.7,2.0,1,7.2,3,1,1,15.0,70,3.96,2,1.8249272994757757,14.061136801601103,1.6102145113046793,36604.68597434723,19.922423358919016,2.772588722239781,1.0986122886681098
21,1,2,2,11.2,2.0,1,4.8,1,1,2,25.0,54,2.41,0,2.5806811705994916,7.054921429048166,0.0,18128.066722063846,4.2778307270095475,3.258096538021482,1.0986122886681098
18,0,2,6,9.2,2.6,1,5.6,2,1,2,19.0,61,3.2,1,2.3577296084820363,9.201489326998276,0.8778301681657564,25217.052320963478,10.401237330639699,2.995732273553991,1.2809338454620642
20,1,2,2,8.4,1.1,1,5.5,1,1,2,22.0,55,3.32,1,2.2554207388342977,8.92242992355568,0.0,19051.54466123719,11.645864683908064,3.1354942159291497,0.7419373447293773
19,1,2,0,9.5,1.9,1,5.1,1,1,0,16.0,70,2.38,1,2.3939369739111944,7.836637933925062,0.0,36604.68597434723,4.108831229646327,2.833213344056216,1.0647107369924282
17,0,0,0,3.3,1.7,1,6.2,4,0,2,13.0,86,3.82,2,1.2332726085820729,10.938123890491681,2.261698926363226,63917.09875329975,17.862459817003035,2.6390573296152584,0.9932517730102833
17,1,0,0,4.6,2.3,1,5.1,1,0,3,17.0,81,3.18,2,1.5907355499331142,7.836637933925062,0.0,54347.230996866165,10.202544009650545,2.8903717578961645,1.1939224684724346
19,3,2,0,3.1,2.3,1,9.0,5,1,3,13.0,78,4.0,2,1.1666987907776478,20.357314790663057,2.858956583624191,49067.63473037756,20.53818254914221,2.6390573296152584,1.1939224684724346
22,0,2,6,3.6,2.2,1,8.7,4,1,3,14.0,82,3.47,2,1.3263003819268158,19.250269148910856,2.261698926363226,56183.26023893996,13.331834670752924,2.70805020110221,1.1631508098056809
16,1,0,6,4.7,1.8,1,6.1,2,0,1,4.0,86,3.72,2,1.6141037337096489,10.641371908015127,0.8778301681657564,63917.09875329975,16.479606987119947,1.6094379124341003,1.0296194171811581
18,0,2,3,2.4,1.5,1,8.7,4,0,2,6.0,98,3.68,2,0.8965046417701628,19.250269148910856,2.261698926363226,91038.45997193112,15.946634697155112,1.9459101490553132,0.9162907318741551
21,1,2,6,9.9,1.7,1,5.0,1,1,2,30.0,55,3.3,1,2.440566416418899,7.5729175150710875,0.0,19051.54466123719,11.432105005383404,3.4339872044851463,0.9932517730102833
24,0,2,6,6.9,1.5,2,5.2,2,1,4,16.0,75,3.21,2,2.0359078246346916,8.103473238889842,0.8778301681657564,44123.69453376821,10.501510504182985,2.833213344056216,0.9162907318741551
24,0,2,6,3.6,1.4,0,7.7,3,1,3,11.0,92,3.46,2,1.3263003819268158,15.725375748712496,1.6102145113046793,76723.29848149381,13.21482174546893,2.4849066497880004,0.8754687373538999
18,0,2,3,9.1,2.4,1,5.4,3,0,0,19.0,67,3.25,1,2.345411940339193,8.646392457066119,1.6102145113046793,32510.60102499727,10.90882410064474,2.995732273553991,1.2237754316221157
16,0,0,3,4.6,2.2,1,6.8,2,1,3,14.0,80,3.81,2,1.5907355499331142,12.778487214922173,0.8778301681657564,52549.50742605369,17.720896337416892,2.70805020110221,1.1631508098056809
18,0,2,3,3.2,2.3,1,7.2,3,1,2,7.0,90,3.79,2,1.2004777883442346,14.061136801601103,1.6102145113046793,72290.34860143652,17.43996804213093,2.0794415416798357,1.1939224684724346
19,0,2,6,4.6,2.3,1,5.8,2,1,4,16.0,76,3.67,2,1.5907355499331142,9.76858741311186,0.8778301681657564,45734.94462371378,15.81516883547986,2.833213344056216,1.1939224684724346
17,1,0,2,1.8,1.5,1,7.6,3,0,3,1.0,96,3.77,2,0.5972197629867352,15.387190975810833,1.6102145113046793,86094.79021322812,17.161958728612845,0.6931471805599453,0.9162907318741551
21,0,2,0,5.1,2.8,1,7.3,3,1,0,8.0,97,3.47,2,1.7031011436641108,14.388618785157242,1.6102145113046793,88544.86579764642,13.331834670752924,2.1972245773362196,1.33500106673234
19,1,2,3,2.9,1.5,1,7.2,4,0,1,10.0,82,4.0,2,1.095930983777979,14.061136801601103,2.261698926363226,56183.26023893996,20.53818254914221,2.3978952727983707,0.9162907318741551
18,1,0,0,4.5,1.4,1,6.4,1,0,3,15.0,71,3.76,2,1.5668817774441797,11.540249794535706,0.0,38038.0056657807,17.024043975850308,2.772588722239781,0.8754687373538999
19,0,2,2,7.3,2.2,1,5.7,1,1,2,20.0,60,3.19,1,2.09855491776158,9.483548899985696,0.0,24113.25572387178,10.301582463218029,3.044522437723423,1.1631508098056809
19,3,2,0,5.4,1.8,1,6.2,2,1,3,15.0,80,3.42,2,1.7656156766986153,10.938123890491681,0.8778301681657564,52549.50742605369,12.753425783763895,2.772588722239781,1.0296194171811581
19,1,2,3,2.0,1.3,1,8.5,3,0,3,5.0,93,4.0,2,0.7062901854968463,18.524790399056656,1.6102145113046793,79002.48980321265,20.53818254914221,1.791759469228055,0.832909122935104
16,1,0,4,4.9,0.8,1,7.5,2,0,2,14.0,92,3.49,2,1.659461753676766,15.05166041856306,0.8778301681657564,76723.29848149381,13.567870467191462,2.70805020110221,0.5877866649021191
21,1,2,6,7.1,1.8,1,5.5,1,1,1,11.0,70,3.2,2,2.0676487677416864,8.92242992355568,0.0,36604.68597434723,10.401237330639699,2.4849066497880004,1.0296194171811581
20,0,2,4,3.2,1.9,1,7.3,3,0,3,4.0,90,3.33,2,1.2004777883442346,14.388618785157242,1.6102145113046793,72290.34860143652,11.7537050835968,1.6094379124341003,1.0647107369924282
19,1,2,3,4.9,1.5,1,7.4,3,0,1,6.0,87,3.51,2,1.659461753676766,14.718798218821261,1.6102145113046793,65949.64476800284,13.806598784091944,1.9459101490553132,0.9162907318741551
21,0,2,3,6.5,2.5,1,6.5,3,1,4,16.0,82,3.28,2,1.9697262931476014,11.845587262709715,1.6102145113046793,56183.26023893996,11.220894215246592,2.833213344056216,1.252762968495368
24,0,2,4,5.4,1.0,0,6.3,3,1,3,14.0,77,3.1,2,1.7656156766986153,11.237755995802775,1.6102145113046793,47382.81123366814,9.43220016705984,2.70805020110221,0.6931471805599453
17,0,0,5,1.2,1.7,1,9.2,4,1,3,2.0,98,3.46,2,0.1832225230267353,21.107764803377655,2.261698926363226,91038.45997193112,13.21482174546893,1.0986122886681098,0.9932517730102833
18,0,2,6,4.0,2.2,1,8.0,3,0,2,8.0,91,3.43,2,1.4395330280586147,16.755717770784734,1.6102145113046793,74486.02575307926,12.867780191912736,2.1972245773362196,1.1631508098056809
19,1,2,2,2.3,1.7,2,7.7,2,1,2,10.0,89,3.49,2,0.8519347810161471,15.725375748712496,0.8778301681657564,70135.94297111471,13.567870467191462,2.3978952727983707,0.9932517730102833
17,0,0,4,2.7,2.6,1,7.4,3,1,3,6.0,96,3.47,2,1.0203866362587886,14.718798218821261,1.6102145113046793,86094.79021322812,13.331834670752924,1.9459101490553132,1.2809338454620642
18,1,2,6,1.9,2.2,0,8.8,4,1,2,3.0,98,3.73,2,0.6531132144998397,19.61678552928072,2.261698926363226,91038.45997193112,16.614636703065745,1.3862943611198906,1.1631508098056809
18,0,0,4,8.6,1.5,0,6.0,1,1,2,18.0,63,3.24,1,2.2818354611447473,10.347518899102251,0.0,27519.02697404476,10.806058782383067,2.9444389791664403,0.9162907318741551
17,0,0,4,11.1,0.7,1,4.6,1,1,1,32.0,53,2.56,0,2.5704644360674704,6.549692444201377,0.0,17233.337875033176,5.187090088695495,3.4965075614664802,0.5306282510621704
21,0,2,0,5.0,1.2,1,7.3,3,1,2,12.0,83,3.54,2,1.681487870546516,14.388618785157242,1.6102145113046793,58057.92927986961,14.169772787057607,2.5649493574615367,0.7884573603642702
21,0,2,4,3.8,2.0,1,9.1,4,1,0,20.0,95,3.82,2,1.384326776898207,20.73130520980927,2.261698926363226,83687.91518516612,17.862459817003035,3.044522437723423,1.0986122886681098
19,1,2,3,3.4,2.0,1,8.4,3,1,4,7.0,87,3.76,2,1.2651404807900501,18.16585159714471,1.6102145113046793,65949.64476800284,17.024043975850308,2.0794415416798357,1.0986122886681098
15,0,0,0,5.0,2.3,2,8.8,4,1,3,13.0,87,3.69,2,1.681487870546516,19.61678552928072,2.261698926363226,65949.64476800284,16.07880955652339,2.6390573296152584,1.1939224684724346
18,1,2,6,2.6,2.2,1,7.7,3,1,1,10.0,83,3.95,2,0.9806061985963926,15.725375748712496,1.6102145113046793,58057.92927986961,19.770392735367714,2.3978952727983707,1.1631508098056809
20,1,2,4,4.5,2.0,1,8.2,4,1,2,13.0,93,3.24,2,1.5668817774441797,17.455635531354325,2.261698926363226,79002.48980321265,10.806058782383067,2.6390573296152584,1.0986122886681098
17,0,0,4,5.3,2.2,1,6.5,3,1,3,13.0,82,3.02,2,1.7451507197105387,11.845587262709715,1.6102145113046793,56183.26023893996,8.700216465863583,2.6390573296152584,1.1631508098056809
21,1,2,4,7.6,1.0,1,6.5,1,1,2,17.0,70,3.49,2,2.1434440944290047,11.845587262709715,0.0,36604.68597434723,13.567870467191462,2.8903717578961645,0.6931471805599453
20,1,2,0,2.5,1.4,1,8.2,4,0,4,11.0,88,3.68,2,0.9393512133898587,17.455635531354325,2.261698926363226,68022.48375280312,15.946634697155112,2.4849066497880004,0.8754687373538999
20,0,2,4,7.0,1.8,1,5.4,2,1,3,12.0,75,3.23,2,2.0518855355680303,8.646392457066119,0.8778301681657564,44123.69453376821,10.703919338092492,2.5649493574615367,1.0296194171811581
17,3,0,0,8.8,2.5,1,6.2,1,1,3,21.0,68,3.5,2,2.307675347857402,10.938123890491681,0.0,33841.334443280015,13.686897116192466,3.091042453358316,1.252762968495368
19,1,0,0,3.5,3.1,1,7.2,4,1,2,7.0,90,3.31,2,1.2961337421106984,14.061136801601103,2.261698926363226,72290.34860143652,11.53866528811148,2.0794415416798357,1.410986973710262
21,3,0,4,2.8,3.2,1,7.2,4,1,1,6.0,98,3.86,2,1.0587970088869507,14.061136801601103,2.261698926363226,91038.45997193112,18.436086604872493,1.9459101490553132,1.4350845252893227
19,1,2,4,4.0,1.8,1,6.3,3,0,2,13.0,74,4.0,2,1.4395330280586147,11.237755995802775,1.6102145113046793,42548.719285856496,20.53818254914221,2.6390573296152584,1.0296194171811581
18,0,0,6,9.7,1.9,1,4.2,1,1,2,21.0,63,2.73,1,2.41747908309299,5.578429418447326,0.0,27519.02697404476,6.353094218431751,3.091042453358316,1.0647107369924282
22,1,1,3,3.6,2.5,1,7.0,4,1,3,11.0,92,3.42,2,1.3263003819268158,13.414325353558693,2.261698926363226,76723.29848149381,12.753425783763895,2.4849066497880004,1.252762968495368
18,0,2,6,4.5,2.4,1,8.2,4,1,2,0.0,85,3.75,2,1.5668817774441797,17.455635531354325,2.261698926363226,61924.51734422166,16.88685331132323,0.0,1.2237754316221157
16,1,0,6,5.2,1.6,1,5.7,3,1,2,24.0,77,3.31,1,1.7243171824127188,9.483548899985696,1.6102145113046793,47382.81123366814,11.53866528811148,3.2188758248682006,0.9555114450274363
16,1,0,6,5.8,1.2,1,7.8,3,1,2,11.0,79,2.85,2,1.8440428632175376,16.066200853784746,1.6102145113046793,50789.75419132553,7.267690936157112,2.4849066497880004,0.7884573603642702
19,0,2,1,3.8,3.0,1,6.6,3,0,3,9.0,83,3.37,2,1.384326776898207,12.15375076672696,1.6102145113046793,58057.92927986961,12.19151453362671,2.302585092994046,1.3862943611198906
19,1,2,0,7.7,1.1,1,6.0,2,1,3,13.0,73,3.16,2,2.158035210576757,10.347518899102251,0.8778301681657564,41009.67586813584,10.006308774393966,2.6390573296152584,0.7419373447293773
16,1,0,1,4.6,3.3,0,7.1,3,0,2,22.0,87,3.5,2,1.5907355499331142,13.736367236790857,1.6102145113046793,65949.64476800284,13.686897116192466,3.1354942159291497,1.4586150226995167
24,1,2,0,1.8,2.1,1,6.8,3,1,3,10.0,98,3.73,2,0.5972197629867352,12.778487214922173,1.6102145113046793,91038.45997193112,16.614636703065745,2.3978952727983707,1.1314021114911006
